cum_hh_total,oopg_share_total,cum_hh_nonfood,oopg_share_nonfood
0.0,8.27829753577467,0.0,34.41269544040095
6.374218469207652e-05,8.27829753577467,0.00011505196176824634,34.41269544040095
0.00018575934329640895,6.8345439659029354,0.00023706912037257876,16.395095514995973
0.00025786121168546014,5.154486179125869,0.00030917098876162997,15.816132968221265
0.0003654766237488522,3.819544336409228,0.0003729131734537065,14.797061594910017
0.00045252498559292194,3.7713502061586333,0.0004642500411077919,8.82492106853296
0.0005127237372077555,3.7300355767336253,0.0005512984029518616,7.983825938422626
0.000567266640905364,3.3389212924952734,0.0006285043429953915,7.181159404983268
0.0006552213087781561,3.0545918779077144,0.0007878177390644284,6.48992298806177
0.0007133465426980855,2.972494964254054,0.0008954331511278204,6.4426537823152215
0.0008283985044663318,2.903863462082331,0.0010179092518717314,5.425289918304983
0.0009887672287558586,2.7164934958656666,0.0011781325302302633,5.415424604455685
0.0010659731687993885,2.4528962097351097,0.0012660871981030554,5.0637304536741725
0.0011288835415692643,2.378175214951602,0.0013332065409831506,4.786658788879692
0.001177862913297264,2.188799817600015,0.0014935752652726775,4.406133074176004
0.0012909069363092394,1.932426673578707,0.001553774016887511,4.20157381380405
0.0013445327329910178,1.9192003757333045,0.001602828141809808,4.02659905060412
0.0014004987676144206,1.814770706592246,0.0016573710455074163,3.895800561478662
0.001442776494236978,1.8033772267110602,0.0019006023944837934,3.809871625513601
0.0015190765359964819,1.7427536905354857,0.001963512767253669,3.6981557972940777
0.001586195878876577,1.7002471975314142,0.00209350909031196,3.4995546431429223
0.0016278247987407224,1.699736640193394,0.0021325580778159036,3.4264861775607725
0.0017810783950715104,1.6872104385309918,0.002196893093564822,3.285393112237925
0.001865226851152402,1.625209456829534,0.0023513422653022183,3.274628873155301
0.0019158429822956032,1.5541395856944473,0.00243549072138311,3.220452312427932
0.0020055015812749494,1.5156721636914037,0.0025238948683206576,3.197133612082732
0.0020934562491477415,1.5054051619048463,0.0026572797451817573,3.1231201822753514
0.0021818603960852886,1.4849214296748996,0.002736498389497694,3.079858149154978
0.002315245272946388,1.4389659298538116,0.0028479816592542383,3.035025195313388
0.002365999697499039,1.4146991849956956,0.0029558786530090577,3.0199041411398344
0.0024188375955129255,1.363657326166035,0.0030376454638249614,3.013480563354634
0.0024364321996392176,1.352895253494264,0.003092922702978343,2.997876085274556
0.0025957455957082544,1.3421822907597425,0.003224916830638269,2.9460482339035057
0.0028389769446846313,1.2794075090479922,0.0032777547286521555,2.9408150272315043
0.0029277677864984054,1.2663848743281498,0.0034310083249829435,2.9177038741504044
0.003047460749366503,1.2533566339248865,0.003544052347994919,2.847479352111354
0.0031584635259773396,1.2289186326770705,0.0036021775819148486,2.7557839807115068
0.0032640349988256622,1.2245448836174586,0.0037836998462010456,2.753247521363474
0.0033573429722984645,1.2093101860779105,0.003837325642882824,2.639593780169133
0.003409089588353808,1.1380961954152322,0.0038932916775062266,2.6216600237955126
0.003454219459394665,1.128071227496236,0.003982950276485573,2.587287636346294
0.003518554475143583,1.0724049178494799,0.004083733212611481,2.572288518558786
0.003641030575887494,1.0601327178587145,0.004175514785319504,2.5232683544274677
0.0038012538542460256,1.0294672841508616,0.004261889858734029,2.509667029909645
0.003908869266309418,1.0086794231623861,0.004372892635344866,2.39653506598755
0.003977346258865508,0.9877571261024769,0.004421872007072866,2.3956671905667486
0.004107342581923799,0.9828099463196454,0.004510145956032118,2.367859824890197
0.004218825851680342,0.9672202760542322,0.004552423682654676,2.350247211026702
0.004318284076256494,0.9520572887963387,0.004590114523543776,2.3113610786819674
0.0044096209439105786,0.9350358744838975,0.004631743443407921,2.2927431542200876
0.004449511826523272,0.9317544389183419,0.004659369769057289,2.2879563445901656
0.004504789065676655,0.930786014907706,0.004760814109553785,2.246974804364292
0.00460623340617315,0.9113157197425472,0.004837114151313288,2.2371710822859527
0.004658845783143991,0.899625758049322,0.0049061255824878565,2.232765900090649
0.004724884980592558,0.8741154991330569,0.0050258185453559544,2.1936439487270842
0.0048327819743473775,0.8658158205822941,0.005162015577923744,2.1077016491098317
0.004902566311077571,0.8636277158420682,0.0052310289543803,2.088138337201717
0.005034560438737497,0.8567427001339099,0.00533601404788213,2.082775486212318
0.005141154458831674,0.8558057743055053,0.005404491040438219,2.071519999679785
0.005232936031539698,0.8503700230693645,0.00545524546499087,2.069674721187253
0.005338507504388019,0.8403921225873568,0.005561839485085047,2.017567311132914
0.005393442777408876,0.8314664061566934,0.005649794152957839,2.0015989787318555
0.005430887145123826,0.8259896740907956,0.005694924023998695,2.001131875225739
0.005556803557762915,0.818072506729211,0.005784966998806308,1.9930501568166263
0.005646846532570528,0.8174186442341729,0.005836713614861652,1.962585585633902
0.005699435400511231,0.8148252109700256,0.005980422774312668,1.9517530310009223
0.0058002183366371385,0.8084830382708601,0.006112416901972594,1.9390317793051046
0.005872444686084057,0.8029820998665701,0.006237727329541049,1.9288693312577831
0.005900071011733425,0.802690619041928,0.006337619352000515,1.8659367127410358
0.006008230669524706,0.7898358792483822,0.006377510234613208,1.8364397258379848
0.006069034042813845,0.7809608722927445,0.006453810276372712,1.8296563681489877
0.00610285090346834,0.7806490385226244,0.006492859263876655,1.8192789143007435
0.00615183027519634,0.7710651881504565,0.006586473054366263,1.8182343195255233
0.006208024829485241,0.762624004031475,0.006625522041870206,1.767341673813548
0.006303251471109898,0.7396706774066735,0.006731093514718529,1.7292359140138003
0.006439448503677688,0.7323717005233419,0.00683411330426888,1.7270701609462658
0.006583375891487963,0.7287373394289961,0.006890307858557781,1.7076642487793652
0.0067086863190564195,0.7280586565955045,0.006983615832030584,1.7047967060601983
0.0069505572618327625,0.7126125289645677,0.007034231963173785,1.694219811608498
0.007094266421283777,0.712050424295828,0.007215754227459982,1.6664190612701884
0.00718254037024303,0.7016691657634989,0.007359681615270258,1.6383400741162208
0.0072385064048664325,0.6966325123931087,0.007459139839846409,1.6266526133049648
0.0073929555766038295,0.6925140447940468,0.007496584207561358,1.6085780007068964
0.007492847599063295,0.6916089926603356,0.00760419961962475,1.576491765939153
0.007576820130297154,0.6892701005166946,0.007664260838104098,1.5041226400220506
0.0077205292897481684,0.6817011415272018,0.007741537190559848,1.481819900881068
0.007759578277252112,0.6734117401616336,0.007777341651580222,1.4669295802375806
0.007865149750100435,0.6702088608739133,0.007847125988310416,1.4664164855556134
0.007909179394283476,0.6673122192124304,0.007864720592436708,1.4591495601336766
0.007986455746739226,0.6619995373646114,0.007925523965725849,1.4544944822938384
0.008118449874399152,0.6473123654071992,0.007974754695069673,1.4313123745169678
0.008154254335419525,0.6457776309073999,0.008063545536883446,1.4034595390904911
0.008193303322923468,0.6423047410662318,0.008129584734332012,1.3906373005945392
0.008262316699380025,0.6305848894076034,0.008182173602272715,1.3756180005743843
0.008347077783372224,0.6155656168130158,0.008312663517275078,1.375215419026329
0.008415554775928315,0.61227454954094,0.008380966942258159,1.3747294406481927
0.008531527000486447,0.6118219619348564,0.008497069245869049,1.3707178386522725
0.008713049264772644,0.601306073668983,0.00860264071871737,1.3402095813074255
0.008763330059881972,0.5935789424770355,0.008686575134316818,1.3219327686295697
0.008823304025243681,0.5924049270005121,0.008720391994971313,1.3096700289093441
0.00892828911874551,0.5868582143153165,0.008846308407610403,1.2999879361356816
0.009129306727285244,0.586779217944149,0.008906534639518822,1.2889082368811193
0.009222920517774853,0.5860603578649131,0.008962500674142225,1.2752071621609542
0.009247426315925362,0.5856937067223922,0.009046473205376084,1.263926052386144
0.009337384632740434,0.5795466620105578,0.009090502849559125,1.25074087791091
0.009397473688289977,0.5663469698654987,0.009159935642403775,1.2312388947561066
0.00948506893770778,0.5612943840232281,0.009232161991850693,1.2274383851687936
0.00955450173055243,0.5602618300896973,0.009433179600390426,1.2168168609394072
0.009636268541368334,0.5598699162706331,0.009468234841149947,1.2161783654626237
0.009722643614782858,0.5557584288405132,0.009587344397809961,1.2104446505457118
0.01023253178918996,0.547248511973044,0.009792810059261447,1.1982030127733623
0.010414054053476157,0.5459387415786543,0.010302698233668549,1.1781758367042698
0.010468223815561345,0.5448437601209339,0.010368737431117115,1.1652866488882823
0.010515514266284418,0.5437727954883851,0.010536480235226171,1.1645982057431858
0.010646004181286781,0.5420333157846909,0.010666970150228534,1.153213009351866
0.010780891614342616,0.5317998702536462,0.010702025390988055,1.1199057643325168
0.01083659261491351,0.531605244572163,0.010943896333764398,1.1140704292821169
0.010925383456727285,0.5307477588883953,0.01099478645235406,1.1110796837739427
0.011003116024529956,0.5255491337037896,0.011082381701771862,1.104632484510441
0.011059016458978024,0.524440497786902,0.011154543160349322,1.0881828538858997
0.011131177917555482,0.5239861344066076,0.011289430593405156,1.0875942737772974
0.011197217115004049,0.5217779556152105,0.01139500206625348,1.0831538988797504
0.011281151530603497,0.5211709102669759,0.011574396226023572,1.0820252879299959
0.011353489933389731,0.512945716083905,0.011669622867648229,1.0805750226862252
0.011427520867420389,0.5094278939162048,0.011724189475753643,1.0743367972709412
0.011506739511736325,0.5030722241898676,0.011782393068860026,1.074021160981821
0.01157936271569815,0.4959830935144701,0.011963915333146223,1.0718262247350372
0.0116823825052485,0.4859165698854492,0.01201981576759429,1.0552184438438212
0.011731361876976501,0.48090426979086687,0.012099034411910226,1.035222233513477
0.011778652327699575,0.4709293289453774,0.012172437223731122,1.0271404227944796
0.012028399182080252,0.46666682791333486,0.012280596881522403,1.0167603903688964
0.012100737584866487,0.46543972212848406,0.01260852776203122,1.0142005845626714
0.012262301086062593,0.4642496811518491,0.012671155873535176,1.006192015780358
0.012311531815406417,0.4577363609238729,0.012772400393646506,1.0035820992932232
0.01238271774904564,0.45492592368522855,0.012815823560067406,1.00118231881844
0.012421766736549582,0.4530795802606671,0.01287591261561695,0.9856181708644247
0.012463395656413728,0.4474030908620101,0.012948251018403183,0.9660527634957451
0.012516233554427613,0.43901744471131043,0.01303958788605727,0.9617397802585543
0.01265017615807562,0.4368485139573029,0.01339700271758842,0.9610688640463438
0.01270601419484315,0.43375416081690943,0.013485252482190381,0.960630170699006
0.012754931266579448,0.4324563988668831,0.013646815983386486,0.9570892894636694
0.012817841639349323,0.43015172728434253,0.013695795355114487,0.9473043680069573
0.013067588493730003,0.42654021526534946,0.013771961809517909,0.9378631912659644
0.013127649712209352,0.4259550036080092,0.013915670968968924,0.9359689376062402
0.013485064543740504,0.42010010421570676,0.013989701902999582,0.9294921329748199
0.013671580661192997,0.41874390711103654,0.014062040305785815,0.9287550029617683
0.013723757583817695,0.4169790844054773,0.014114652682756657,0.9207633277075273
0.013856473597978139,0.4167708323555185,0.014170553117204722,0.9107121818729321
0.01392664433651806,0.4164380366064505,0.01422645355165279,0.9102761266190355
0.013981279454227112,0.41354865245395267,0.014370162711103803,0.9044253136146627
0.014193768382155162,0.41289762307675737,0.014475443190153963,0.8934288591235554
0.014283019168480893,0.4118953365197127,0.014499948988304472,0.8903611835991928
0.014309094025561348,0.41073147869637705,0.014558825355912188,0.888843174695597
0.014372004398331225,0.4084023871769262,0.014916240187443341,0.8879342950430276
0.014409695239220324,0.40402165184894834,0.015069493783774129,0.8857904322845189
0.01457105206482356,0.40313271916483506,0.015119774578883458,0.8769719957140323
0.014638634350838066,0.4028445853290361,0.015287517382992513,0.8664288981867642
0.014746165962871715,0.4024703223118245,0.015358703316631736,0.866345091357882
0.014786218286900046,0.3999969323517855,0.015491419330792181,0.862352945967598
0.014855229718074613,0.39940156910123215,0.01559669980984234,0.8614277833657044
0.014905732891194954,0.39598088510553175,0.015786975639202006,0.8546559967512076
0.014965959123103374,0.3949812648462929,0.015839813537215894,0.8527258466945988
0.01501501324802567,0.39318993194788454,0.015928604379029668,0.8514836308193094
0.015356457773148455,0.3881179165400683,0.015977583750757668,0.8458226456084446
0.015391513013907976,0.3854561876280935,0.016033421787525197,0.8456982489145589
0.015479917160845522,0.3802870334208718,0.01609339575288691,0.8383635043333877
0.015557431525772977,0.37562881489692745,0.01619804128000364,0.8368189727943715
0.01563373156753248,0.37481175683457707,0.01625221104208883,0.8337066656672981
0.015743745970999812,0.373088724411006,0.01633130860321937,0.8323269352266336
0.01577880121175933,0.37240965265453535,0.016426384107476648,0.8272041943328192
0.015880045731870664,0.368505090163656,0.01646643643150498,0.821810262594172
0.015967640981288465,0.3659969106782171,0.016549482685714684,0.8191319441972518
0.016017921776397794,0.36459853918126295,0.016776719807260518,0.81649916951768
0.01618566458050685,0.3595088919321001,0.016881365334377254,0.8147453198239623
0.016256663006801262,0.35552708418699336,0.01693028240611355,0.8043620939888256
0.016372635231359393,0.35526324258817277,0.017018635712384295,0.8029748195724138
0.016401392615311882,0.353833114179772,0.017110188030636898,0.8023262091936909
0.016476232005138865,0.35319483701800425,0.017251720003304008,0.8014748357380065
0.016519655171559764,0.3516484987947142,0.017393966327689442,0.7967815889798563
0.016587958596542846,0.3512236765514577,0.017643713182070118,0.7936642492829794
0.0166608934703568,0.3508220019078141,0.017803026578139154,0.7888279878264371
0.01681414706668759,0.3504330258510179,0.017918998802697286,0.7812109254821576
0.016993541226457683,0.3484409584001991,0.017945410762705297,0.7811397646809136
0.017077689682538574,0.34677591353546167,0.018000346035726155,0.7712989650246577
0.017140317794042532,0.34483555379808317,0.01805824321294071,0.7691262895367954
0.017192906661983233,0.342160271981329,0.018198615967436618,0.7659049881193611
0.017269073116386657,0.3418481780749745,0.018342543355246894,0.7647277271758118
0.017383354194333393,0.34118158558838474,0.01850390018085013,0.760540799761973
0.017474906512585996,0.33990711143237895,0.018578627483359072,0.7566685019025753
0.017648909013270597,0.33663560945491766,0.018720697679025122,0.7538939438551465
0.017704809447718663,0.3326400858867331,0.0189704445334058,0.749545059746949
0.017895085277078334,0.3291344850362826,0.018996519390486258,0.7493178300824084
0.018023457068814967,0.32783765159016937,0.01920905435958625,0.7431011841769775
0.018097367327404922,0.32671711882330656,0.019325080262034694,0.7414965181737171
0.018139032799882143,0.32541162824053765,0.019366709181898843,0.7351762413632579
0.0181995225410478,0.325186154836164,0.019448589728000933,0.7328809507165077
0.018258398908655514,0.3248239935596812,0.019504290728571825,0.7297626994544854
0.018419070502307483,0.3245620871998593,0.0195515811792949,0.7212603279421086
0.018477791871715228,0.32338032528125765,0.019641539496109972,0.719156571795362
0.018566196018652777,0.32325067614318675,0.019714036749434085,0.7099420117874902
0.018645293579783315,0.32313270365725855,0.019803287535759818,0.7098181586958937
0.018661857295948676,0.3230628095292962,0.019872298966934383,0.7051462108303528
0.01871653393990663,0.3209688104307524,0.0199366339826833,0.7047080487353532
0.018840638190706374,0.31571381941879473,0.020044165594716952,0.7030645000326737
0.018900699409185723,0.315116330855782,0.020397153610039274,0.6979861761597824
0.01901861157257736,0.3148396963708515,0.020571156110723875,0.6933221120743016
0.01908817164122998,0.31445691922644065,0.020606211351483397,0.6916974283246036
0.01916289894373892,0.31374310389797994,0.020730315602283143,0.6896002999442994
0.019226243411705955,0.3135472323223165,0.020864258205931147,0.6874917565222528
0.019288449639116932,0.31258500350059293,0.020990970994929938,0.6870667806373002
0.019344350073565,0.3117421325721795,0.021065810384756918,0.6827182365808772
0.01941805948391337,0.310471154886624,0.02127829931268497,0.675115362450959
0.019542163734713115,0.31022133923520295,0.02136050175623532,0.6738800666362466
0.019637239238970393,0.30941070740154125,0.02149519343785827,0.672070411676802
0.019684529689693465,0.30853831894662037,0.02160991489706623,0.6671608292565273
0.0197891752168102,0.3085106326683923,0.021690546674068226,0.6665715278958024
0.019847378809916584,0.30580312039732144,0.021771383002992795,0.6641178691898558
0.02001512161402564,0.30553449677578104,0.02184400620695462,0.6640561797362116
0.02003271621815193,0.3037965448273549,0.02191248319951071,0.6637688370401327
0.02017308897264784,0.30108491742718074,0.022000836505781454,0.6624980579421565
0.020526076987970165,0.3006261971928441,0.022089240652719,0.6620851179684786
0.02057715885275054,0.29996666888219425,0.022219730567721363,0.6608290024330671
0.020758681117036736,0.299696632208094,0.022288122749380652,0.6593945087386539
0.020823016132785654,0.299690653646297,0.022361057623194607,0.6547399144742975
0.020873906251375317,0.2981696209936975,0.022509070646839196,0.6544166483107611
0.020924295680714793,0.2978857619000473,0.02259747479377674,0.650963346559543
0.021216353624578323,0.2957679435069844,0.022639140266253962,0.6499889565988902
0.021267435489358697,0.29409008775115947,0.022723288722334853,0.6499417183481938
0.021472901150810186,0.29134307400713083,0.02285166051407149,0.6490094507776152
0.021667054394379322,0.29133432847410734,0.022967762817682376,0.6447873524231185
0.02177591341927134,0.29083024903183785,0.023005453658571477,0.6419741075615897
0.0218641631838733,0.2892931755534406,0.023064175027979222,0.6419291479561645
0.022008090571683576,0.288994475506849,0.023167495886019608,0.6416887734794707
0.022102341446271583,0.2864870489627208,0.023275392879774426,0.6402704784339486
0.022459756277802733,0.285327101892972,0.02339913326090625,0.6372562468809702
0.022509107937427695,0.28293859402989224,0.0234985914854824,0.63224555189157
0.022847647621377542,0.2827469157392101,0.02363512566345115,0.6300820054433135
0.02288961798070398,0.28011229946835553,0.02369400203105887,0.6178559302148999
0.022994898459754137,0.27895765825300045,0.023722759415011358,0.6165133823162363
0.023099543986870873,0.27861507527847884,0.0237828484705609,0.6125063262248649
0.023215646290481763,0.2780306887859599,0.02385655788090927,0.6103911057949862
0.02326929327714572,0.2780270340697804,0.023962379929862748,0.6072412281550503
0.023385319179594164,0.2765103765044995,0.02405635092169556,0.6060349357249193
0.023742734011125317,0.2738348609435417,0.024175233704347057,0.6048965757010721
0.02383108731739606,0.2721219333313062,0.024259168119946505,0.6026321790150027
0.023951267144420745,0.27119736215702056,0.02431255104095161,0.6013445720098923
0.024001770317541086,0.2708902019482425,0.024436655291751354,0.5928695684107134
0.024053198153696158,0.27001163592694283,0.024488832214376054,0.5924928902291052
0.024121675146252245,0.26983947607948583,0.024539335387496395,0.58659095993057
0.02446336832768224,0.26972112310907914,0.024648634496335795,0.5863121811644308
0.024508879053506023,0.2688254107968212,0.024733395580327992,0.585703763560622
0.024559068985258215,0.26753987548161196,0.024851271335516133,0.585488069729316
0.024653951396917815,0.26649479129337444,0.024867835051681497,0.5831230559986139
0.024747922388750627,0.26581459198335833,0.02495003749523185,0.5824990977440866
0.024853744437704106,0.26572914618972165,0.025019048926406415,0.581593506370005
0.02490502811062504,0.2649769404242238,0.025126047819994522,0.5810157316808244
0.024993381416895784,0.2620777268175604,0.02528671941364649,0.580966581721067
0.025053607559610048,0.26083186187872903,0.02541208278856268,0.578895855325682
0.025193980314105958,0.2606060678595695,0.025475427256529713,0.5778458188192932
0.025303061041681837,0.2597659873945574,0.02562056129681084,0.5748624910301615
0.02535343659920696,0.25953911900367255,0.025698652943281258,0.5745923141377447
0.02548392651420932,0.2581250269489182,0.025753288060990306,0.5728259251416761
0.025608103615394784,0.2569804733334073,0.025914644886593542,0.5692117174715083
0.025749635588061894,0.25697514854832154,0.026011002926308566,0.5691806578868469
0.02595510124951338,0.2567190598177872,0.026156232327880516,0.5671496489201944
0.026097347573898814,0.2565595975793673,0.02626531305545639,0.5648656424587317
0.026215562598158205,0.2539843508282355,0.026336311481750804,0.5642349659359719
0.02625136705917858,0.2537830136287867,0.026412089177070476,0.563634812969005
0.026310243426786298,0.2519472924689484,0.026486816479579418,0.5619347361018444
0.02637168805506229,0.25124323035820684,0.02656543720027715,0.5564291217495666
0.026440699486236858,0.25096487562009206,0.026655395517092225,0.5557142054024417
0.026607858077143116,0.250480124616145,0.02673290988201968,0.5539103471630492
0.026662424685248532,0.24999570087378245,0.02685708698320514,0.5527373529550358
0.02676188290982468,0.2499650344335985,0.02689477782409424,0.5478415887119211
0.026869779903579503,0.24926565786049087,0.026962360110108746,0.544159657446518
0.026929868959129046,0.24735234915067225,0.02704599655777679,0.5431853030363707
0.026985025701230028,0.2451786829119593,0.02713359180719459,0.5431229924289142
0.027073379007500772,0.24513752228964988,0.027211324374997264,0.5419951837584298
0.02721808680167015,0.2449327906113107,0.027295472831078155,0.5407262111544002
0.027363316203242095,0.24439301413196643,0.027365643569618077,0.539642517172515
0.027433021076477285,0.24374048827786324,0.027419290556282033,0.5393085908459047
0.027549748877441455,0.24367041997340375,0.02746600605300479,0.5387029414775731
0.02760833180903017,0.24326713318389168,0.027553179702901436,0.5356137801047757
0.027696685115300913,0.2425010156237049,0.027647431409968195,0.5349374791115774
0.027845587922819347,0.24224398170376626,0.028032681782651253,0.5345974965509235
0.02793483870914508,0.24016122022713848,0.028150593946042888,0.5340288456390796
0.02801345942984281,0.2385321998604552,0.02826656617060102,0.5339825520145612
0.028073548485392355,0.23815015564221254,0.02830853652992746,0.5338344886349301
0.02814695129721325,0.23685275772668318,0.028541905401161055,0.528658831814497
0.028283485475182002,0.2360339845934891,0.028663351241488607,0.5278128512793469
0.028404931315509554,0.23595936771550263,0.028780079042452777,0.5273516856017297
0.02859403120916548,0.23584242363461144,0.02890223000078022,0.5229766602036591
0.02870446049286116,0.23577001160430525,0.029243674525903006,0.5216743266022721
0.02878848874070881,0.23528531310981274,0.02947091164744884,0.5215068345941765
0.028873788497918055,0.23482515566463377,0.02961812374158462,0.520668520900693
0.028922767869646055,0.23439515721939377,0.02972742285042402,0.5190069994575696
0.029026088727686437,0.2337270193950439,0.02979698291907664,0.5182435440238062
0.029063918448117988,0.23342683507164405,0.030009517888176636,0.5182063873518497
0.02912400750366753,0.23172427177177765,0.03014495995595543,0.5177151815958606
0.02922955745948845,0.2314302823993251,0.030197572332926272,0.5164341002723657
0.02933583373603346,0.2313590028712319,0.03025977856033725,0.5144976001151034
0.029380043429231242,0.231286593578705,0.030320268301502907,0.5133777681095709
0.029461117142021112,0.23090803721663125,0.030389279732677476,0.511131729528174
0.029512199006801486,0.23079165051208342,0.03048917175513694,0.5072601848175488
0.029626920466009447,0.230251670955389,0.030543848399094894,0.5072242519462272
0.029761100750836593,0.22995202017640395,0.03071403971010443,0.5048803121500288
0.029855525520042833,0.22774086312192543,0.030900555827556922,0.5032208627505959
0.029881937480050844,0.22701108729069483,0.030963466200326795,0.5023329978356446
0.029978221989805657,0.2250697243020352,0.0310160550682675,0.499937865563286
0.030060584855409907,0.22383675911586284,0.031107836640975522,0.4980834621100281
0.030106596848122197,0.2224129364528078,0.031190199506579773,0.49803867051717177
0.03015582757746602,0.22202554553537354,0.03134526705712763,0.49449453437524127
0.03024760915017404,0.22063035519557758,0.03147575697212999,0.49201300332544523
0.030330655404383747,0.22062499574129044,0.03153396056523637,0.49156531911310974
0.03034692291101671,0.2199876092126952,0.03162821143982438,0.48946086550324025
0.03055941183894476,0.2192336320148928,0.03176239172465153,0.48928849400075347
0.030703120998395776,0.21886998506309585,0.03192374855025476,0.488090757101186
0.031041660682345623,0.21865217213319366,0.03210314271002486,0.48731762490228464
0.031113788408544153,0.21774202568383438,0.032237834391647804,0.48724803403123135
0.03130288830220008,0.21692765791201313,0.03233907891175914,0.48678052993623605
0.03141961610316425,0.21689718403363573,0.03269649374329029,0.48613592417965795
0.03153949038500192,0.21661819909676527,0.032743784194013366,0.4854265899182913
0.03162875696293995,0.2163579469822582,0.032888491988182736,0.4841033021289457
0.031693757379806946,0.21627869074477196,0.03300521978914691,0.4828976516520831
0.03173726531465124,0.21585096044636531,0.033059569336911725,0.4787076720689567
0.03180100749934332,0.21568035400479227,0.03313829585036875,0.478043552510522
0.03185153774501255,0.21561923281540393,0.0331983570688481,0.477996496922817
0.031869132349138844,0.2153763099356635,0.033261267441617975,0.4778791526652705
0.03195328080521973,0.21527389446521833,0.03328767940162598,0.47441018165376575
0.032025382673608785,0.21421874975757005,0.03339769380509331,0.4727659118121437
0.03207817336243207,0.21293609625751939,0.03347160406368327,0.4724257187221733
0.03213706399685681,0.2118045691375205,0.03353648793352461,0.47235203798960274
0.032267553911859176,0.21120528918388481,0.033658638891852055,0.47157833659035847
0.032315963141823736,0.21097679624027785,0.033727115884408146,0.4689559838857418
0.03238084701166508,0.21069099305346994,0.033905326480250804,0.4673976552469107
0.03248209153177641,0.21014375543250127,0.033958436938604716,0.4667234537677728
0.0325468400176366,0.21012619234241542,0.03407831122044239,0.4664076895036446
0.032603066303807014,0.20997575988427578,0.03429084618954238,0.46196876112062324
0.032815555231735065,0.20936205689302026,0.034385270958748625,0.46122164050173725
0.03290733680444309,0.20856024819854538,0.03447362426501937,0.46041437316113043
0.03297634823561766,0.2077989047136732,0.03456517658327197,0.4571577548423798
0.03314350682652392,0.20757019080597894,0.03473657420696511,0.45684163487466994
0.033314904450217064,0.20736555999153422,0.034840215662767536,0.45519968935829724
0.033403559258206574,0.2070939174576473,0.0350073742536738,0.454703204635284
0.033736573525821226,0.20679211056648558,0.03505509783969506,0.45410778369968335
0.03383082523288799,0.2066873058215074,0.0351325582549024,0.4516791502136085
0.03391917853915873,0.20628838369755523,0.03518190991452736,0.4499981381189728
0.03404025267772232,0.20627540183434753,0.035290768939419376,0.44944884809571845
0.03413513508938192,0.2058137113992193,0.035632462120849376,0.4483001124098519
0.03420528208953531,0.20572873648814788,0.03565760418336155,0.44797668910183286
0.03427132128698388,0.20543478679554592,0.03579797693785746,0.4467346505673156
0.03436417733492375,0.20539041376198977,0.03591224663293143,0.4462643645695885
0.03451138942905953,0.2049049573409477,0.035969041302466274,0.4461812102932542
0.03453780138906754,0.20333251098344443,0.03601932209757561,0.4460185147513058
0.03464144284486997,0.20331158277411637,0.03607954824028987,0.4456548588131749
0.034683601837086464,0.2032991205244972,0.03613063010507025,0.44562175610083515
0.03474149901430102,0.20316335177976302,0.03624491118301698,0.4444729188759806
0.03481901337922848,0.20290060415900535,0.036536969126880516,0.44412091147210525
0.035146944259737294,0.20253119941703085,0.036654282474712425,0.4438495675279818
0.03528238632751609,0.2020532995688589,0.03670351320405625,0.4432786883298488
0.03540026208270423,0.2017512962205172,0.03680255735539876,0.44261474944418955
0.03551128503418285,0.20112333306537078,0.036874685081597296,0.4421622787777602
0.035610709050677924,0.2010886737438589,0.03699282725547098,0.44155951800000437
0.03566860622789248,0.20067468365058874,0.03711520717943467,0.44151324099081707
0.03577396202928057,0.20044774076263558,0.0373758076539677,0.44061264530244065
0.03583374874213791,0.19984974067481842,0.037436297395133364,0.4370439667974945
0.035956128666101615,0.19932786493779683,0.037533498149693874,0.4348821813383914
0.036046086982916684,0.19861135286698747,0.0375794286954031,0.43179157866314044
0.03610915809204366,0.19840649970790186,0.037661195506219,0.4305098609459913
0.03612698117123837,0.1972352155973552,0.03803387755638743,0.43033933101246635
0.03623226165028853,0.1967793450637321,0.038098877973254425,0.42953429683250827
0.03627897714701129,0.1951166388784487,0.03818192422746413,0.42829965637988154
0.03635014133851405,0.19503943594179118,0.03825031640912342,0.4281198422683305
0.036457672950547707,0.19493894914428211,0.03835659268566843,0.427799804327218
0.03653576459701812,0.19464741239188463,0.03850172672594956,0.42733365106251053
0.03663810292625564,0.1937053973845489,0.03864893882008534,0.4246890468009453
0.03676025388458308,0.1930578035050127,0.03898747850403519,0.42182053711216283
0.036812000500638424,0.19259333683358015,0.03919294416548667,0.4213384082576705
0.03701166742089339,0.19258136100169138,0.039342487777773855,0.4211434603956029
0.03705419173536829,0.1921575028580051,0.0394296614276705,0.41971568059818193
0.037176342693695734,0.19167604243970315,0.03976820111162035,0.4168481331304483
0.03731178476147453,0.19166494134744322,0.039852229359468,0.416751694308716
0.03739241653847652,0.1913796295723341,0.03994090168349009,0.41616255580804284
0.037450366760727646,0.1913557224248789,0.04004099201428147,0.4161511521350997
0.037466634267360605,0.19092613106628858,0.040121760377262,0.41539953839231175
0.03755818658561321,0.1907482106025786,0.040334249305190056,0.41527232286658783
0.037752339829182344,0.18985025594829205,0.04038533116997043,0.4151690058759322
0.03782811752450201,0.18964303369290195,0.040473684476241174,0.4130878566970965
0.03790988433531792,0.1889154286398406,0.040517894169438955,0.4124905203169131
0.03804457601694087,0.1873298295706221,0.0406050678193356,0.4118853157378775
0.0381217819569844,0.18731829806136618,0.0407115430498083,0.4105502497582755
0.038178479974036894,0.1871308487438284,0.040820319939628084,0.4094822068728204
0.038308414532268395,0.18635810193506425,0.04093516229513845,0.40525121604809716
0.0383703511554884,0.1856467184387111,0.04109022984568631,0.4046656979750128
0.03847912804530818,0.18564644351402643,0.04117949642362434,0.4013795704586474
0.03852514003802047,0.1855293559639384,0.04127662377564485,0.3995040619970766
0.03857622190280084,0.18535856239393786,0.04137290828539967,0.3973776119924621
0.03862043159599863,0.184988061551481,0.041423098217151864,0.3954483242565467
0.03872600306884695,0.1848178000911046,0.04147825495925285,0.3952916813886379
0.038800842458673934,0.18461208121295639,0.0415557693241803,0.39327386646243606
0.03892755524767272,0.18423674974903878,0.04167594915120498,0.3925484908146052
0.03903455414126083,0.18413592022341269,0.04186316222326876,0.3923157157836957
0.039080484686970056,0.18336503878345295,0.04198295267959265,0.39127208670646546
0.03924184151257329,0.18257793446409024,0.0420712266285519,0.3884814103543907
0.03938985453621788,0.1813433603316069,0.04222869205770047,0.3882441915360619
0.039462605661583446,0.18124668920944387,0.04229883905785386,0.3881128373547193
0.03963439748945097,0.1808912706718076,0.04242121898181756,0.3865612485267768
0.03971185790465831,0.18079144328775767,0.042490230412992123,0.38590921775867504
0.03974691314541783,0.18078533971444494,0.042541312277772504,0.38238206183186607
0.039834867813290625,0.18016181481662907,0.042701333178846834,0.3820485847585987
0.03990442788194325,0.18008862329985673,0.04282713461597629,0.3816693403258593
0.04001545083342186,0.1800381214647369,0.04290197400580327,0.3816481243240495
0.04014136724606095,0.17936114759701421,0.042953257678724203,0.3812591874171258
0.04019652398816193,0.1793545709215126,0.04308374759372657,0.3809008365355051
0.04031466616203561,0.17921542368809953,0.043217132470587664,0.3798260120033501
0.040440029536951805,0.17854612595722752,0.04328552465224695,0.37936079021326996
0.0406140320376364,0.1780597298880998,0.043406121551127726,0.3789582430133838
0.040696234481186755,0.1780428521794914,0.04350378659947695,0.37853525812384214
0.04077504008862016,0.17690564319442434,0.04359305317741498,0.37604841313284604
0.040953250684462816,0.17680732707290167,0.043741955984933405,0.3760261194704928
0.04100760023222763,0.1766289578567111,0.043901269381002445,0.3736152652629612
0.04109236131621983,0.17630772827514335,0.044113758308930495,0.37320893496884455
0.04114497369319067,0.1759241934404019,0.04430285820258642,0.3723454871230006
0.041243052483480966,0.17558910343695416,0.044384163573826484,0.371096176294714
0.0413656611607139,0.17528048849357541,0.04446479535082848,0.3708256135204589
0.04144086752076743,0.17522849775517035,0.044551969000725125,0.370201315450691
0.04145912565505827,0.17508071864792227,0.0446991810948609,0.37007504426075305
0.04157823521171829,0.17500823955588138,0.044771519497647135,0.368807219557919
0.04165307460154527,0.17486918795730358,0.04485235582657171,0.36746132443886126
0.04174234117948329,0.17459462924808938,0.0449588310570444,0.36650441729544925
0.041858443483094185,0.17437847389539968,0.04507742491010526,0.3656124830200481
0.04190590070989267,0.17428326023411925,0.045430412925427585,0.3655430096183802
0.0419697883362684,0.17394146455247916,0.0454889958570163,0.3654183331915788
0.04202810772037381,0.17380741517037615,0.045683149100585435,0.3653927138968045
0.04212799974283328,0.17372440914023438,0.045752853973820624,0.3651146832410737
0.04228935656843651,0.1734743326786321,0.04593224813359072,0.3635362003025444
0.04234532260305992,0.17269930292220037,0.0460304758016632,0.3634992801293128
0.04241433403423449,0.17252776500680067,0.04609052115207812,0.3625267684222144
0.04250858490882249,0.1712337362109306,0.04625187797768136,0.360515259669726
0.04258921668582449,0.17110469786179838,0.04658489224529601,0.35749230011023303
0.042651706317036006,0.1708315946250821,0.046763102841138666,0.35665390000445957
0.04271936277435915,0.17081398327135197,0.04682105306338979,0.35629186669216123
0.04275317963501364,0.17017136353247786,0.04687248089954486,0.35601268493366856
0.04279597864199355,0.17015094027877933,0.04692422751560021,0.35590646462671377
0.04284675180156552,0.17014285824660197,0.04704839906975886,0.35562669477643744
0.04291885366995457,0.1700215150176364,0.04714662673783135,0.35523738716582076
0.04304878822818607,0.16995903847971683,0.047190134672675646,0.3533096892825733
0.04309724416615505,0.16972815295901145,0.047274895756667844,0.35327190508027917
0.043193602205870076,0.16958844966122652,0.047369778168327444,0.35245683116527804
0.04326125866319321,0.1693096992153308,0.04746263421626731,0.3498717960305947
0.04338014144584471,0.16913578436497376,0.04759298757077519,0.34924852598628214
0.04348881661185748,0.16806127491140407,0.047650884747989744,0.34885492920292144
0.04358616298224261,0.167838167670008,0.04770678518243781,0.3487723086512083
0.043658501385028844,0.1676038779040283,0.04775728835555815,0.34814757174120226
0.04372968731866807,0.1675513879002225,0.047829416081756684,0.3475209507909561
0.04385206724263177,0.16744873170435098,0.04787670653247975,0.3473998974580111
0.04389459155710668,0.16733999115098283,0.047951545922306736,0.3468353200717856
0.04395721966861063,0.16699047805665346,0.04804020073029625,0.3458127281069398
0.04403468008381797,0.16648070260236944,0.048096898747348744,0.3457862767884576
0.04415683104214541,0.16603026595551668,0.048177972460138614,0.3457639463463383
0.04436936601124541,0.16563496549071663,0.0483164772852133,0.34501598678396117
0.044441863264569524,0.16544038069165062,0.048352281746233676,0.34348363162971435
0.04452316863580959,0.16511860645874582,0.04840754776816057,0.3433062923042755
0.04458006023815126,0.16500113840401315,0.048425142372286865,0.34292655303248454
0.04467513574240854,0.16497636163698343,0.048484033006711606,0.34041660507260296
0.04474530648094846,0.16488306766419558,0.04856154737163906,0.34030839003876145
0.0449463240894882,0.1644574480491202,0.04866736942059254,0.33965549997707495
0.045021163479315174,0.16436478202404883,0.04875572272686328,0.3395787800543122
0.045182520304918414,0.16433808982648407,0.04886325433889693,0.3393634428742544
0.04524752072178541,0.16399402002919095,0.04892304105175427,0.33911839541131983
0.04532014392574723,0.16396400742169628,0.048965565366229175,0.33758250955167024
0.04545007848397874,0.16395469788989558,0.049166582974768905,0.33710999265361896
0.04554308463293488,0.16378524750895515,0.0492218489966958,0.33676368765353604
0.04567702723658289,0.1627307428278366,0.04931052132071789,0.3367583998964451
0.045753218053731906,0.162613689836746,0.04936194915687296,0.3360190906443672
0.045778012350367984,0.16248770470031249,0.04939963999776206,0.3352446945867329
0.045838912877325666,0.16238644773227454,0.04952747768642012,0.3351432749373975
0.04587471733834604,0.1619749113846667,0.049602317076247106,0.33466423649296667
0.04590323761663404,0.16194646964277376,0.04969067038251785,0.3346311890879552
0.04596328296704896,0.16175458953160785,0.049812116222845405,0.3339255520392582
0.04601854898897586,0.16165504381577347,0.05003017467149329,0.3332025133696471
0.04609614134357114,0.16159628003680063,0.050111011000417864,0.33306966580780173
0.04615611530893285,0.1614991753111904,0.05016518076250305,0.3328160499243773
0.04624446861520359,0.16039744997229402,0.0502112055609472,0.3327859816012845
0.04629194297152666,0.16007528304024593,0.05031062957744228,0.33225577595439937
0.04636678236135364,0.1595720859978164,0.05040570508169956,0.3318724018355483
0.04643517454301293,0.15944657700873255,0.050451215807523334,0.33135049063236444
0.04646280086866229,0.15905617511792683,0.05049542550072112,0.33058867442534434
0.046553908949068426,0.1588823593108509,0.050569456434751775,0.3302143771468652
0.04661278531667614,0.15853742716308847,0.05065309288241982,0.3295868104002436
0.04668908535843565,0.15845914083856177,0.050670687486546115,0.3285372485365134
0.046777040026308433,0.15832849993793646,0.05079352718512815,0.328304501681363
0.046845432207967726,0.1581697035382551,0.05085827567098834,0.32830133766980396
0.04690355744188765,0.15810026887704667,0.05092431486843691,0.3280449031286494
0.047045627637553704,0.15755288155983962,0.051046923545669844,0.3278819544882482
0.0471262594145557,0.15730510412220447,0.05110482072288439,0.32759488497504585
0.047183961621848035,0.15729577740634282,0.05119432386070365,0.3255022907829885
0.047244451363013695,0.15722892728758683,0.05157957423338671,0.32478507923950856
0.047303034294602406,0.15700241081713057,0.05171351683703471,0.3236454626666287
0.04736383766789155,0.15686175292182097,0.051800983587410455,0.3223020059505912
0.04745141950420778,0.15667806240537308,0.05199008348106638,0.32164131129134865
0.04760888493335635,0.15659727877840424,0.05206728942110991,0.3214952971018277
0.04769139524114167,0.15545285672524167,0.05215907099381793,0.32049539609931327
0.04806407729131009,0.15534499577461106,0.052244783227260755,0.3200199106382292
0.04814280380476712,0.15493707572822005,0.0522733738797349,0.3194718333411931
0.04824257516028056,0.15482799725883706,0.05236253235436036,0.319426425858093
0.0484039319858838,0.1546267279161435,0.05242085173846577,0.3186310552324325
0.04844944271170758,0.15458456472487975,0.05250449162647969,0.3179696513343412
0.04859857406012821,0.15415732188265593,0.05257659349486874,0.31684310692259826
0.04864999749603844,0.15378453089184524,0.05269480851912813,0.31681669956428465
0.048737171145935086,0.15375785992122668,0.052778742934727584,0.31635407981335295
0.048916565305705186,0.15375593938554732,0.05286404269193683,0.31617214468097327
0.04920862324956871,0.15361381431963975,0.052915470528091896,0.3159682844293766
0.04925912642268906,0.15335257954980255,0.05300472131441763,0.3151605898871487
0.04930044172317174,0.15305344352938327,0.05309267598229042,0.31513571519339645
0.049468184527280794,0.15274033010262916,0.05321859239492951,0.3141024294609896
0.049579207478759414,0.15271344483335508,0.05332902167862519,0.3137839761865798
0.049724341519040545,0.1526651629489728,0.053422885807368876,0.312471734777337
0.04979533994533496,0.1526119140606729,0.053528457280217205,0.31169754732389304
0.04996553125634449,0.15224894319043364,0.05364442950477533,0.31142977873145183
0.050073146668407884,0.1519305436365676,0.05371208596209848,0.31075133372946534
0.050191058831799515,0.1518134708018853,0.05383423692042592,0.31039092603400337
0.05040359380089951,0.15150681012633332,0.05392264106736346,0.3100251835300533
0.05047762473493017,0.15078059264969643,0.05397406450327369,0.30936937518926166
0.05056602888186772,0.1506300956930639,0.054116750461388405,0.30922456135758697
0.05071116292214885,0.15047083548620627,0.054192916915791825,0.30813722844438657
0.05077206344910653,0.15042510694453798,0.05436065971990088,0.30779403997995197
0.0508649194970464,0.1502277736926859,0.054422104348176875,0.30685227350346467
0.05093704722324493,0.1501894452114536,0.05448300487513456,0.3047873864911215
0.05105668496219074,0.15003836075647006,0.054616636794313445,0.30398832212035665
0.051203897056326525,0.15002068879061353,0.05466256734002267,0.30398190604075026
0.05133261294211332,0.14948193541536553,0.05475489998818225,0.3038977719830433
0.05146034305412904,0.14877591876123078,0.05480387935991025,0.30383666872594617
0.05163973721389913,0.14857623089127625,0.05486636899112176,0.3036130574959381
0.05172036899090113,0.14842490363388652,0.05506480944930938,0.30214013869262674
0.05179621458420739,0.14836739439546354,0.05512855163400145,0.3019265898900701
0.05186522601538196,0.14814308423516895,0.055242699158570836,0.3007260259586027
0.05191560157290708,0.14804531825493253,0.05541449098643836,0.29948190587354556
0.05197086759483398,0.1480356440214037,0.05546267174345817,0.29927539594459207
0.05218892604348186,0.14791392712932555,0.05548908370346618,0.2991165218427501
0.05225199715260884,0.14763003010571582,0.055600106654944796,0.29887830093329265
0.05231020074571522,0.14760127179001392,0.0557741091556294,0.298593443385237
0.05248199257358275,0.1475873083531064,0.05585518441445124,0.29813960264253825
0.052536162335667935,0.14755639406525878,0.05599911180226152,0.29799219469797006
0.05260590483609337,0.1472706462418196,0.05609336267684952,0.2960246285409911
0.05266380201330792,0.14722556835773676,0.05615208404625727,0.29601461368668425
0.05278111536113983,0.14686215640394615,0.056274923744839306,0.29574263837789494
0.05285870771573511,0.14672543724907694,0.05632093573755159,0.2949900904791388
0.05301802111180415,0.1466941482663604,0.05637584977811686,0.29466003147696623
0.053151405988665246,0.14635442636473342,0.056488052156613185,0.2943863770230777
0.053248606743225756,0.1463086217189438,0.056575697821963734,0.2935622637796456
0.05359005126834854,0.14608744095366002,0.056623172178286794,0.2930849087628884
0.05367955440616779,0.14608093486542317,0.05669082863560994,0.29239607711888044
0.05380990776067566,0.14563580143061197,0.056820763193841446,0.29213428283062964
0.05387490817754266,0.14559830155235023,0.05687698948001185,0.2919295189597309
0.0539632614838134,0.14534116798088584,0.05699806361857545,0.29092817058491016
0.05399185213628755,0.14523563226281935,0.05710341941996354,0.29092308396125344
0.054044441004228255,0.14514267994837532,0.05716090805822924,0.28935621473535883
0.0541252832114722,0.1447114618082366,0.05735506130179838,0.2893470918674653
0.054267969169586906,0.14471115725242376,0.05747060529248936,0.289035494521154
0.05430898572487486,0.14465756163243151,0.0575354891623307,0.28888804116967176
0.05437746271743095,0.1446140756169768,0.057684620510751336,0.2888214354605311
0.054445854899090235,0.14453598004669052,0.05773977725285232,0.2882336621663102
0.05453302854898689,0.14446154581932402,0.05782670697797917,0.2873243971953857
0.054643042952454215,0.1442760448783271,0.05790154636780615,0.2873230110706642
0.05488661030004959,0.14408602228204972,0.057982314730786674,0.28727719741519164
0.05502205236782839,0.1439518720118697,0.058041191098394396,0.28723946280552765
0.05508620851957059,0.14347777560050115,0.05811075116704702,0.2872348512400971
0.05519550762840999,0.14308862312865575,0.05817840762437016,0.2867323720023153
0.05532094422747787,0.14297556045023452,0.05826090814628277,0.28667119332543983
0.05537684466192593,0.14262971504006106,0.05847021092317625,0.2863922885690248
0.05550058504305776,0.14203644439807073,0.058545050313003236,0.28633408722422693
0.05556804385888145,0.14131661264123116,0.05859542587052836,0.2858661392386625
0.05560309909964097,0.14130989426724605,0.0586884320194845,0.2854813734499813
0.05566558873085249,0.1410958102633845,0.05878688833889004,0.285330401248601
0.05574237433708236,0.1408473515462349,0.058847691712179184,0.2852863825550746
0.05576484982573374,0.1407886111634124,0.058975376275714475,0.2840541028740722
0.05583428261857839,0.14047473289654544,0.059068232323654345,0.2840492360461001
0.055856758107229766,0.14030224713893627,0.05920976429632145,0.28349616547632717
0.05594247034067258,0.1398677033410806,0.05942229926542145,0.2823040041968642
0.05629545835599491,0.13959835257721173,0.059779714096952596,0.28217868351570796
0.056371624810398334,0.13945280636795315,0.05983950080980993,0.28210284771958266
0.056441077387355425,0.13934003478251036,0.059953648334379314,0.2820988839019725
0.05649562029105303,0.1388495282227883,0.0600568330396699,0.2814881726506169
0.056559955306801954,0.13857762785994945,0.06027489148831779,0.2813639205933871
0.05667964826967005,0.13856638799997759,0.060369142362905796,0.2807183455275219
0.0567256730681142,0.13829561394674597,0.0604683718427074,0.28068473344641337
0.05677675493289458,0.13805475614022256,0.0605209607106481,0.28022254211742414
0.05695133887751591,0.1377045526920289,0.06058997214182267,0.27946569855044856
0.05701022951194065,0.1376468313520195,0.06083320349079904,0.27901485838260326
0.05711341421723124,0.1375263329069009,0.06087600249777895,0.2784192721187294
0.057202086541253326,0.137465083809799,0.06095625878438918,0.2784073788691314
0.05725487723007661,0.13724993537592153,0.06100744343056437,0.2779083749213873
0.05732091642752518,0.13693133407837318,0.061095796736835115,0.27768232237476853
0.05741999000444326,0.1369307445032218,0.061186601591102195,0.2769273506039962
0.057554681686066214,0.13630817336173567,0.06127075195848635,0.2766225481007478
0.05778191880761205,0.13620077182402346,0.06135490232587051,0.27614122111131045
0.057907355406679926,0.1361683078582464,0.061493407150945194,0.2760002010815003
0.057957858579800264,0.13556161821983126,0.061660565741851456,0.27586530760891215
0.05804149846781419,0.1353092338473906,0.06179600780963025,0.27572807068147354
0.05808155079184252,0.1351449776245532,0.06185598177499196,0.27569759771228647
0.05815906515676997,0.13480800327853645,0.061958320104229476,0.2745495616467754
0.058274858152050094,0.13461539806307768,0.06205566647461461,0.2744768979450485
0.05838329715743165,0.13451144305371274,0.06216668942609322,0.27433886595975504
0.058472547943757384,0.13441029759293077,0.062309427677465216,0.2738979528589563
0.05856679881834539,0.13422164173761236,0.062410672197576546,0.2738709117151411
0.058643098860104895,0.13421242621629928,0.062483423322942114,0.2732290819966862
0.05878702624791517,0.134211614906876,0.0625362140117654,0.2731407874745041
0.058893615680881514,0.13398359163585413,0.06259630306731494,0.27231545940295887
0.05898240652269529,0.13378386470680412,0.06261613482430319,0.27156511087616597
0.05909246032449388,0.13376340171254567,0.06267283284135568,0.2713214529510111
0.05914037682897186,0.13370057675306923,0.06288213561824917,0.27129137405012294
0.059327589901035635,0.13330408731915527,0.06296276739525115,0.27128724900981405
0.05941063615524534,0.13302066145589114,0.06302497362266214,0.27128208494071454
0.05950450028398903,0.13294019990184877,0.06309710134886067,0.27095200453418206
0.059557290972812316,0.13261106869648145,0.06315800187581835,0.27022715187486457
0.059595120693243867,0.13242388072087927,0.06322774437624379,0.26792807706653593
0.05963791970022377,0.13203058752621222,0.06347097572522016,0.26755520423173534
0.0598270195938797,0.1320087528850505,0.063581523807032,0.26682639131017966
0.05997656320616688,0.13177870241169995,0.06370696040609988,0.26636083455382636
0.06000135750280296,0.13172059949788673,0.06382306270971076,0.26608948794371057
0.06006140285321788,0.1315622615557407,0.06392283406522421,0.2656923522333556
0.06019189276822024,0.131549249384412,0.06395863852624459,0.2646806164528061
0.060238447163314605,0.13151578252050167,0.06406871003945343,0.26402016467415484
0.06032259753069876,0.13149422304787586,0.06412813418232906,0.2638485987972758
0.060401816175014694,0.13139590496982925,0.06415672483480321,0.26368037120624255
0.06042164793200294,0.13127156993907882,0.06425097570939121,0.2633039296868597
0.06048639641786314,0.13100575503601572,0.0643786602729265,0.26329495469782305
0.06055852414406167,0.13067441460976467,0.064508594831158,0.2629460775294649
0.06077658259270956,0.13025092263614166,0.0646901170954442,0.2629403114464617
0.06087083346729756,0.13015006442237537,0.06479566705126512,0.26258807466157935
0.060924216388302664,0.1299405047885191,0.06490294666008718,0.26218132083794327
0.06102546090841399,0.1297900492623195,0.06495891269471057,0.2620243769173053
0.061243519357061876,0.12949693429155829,0.06500930212405005,0.26098061364140135
0.06133044908218873,0.12928318046261408,0.06507947286258997,0.26084301534911425
0.061389325449796445,0.12899840448003105,0.06517435527424957,0.26035478953748115
0.06144367499756126,0.12876896874702473,0.06530307116003636,0.2595602444363353
0.061512067179220545,0.12870113279740766,0.06534090088046791,0.25955338610687767
0.06155851663527107,0.12864617515791837,0.0654450248341608,0.25914584049429507
0.061899961160393854,0.1283284278314976,0.06546129234079377,0.259007230173661
0.061994212034981865,0.12822485898617747,0.06553030377196833,0.2589303853330775
0.062116362993309304,0.1277920410298179,0.06561788560828456,0.25819790094513606
0.06221402804165853,0.12766409903751458,0.06573699516494458,0.2575290314670555
0.06231325752146013,0.12754469333456855,0.0658669297231761,0.25595838886979444
0.06264627178907478,0.12742644148138035,0.0659255126547648,0.25580195822460156
0.0628350055449829,0.12725190232618963,0.0659776895773895,0.2554772842522496
0.06288643338113799,0.12721380318832773,0.06611993590177494,0.25545008607708053
0.06297483752807553,0.12671901408081365,0.06620077810901888,0.255442466977631
0.06320820639930913,0.1264454440302229,0.06629502898360688,0.25505753419383526
0.06322932575883243,0.12639374761853514,0.06640370414961964,0.25412010042453587
0.06327667139949907,0.12636466433300092,0.06648433592662165,0.2540679196864088
0.0634370401237886,0.12634746223335064,0.06654442498217118,0.2536430776878221
0.06350551711634468,0.12558580939797753,0.06661652685056024,0.2533908388318511
0.06366618870999666,0.1255541370003257,0.06668068300230244,0.2533894361051617
0.0637556918478159,0.12522734711756756,0.06679882517617612,0.25335154991563574
0.06385391951588838,0.1251238851126104,0.06687499163057954,0.25330683771340945
0.06393272512332179,0.12499410149819819,0.06702677143370603,0.25329450932460734
0.06406635704250067,0.12490822147845133,0.06715251362043433,0.25324352118050714
0.06412430726475181,0.12489001718375406,0.06726611406205231,0.25313891569283004
0.06417741772310571,0.12485080667282086,0.06737579726639549,0.25304433661093356
0.06437843533164544,0.12483607686707628,0.0674301468141603,0.2526172780998343
0.06443061225427014,0.12467378373974045,0.06748903744858505,0.2524901768032496
0.06494050042867724,0.12465039297789283,0.067634266850157,0.2521818362471245
0.0650477800374993,0.12414722365804572,0.06770545278379622,0.2521737253786785
0.06524622049568692,0.12408804085031959,0.06786680960939946,0.24984409976734726
0.06529764833184198,0.12379243303030661,0.06792264764616698,0.2492142859476278
0.06551570678048987,0.12365107624093515,0.06798013628443268,0.24911935931371534
0.06566748658361637,0.12316045620128827,0.06812943584452985,0.24881494460874048
0.0657134171293256,0.1231400432974177,0.06828874924059888,0.2488118353050585
0.06580106279467614,0.12309643456925307,0.06835349772645909,0.24819022951811634
0.06594330911906157,0.12306108854070433,0.06842979776821859,0.24800392655975903
0.06605260822790097,0.12287264798378295,0.06847797852523839,0.24783082744661336
0.0662065728290457,0.12280079570200227,0.06864572132934746,0.2477149432268571
0.06628907335095831,0.12258944985037203,0.06871411351100674,0.24754598497970234
0.0663922580562489,0.12236991386638521,0.06880175917635728,0.24751888396417826
0.06645223202161062,0.12214406940911388,0.06890937458842068,0.2473404856394718
0.06669546337058699,0.12213215030319478,0.0689677322240754,0.24721570233459225
0.06674346750194857,0.12185366395694758,0.06905531406039164,0.24701544077591878
0.06682740191754802,0.1218337750111975,0.06914326872826443,0.24699336269280922
0.0669531441042763,0.12153130215477062,0.06918579304273934,0.24653577938641574
0.06701311806963801,0.12143440405220282,0.06927631947533638,0.24628627373926823
0.0671626616819252,0.12103296284970753,0.0693406544910853,0.24618646576150852
0.06722371108666507,0.12096765132491395,0.06944647654003878,0.24602097815234736
0.06730764550226452,0.12095018181150563,0.06953572732636451,0.2450944869651657
0.0674257876761382,0.12080945440983415,0.06959677673110438,0.2448813495910233
0.06751812032429777,0.12076991504892033,0.06966152521696457,0.24482947685538328
0.0676340925488559,0.12071421962157128,0.06974992936390212,0.24427175023660336
0.06766922131108095,0.12019863599987501,0.06979648375899648,0.24412323917659973
0.06778142368957726,0.11995681005631964,0.06983431347942803,0.24392769851812238
0.06785404689353909,0.11980054254800698,0.06999362687549707,0.24369612807803914
0.06791347103641472,0.11966975871058227,0.07006589889234996,0.24246416813646554
0.06801035985778799,0.11898453142466808,0.07012897000147694,0.24240305315003968
0.06812043137099683,0.11894790329037959,0.07021147052338955,0.24230770983074795
0.06817185480690705,0.11886058846995182,0.07024528738404404,0.24157922547583854
0.0682904486599679,0.1188429109098705,0.07030944353578625,0.24136804275717455
0.0683471466770204,0.11866599184523483,0.07034524799680662,0.24106459625694004
0.06859508927810991,0.11860881040857843,0.07051925049749122,0.24076058146990223
0.06869331694618239,0.11837011029053578,0.07059158890027745,0.24067124137651258
0.06874172617614695,0.11807360807292765,0.07064613180397505,0.24045315377693735
0.0687894497621682,0.11806671593195772,0.07073372705339286,0.24029658053650976
0.06887691651254395,0.11798184606745875,0.07081549386420877,0.24018676354013835
0.0689516438150529,0.11769743054340273,0.07092554766600737,0.24002677726283592
0.06900680055715387,0.11761241456861873,0.07099654609230177,0.23998154209946937
0.06905718998649335,0.11746169065141242,0.07114608970458895,0.23985100511741658
0.0691393924300437,0.11743929211909715,0.07126430472884836,0.2392257029969598
0.06925194235143073,0.11728921159500472,0.0713527088757859,0.23919338522214126
0.0693434714537197,0.11686778390091394,0.07143195447372519,0.23872323118491984
0.06983134209410831,0.11675485075933593,0.07155213430074987,0.23845339775290902
0.06992848910282105,0.11658667586827609,0.07167278609226037,0.23837079587174026
0.07004908600170183,0.11646966554718856,0.07177045114060959,0.23826507737565844
0.07013016126052367,0.11641991815583572,0.07188159881949183,0.23782615945799515
0.07020249966330991,0.11638756202049136,0.07192439782647173,0.23695591072621425
0.0703121828676531,0.11627157476911743,0.07199673622925797,0.23626148074041264
0.07040351973530719,0.11605081400942216,0.07210517523463952,0.23588926648525416
0.0705145426867858,0.11557027355998342,0.07217779843860135,0.23569685941746696
0.07063433314310968,0.11472057747681573,0.07223784378901627,0.23532550003308203
0.07070649460168714,0.1146302638449221,0.0723401821182538,0.23517506746353736
0.0707804048602771,0.11451586575631606,0.07242655719166832,0.23513805823934292
0.07090278478424081,0.11441693127509622,0.07244481532595916,0.23463756427567417
0.07109693802780993,0.11407402480007597,0.07255271231971398,0.2342835022964219
0.07113274248883031,0.11399346760433893,0.07265079111000428,0.2342454974910834
0.07117967362303457,0.11396600851533319,0.07272195530150705,0.23410577826152007
0.07124923369168719,0.11388731242884689,0.07278389192472705,0.23378130241187955
0.07135157202092471,0.11386556538748346,0.07292663017609904,0.23363978197694388
0.07143240834984929,0.1138619586314815,0.07297083986929682,0.2319853060847185
0.07148989698811499,0.11383936595333996,0.07305335017708214,0.23156130042524561
0.07161007681513967,0.11368869402882267,0.07312080899290584,0.23142375631196227
0.07173587825226911,0.1136763946431679,0.07321366504084571,0.23134681899905274
0.07178871615028301,0.11360621754100497,0.0734572323884411,0.23098323415377953
0.07200125111938299,0.11356950140726366,0.07357514455183273,0.23085979477931903
0.07209443339705852,0.11347934579712,0.07367878600763515,0.23079797065436977
0.07216458039721192,0.11330912071021355,0.07402023053275794,0.23068733270008332
0.07222462574762684,0.113307837299506,0.07411156740041203,0.23058731252294493
0.07229946513745382,0.11327617487432086,0.07431258500895176,0.23015292054115155
0.07238811502702294,0.11304876275453232,0.07437255897431347,0.22927389341343432
0.07261535214856878,0.11296142189558038,0.07438882648094643,0.22918735482251484
0.07275675523993318,0.11294240518863446,0.07454813987701546,0.2290063456312051
0.07286790291881541,0.11291054527821384,0.07466793033333935,0.2289844784139594
0.07292374095558293,0.11245310420029388,0.07488598878198724,0.22883379423697994
0.07301799183017095,0.11241855810269151,0.07500813974031467,0.22820589752516604
0.07313906596873454,0.1123810912294558,0.07513051966427838,0.227882312804734
0.07322599569386139,0.11227911237195758,0.07517843616875636,0.2278687310529735
0.07329833409664761,0.11206488109133891,0.07531694099383103,0.22760737078730892
0.07343377616442641,0.11197932388191824,0.07565863417526103,0.2274281478387314
0.07351508153566648,0.11188333784993819,0.07576864857872836,0.22741961949738773
0.07360348568260403,0.11168820516749912,0.07581415930455214,0.22665782852148253
0.07369175963156327,0.11152806725950327,0.07583198238374686,0.22625927551854283
0.07380043479757604,0.1115049618165378,0.07591507138319221,0.22589013008614814
0.07389047777238365,0.11126310183324642,0.07597529752590648,0.22581356328697294
0.07399603216242814,0.11112544169612631,0.07602185192100083,0.22569174361782446
0.07411169728727261,0.11107735225090087,0.07606174280361352,0.22471379132061542
0.0741851965561982,0.11066238738092146,0.07612423243482505,0.22469421098529707
0.07428286160454742,0.11057794814358429,0.07627819703596977,0.22457123374958288
0.07439075859830224,0.11055691426072793,0.0763892199874484,0.22441678504489718
0.07453229057096936,0.11055346496686093,0.07657295098776436,0.2238689049294733
0.07467079539604404,0.11054281485003156,0.07665483153386646,0.22374298877284918
0.074762324498333,0.11051192757500675,0.0767695529930744,0.22373244519473603
0.07481911916786785,0.11047645946599664,0.07680460823383393,0.2235401699706498
0.07488857174482494,0.1103917993844973,0.07691429143817712,0.22334756478993295
0.07499269569851784,0.11037986316290403,0.07705258699678118,0.22331561702041494
0.07504528456645854,0.11024294117085331,0.07715066578707147,0.22330448569033925
0.07515110661541201,0.11020733372452388,0.07728896134567553,0.22309348881828783
0.07526594897092238,0.11019441805142444,0.07735145097688706,0.22304709949959683
0.07531015866412016,0.11016746056412499,0.07738526783754154,0.22298208837264288
0.07539203921022226,0.10992345064961387,0.07747492643652089,0.2226517627621329
0.0755148789088043,0.1098890193540495,0.07753282361373545,0.22248637474193403
0.07565463900141017,0.10911187205433906,0.0776211769200062,0.2223244204578435
0.07576948135692055,0.10890647515374342,0.07769060971285084,0.22185032827496987
0.07589711554699649,0.10883708342131196,0.07781979382546374,0.22166849583534762
0.07623880872842649,0.10834625855970907,0.07792984762726234,0.22164956416253284
0.07634379382192832,0.10829356638937568,0.07797785175862391,0.22139647894629044
0.07640686493105531,0.10803788301166789,0.0780220614518217,0.22089016807657913
0.076459453798996,0.10787186652554273,0.0780782560061106,0.22084218206898718
0.07655922515450944,0.10773628378260526,0.07815346236616413,0.22063143994696172
0.07680245650348583,0.1077009063850864,0.07821566859357511,0.22035695105173334
0.07685915452053832,0.10756542509414811,0.0782964374662365,0.22028539470128006
0.07689684536142742,0.10753792304552817,0.07842187406530438,0.21979837805280872
0.07702215578899588,0.10727373169414975,0.07845832546000597,0.21979070256851427
0.07723599304368733,0.10725435864096661,0.07853578587521332,0.21970925514200496
0.07734382621690253,0.10718762317688064,0.0786902350469507,0.21969214716388524
0.07738785586108557,0.10717162563407662,0.07880030656015954,0.21948651021276
0.07741426782109358,0.10675615725420377,0.07897489050478088,0.2192470325495884
0.07751728761064393,0.10674008842506498,0.0790458978377485,0.21913563172971226
0.07761749221188641,0.1067245059004665,0.07912983225334795,0.21913331076760106
0.07767368676617531,0.10670956649929797,0.07920742460794322,0.21911684142074825
0.07769882882868749,0.1066971462153316,0.0792978381547222,0.21873074987614166
0.0777710551781344,0.10656857384672655,0.0793793162058411,0.21860500048066586
0.07784122591667432,0.1064878568423508,0.07950704631785682,0.21859319281665587
0.07817976560062417,0.10624099033326109,0.07962889931674753,0.21832709012792004
0.07826892407524963,0.10622557088498737,0.07983820209364102,0.21832502573845333
0.07830274093590411,0.1061124232053478,0.07995386721848549,0.2180785505795074
0.07839699181049213,0.10581904674950957,0.0800481180930735,0.21779629045706447
0.07851681587177473,0.10542464925174092,0.08012045649585973,0.2167301020293391
0.07863107030190664,0.10500862517671469,0.08023147944733834,0.21669267614779944
0.07867998737364293,0.10495025008472586,0.08031840917246519,0.21661819267323415
0.07888929015053642,0.10475933617145358,0.08052771194935868,0.21635748191162354
0.07914989062506944,0.10471948510421121,0.08060530430395395,0.21634808444210246
0.07926776638025758,0.10437968186293901,0.08065567986147908,0.21594597119365302
0.07938755683658147,0.10435441238719882,0.08071257146382076,0.21593752461096996
0.07948764716737285,0.104115336302278,0.0808347224221482,0.21583478164515982
0.0795254768878044,0.10409903458040255,0.08089779353127517,0.21579615838778982
0.07970163431920824,0.10408888574983796,0.08092258782791126,0.2157459130756718
0.07979449036714811,0.10399446343964726,0.08104496775187496,0.21542465872611105
0.07992212455722406,0.10371773149202386,0.08111442032883205,0.2147536555935097
0.0799685353030125,0.10356361534534281,0.08119251197530247,0.21475158139146244
0.08004612765760778,0.1035329104834774,0.08129033072641279,0.2144246436617913
0.08010104169817304,0.10350304543573775,0.0813253859671723,0.21428168373760775
0.08014507134235609,0.10329887891491814,0.08143120801612579,0.2142452772450414
0.08022185694858595,0.10328903414897575,0.08156971284120047,0.21419301930086507
0.08034423687254966,0.10328164190315157,0.08164555843450673,0.21408042575672023
0.08039916613983093,0.10319850652814452,0.08173320409985728,0.21405011202462307
0.08046893016577845,0.10301128532405643,0.08180168109241337,0.21329787269532058
0.08054263957612681,0.10295511108002996,0.08188298646365343,0.21273810542239066
0.08066408541645437,0.10294884964973434,0.08193348963677377,0.21272053922703735
0.08075125906635101,0.10292462995176349,0.08204110504883716,0.21264962086151903
0.08076885367047731,0.10282408434023235,0.08210958204139325,0.21239595870650582
0.08095037593476351,0.10275490702920408,0.08218577285854227,0.2123535340129423
0.08102339370817101,0.10266990064257614,0.08226813572414651,0.21176570743991213
0.08123269648506448,0.10261111347300753,0.08230818804817486,0.211605844304561
0.08134022809709814,0.10239493418128962,0.08235553368884149,0.21139996476522666
0.08140511196693948,0.10231265316724458,0.08243660740163136,0.21135589799139481
0.08145629661311467,0.10228835655493126,0.08255898732559507,0.21131555773052385
0.08156684469492652,0.10202614037647662,0.08263539135924144,0.21126923859549748
0.08162268273169404,0.10201128076714293,0.08273228018061471,0.21126726223156977
0.0816832433864581,0.10165264631072307,0.08278370361652493,0.2111649082752404
0.08178640725429578,0.1011103303219855,0.08292199917512899,0.21107359404463066
0.08192406316340774,0.10102581866661345,0.08304307331369258,0.21085490035395119
0.08207584296653424,0.10101859110504813,0.08312484012450849,0.21023118168787505
0.08246109333921729,0.10090625283149561,0.08315246645015785,0.20995898291650225
0.08263930393505994,0.10078583754261293,0.08331166216091396,0.20960133827548869
0.08299229195038227,0.10077139282805761,0.08348345398878149,0.20951626297743642
0.08314735950093013,0.10060643870010084,0.08350592947743286,0.2090527070124079
0.08323453315082678,0.1005911697621452,0.08360737381792936,0.20899968518867817
0.08327554970611473,0.10058059266080799,0.08371055852321994,0.20855165849171228
0.08337377737418722,0.10054992319091366,0.08378977716753588,0.20691356337361339
0.08349794892834587,0.10048428943388019,0.08383193615975239,0.20655814632426242
0.08353591358254048,0.10042380620498664,0.08392197913456,0.2064899380259553
0.08364113002018929,0.10021910451311758,0.0840007847419934,0.20619495973358784
0.08371729647459271,0.10013473389212721,0.08410576983549523,0.20553977914936725
0.0838558012996674,0.1001196410938639,0.08424589880963092,0.20470445673484822
0.0839467897070052,0.1000040118176864,0.0843234911642262,0.20459453645186634
0.08396335342317056,0.09989792677101755,0.0844052579750421,0.2039758164945011
0.08429636769078522,0.09973346539792949,0.0845250820363247,0.20363324692963086
0.08435885732199673,0.0997198618482592,0.08458278424361704,0.20356152153376375
0.08448465875912618,0.09960158156123959,0.08464541235512099,0.20332995525834524
0.08452262341332079,0.09934234436694603,0.08468944199930403,0.20329418766600585
0.08460625986098883,0.0993027109065071,0.08478369287389204,0.20258256918068185
0.08484982720858421,0.09918575421358448,0.08494504969949528,0.20247283025640567
0.08497197816691165,0.09892712776883646,0.08504821356733296,0.202235850196043
0.08509614972107031,0.09887717856937267,0.08510337030943393,0.2019083650477202
0.08530998697576177,0.09874285245962472,0.08528874097009873,0.20157912363509378
0.0853776434330849,0.09856111558100969,0.08535819354705582,0.2011896374242413
0.08544522571909942,0.0985441893354602,0.08544769668487508,0.20118241670726358
0.08551423715027398,0.0983538924817369,0.08551018631608659,0.20106281753660618
0.08559531086306385,0.09835266153982572,0.08568839691192925,0.20027951030644586
0.08589506240568445,0.0982985287750378,0.08573585413872774,0.20026671076449856
0.08605641923128768,0.09821161909189471,0.08587129620650653,0.2002656353311844
0.08610387645808618,0.09789324470211647,0.0859223780712869,0.2002471138273227
0.08615506110426137,0.0978835054642012,0.0859957808831078,0.20008828917533855
0.08621726733167234,0.09766061914255189,0.0861154738459759,0.20001047850985648
0.08626455778239542,0.09765271906378334,0.08621393016538144,0.19997187591097115
0.08638739748097746,0.09757675262402733,0.08625989684746437,0.19976269907326963
0.08647497931729368,0.09754530943901282,0.08636545123750886,0.1995831050702139
0.08654710704349222,0.09750605846847957,0.08652476463357789,0.19922718662547512
0.08665299292148002,0.09745371402358023,0.08661392310820334,0.19916820354216985
0.08672491762479857,0.09732368453061165,0.08666431253754282,0.1990341461269846
0.08675350827727273,0.09731149677612022,0.08670532909283077,0.19903106410361196
0.08688119284080802,0.09723150613774784,0.08683113052996022,0.1981475167774729
0.08696226809962987,0.09685538017329955,0.08686364670414698,0.19808157409671026
0.08747215627403697,0.09674904682654521,0.0868847660636703,0.19796986297787766
0.08755579272170501,0.0966763298731955,0.08696759826040919,0.19775460704869247
0.08762820217400455,0.0966233007285973,0.0874554689007978,0.19766592093760846
0.08775657396574119,0.0966062320143571,0.08757031125630818,0.19715156451386023
0.08782261316318975,0.09660374068261565,0.08761632324902047,0.19657666958174969
0.08784740745982583,0.0961620413150993,0.08773520603167197,0.19652417456828944
0.08791506391714897,0.09609047928182583,0.08793487295192692,0.19639708461840008
0.08796545334648845,0.09605491724487933,0.08797890259610996,0.19604906397048358
0.08810685643785285,0.09601048114419157,0.08808573986139945,0.19594692511494882
0.08818667004963794,0.09586332894239472,0.08818209790111448,0.19582829468763308
0.08826327610379191,0.09584526271866327,0.08824813709856304,0.195712758528231
0.08833568555609145,0.0953236274776531,0.08830433165285194,0.19567263238934668
0.0885481744840195,0.0949846706550119,0.08843977372063073,0.1951168124373624
0.08865919743549812,0.09493259942762655,0.08855941145957655,0.19497350599780763
0.08871942357821239,0.09489169862567315,0.08864017982255708,0.19485801529664173
0.08882086791870888,0.09471498363212678,0.08871647986431658,0.19420147397980345
0.08892211243882021,0.09462904534265915,0.0887887062137635,0.19405540344858166
0.0889620033214329,0.09462743284168816,0.08884683144768343,0.1940044151476664
0.08899969416232201,0.09461423878753682,0.08899374096127592,0.1938694724747606
0.08917790475816467,0.09459278856186729,0.08907776920912358,0.19380218971493124
0.08922519520888773,0.09447151217658387,0.0891502664624477,0.19302736037996246
0.08927120720160002,0.0944511365438697,0.08923784829876392,0.19272322777986578
0.08930719163943035,0.09442578698406796,0.0893565505949246,0.19265476573211815
0.08936554927508507,0.09419887434798249,0.08947139295043498,0.1926258907742441
0.08943972307266365,0.09415116672027725,0.08954510236078335,0.1924736721190964
0.08948627746775802,0.09406766621431044,0.08967287474233257,0.19242270025032784
0.08954890557926197,0.09397233712891362,0.08981427783369697,0.19237277309920334
0.0895982396124235,0.093885618822679,0.08989511416262154,0.19194791751700976
0.08972872952742586,0.09383290002876817,0.08994770303056224,0.1916173995331635
0.08978870349278757,0.09379655392498994,0.09000519166882794,0.1916059087581659
0.08990354584829795,0.09376839462163321,0.09011944609895985,0.1914287537336523
0.08998113820289323,0.0934545844439205,0.0902005213577817,0.19139457057198134
0.0900440485756631,0.09341151928945778,0.09032426173891352,0.19127098226478872
0.09013320705028856,0.09338085659587043,0.09037267096887808,0.1911726494158223
0.09023637091812624,0.09320676706286707,0.09066472891274162,0.19079174615454741
0.09027282231282782,0.09318355451039219,0.09072972932960861,0.1907242796102095
0.09032137833937769,0.09316822177530591,0.09084764149300024,0.19055944481604378
0.09038741753682625,0.09306486610509682,0.09103674138665617,0.19048399448084763
0.09041593781511426,0.09302452340829499,0.09111981825569682,0.19026093229258198
0.09049645147357457,0.09301839128361385,0.09123561125097693,0.18997607598763291
0.09067045397425917,0.09300473477658953,0.09128916788821197,0.18992310517881764
0.0908193567817776,0.09298512920792215,0.09141118504681629,0.1898250819681625
0.09093846633843762,0.09297787086203205,0.09149756012023082,0.18981182631275006
0.09108776589853479,0.09285522484149576,0.0915710593891564,0.1891918525327074
0.09117931821678739,0.09262172320676143,0.09190407365677106,0.1891772301543512
0.09125233599019489,0.09253258801760818,0.09202824521092971,0.18891604732623427
0.09133541285923553,0.09237951799830002,0.09210051722778259,0.18884139861737279
0.09147085492701433,0.09222499226955225,0.09223100714278495,0.1888062341435376
0.09150591016777385,0.09195369269506934,0.09228384504079885,0.18836027659355212
0.09166035933951124,0.09191348091170866,0.09279373321520595,0.1883406551053229
0.09186966211640472,0.09179883279915141,0.09291904364277441,0.18821575260132417
0.09197613734687742,0.0917338889523837,0.09298508284022297,0.1875695711141532
0.09213749417248066,0.09119142171320095,0.0930863273603343,0.18725229127217521
0.09219087709348575,0.09100883942640631,0.09318949122817198,0.18696862723995383
0.09225503324522796,0.09075765424818388,0.09321428552480805,0.18646459558751521
0.09235025988685261,0.09061626844538369,0.09333535966337166,0.18608287278025404
0.09240337034520653,0.09057631790379012,0.09338847012172556,0.18514245128785822
0.09246315705806386,0.09053215906458854,0.09358299519447888,0.1851225981303646
0.09252689924275594,0.0905203712048696,0.09372065110359083,0.18448437655689398
0.09258938887396746,0.09041321953317386,0.0938121802058798,0.18427443402710084
0.09264431814124872,0.09035798208883605,0.09393798164300925,0.18423244453485849
0.09270180677951442,0.09020061944725914,0.09400186926938497,0.18407814342702697
0.09275078615124242,0.09018458568506021,0.09409182758620005,0.1840344168356881
0.09289968895876086,0.0900643721027046,0.0942260078710272,0.1837772850649292
0.09294680596933114,0.0899113116227018,0.09427203266947135,0.18362839601964126
0.09306649893219923,0.08970241154888649,0.09435125131378728,0.18304141643720637
0.0931275483369391,0.08965388773433869,0.09446912706897542,0.1829383380492418
0.09317572909395892,0.08962824969955864,0.09461603658256793,0.18251052951896302
0.09335946009427488,0.08962128220157872,0.09470363183198573,0.18248088150741384
0.09340198440874979,0.08943221677705591,0.09480270540890381,0.18244863242330217
0.09343580126940429,0.08932728471313771,0.09488079705537422,0.18238118428789526
0.09349800749681526,0.08913131848263657,0.09498470956795811,0.18223470680581247
0.09354692456855157,0.08907247592158732,0.09506778643699874,0.18170522593258662
0.09367522753638136,0.08904295900825583,0.09518774145228627,0.18131072409321547
0.09386174365383385,0.08882802318716751,0.09523892609846146,0.18099799609617057
0.09400895574796964,0.08853421937150438,0.09535762839462213,0.18062657904461527
0.09411484162595743,0.08844278636115749,0.09560119574221751,0.1802744872564609
0.09420319493222817,0.08824627276043073,0.09571267901197406,0.18010259382506785
0.09430032228424869,0.08790804431742838,0.09582999235980597,0.18002266672766748
0.09437941984537922,0.0878949343918205,0.09590677796603583,0.1796443422974587
0.09443409648933718,0.08789372852599853,0.09599277410021805,0.17932952762496915
0.09450650594163672,0.0876007890323384,0.09604623868908792,0.17909153641347683
0.09457138981147806,0.08759657652684641,0.09614925847863827,0.1790404432539476
0.0946435175376766,0.08722990320558022,0.09622227625204575,0.1786912208409066
0.09472989261109112,0.08722872487074375,0.09630776188137369,0.1785153480525752
0.09479572877716504,0.08709426930694754,0.0963779326199136,0.17842678985945565
0.09495504217323407,0.08693326538749067,0.09648076900080281,0.1784173767934121
0.09529648669835686,0.08684151572638789,0.0965335596896261,0.17820742374558227
0.09537725506133739,0.0867935645894423,0.09666627570378654,0.1781436869206212
0.09545809139026196,0.08674479602904055,0.09668875119243792,0.1779052879659298
0.09551831753297622,0.08670333688823466,0.09672256805309241,0.17771337104981863
0.09602820570738332,0.08664398175248046,0.09705558232070706,0.17763075674590606
0.0960823754694685,0.08652967239359022,0.09711061196538838,0.1775708466173793
0.09623216665074372,0.08645101425646476,0.097221634916867,0.17708987931347128
0.09635796808787317,0.08635255068468299,0.09734834770586578,0.17693230802672796
0.0965470679815291,0.08631381765678334,0.0974674572625258,0.17640991482687313
0.09662568870222682,0.08613623794705831,0.09753961872110326,0.1763644982225798
0.09668706164388842,0.08599488210780847,0.0980606061138847,0.17628186922194564
0.09673923856651312,0.08597438911336838,0.09810906205185368,0.17614903362272524
0.09677879737929686,0.08597284559314097,0.09819126449540402,0.17592606359888457
0.09699263463398831,0.08578392439415264,0.09870115266981112,0.1755317434754611
0.0970454725320022,0.08560690833914837,0.09879938033788362,0.17545186356482698
0.0971508283333903,0.08559236410764101,0.09890637923147172,0.1754444145268493
0.09733455933370626,0.08550046441614564,0.09906082840320912,0.17492311816838857
0.09739649595692626,0.08545247776083319,0.0991908247262674,0.1748412846347857
0.09756394464119449,0.08543036620511546,0.09926305107571433,0.17477467811631212
0.09768655331842742,0.08533455525852267,0.09935460339396693,0.1740268365752895
0.09775130180428761,0.08532509377344462,0.09949600648533133,0.17400776677393806
0.09789653120585956,0.0852027819623575,0.09954650965845167,0.17378131814381012
0.09791636296284781,0.08514584248919278,0.099899497673774,0.17374680910026463
0.09796413521489748,0.08508100451583127,0.10002713186384994,0.17357122930041552
0.09806804771898668,0.08499845440180984,0.10009478832117309,0.17334660281198258
0.09818595988237833,0.0848840809727099,0.10016780609458058,0.17323380493102863
0.0982950406099542,0.08462127642885535,0.10050925061970337,0.17263475081846474
0.09833925030315198,0.08450765064413397,0.10063974053470573,0.17229851127241247
0.09839903701600931,0.08432584960632952,0.10069861690231345,0.17221026312662668
0.0984913696641689,0.08427538595884547,0.10092585402385928,0.1721189193096534
0.09853739446261305,0.0841880046776996,0.10101738312614825,0.17210215046707963
0.09864606962862581,0.08412280760769728,0.1010651067121695,0.17209127403246882
0.09869953421749568,0.08401715144508352,0.10111653454832457,0.1718930994938539
0.098853931996412,0.08393712200243195,0.10130526830423271,0.17184793363583364
0.09901324539248103,0.08381066755198613,0.10135635016901308,0.17168296002274247
0.09905540438469754,0.08377868021326956,0.1014427252424276,0.17142841289959315
0.0991498101088286,0.08372935897051045,0.101523494115089,0.17124796174132437
0.09924422020772046,0.08359902775813838,0.10158656522421598,0.1710796225891703
0.09945352298461393,0.08356398363364244,0.10167889787237555,0.1710079593451076
0.09951163587576213,0.08343533929401356,0.10169546158854093,0.17081061332791891
0.09956747391252967,0.08324731494687572,0.10174191104459145,0.17074722203570322
0.09966032996046953,0.08308080830299214,0.10177572790524594,0.17054166858845976
0.09971822713768409,0.08290818205794744,0.10201179392269787,0.17000093160578167
0.09979982598316921,0.08290028727540175,0.10217216264698739,0.16992201508885815
0.0999000305844117,0.08285113302664224,0.10224233338552731,0.1697251456392147
0.10000756219644534,0.08283822661865974,0.10234761386457747,0.16968630325086115
0.10009797574322432,0.0826751296479429,0.10237710506368651,0.16962229455492836
0.10016285961306566,0.0826722338204593,0.10242643909684805,0.16961783186744708
0.10023761900848006,0.08266220769497068,0.10252621045236149,0.1696153729689551
0.10028579976549988,0.08260106676666776,0.10256404017279304,0.1689590113135367
0.10039162181445335,0.0825034033926053,0.10264975240623586,0.16879500005116452
0.1004335921737798,0.08237026508293063,0.1027773865963118,0.16854607479613695
0.10058249498129823,0.08236508677433582,0.10282467704703488,0.16825979434577643
0.10064443160451823,0.08235086301812945,0.10288472239744981,0.1682048846988037
0.10072323721195163,0.0822878036844168,0.10294735050895376,0.16808146580402814
0.10083085262401503,0.0822718782314533,0.10304020655689364,0.16773167883661766
0.10097225571537942,0.08203337230808637,0.10313065577283885,0.16752536986736147
0.10102244564713161,0.08189252749560272,0.10321932809686094,0.1675216974992691
0.10113112081314439,0.08178364142585912,0.10327516613362846,0.16725886575321236
0.10118240448606532,0.08176141077099915,0.10334472620228108,0.16723088306083894
0.10130911727506411,0.08173707860587962,0.10343438480126044,0.16693009390913524
0.101390595326183,0.0817271681338502,0.10354898995129382,0.16637374975796593
0.10152889088478706,0.0816606791986413,0.1036367353866747,0.16620898628844924
0.10162241897243834,0.08160674136139519,0.10369166465395598,0.1660973483803698
0.10169258971097826,0.08156317999407244,0.10378552878269966,0.16608772229390265
0.10175256367633997,0.08147753690936135,0.10386231438892954,0.1658098834496899
0.10183340000526454,0.08147441925016344,0.10394539125797017,0.1654555772090014
0.10190970004702404,0.08136602464413427,0.10405963014283554,0.16532222262438043
0.10201617527749673,0.08136526998861733,0.10414976191254542,0.16515603485525698
0.10205869959197164,0.08131746820822726,0.10423841180211454,0.1649791225009379
0.10226416525342313,0.08127753220375693,0.10439689501299282,0.16416662137720736
0.10232738581372328,0.08126408742847635,0.10446663751341825,0.16401295814631064
0.1023520592883854,0.08115748021199279,0.10459500930515489,0.1639833726683352
0.10247201430367292,0.08114621880645631,0.1046549832705166,0.16395123054359137
0.10256246351961813,0.08112304235069702,0.10470782116853049,0.16388745399163854
0.10266797373732053,0.0810232361042689,0.10486784206960482,0.16385974011882495
0.10278761147626635,0.080981399891556,0.10497319787099291,0.16384807927322545
0.10285778221480626,0.080896632957368,0.1051912563196408,0.1638393619119101
0.10293860607353887,0.0806290773122902,0.1057011444940479,0.16380116345473048
0.10306452248617796,0.08061048740425868,0.10580703037203569,0.16349767711327923
0.10315685513433753,0.08057335448314733,0.10589105861988335,0.16340818544562896
0.10328462751588677,0.08051156338442894,0.10622959830383319,0.16320148015314068
0.10332560851243934,0.08039485114630299,0.10630840391126659,0.16320046134726332
0.10340668222522921,0.08039264931852176,0.10645531342485909,0.16298377155798993
0.1035277563637928,0.08032703478733773,0.10656119930284688,0.16290775392924733
0.10357178600797584,0.08011610576264822,0.10661172954851611,0.16257915779615434
0.10362321384413092,0.07998726637237667,0.10676801070018402,0.16236023370099076
0.10370629071317156,0.07992882844468069,0.10684431074194353,0.16233505305010243
0.10382450573743095,0.07988890414351063,0.10691693394590535,0.1621939806129825
0.10387196296422944,0.07986672082496618,0.10697667132590179,0.16202556034554716
0.10390048324251744,0.07975462658354213,0.10713734291955376,0.1619357372475644
0.10398807849193524,0.0796663720141779,0.10720234333642076,0.1617708163317489
0.10410599065532687,0.07961728193731847,0.10725904135347325,0.1617603003882767
0.10423108143592431,0.0796121485202944,0.10734418924277253,0.16168800286881618
0.10428078337797467,0.07948117447024558,0.10756583908971488,0.16149247387620524
0.10438964240286669,0.07945679868598443,0.1076648832410574,0.1614716029296069
0.10443736598888795,0.07941724945967316,0.10783262604516645,0.16123447428558282
0.10445375701030879,0.07912410723229245,0.10791124676586418,0.16037101014979127
0.10452141346763193,0.07909938380191839,0.10807898956997324,0.1601424470063085
0.10455523032828642,0.0789744474689131,0.10818449978767565,0.16006012846262224
0.10463955876967194,0.07883997850452625,0.10824119780472814,0.15991753856922183
0.1046805753249599,0.07877014868502072,0.10834909479848295,0.15955378207016047
0.10516844596534852,0.07842066862865625,0.10849183304985495,0.15942356808954938
0.1052825934899179,0.0784151843378717,0.10855376967307495,0.15935847497735076
0.10536284977652813,0.07829347868939023,0.1085997944715191,0.15895134569496308
0.10543507612597505,0.0780802936361265,0.10869404534610712,0.15893140845923087
0.1056475650539031,0.0780113596375025,0.1090354898712299,0.15887834128847675
0.10577674916651598,0.07790906150347189,0.10909344009348101,0.15867506892020514
0.10579434377064229,0.0777232288647495,0.10917427642240558,0.15866419866574155
0.10583785170548658,0.07763372061775418,0.1092170754293855,0.15865790012216868
0.10598053766360128,0.07756309233440074,0.10932575059539826,0.15842424119544626
0.10605287606638752,0.0775401346094981,0.10940657445413088,0.1584040189500113
0.10607738186453804,0.07745681003785261,0.1094941562904471,0.1583650597299268
0.10620521955319609,0.07711839327784831,0.1095734018883864,0.1582078136654473
0.1063250436144787,0.07681470963282115,0.10967897336123472,0.15786301944170242
0.10640754413639131,0.07677464205016152,0.10979879742251732,0.15784395718261232
0.10650658828773382,0.07669571341455445,0.10995916614680684,0.15771090843424326
0.10652285579436678,0.07667150711572568,0.11006307865939073,0.15766236143208445
0.10661011812873485,0.0766439760404601,0.11015186950120451,0.15750980953970647
0.10665608481081777,0.07661166417788608,0.11022847555535849,0.15749951563411893
0.10672858206414189,0.0765779029507278,0.11030040025867704,0.15721531015425302
0.10708599689567304,0.07646243098955069,0.11037680429232344,0.15716513844866867
0.10715544947263013,0.0764571691119886,0.11043760766561257,0.15697466234295618
0.10728463358524302,0.07635756640604768,0.11062133866592855,0.15682934324150466
0.10737100865865755,0.07631839210173336,0.11074964163375833,0.15678966993281304
0.10744973517211458,0.07629145368155714,0.11125952980816543,0.1567850384105553
0.10755530664496289,0.07612563924059257,0.11131211867610614,0.15664929599683183
0.10766954552982826,0.07611123311746709,0.11140564676375743,0.15650494424618672
0.1078457029612321,0.07606685668167465,0.11149329242910797,0.15622009658843206
0.1080322190786846,0.07606413726878382,0.11159864823049606,0.15610125828814606
0.10817051463728865,0.07606254238982572,0.11170166802004641,0.15606978905528984
0.10825916452685777,0.07604980791701942,0.11175341463610176,0.15593284969931243
0.10837647787468968,0.07603491887313621,0.11210640265142409,0.15585938649975667
0.10846756481183438,0.07599005581598367,0.11215043229560713,0.15570266746822442
0.10853969253803292,0.07578989608142742,0.11224485706481337,0.15546683487746607
0.1086497463398315,0.0756471419832523,0.11231961646022777,0.15512772830802954
0.1087289919377708,0.07552292765752919,0.1124422251374607,0.15509001271994258
0.10877817960332843,0.07544362034803152,0.11274197668008129,0.15496973272876652
0.10883566824159413,0.07525142637856967,0.11284719311773012,0.15479067622505477
0.10889955586796986,0.0750721301992041,0.11293874543598272,0.1546636490569026
0.10894552255005278,0.07501489785615481,0.11308853661725791,0.15464770450520715
0.10903502568787203,0.07478577044180566,0.11317073906080827,0.15408944909610728
0.10906754186205879,0.0747460697750201,0.11326172746814608,0.15380019421766006
0.10910920733453601,0.07472861550011885,0.1133588548201666,0.1536991763422686
0.10916063517069109,0.07469125170711745,0.113464365037869,0.15316023996590467
0.10919641811468406,0.07466885326106902,0.11349288531615699,0.1524979188186812
0.10926400040069856,0.0745016763304007,0.1136101986639889,0.15157433580928759
0.10935268183101886,0.07444494779668127,0.11366097182356087,0.1514248152804337
0.10946084148881015,0.07435610704628154,0.11384634248422566,0.15123250660799467
0.10958149328032064,0.07434975840063908,0.11399588609651284,0.150711915424819
0.10968966751498481,0.07421059416000678,0.11409577811897231,0.15038762487461693
0.10987840127089293,0.07420374414954686,0.11435637859350535,0.15035090629280284
0.10990319556752902,0.07414447115531556,0.11441386723177105,0.15034677485910725
0.10999650354100182,0.0740952955242442,0.11443866152840712,0.15029721459032108
0.11010201375870422,0.07401993044575797,0.11445505254982796,0.1502168480160727
0.11018278212168475,0.07393898473916011,0.11450961915793338,0.15020053966246594
0.1102799291303975,0.07389409737862934,0.11463498253284957,0.1499104478352543
0.11035379519116133,0.073885647714086,0.114777228857235,0.14990298470792982
0.1104446000454284,0.07382924911846676,0.1149290086603615,0.14934647903725515
0.11055714996681544,0.07372128548216886,0.11507546481281995,0.14929251330265908
0.11064870228506804,0.07370494990091896,0.11514563555135987,0.1490971087503407
0.11073836088404738,0.0736203562284537,0.11523289788572794,0.14907231925590783
0.11077217774470188,0.07360210413081938,0.11542653312363932,0.14890693766549026
0.11080469391888864,0.07353776853017788,0.11553204334134172,0.14882171033764746
0.1108469716455112,0.07349275315946183,0.1156468856968521,0.1483432016038718
0.11095665484985438,0.07345481882565007,0.11572515478871746,0.1482094095525734
0.11104080521723854,0.07341690814466409,0.11585278897879342,0.1476083321061531
0.11107899625893367,0.07341573472502703,0.11594719470292447,0.14758154923579428
0.11116826283687169,0.07338897242042894,0.11604033031931633,0.14741623989142608
0.11123502812568796,0.07332351861120366,0.11609560755846972,0.14737205777645607
0.11135704528429229,0.07320415797749857,0.11614783972200607,0.14733689543529938
0.11138653648340133,0.07320387373358032,0.11620532836027177,0.14726544860609514
0.11147971876107686,0.07310445470019805,0.11627826323408572,0.14694677804332834
0.11156280776052221,0.07293142293959518,0.11636543688398238,0.1468852469952072
0.11167741291055559,0.07292410683326822,0.11653771769967677,0.14685043962725086
0.1117324425552369,0.072796765733121,0.11662054989641567,0.1468191108236032
0.11180002484125141,0.07277964299874598,0.11669458083044633,0.14675122182827643
0.11190553505895381,0.07277340303352095,0.11676434485639384,0.14661772682362745
0.1119749876359109,0.07266448250328583,0.11680785279123813,0.14661165933596265
0.11203092560835506,0.07264196591215544,0.11685037710571304,0.14657146181592717
0.11211400247739571,0.07260798439034488,0.1169472659270863,0.1465542410236054
0.11223288526004721,0.0723073268143372,0.11706596822324698,0.14642968158827877
0.11234041687208085,0.0721468721495072,0.11717651630505882,0.1462751081074126
0.11238789122840392,0.0720745793624434,0.11735512074829925,0.1462180180711054
0.1125008814715894,0.07199337296284569,0.11740185258878857,0.14620868606419307
0.11255671950835694,0.07195368978078771,0.11746559477348066,0.14587674498233985
0.11273287693976078,0.07167424202587544,0.11752822288498462,0.14540862810925043
0.11289444044095688,0.07166379667505453,0.11764553623281652,0.14535157898302964
0.11298203569037468,0.07165354739371482,0.1176997059949017,0.1452035992187519
0.11313600029151942,0.07152706927656192,0.117717300599028,0.14509435367328843
0.11322199642570162,0.07145949621507107,0.11781303722733139,0.14505394009095582
0.11333205022750022,0.07145948774018977,0.11787441016899299,0.14501728326962005
0.11337807502594437,0.07143416448305533,0.11794681962129253,0.144967245890293
0.11342408701865665,0.07143315990623969,0.11828404616344837,0.14462284535392889
0.11356682527002865,0.07142975381399358,0.11841181854499759,0.144561592280845
0.1136507596856281,0.07134394957419897,0.11845929290132066,0.144374379667336
0.11378841559474005,0.07126808863668677,0.11853142062751919,0.14418383760764555
0.11391713148052685,0.07123671237337859,0.11865201752639996,0.1441815643497679
0.11405201891358267,0.07117824493787211,0.11876087655129199,0.14400220913204687
0.11411333106730581,0.0710049703568006,0.11888667798842144,0.14397254440999024
0.11416406994234458,0.07088555375640204,0.11902820996108855,0.14368737444830418
0.11428277223850526,0.07088288511043431,0.11909112033385842,0.1432561782348624
0.1144154882526657,0.07077860300991892,0.11921094439514102,0.14324573257832204
0.11451832463355491,0.07077721938207279,0.11927582826498236,0.14317397773898458
0.1146715782298857,0.07076607574044837,0.11932861895380564,0.14313198599993604
0.11475904498026145,0.07068748331762682,0.11943623436586903,0.14302261770611235
0.11491651040941,0.07068639414573585,0.11956215077850813,0.1429320661388518
0.11496442691388797,0.07059104360761374,0.11967687223771609,0.14289084990747547
0.11502421362674531,0.07048117800547872,0.11978051369351851,0.14282938482018206
0.11514385136569112,0.07048095586617091,0.11990560447411595,0.14268562325228865
0.11523771549443482,0.07045453815931496,0.11999427679813804,0.1424431162436924
0.11534561248818964,0.07044840997299981,0.12014317960565647,0.14210789344328206
0.11543198756160417,0.07040986110054173,0.12027068905983412,0.14200695319773204
0.11559200846267849,0.07037576849538128,0.1203788487176254,0.1414734458379608
0.11567360730816362,0.07033129346761348,0.12049616206545731,0.14138876792878044
0.11573030532521611,0.0703189019965318,0.12058849471361688,0.14072323330383513
0.11578866296087084,0.07030250214660635,0.12069716987962965,0.14059660010969965
0.11582444590486381,0.07023344669257298,0.12084899219014072,0.14034111724470164
0.1158894463217308,0.07021757873408273,0.12099167814825544,0.13998577079379873
0.11610750477037869,0.07014936471275177,0.121100117153637,0.13964351614009352
0.1161618543181435,0.07011952308217333,0.12118037344024722,0.1396202903159174
0.11630410064252894,0.07002166111206942,0.12128696287321357,0.1395486102570611
0.1164121024521547,0.06999170835621325,0.12141176869123647,0.13954072684464927
0.1164843744690076,0.0699476802349476,0.12157108208730552,0.13934313040394045
0.11657755674668313,0.06987097505655318,0.1217243356836363,0.13931211406602406
0.11664603373923922,0.06985759047485157,0.12175382688274534,0.13866590575460136
0.11682976473955518,0.06977469707801409,0.12212650893291377,0.13844032483560564
0.11718275275487751,0.06977020934449565,0.12218143820019504,0.138411530511041
0.11752444593630751,0.06976755594258785,0.12230912276373034,0.13829530320142042
0.11764552979278636,0.06964485179665154,0.12242699851891847,0.13794443691364183
0.11769393902275092,0.06957183595835562,0.12247102816310151,0.1379439614432883
0.11800799438522792,0.0695673844872137,0.12251318715531802,0.13792746089788652
0.11805009892653813,0.06945521995508895,0.1225606443821165,0.13758765488580094
0.11811018798208767,0.06944463506769995,0.12276994715900999,0.1375480753393651
0.11821320777163802,0.06935034860992466,0.12280573010300296,0.13728834235367648
0.11830085343698857,0.06930153963224105,0.122889366550671,0.1372412573257902
0.11840769070227805,0.06922206181090992,0.12297801644024012,0.1371792603258919
0.11846223360597566,0.06920551337737167,0.12346588708062874,0.13713725118797468
0.11855090592999774,0.06919263710090058,0.12355941516828002,0.13711216798454665
0.11863341623778308,0.06918943923972672,0.12366694678031366,0.13677610120344888
0.11871577910338732,0.0691845091843669,0.12371471903236335,0.13677584356447298
0.11882421810876888,0.06917991505782453,0.12379453264414844,0.13667190798558523
0.11899196091287793,0.06909733029661327,0.12385558204888832,0.1364343463892662
0.11906213165141785,0.06904403947917706,0.12393236765511818,0.13635747760196582
0.11917032877075309,0.06882875186287685,0.12403628015920738,0.13623571221538816
0.1192229176386938,0.06872826062572895,0.12410458358419046,0.13620393294276195
0.11926374328876448,0.068588145018045,0.1241854257914344,0.13612984937839423
0.11932123192703017,0.0685569839472024,0.12435258438234066,0.13597726418898556
0.11941484571751979,0.06855145140845009,0.12446125954835344,0.13580395342622437
0.11956175523111229,0.06849549047881993,0.12454314009445552,0.1355389103554502
0.11967230331292412,0.06837629831772984,0.12456297185144377,0.1355317054832705
0.12001084299687398,0.06824555543489165,0.12481565373709427,0.1354619917277363
0.12011358941059491,0.06821392270879882,0.12491006383598613,0.13528688419301269
0.12017381555330918,0.06812061807989206,0.12492633134261909,0.1352483718777114
0.1202273721905442,0.0680936935027979,0.12504093649265247,0.1351875565453188
0.1202799610584849,0.06805268914833631,0.1255376147242868,0.13510749953164713
0.12040476687650782,0.06801608602791699,0.12563610521779467,0.1350356363609473
0.12053470143473932,0.06800912555390591,0.1258226213352472,0.13487286195453232
0.12055252451393403,0.06793434926738173,0.12590738241923938,0.13481196511372848
0.12064202765175329,0.06786471056847566,0.12606586563011765,0.1347012752220732
0.12075209916496212,0.06784904284127267,0.12620352153922962,0.13462762939629888
0.12079462347943702,0.06783165434290568,0.12630225893914038,0.1345500472351919
0.1208709538472083,0.06778724048075167,0.12640350345925172,0.13435776188912357
0.12118957547458023,0.06776748036272545,0.12651822491845968,0.1342189949609019
0.12130372299914961,0.06770584171360818,0.12662481893855385,0.13421604036023907
0.1213731755761067,0.06767533967501754,0.1267524531286298,0.13414284978062785
0.1214426281530638,0.067586465959797,0.1268721460914979,0.134111383565762
0.12158092371166786,0.0674535376584953,0.12700868026946666,0.1340565012507777
0.1219139379792825,0.06743987552337663,0.12714412233724545,0.1339636456385872
0.1220416225428178,0.06738645382530437,0.12729302514476387,0.13390161476156584
0.12241430459298623,0.06735845759028787,0.1273513827804186,0.13374258314444973
0.12251276091239177,0.06728008925951325,0.1276654381428956,0.13369410296056308
0.12260701178697977,0.06725103672770885,0.12770946778707865,0.13368108577189822
0.12269496645485256,0.06722989369583424,0.12790790824526627,0.13367619298752587
0.12276344344740865,0.06716381614889698,0.12794371270628663,0.133620744514426
0.12288591954815256,0.06712225734970077,0.12811390401729617,0.13341112975775848
0.12296211036530158,0.06704495118283971,0.12815492057258412,0.13336054835757846
0.1230478225987444,0.06703992445464062,0.12828763658674458,0.13298620993796276
0.12313540443506064,0.0669980186162474,0.1284117408375443,0.1329681619692276
0.12322506303403999,0.06672364039530589,0.1285195740107595,0.13275348846377671
0.12328395366846473,0.06655730400322114,0.12854471607327167,0.13274074537495492
0.12338893876196655,0.06644949061466567,0.12865224768530534,0.1326582289822013
0.12346534279561294,0.06641680425719715,0.12870913928764702,0.13263654103143355
0.12352223439795462,0.06638610957443164,0.12878126701384554,0.13225301942012396
0.12364210867979229,0.06630843221348637,0.12886541546992644,0.13222688715707334
0.12375637837486626,0.06622555634440713,0.12897294708196008,0.13214783028198107
0.1239277759985594,0.06621483514183556,0.12908755223199345,0.132044610265432
0.12397952261461476,0.06616324367861366,0.12915656366316802,0.13193178990076201
0.12403763550576294,0.06605623249623284,0.12923536927060142,0.13192901124123807
0.12425017047486293,0.06601287072538105,0.12936736339826135,0.13191370534865446
0.12435300685575214,0.06570795007150987,0.12942190630195896,0.13184102023554917
0.12443409939275549,0.06555398518859601,0.12949674569178593,0.13167015188400902
0.12448448882209497,0.06549728359504016,0.129531874454011,0.13160002934818588
0.12459933117760533,0.06548774130223839,0.1296254882445006,0.13142722213489821
0.12472343542840508,0.06543054995477611,0.1296821862615531,0.13139871085853788
0.1247861346998532,0.06537065234357087,0.12974349841527624,0.13124926803049133
0.12486292030608306,0.0653557127632763,0.1297633301722645,0.13111764256265399
0.1249857600046651,0.0653212621950677,0.1298125178378221,0.130842310493859
0.1254956481790722,0.06524123888298379,0.12985594100424303,0.13060956559204748
0.1256501439526305,0.06522503946087285,0.12991699040898289,0.13054324234878012
0.12569984589468086,0.06507728880553117,0.13001548090249077,0.1303585698194357
0.1257385436908285,0.06504024992456447,0.13006483256211573,0.1303120064957954
0.12579322033478646,0.065012282229129,0.13014790943115637,0.130257583555608
0.125865348060985,0.06497345182105202,0.13019536665795486,0.1300795510653324
0.12620679258610779,0.06497122702803045,0.13068323729834347,0.13002969165583875
0.12628717544346746,0.064970750226697,0.13077289589732283,0.1299903706363682
0.1263768340424468,0.0649094860497782,0.1308334565520869,0.12992506100991283
0.1264502368542677,0.06489005961593977,0.13097196137716158,0.12958525223788916
0.12650809082328648,0.06486759661796347,0.1310136268496388,0.1293894961905963
0.12675165817088185,0.06474838245693859,0.13105963884235108,0.1292115568373131
0.12694618324363519,0.06473836421690832,0.13111906298522671,0.12908159479174114
0.12703670967623223,0.06469780750313489,0.13117928912794097,0.1290803545048847
0.12708418403255528,0.06466531581702784,0.1312490531538885,0.12904841501210218
0.12718782548835772,0.0646174855835117,0.1313701272924521,0.12904017468439788
0.12723333621418148,0.06444804901300982,0.13148267721383913,0.12903292664444618
0.12728508283023685,0.06444369880449498,0.13157218035165838,0.12901979378137488
0.12740472056918264,0.06435829259038603,0.13173374385285447,0.12876188438846764
0.12744216493689758,0.0643521908260317,0.13184834900288786,0.1286780545993324
0.12762753559756237,0.0643009653838834,0.13202987126717405,0.12864184776859744
0.12781405171501486,0.06425333682174883,0.13210746362176934,0.1286275278842845
0.12789688391175377,0.06405400871337864,0.13223649577303076,0.12853326699447518
0.12793471363218534,0.06390423231864437,0.13237789886439516,0.1285051059591445
0.12797874327636838,0.06383287804379349,0.13251128374125626,0.12840087936163974
0.1280516781501823,0.06380728604432463,0.13259235745404613,0.12833253402935782
0.12812570908421297,0.06367406298743529,0.13263032210824074,0.12829436398493788
0.12820964349981243,0.06358097687076983,0.13269010882109808,0.1279742638162719
0.12840808395800005,0.063533032011087,0.13278119575824276,0.12788739601130963
0.12846225372008524,0.06347698162151942,0.1328191471777241,0.12779457851970893
0.12857045083942048,0.0634350947545931,0.13290640450872496,0.12775324353383055
0.12869152497798406,0.06341553285529031,0.13294771980920764,0.12774149980731128
0.1287498826136388,0.06336853486042701,0.13301786680936104,0.1276772906947345
0.12882282921860744,0.06332539564664146,0.133058883364649,0.12743290272225422
0.12886625238502836,0.06325002891094583,0.13311006801082417,0.12739755085423227
0.12900475721010302,0.06317885416950285,0.1332329077094062,0.12682403046464502
0.12904431602288677,0.06310008068898168,0.13330056416672936,0.1267273098072539
0.12907283630117475,0.06300965081409539,0.13337473796430793,0.1266093259894032
0.12915092794764518,0.06299543861194705,0.13343471192966966,0.1264756982858661
0.1292913007021411,0.06288851992371587,0.1334721562973846,0.12638851546937754
0.12944978391301937,0.06281500013703892,0.13368464522531265,0.12637142483338287
0.12969953076740004,0.06278825306652325,0.13382315005038734,0.12634940102721437
0.12981935482868265,0.06276900963588752,0.13399454767408048,0.12628904173129535
0.12987194369662333,0.06273343140107246,0.134073645235211,0.12618215078436074
0.13002822484829124,0.06271135906332663,0.13411183627690615,0.12612202654828475
0.1301122530961389,0.06263147257430203,0.13416548326357008,0.12609305773107948
0.13046966792767006,0.062575534291911,0.13421149525628237,0.126042284877115
0.1305980397194067,0.06255582250132143,0.1342648781772875,0.1258469097041078
0.13095102773472903,0.0625499976635377,0.1343622245476726,0.12582883193563937
0.13103279454554492,0.0625188348747114,0.13443463399997216,0.1254527335696859
0.13110572941935889,0.06246077109011819,0.1344868661635085,0.12528876313973816
0.1311560248847826,0.06232338057077699,0.13462824260705805,0.12521616286465218
0.13122432830976566,0.062295153783228,0.13477098085843006,0.1252081143091297
0.1313035469540816,0.062279972415286974,0.13491371910980204,0.125166727234247
0.13152519680102395,0.062269986373829016,0.13503619521054597,0.1249933859416053
0.13165513135925547,0.06223404416955941,0.13512972329819725,0.12493389420200225
0.13169855452567636,0.062108198061693654,0.13524645109916142,0.12489505490555888
0.13173435898669675,0.06205081369007469,0.13534549525050393,0.12481096221117285
0.13177218870712828,0.06204904362871856,0.13557273237204975,0.12474055358084576
0.13183241484984254,0.06200081848346118,0.13567664488463366,0.12452611170103531
0.13187036626932389,0.061946187616149104,0.13575283570178268,0.12450730222814692
0.13196002486830324,0.0619337547527159,0.13581103929488905,0.12443578108835683
0.13204366475631715,0.06191992927924548,0.13599043345465914,0.12421379581785964
0.1320846813116051,0.0618290365417925,0.13604186129081422,0.12415111418346982
0.1321661030599772,0.06169728642071012,0.13610769745688814,0.12395424827236255
0.1321872224195005,0.06168981574659737,0.13621325184693261,0.12376957874608824
0.1323172187425588,0.06150551540662343,0.13623437120645593,0.123593168165873
0.1323788565398846,0.06145100928970875,0.13659178603798708,0.12337651908695443
0.1324486408766148,0.061437162222819294,0.13663871717219134,0.12323393063497168
0.13250659109886592,0.06137522802135902,0.1366569753064822,0.12316709571655385
0.13254648198147861,0.06136556654839004,0.13684349142393468,0.12311983574213053
0.13263285705489314,0.06133103041063925,0.13688218922008236,0.12285042926104767
0.132709642661123,0.06130051235790011,0.1369454097803825,0.12278508837397833
0.13276018287105323,0.06120122876448295,0.1370151941171127,0.12275484638728171
0.13287906565370475,0.0611488509567919,0.13712774403849973,0.1226756374406901
0.13300736862153453,0.061146528016027386,0.13724738177744553,0.12263586807026004
0.13309495045785077,0.06094962442318537,0.13734452878615827,0.12262721418090852
0.1331533080935055,0.060920383407403925,0.13748106296412702,0.12244399155082453
0.13321420862046318,0.06083555536255467,0.137596606954818,0.12223697590595944
0.13355565314558596,0.06063802848909288,0.13774550976233643,0.12219835847202756
0.1335930975133009,0.060607414399096705,0.1378545904899123,0.12202003808767578
0.13368074317865145,0.06050298707924953,0.137974770316937,0.12186140179697788
0.1338400565747205,0.06049939081379302,0.13807112835665203,0.12175327698761948
0.13391635661648,0.06046636062559575,0.13814127535680543,0.12173418435122337
0.1340681364196065,0.06046326617647085,0.13817379153099218,0.12171853915495659
0.13410911741615908,0.06045414827391792,0.13842173413208167,0.12147328985461958
0.1341510877754855,0.060431842350029234,0.13855222404708403,0.12120775824305377
0.13420251561164057,0.060361867034989324,0.13868560892394513,0.12117575027932591
0.134288054833912,0.06032251571264867,0.13878406524335068,0.12111808443560962
0.13438494365528528,0.06019542693190698,0.1388677051313646,0.12099488841024854
0.13443523912070898,0.060100565480770314,0.13897586478915588,0.1208253119766103
0.13468792100635946,0.060098037212092316,0.13913434800003416,0.12076263353190017
0.13473044532083436,0.06003826381612928,0.13930179668430237,0.12070751174518962
0.13481459377691526,0.059986297872500115,0.13934820743009083,0.1206130393589272
0.13486601721282548,0.05988121114639843,0.1394781419883223,0.12056896338973029
0.13497183926177897,0.0596842346318139,0.13970537910986816,0.12023741041126117
0.13499009739606982,0.05967736020581609,0.13991921636455962,0.12022311569154566
0.13503606407815275,0.05960954592484276,0.13997096298061495,0.12007330188123408
0.13510580657857818,0.05956536780682873,0.14022364486626546,0.12006136604972348
0.13519937429391712,0.059383986073218105,0.14039764736695007,0.11989897184045135
0.13536711709802618,0.05938028479375388,0.14047952791305215,0.11983961817009925
0.1354998331121866,0.059333909710300205,0.14059173029154848,0.11961049745819895
0.13551966486917486,0.059316415866478726,0.14073149038415433,0.11945702898457372
0.13560073858196472,0.05922132138722301,0.1408394921937801,0.11943941479155129
0.13568381545100539,0.059213593681220214,0.14092586726719464,0.11916567392276026
0.13582534742367247,0.05917302924739747,0.1410635231763066,0.11899121917905363
0.135985716147962,0.05912959864196969,0.14115098992668235,0.1188463095877549
0.13650670354074346,0.05909311007982609,0.14122392480049628,0.11857118689671436
0.13662908346470715,0.05901602845657363,0.14130418108710652,0.11841965769463018
0.13680308596539176,0.05895064349430377,0.14140916618060836,0.1183335065669611
0.13688784704938395,0.05893285943538484,0.14156356395952466,0.11829544390668022
0.1370220273342111,0.05871739619003005,0.14165511627777727,0.11828514954732688
0.13750989797459973,0.058638246335737436,0.14169722081908748,0.11826949672037891
0.13762953571354553,0.05862878112192045,0.14180369604956017,0.11809349270560755
0.13768550174816893,0.05854123594350986,0.14194825987587306,0.11802612336563835
0.13777992651737517,0.058465657409768376,0.14198908552594375,0.11802598989200823
0.13786044017583549,0.05844462650489977,0.14207068437142886,0.11797031104218676
0.13835711840746984,0.058388776385813544,0.1421365205375028,0.11796448954942482
0.1384339040136997,0.05834975208364173,0.1422276286179089,0.11794971594217454
0.13851673621043858,0.058264813731150895,0.14230153887649888,0.11768563664046532
0.13863584576709861,0.058214342036024415,0.142326212351161,0.11763679472823926
0.13878497711551924,0.05820403042721185,0.14247077617747392,0.11758485092366325
0.13886256947011452,0.0581737634576399,0.1426062182452527,0.1175714421495307
0.13892199361299015,0.058118483112745936,0.14265592018730305,0.11756652299524172
0.13904163135193595,0.05810980545866161,0.14273208664170647,0.1175413541650252
0.1391387042360608,0.05810002713503263,0.1429208203976146,0.11748803268478401
0.1392663887995961,0.058064448992013115,0.1429807943629763,0.11734681015597288
0.13931041844377914,0.05804825863351061,0.14305024693993343,0.11701516871125572
0.1393999215815984,0.058013871550391505,0.1431081009089522,0.11688551609809074
0.13949620609135321,0.05792792233746262,0.14318443127672348,0.1167453936656475
0.13956597011730074,0.05790536727070034,0.14324062583101238,0.11671973923092878
0.13965617330179522,0.05785206243557003,0.14331014891382318,0.116500387214517
0.1397041774331568,0.05775756784325751,0.14342499126933356,0.11643196852410875
0.1398152003846354,0.0576897664785107,0.14361150738678605,0.11620565126393843
0.1398666282207905,0.05761650139480773,0.14376897281593462,0.11600363469548963
0.13988289572742343,0.05758196650851984,0.14386586163730788,0.11596919049058976
0.13995390306039107,0.05751975999233046,0.14401042546362078,0.11591259968611126
0.14007359602325917,0.057394400487200736,0.14407349657274776,0.11587059954442606
0.14012697894426426,0.05733369744544511,0.14414468250638698,0.11581904573493612
0.14023515317892843,0.057297231145772745,0.14422656305248907,0.11563388900828506
0.14038469679121562,0.057272288805693364,0.14431524448280938,0.11560591045829291
0.1404928564490069,0.05725727441680739,0.14437528983322429,0.11558627519122538
0.1406205865610226,0.05722152010349606,0.1444428721192388,0.11488971411897235
0.14074469081182236,0.05717545719653376,0.14449754876319676,0.11476302496675458
0.14079932592953143,0.057134709624584515,0.14463118068237565,0.11475101929397327
0.14089667229991654,0.057131980062689096,0.1447510549642133,0.1146556149182464
0.1409643287572397,0.057106099764995755,0.14482339336699954,0.11460715545692678
0.1411132315647581,0.05700589840650442,0.14486437436355212,0.11457373340984987
0.1412546080083077,0.05693872069971725,0.14499274615528876,0.11449390353588716
0.1413660799631489,0.05681202211775612,0.1451641437789819,0.11448643238550116
0.14141074815676286,0.05662107232405264,0.1452066680934568,0.1143598479295798
0.1415682135859114,0.056517835892457034,0.1452641567317225,0.11435786467508673
0.14162952573963455,0.05647567229158725,0.14535733900939804,0.1142380110500424
0.1417322721533555,0.0564398579942131,0.14540995138636886,0.11422372905913326
0.14183762795474358,0.05638010997373579,0.14546212830899358,0.11420670346619516
0.14196526214481953,0.05636750465912956,0.1456221492100679,0.1141735359734161
0.14208711514371025,0.05625598135266578,0.1457504521778977,0.11406469240879785
0.1421678835066908,0.05620963833023748,0.14586933496054919,0.11400210090631957
0.14224083011165944,0.05620068581911561,0.14591645197111947,0.11393129904701008
0.14233932060516732,0.05613239191540288,0.14597241800574287,0.11393044836522838
0.14249592749387938,0.05609158361517263,0.14606527405368275,0.11364558626889058
0.1425393506603003,0.05603896200285722,0.14614205965991262,0.1136372905772508
0.14265722641548842,0.0559948004737328,0.14622898938503948,0.11363370662293275
0.1426960282459964,0.055987471290616396,0.1463511403433669,0.11343195499297787
0.1428013840473845,0.055972232995448,0.14641092705622424,0.11342258231479743
0.1429553486485292,0.05594947367807571,0.14656047066851144,0.11324798202594032
0.14304853092620473,0.055860112958652376,0.14661047953188713,0.11324229358601971
0.14336258628868173,0.055851128014749105,0.1467001381308665,0.11322313464430622
0.14340077733037687,0.055842374955054425,0.14685862134174477,0.1131934412554799
0.14347495112795544,0.05582595525732864,0.146948124479564,0.11319237061785647
0.14357368852786623,0.055824555678554,0.14699584806558527,0.11262053801657533
0.14363240989727397,0.05577925535938476,0.1470203538637358,0.11260433368375522
0.14372571787074676,0.05577351059989912,0.14754134125651722,0.11258320171399115
0.1438694983345515,0.055773236049215504,0.14760880007234092,0.11257292937021308
0.1439608352022056,0.055744276060148555,0.14773798418495382,0.11239057751845676
0.14458303723081004,0.05573627334096356,0.1477990030852936,0.11234943794535131
0.14467171866113032,0.05571454555919531,0.14785241443799657,0.11217385423751342
0.1448302018720086,0.05565620568084746,0.1478983811200795,0.11217050120181667
0.14492648638176342,0.05553407608331566,0.14792445597715997,0.112111283274701
0.1450116342710627,0.05550537109854606,0.14797174642788302,0.11205856765880401
0.14508684063111624,0.0554567233090406,0.14804835248203702,0.11205119908305915
0.14513235135694003,0.05544412003523354,0.14819480863449547,0.11201844366025232
0.14524832358149814,0.055307487200811946,0.14828349006481575,0.11173757780474887
0.14535389505434645,0.05524216807608742,0.14835094888063946,0.11168356950267719
0.14547211007860586,0.05523264708449004,0.14846100268243806,0.11164820553954287
0.14552249950794532,0.05522642949951371,0.1485107046244884,0.11163932124222747
0.1456047019514957,0.05499165910636783,0.1486534428758604,0.11139751203147662
0.14566290554460207,0.05493602227425605,0.148691407530055,0.1113053925254001
0.1457214884761908,0.054870943846697315,0.14894115438443567,0.11126922291129136
0.14591512371410217,0.054777877536974655,0.14900881084175882,0.11124244520921264
0.14597617311884203,0.054764757840081384,0.14908267690252264,0.1111935132145002
0.14609991349997387,0.05470593042175505,0.14914323755728673,0.1109858849563542
0.14614877178002178,0.054676224956746455,0.14923368677323193,0.11095054821576607
0.14619906724544549,0.054634094983193236,0.14931801521461746,0.11089050542977308
0.14634797005296393,0.054622337684087086,0.1494226607417342,0.11075425259931253
0.14641742262992102,0.05461988047433596,0.14955640582705562,0.11068945936865246
0.1465073809467361,0.05460698361084482,0.14965915224077656,0.11058346541185837
0.146639375074396,0.05457945628084959,0.14971735583388293,0.11034447920361809
0.14674301653019844,0.05451260256024898,0.14983466918171484,0.11022876309082766
0.14687138832193508,0.05451168527472637,0.14999398257778387,0.11022752640530714
0.14696851567395558,0.05444577587073671,0.15023754992537927,0.11016587705436923
0.14708869550098028,0.05444059718768418,0.1503659217171159,0.10979392509840007
0.14720466772553842,0.05430591889138008,0.1504148387888522,0.10973225906172025
0.14725487555133648,0.05425510853762722,0.15047067682561974,0.10969911892052402
0.14739031761911528,0.05418937888660437,0.15052535346957768,0.10924153163222684
0.14776299966928372,0.054064151522192086,0.1506867102951809,0.10924151585676473
0.1478984417370625,0.05402293440276796,0.1509005475498724,0.1092406518875181
0.14801714403322316,0.053986549419919996,0.1510233872484544,0.10919740024711122
0.14809752689058284,0.0538488413591495,0.15114758906066741,0.10906956185102758
0.148202807369633,0.05375469991782516,0.15126231051987538,0.10903129343586647
0.14831033898166665,0.05375091172417779,0.15135099195019566,0.10883869861016487
0.14845988259395385,0.053742851974426256,0.1514350201980433,0.10881610133091471
0.14851737123221953,0.05369645908984363,0.15151752071995592,0.10858291492389562
0.14858320739829345,0.05366651181027967,0.15159940126605803,0.10857366315138238
0.14871093751030917,0.05366549877031798,0.15164192558053294,0.10854481200969497
0.14882577986581955,0.05365868124879657,0.15169084265226923,0.10840390647612018
0.14901451362172768,0.053594923313835245,0.15174668068903677,0.10837405250568666
0.1490926052681981,0.05346334643881012,0.15189846049216324,0.10836111155138975
0.1491724188799832,0.05341730277371452,0.1520195443486421,0.10827442041841723
0.14928702403001656,0.05338350132208594,0.15212511582149044,0.108257989452005
0.14934534197427352,0.05337162960255471,0.1521904679436419,0.10821707896715567
0.1494384775906654,0.05325513419167494,0.15226063868218181,0.10821426526266621
0.14947630731109693,0.053180017926790155,0.152314808444267,0.1079639271407524
0.14960969218795803,0.05315754798626518,0.15247503172262555,0.10784765677620228
0.14995138536938804,0.05308723437092898,0.15257407587396807,0.1078109882844835
0.15001080951226367,0.05307128336801227,0.1527502333053719,0.10778412415602172
0.15006875973451478,0.05306959476865916,0.1528838652245508,0.10771675371445284
0.15025028199880097,0.05304628290336171,0.15296437888301112,0.10770142300408779
0.15031563412095247,0.05300399216912946,0.15300393769579484,0.10769936589972597
0.15043707996128003,0.0528105162338186,0.15303342889490387,0.10763735772283976
0.15056458941545767,0.0527733648632053,0.1530762279018838,0.10749061710776919
0.15062270230660585,0.05268246074757187,0.15313511853630854,0.10742301871583121
0.1506749344701422,0.052580221375888456,0.15336298472297374,0.1073415028634697
0.15103234930167336,0.05257553355386308,0.15350335747746965,0.10728462879509647
0.1511062595602633,0.05256346598992231,0.15354291629025338,0.10726252062104383
0.1511880263710792,0.05254741326414591,0.1536405813386026,0.10724856161348906
0.1512490757758191,0.052426362564727935,0.15379476078722348,0.10724605649009472
0.1513453602855739,0.0523487016189911,0.15413620531234626,0.10723542209419433
0.15142287465050136,0.052328134293354006,0.15421928218138692,0.10711262043743032
0.15149479935381993,0.05232777815437666,0.1542759801984394,0.10704461535119113
0.15154081134653222,0.05230504534294681,0.15441822652282483,0.10681171445737622
0.15157030254564124,0.05225103720724106,0.1544613727116715,0.10669963325465344
0.15164649336279026,0.052247742542911,0.1545298497042276,0.10657739441797157
0.15168750991807822,0.05218885522327183,0.15457327287064848,0.10654502179072181
0.15200613154545015,0.052105825030946316,0.1546238632374237,0.10647249077747664
0.15262833357405456,0.05206944034532257,0.15474530907775125,0.1063959755403139
0.15270981162517344,0.05206704878948026,0.15477382935603926,0.10632474298536987
0.1527575352111947,0.052063465837455775,0.15480145568168863,0.10624938398424552
0.1527954998653893,0.052022725358028786,0.1548523458002783,0.10621715932266683
0.1529546955761454,0.051985716298900364,0.15491176994315392,0.10617740519881393
0.1530345091879305,0.05178867454407652,0.15496972016540503,0.10613988878635965
0.15320225199203955,0.05173408139574831,0.15528377552788206,0.10602626189245105
0.15342031044068744,0.05171098946815306,0.1553567221328507,0.10600119426808216
0.1534739574273514,0.05162520570661475,0.1554763598717965,0.1059497266821896
0.1535912707751833,0.05162495147641076,0.15554312516061278,0.1059216763071514
0.15364590589289234,0.05159287090677176,0.1556323917385508,0.10588201508712289
0.1537331682272604,0.05156935624063669,0.15576657202337796,0.1058671232635008
0.1538397622473546,0.05154455332515904,0.15589528790916474,0.10585216698819902
0.15396739643743054,0.051509034955163145,0.15595112594593227,0.10580606303866846
0.15415613019333868,0.051498623074341096,0.15612512844661686,0.10561454397160738
0.154227317163329,0.05148892246581776,0.15627314147026145,0.10556984872975869
0.15430309485864868,0.051485450605308125,0.15636644944373426,0.10539698018032509
0.15433954625335025,0.05144882167703841,0.1564313333135756,0.1053844980592216
0.154379105066134,0.05141155099197115,0.15647330367290205,0.10517648631668326
0.1544753895758888,0.05138091171266111,0.15657605008662298,0.10511390851005703
0.15453122761265634,0.05135480602339144,0.15673137937528706,0.10503500178006173
0.15458160317018146,0.051354371653675866,0.15682986986879494,0.10502959608927735
0.1547602076134219,0.051311686816601434,0.15695905398140783,0.10475553083016699
0.1548036307798428,0.05119946616023283,0.15700372217502176,0.10471888793102041
0.15491406006353847,0.051189006118197114,0.157093225312841,0.10452369900383696
0.15500098978866533,0.051151243254944447,0.15721113747623264,0.10438233378848849
0.15509399593762146,0.051070057820533935,0.1572835469285322,0.10427680215616306
0.15523514970159885,0.05103805957763315,0.15740463078501105,0.10421114642469761
0.15532441627953686,0.05103714669404848,0.1575297215656085,0.10408769457021971
0.15541309770985717,0.05096563735427358,0.15761449810992043,0.10407749996307203
0.15547104793210828,0.050942486551223624,0.15769201247484788,0.10397823882542333
0.1555700920834508,0.05092493515596979,0.15779024014292034,0.10390244192312348
0.15571465590976372,0.050854067241750685,0.15791854311075015,0.10378005942888113
0.15582333107577648,0.05072393457000796,0.15797649333300126,0.10370835218416657
0.1559058413835618,0.050710883897093995,0.15816300945045375,0.103679783203224
0.1559993694712131,0.05057942546605681,0.15826321405169624,0.10359882210899732
0.15611409093042106,0.05056982088597756,0.158313952926735,0.10353232606576344
0.156177162039548,0.05056707509757968,0.15850810617030414,0.10332919664615789
0.15625102810031186,0.05051402831439791,0.15855831399610223,0.1030366538056846
0.1563394322472494,0.05045221343714297,0.15862950096609255,0.10301320043732894
0.1566000327217824,0.050434030038564524,0.1587367805749146,0.10293558406052518
0.15665262158972312,0.05037350678830838,0.15879509995902003,0.10285296802381648
0.15672474931592165,0.050358533084257924,0.15887382647247705,0.10284915715292332
0.1568232056353272,0.050320914913569735,0.15902832224603533,0.10273369862065583
0.15689439156896642,0.05030026741357778,0.1591782434299112,0.10266605456097276
0.1570112010123113,0.050262091524311735,0.15924769600686828,0.10262764054930362
0.1570876050459577,0.05023728581132049,0.15929739794891862,0.10262272375388654
0.15747285541864076,0.05020874144788231,0.15934019695589852,0.1025905592521386
0.15755885155282298,0.05018623868124617,0.15985008513030563,0.1024602488076698
0.15768934146782534,0.050163847137300904,0.1599352330196049,0.10243106014927245
0.15780993836670612,0.050143660748586096,0.16001630827842675,0.10241293439103293
0.15786806360062602,0.05012414413705338,0.16009694005542874,0.10222614288520118
0.1579249341573951,0.05011528968323794,0.16014836349133899,0.10218159526518683
0.15801333830433267,0.05008348208904634,0.16017315778797506,0.10194867786064614
0.15814111068588188,0.050081360665129804,0.16029796360599796,0.10186831333032836
0.1582584240337138,0.05000031722525609,0.16046570641010702,0.10173114650233131
0.15828791523282285,0.049970043236857685,0.16052027301821242,0.10168316704545913
0.15847443135027534,0.04984849961349347,0.16057201963426776,0.10166655242760575
0.15857726773116454,0.04981954077919739,0.16062881430380263,0.10152162533000772
0.15863194437512249,0.04981208535778803,0.16072306517839063,0.10146732911223538
0.15872547246277377,0.04974437977620105,0.16077162120494048,0.10140268446914551
0.15889321526688283,0.049727923615837326,0.16083184734765477,0.10134932614769752
0.15902151823471264,0.049682112958642506,0.16088712458680815,0.1013468812647739
0.15907636032957573,0.04967516197480494,0.16094217513265247,0.1013447603511021
0.15916503265359783,0.049618705388204974,0.1610867389589654,0.10130186582192902
0.15934363709683824,0.049599838460841254,0.1611292632734403,0.10115142687032996
0.15946955350947734,0.04958429411038095,0.16121009960236485,0.10098553396801431
0.1598109980346001,0.04956065069326967,0.1613592309507855,0.1009420172409873
0.1599052497416669,0.049454153551787276,0.16145241322846102,0.10092553829433626
0.1599652237070286,0.0494308623195395,0.16156807835330547,0.10089584910867086
0.16010978753334149,0.049401818616853416,0.1619210663686278,0.10074226425989172
0.16026910092941052,0.04933963145680443,0.1620211566994192,0.10072142091399691
0.16033429307123154,0.0493072499906947,0.16210833034931585,0.10058638321586179
0.16044088250419788,0.04926117824796403,0.16217591263533035,0.10053685526832593
0.1605437188850871,0.04921388161348301,0.16222187931741328,0.10044547569813045
0.1606647930236507,0.04920779669705505,0.16241606115407922,0.1004409249226382
0.16075243868900124,0.04920768377713076,0.16257024060270012,0.10043968480874194
0.1608058500417042,0.04917652346112307,0.16266928475404263,0.10042935446340248
0.1609219523453151,0.0491702449446668,0.16271622659154517,0.10041443728025873
0.16099855839946908,0.04916180100901899,0.16292871551947322,0.10035805716451376
0.16113219031864798,0.04914806269408862,0.163064157587252,0.1003232194817601
0.161186825436357,0.04912456921782545,0.16317458687094769,0.10029590072272701
0.16124076669576606,0.04911390578780232,0.1633023169829634,0.10020600974653472
0.16134467920834994,0.04910840620466518,0.16373881644672036,0.10016456393635804
0.161374170407459,0.049047758289211256,0.16381690809319077,0.10005642488820296
0.16152923795800686,0.04901185811691996,0.1638681917661117,0.09996216086239938
0.16159214833077673,0.049009114514741645,0.16391660099607627,0.09991269824497277
0.16173065315585142,0.048963552299042444,0.1640021402183477,0.09966240345055476
0.1617875447581931,0.048944716291626986,0.16410402755646722,0.09965580123589858
0.16187704789601234,0.04885254585241248,0.16418766400413526,0.09964164007158621
0.1619885311657689,0.04885073873767808,0.16429301980552335,0.09962098063031886
0.16203446171147812,0.04879461574287754,0.16439837560691145,0.09948425047604634
0.16221819271179408,0.04878655637652489,0.16447224166767527,0.09945670047884408
0.16227868245295973,0.04865864493846978,0.1645942588262796,0.09944820377122483
0.1624008334112872,0.04861691879186991,0.16466137816915968,0.09928121676351744
0.16245301033391188,0.04859214775947533,0.16473658452921322,0.09926080080340348
0.16255856472395636,0.048556158368635485,0.164798222326539,0.09915797563215842
0.16260023019643358,0.048530727258868006,0.1648269797104915,0.09906395066312886
0.16271893249259425,0.04851078944575161,0.16515999397810616,0.09890200354362533
0.1628290040058031,0.04845300031193462,0.1652491524527316,0.09879474236971185
0.16290317780338168,0.0484279945084672,0.16530893916558895,0.098581683930832
0.162962964516239,0.04842281990801448,0.165369499820353,0.09855671059619951
0.16307516689473533,0.04842177765573939,0.16542923720034947,0.09832602289729937
0.16313186491178783,0.04839172463683772,0.1655843047508973,0.09825745160846683
0.1631728814670758,0.04833443416685427,0.16566650719444767,0.09821279561538876
0.16320539764126255,0.048291146529770276,0.16600373373660351,0.09812093911613541
0.16331582692495822,0.048286078517472526,0.16607992455375253,0.0981089374091791
0.16336003661815598,0.0482406869200579,0.16621612158632032,0.09804106426199853
0.16341692822049766,0.04821198220994178,0.16638386439042938,0.09802620861933145
0.16352084073308157,0.048117368285700554,0.16642260642687656,0.09801567120262968
0.16363905575734095,0.04811490944010031,0.16663190920377005,0.09795564063689113
0.16369123267996566,0.04811249243175311,0.16675451788100298,0.09764591759482048
0.16379100403547908,0.048111570129736235,0.16682745275481695,0.09759750643503343
0.16389759805557327,0.048108717018341435,0.1669164560825855,0.0975222151491983
0.16401432585653744,0.0481021201999079,0.1670431688715843,0.0974933839381757
0.16409509472919884,0.04807824176063817,0.16712076122617958,0.0973584693014153
0.164162751186522,0.048022486761793076,0.16721501293324634,0.09730473657613323
0.1642514059945115,0.04797208792785569,0.16726530839867004,0.09724200386873695
0.16439611378868088,0.047875968401916956,0.16736814477955925,0.09706659347395907
0.1645040107824357,0.047762966579272106,0.16760421079701118,0.09701661752512696
0.16461955477312668,0.047750628683580376,0.16769288312103328,0.09696989514598839
0.16474858692438812,0.04774775527076963,0.16779620397907366,0.09684098517764758
0.16488624283350006,0.047710595993335214,0.1678844779280329,0.09679535266291864
0.16492393367438915,0.04770375061515244,0.1680790030007862,0.09674955593139
0.1649703444201776,0.04767904552510739,0.1682692788301459,0.09668465998138125
0.16512882763105588,0.04763123658479866,0.16832740406406582,0.0966728671101777
0.16518938828581994,0.0476113245798291,0.168385516955214,0.09663132768773527
0.16527538442000214,0.047592892125996565,0.16852588970970991,0.09662954429039403
0.1653492946785921,0.04755908901917445,0.16860267531593978,0.09652709477702671
0.16540934002900703,0.04755618334561257,0.1686508560729596,0.0964989918272714
0.16555207828037902,0.04755514862336312,0.1687052056207244,0.09619786455469345
0.1656089488371481,0.04743266171304055,0.16875292920674567,0.0961347700881512
0.165691781033887,0.0473497518709744,0.1688469675019374,0.09604458625066417
0.16575184225236636,0.047320458256123736,0.16891889220525597,0.09601519168795301
0.16585116079890003,0.04717589534113617,0.16898635102107964,0.09587454801949973
0.1659598359649128,0.047144708710179235,0.16912908927245165,0.09587333721266288
0.16605829228431832,0.04711318057844397,0.16920668162704694,0.09584568616773241
0.1661636480857064,0.04702293348672388,0.16931787809937782,0.09580972169958081
0.16621423845248162,0.047012859073419594,0.16946478761297032,0.09580926105724373
0.16626342611803926,0.046931428795573195,0.16954842406063836,0.09580615101141333
0.1663184766638836,0.04685688352079474,0.16960678169629306,0.09573650696683711
0.1664165554541739,0.046840970743532086,0.16976424712544164,0.09572939853459224
0.16650058370202156,0.046779200424296466,0.1698481815410411,0.09572304078125
0.16674415104961693,0.046641224121831255,0.16997601922969915,0.09542456808493086
0.16682969027188835,0.04657812638405559,0.17004449622225523,0.0951863775118253
0.16690085446339112,0.04657645272729299,0.17008048066008555,0.09516718420815534
0.16698305690694148,0.04657221246331987,0.17018695589055827,0.09513749869997067
0.16719235968383497,0.046552694900199254,0.17027715907505273,0.0949950212396698
0.16727722161668201,0.04653457729953159,0.17041204650810857,0.09497498536946879
0.1674134186492498,0.04650174178086557,0.1705143848373461,0.09488778246665211
0.16758057724015607,0.04644810713245159,0.17070348473100203,0.09475152360507365
0.16765884633202144,0.04644000359752205,0.1708202941743469,0.09468433047678053
0.16771716571612685,0.04643076599023841,0.170889746751304,0.09456383578998938
0.16782478112819024,0.046414607043227855,0.17097389711868816,0.09456080638509418
0.1679246731506497,0.04639931161787953,0.17100771397934267,0.0944673936235898
0.16803024462349803,0.046365653716729835,0.17107517279516635,0.09441327797604036
0.16807697646398737,0.04635380037992482,0.171124360460724,0.0944056918689342
0.16817479521509768,0.046336889605189564,0.17118029843316815,0.09436384052671527
0.16820242154074705,0.04632155294137381,0.171356455864572,0.09408728728262714
0.16833636414439504,0.04629280985812398,0.1716843867450808,0.09402989416288403
0.16849638504546938,0.04627448341694337,0.17174249963622898,0.09397878707844633
0.16852514242942188,0.04608906630928308,0.17182821186967182,0.09387618024226338
0.1686550769876534,0.0460874933655463,0.17193104825056102,0.09379501255061239
0.16874995939931298,0.046049928015508036,0.17205249409088857,0.09375760488366196
0.16882290600428163,0.046040300958605264,0.17217356822945218,0.09369247367977113
0.16902837166573312,0.04588389420263057,0.17225464348827402,0.09367097392913715
0.16913496568582728,0.04588085562091918,0.172397381739646,0.09361761342227636
0.16927721201021273,0.045864095274008566,0.17246503819696915,0.09358329331848865
0.16932895862626807,0.045855309266779304,0.17255141327038367,0.09354818308417426
0.16946515565883585,0.04584770307604299,0.17266184255407935,0.09350959729203169
0.16960986345300524,0.045769703707860356,0.17270464156105925,0.09350020106051504
0.16974836827807993,0.0457588692794054,0.1727930457079968,0.0934593511166968
0.16988088453981265,0.04574797267539305,0.17288800010358463,0.09345392221505652
0.16999667753509276,0.04571869473812303,0.17296094670855328,0.09339375542776229
0.17012939354925322,0.04568114105542291,0.17310472717235806,0.09328615819879625
0.17017874520887818,0.04562971606026888,0.17331856442704952,0.09310233251806674
0.17025937698588017,0.04560394588141739,0.17339033227608028,0.09307654150033741
0.17034762675048212,0.04558889429722214,0.17347342127552562,0.09303285308148793
0.17051536955459118,0.045584903953631246,0.17358489323036685,0.09300643157313401
0.1706046361325292,0.04554059654809722,0.17371392538162828,0.09299275932378266
0.1706599133716826,0.04553304820970686,0.17379789791286215,0.09298048088219095
0.17099845305563244,0.0455180964678517,0.17385048678080284,0.09292058932873483
0.17111666807989184,0.04549769536959172,0.17394677129055766,0.09276408860075716
0.1711915074697188,0.04549237463292747,0.17400840908788345,0.09271018262851806
0.1712575466671674,0.045416248294368515,0.17408501514203745,0.09263203965136682
0.17130096983358828,0.04535324033819901,0.17425520645304698,0.09254216616579039
0.1713791800403238,0.04529953396688821,0.17433668450416587,0.09253683778795037
0.17150966995532615,0.045281609851604766,0.1744587016627702,0.0924290347552473
0.17165240820669814,0.04526023169993203,0.17456529568286436,0.09234273772914495
0.17167023128589287,0.04524941417437929,0.17462387861445308,0.09230669077639778
0.17178066056958854,0.04518837541000187,0.1746417016936478,0.09215472243453866
0.17185786650963208,0.045095284847585536,0.17473488397132333,0.09215441555411977
0.17194831572557728,0.04508884934354959,0.17492940904407664,0.0921513760049314
0.17199432771828957,0.04500817720342915,0.17499248015320362,0.09213933711162776
0.1721657253419827,0.04499040512765255,0.1750722937649887,0.0920998901057896
0.17220446737842993,0.04497368440320221,0.17518331671646734,0.09206162093815962
0.17254169392058577,0.04496820608950613,0.1752891387654208,0.09188309580167238
0.17262566645181962,0.04496684570752999,0.17591134079402523,0.091820791144932
0.17270969469966727,0.04494240489569618,0.17599385110181054,0.0917220838881973
0.17278271247307478,0.04492174171343493,0.17605773872818628,0.09171266666318414
0.17281123275136276,0.04485257510460038,0.17614769704500136,0.09164245856694624
0.172891489037973,0.0447710337086012,0.17625559403875615,0.09164116694763928
0.17293154136200134,0.04475537255321999,0.17631723183608197,0.09160427425747508
0.17296667012422637,0.04473815129797287,0.17641079955142092,0.09153726029605733
0.17311580147264702,0.04472051069943715,0.17651057090693434,0.09151733721940541
0.17320983976783874,0.044702150191154616,0.17666573696180507,0.09149647231107685
0.1732799867679921,0.044649842278102106,0.17675398672640702,0.0914758766200597
0.17336146481911102,0.044557310676200765,0.17688860620324,0.09139242120268361
0.17352213641276298,0.044465073145253164,0.1769454767600091,0.09137725544620352
0.17364497611134502,0.04436909119466441,0.17704672128012044,0.0912570327923318
0.17370267831863734,0.04435683860437887,0.1771720317076889,0.09124325717261439
0.17383756575169318,0.044330749222927034,0.17726043585462645,0.09120002711906773
0.17388833891126515,0.04431817815909928,0.17731081141215155,0.09117635946326935
0.174115576032811,0.044236972120293455,0.17740007799008958,0.0911407207036964
0.17419309039773845,0.0440453786785541,0.17744913211501187,0.09111080603051397
0.17424338586316215,0.043992606397880954,0.17767699830167707,0.09111032508614407
0.1743999927518742,0.04392667848054094,0.1777149629558717,0.0910695702511715
0.17448547838120215,0.04390917347566822,0.17777368432527943,0.09105388895778818
0.17457792783972248,0.04390244549132987,0.1778305759276211,0.09101801434822211
0.17465265514223144,0.04387521883193861,0.17796451853126913,0.09089549183394958
0.17471085873533782,0.04387412958856357,0.17802758964039608,0.0908847179491901
0.17489959249124593,0.043830355466208025,0.17808767869594563,0.09080944432986592
0.17502160964985028,0.04372092835789624,0.17819916196570218,0.09080193330580563
0.17511181283434477,0.04364036981877076,0.17823494490969516,0.09078063797643297
0.1751778520317933,0.04362811803870704,0.17846281109636036,0.09077685387286051
0.17534501062269958,0.04357882211303722,0.17851172816809666,0.09070054378678379
0.17542721306624992,0.04355419304193789,0.17866569276924138,0.09068572512951999
0.1755418182162833,0.043547551621412287,0.17868328737336767,0.09058117494313773
0.17561842427043728,0.04351917173043053,0.17874017897570935,0.09052428002669273
0.17574063121720832,0.04351102221366351,0.1788728949898698,0.09052135707295876
0.17583460220904112,0.04347950628674752,0.17894972999267067,0.09051461784242762
0.17591537108170255,0.04346853015184751,0.1791283344359111,0.09045285024616588
0.17601386157521043,0.043450665437969785,0.1792827836076485,0.09038486584986324
0.17609695057465577,0.043426159288827065,0.1793636074663811,0.09032246299533267
0.17612547085294378,0.043309286246890843,0.17941619633432182,0.09020836580282601
0.17633093651439527,0.043303315112869896,0.17955656908881773,0.09018492170674583
0.17644672950967538,0.04330144654091848,0.17962869681501625,0.09018016554348121
0.176557752461154,0.043298025973087614,0.17971469294919848,0.0901514309862923
0.17690765429084976,0.043281707545643006,0.17987129983791053,0.0901064524293276
0.17705039254222177,0.04327004081075593,0.17992524109731958,0.0900649772052945
0.17719076529671768,0.04326213212056831,0.17996268546503452,0.08997476339053197
0.17738440053462906,0.043226986634218735,0.18008686256622,0.08994458675717017
0.17751111332362784,0.04318453929548091,0.18013725199555947,0.08993128181553454
0.1775840481974418,0.04316556018244835,0.18047894517698945,0.08989489610293373
0.17766326684175773,0.043122340401389896,0.18055370457240386,0.0898393577328482
0.17772300422175416,0.04309035975079526,0.18067962098504295,0.08981643518152145
0.17787482653226525,0.043043085543886125,0.18130182301364736,0.08975671369042977
0.17798018233365334,0.043018294421249326,0.18132823497365538,0.08975322362428001
0.1780717114359423,0.043003020699345675,0.18138928437839524,0.08972425555636891
0.1781927855745059,0.04299261688340731,0.1814614121045938,0.08972151566032943
0.1782172913726564,0.04295717630510308,0.18155848498871863,0.08964657753747575
0.17827738042820596,0.04293498455917075,0.18161979714244178,0.08963411278280467
0.17838499584026934,0.042924725406011346,0.18167197406506647,0.08961905579628664
0.17844248447853503,0.04292167517296357,0.1817877670603466,0.08952529504318575
0.17850412227586085,0.042897099895208166,0.1819066498429981,0.089397424107667
0.1786718650799699,0.04288544296996829,0.18196006119570107,0.08939463033373396
0.1787681495897247,0.04284099047491403,0.18201423095778627,0.08938371901996882
0.17881094859670463,0.04281476567652959,0.18237164578931742,0.0893697531945006
0.17886148880663486,0.04281175519273744,0.1824150689557383,0.08928966513800944
0.17901997201751313,0.042763670396390716,0.18253744887970202,0.0892197522333484
0.17908077539080228,0.04274412984790987,0.1826202810764409,0.08911998897064813
0.17911655833479526,0.04271530742478632,0.18266621162215013,0.08908414648006051
0.17916914720273594,0.04269963937563658,0.18284994262246612,0.08891503825326631
0.1791854147093689,0.04268963008274908,0.1828978591269441,0.08886593643568175
0.17926158116377233,0.04267597817983626,0.18302821248145196,0.08870028985259439
0.17934465803281296,0.04266572550224266,0.18314691477761263,0.08868272996784765
0.1794730298245496,0.0426256158305321,0.18320219201676602,0.08844725205144961
0.17951530755117218,0.042575182904502344,0.18326054965242072,0.08843511753355829
0.17957668049283376,0.042570572094569,0.1833910395674231,0.08834319192588384
0.17967388124739428,0.04256690454073893,0.18360909801607098,0.08827974162516093
0.17979276403004577,0.04253835619895905,0.18375752219927358,0.08827209417000144
0.17982183594443427,0.042387439848202466,0.18384526763465445,0.08824342586156675
0.17987118760405924,0.04236294758503321,0.1839402220302423,0.08815863480252603
0.17989366309271063,0.04236248865349975,0.18401652207200178,0.08813996555185039
0.1799184573893467,0.04232359723066123,0.18413288320005325,0.08769260175796866
0.18002367382699552,0.04221393447275892,0.18423571958094245,0.08761279063775688
0.18009986464414454,0.04219683839419117,0.18434231360103664,0.08751511562790606
0.18024534275299178,0.04219435183683172,0.18447149771364954,0.08750356361105407
0.18032167312076305,0.04214715480231059,0.18453280986737267,0.08747181659891336
0.18046180209489873,0.04212153291751213,0.18457063958780423,0.08737812096634115
0.180508733229103,0.04207380515940187,0.18468744903114911,0.08737469808758401
0.18058957543634693,0.04201479513810188,0.18480566405540852,0.08736700822141474
0.1806253583803399,0.04201225479237808,0.18493339416742424,0.08730613943566763
0.1807976391960343,0.04198869127721275,0.18505577409138793,0.08728795396450192
0.18084839362058697,0.04193493971016994,0.18509919725780885,0.08727498860389861
0.1809584651337958,0.04193283476850512,0.18518715192568164,0.08726640084114651
0.18107449103624423,0.041925427667612744,0.18527580673367114,0.08717426814287575
0.18115109709039823,0.0418973780460794,0.18535740557915628,0.08687144263872294
0.18128527737522537,0.0418971934128246,0.1855798929506939,0.08675373819047848
0.18132870054164626,0.041801121121383546,0.18574763575480296,0.08670312570975988
0.18138305008941108,0.0417392389568039,0.1858454545059133,0.08665060746605738
0.18147827673103573,0.0417352231649676,0.18590377245017026,0.08665046076926314
0.18161289620786875,0.041729498631484355,0.18609740768808164,0.08656317031236688
0.181659827342073,0.04169775717522902,0.18622151193888137,0.08655455791250408
0.18175831783558088,0.041684163379044424,0.18631592203777322,0.08654746618821664
0.18189451486814867,0.04165887416089779,0.18650129269843801,0.0864056783894115
0.18203281042675273,0.04163818429169993,0.186517560205071,0.0863120872014488
0.18212148275077483,0.041595710870507625,0.18675092907630458,0.0862968497949277
0.18219266868441406,0.04157565822299243,0.18681885791557945,0.08624818247464941
0.18226012750023773,0.04156544536691255,0.1869246799645329,0.08611515203032082
0.18263280955040617,0.04156345049401115,0.18704527686341368,0.08606619756012403
0.18276199366301907,0.041541973227659845,0.18716592865492418,0.08594258098305303
0.18278446915167043,0.0415352472020615,0.18728700279348778,0.08583561081604558
0.18284066370595933,0.041520195903826676,0.18733541202345236,0.08570672328877352
0.18293786446051985,0.04151926879920866,0.18745138424801047,0.08569358024235836
0.1829900966240562,0.041499931640210264,0.18751147330356002,0.08559520916218864
0.1830360633061391,0.04148189459335356,0.18758099638637082,0.08552338333086054
0.183120035837373,0.04143632917191062,0.18762997575809884,0.08539210374829424
0.18316973777942333,0.041420335669753075,0.18768746439636452,0.08530307380255167
0.18325223830133594,0.041404939605405026,0.18783676395646168,0.08530255392492299
0.18335412563945547,0.041369739496830996,0.18788937633343253,0.08528162512921779
0.18346884709866343,0.041359379257989916,0.18796150405963105,0.08519037951028213
0.18358854006153152,0.041335699066530375,0.18802240458658875,0.08517353052405986
0.1837099439296394,0.04133511929878452,0.18811571256006154,0.08514609335854252
0.1837652211687928,0.04130597436925674,0.18817513670293717,0.08508702676420091
0.18393237975969906,0.04129925706060227,0.18824048882508868,0.08508041119804764
0.1840581811968285,0.04127760938606077,0.1883715675659057,0.08506824717595039
0.18411923060156837,0.041237800964452065,0.1884602174554748,0.0848688798498779
0.18426196885294038,0.04120873117448533,0.1885116452916299,0.08483015124667935
0.18430599849712342,0.04116396699542591,0.18867166619270423,0.08479554403039909
0.18438907536616406,0.0411549464083646,0.18877928160476762,0.08477381487826871
0.184473851910476,0.04115469918299264,0.18890705398631685,0.08475980553628382
0.1845295850506731,0.041128629464655654,0.18900333849607165,0.08467440932952636
0.18456340191132758,0.0410535132031434,0.1891710813001807,0.08464718179929823
0.184671666300043,0.041023094890256524,0.18927382771390164,0.08460994501119105
0.18471122511282675,0.04100732360407739,0.1893811073227237,0.08453730638404844
0.1848705385088958,0.04099678433320698,0.18943253515887878,0.08448881186564702
0.1849172703493851,0.04097646319235588,0.18947854715159107,0.08422022088876378
0.18505188982621812,0.04093519545909397,0.18957786569812474,0.08413147072040016
0.18513098738734865,0.04078527869385485,0.18969750343707054,0.08410653209425861
0.18523726366389365,0.04078238359256607,0.18991556188571843,0.0840357322404492
0.18530201214975384,0.040770779456653514,0.19003538594700103,0.08377369696212235
0.18533582901040835,0.0407614778105861,0.19005165345363398,0.08373939402768359
0.1853959180659579,0.04071699566160176,0.190393346635064,0.08364479618729714
0.18551793522456222,0.04071676163356496,0.19050134844468977,0.08354573965355538
0.18559314158461576,0.040611967525204094,0.19066136934576408,0.08348536692454753
0.18566328858476913,0.04061152042726349,0.19078914172731332,0.08334888869158198
0.18581773775650653,0.0405622802151257,0.19087021544010319,0.08327830395369183
0.18595235723333955,0.04054553848567561,0.19093100496281468,0.08307427979439531
0.18606025422709435,0.04048164710921747,0.19127244948793748,0.08302292888813101
0.18624935412075028,0.040455224654154,0.19136037613185708,0.08297258206476832
0.18636571524880174,0.0404404669504012,0.19143698218601105,0.08294704098055655
0.18645804789696133,0.04040323426183416,0.19153220882763572,0.08285511745895272
0.1865481796666712,0.04040270466472066,0.19165286061914621,0.08280292236141783
0.18659462912272173,0.04037830657992325,0.19176014022796825,0.0828024185484171
0.18676690993841613,0.040377912303366494,0.19181352314897337,0.0828014743026036
0.1868637987597894,0.04037597196950173,0.19190486001662746,0.08272915990194864
0.18694107511224514,0.04037477046906845,0.19202449775557326,0.08268770700312147
0.18712644577290993,0.04030762831863402,0.19211290190251082,0.08266329203489124
0.18728062522153083,0.040298403972475624,0.192294424166797,0.08264203417791066
0.18733852239874538,0.04029362157916509,0.1923470130347377,0.0826026001102509
0.18739163285709928,0.04026083431394613,0.19243418668463436,0.08251099156819394
0.1874812914560786,0.04020972372691154,0.1924729885151423,0.08250079891524618
0.18756544182346277,0.040156201474818694,0.19279757503967446,0.0824819458673668
0.1876202839183259,0.04015578226585338,0.19291726800254255,0.08243276043754925
0.1877031161150648,0.04014384340575265,0.1930450403840918,0.08233791403636347
0.1877994741547798,0.04012369701148964,0.19311107958154033,0.08220106803577665
0.18785921153477625,0.040107636021994124,0.19317582806740052,0.082032099525274
0.1879321464085902,0.04009688469432249,0.19321779842672698,0.08199389450317426
0.18802468517169368,0.04007621870606977,0.19328279884359398,0.0817750636213393
0.1881299016093425,0.04003251684200025,0.1936554808937624,0.08176195165870544
0.18824626273739398,0.040030328664750536,0.19382776170945681,0.08171007748358654
0.1884066314616835,0.04001693256158349,0.19399795302046632,0.08168794255069912
0.1884494304686634,0.04001663743806484,0.19405012994309104,0.08164988315137736
0.18852236534247735,0.03994455520979452,0.19415246827232854,0.0816385819669549
0.18866273809697326,0.03994110550509544,0.19419589143874946,0.0815499768453421
0.1887506647408929,0.039924496606295434,0.19431733727907702,0.08149848303808709
0.18883893868985213,0.03989539013130591,0.19445563283768108,0.0814392778334368
0.18892718845445408,0.039837098779815845,0.19477425446505298,0.08142709855554199
0.1890033549088575,0.039836022288230064,0.19487274495856088,0.0813761952040309
0.18937603695902594,0.03976358798410673,0.19490852790255384,0.08135930021337617
0.1895789544369881,0.03974401978099608,0.19496422890312473,0.0813354521121549
0.1898068206236533,0.03974122107666493,0.19502217912537587,0.08126309505624414
0.18984934493812822,0.039603596520813376,0.1951297107374095,0.08123966729620398
0.18998186119986094,0.03958618327311056,0.19518860137183425,0.08119354523978772
0.19010387835846526,0.03958279323608404,0.19529727653784704,0.08108145509145083
0.1905917489988539,0.03956936289372859,0.1953476659671865,0.08104679034980093
0.19074571359999862,0.03956512838141283,0.19540577885833468,0.08103798609994162
0.1908265499289232,0.03954891946915965,0.19557293744924095,0.08100141619374344
0.19091495407586073,0.039516827398568884,0.19581650479683632,0.08092574249428629
0.19128763612602917,0.0394759835607715,0.19590445946470914,0.08087567585483105
0.1914767360196851,0.0394341575905225,0.19601744970789461,0.0808456225449457
0.19156828833793768,0.03941261411578904,0.1960788226495562,0.08082910902090974
0.19163282486876068,0.03940206656766981,0.1961613231714688,0.08077092384824817
0.19174072186251548,0.03937648908692141,0.19620645304250967,0.08070802080776361
0.1918477207561036,0.039332402038725706,0.19625338417671392,0.08062695897602969
0.19189417021215413,0.03930001065630447,0.19630911731691103,0.08060403178662265
0.1919556148404301,0.03928965973200421,0.1964085755414872,0.08059320715283225
0.19201015774412772,0.03926880212168111,0.19651132195520812,0.08053224207673894
0.192089403342067,0.03923501005913993,0.19666045330362875,0.08051069218677219
0.1921669956966623,0.03920446761902428,0.19671104367040396,0.08044200416172556
0.19235072669697825,0.03919570049296059,0.19677126981311824,0.08040580131017895
0.19244560910863787,0.03913338133867716,0.1968636024612778,0.0803720149575294
0.19250372199978605,0.03913178120732781,0.19690179350297293,0.08030655968451013
0.19258281956091658,0.0391078245691984,0.1972432380280957,0.08029556359709605
0.19266470010701867,0.039103738954011244,0.19733116467201534,0.08027038374732336
0.19275265477489148,0.03902483423071058,0.19744123618522416,0.08017289612940613
0.19279048449532302,0.039020241121337576,0.1975305027631622,0.0801554844937739
0.19283515268893697,0.03900588932248336,0.1976184294070818,0.08005591283538094
0.19289347207304236,0.038939074418318086,0.1977483639653133,0.0800297145118923
0.19295219344245013,0.038908457433715925,0.1979298862295995,0.08001732514153916
0.19305123759379264,0.038904277867732213,0.19803778322335433,0.07997805597439868
0.193097791988887,0.03879593363264932,0.19817152830867577,0.0799197855222206
0.19315306922804037,0.03878691671562942,0.19826173149317025,0.07986982993441039
0.19320877022861127,0.03874568105094083,0.19829424766735698,0.07986146083246472
0.1933703337298074,0.03867151183381194,0.1983370466743369,0.07979349773699373
0.19345140898862923,0.038649134724585754,0.19838743610367637,0.07967267320438054
0.19350074302179077,0.03864525271522206,0.19844108309034034,0.07967160679919454
0.19364530684810366,0.03864194582945341,0.19855533752047225,0.07958614451303789
0.19369303043412492,0.038589258676258426,0.1986716986485237,0.07957929673031348
0.19373997227162745,0.03858038592516643,0.19887716430997518,0.07945416684766612
0.19380836445328672,0.03857922160648596,0.19891499403040674,0.0794513095804469
0.19393944319410378,0.03854500110811403,0.1989374695190581,0.07942206171593232
0.19397727291453531,0.03853749658525415,0.19903375402881293,0.07941718488798148
0.19404968236683487,0.03843699535177945,0.1990839439605651,0.07932686578558881
0.19414817286034275,0.038428460694417195,0.19912496051585307,0.07925301304890225
0.19421793688629027,0.03833961209490105,0.19916597707114103,0.07924936662391542
0.19437421803795818,0.03833922562760058,0.1993337198752501,0.0791715101821038
0.19449930881855562,0.038304614796273534,0.19944189410991425,0.0791364850185859
0.19459327981038843,0.03830258250437055,0.1994859237540973,0.07905342815670313
0.19463642599923509,0.03826422097079783,0.1996017167493774,0.07899091990257291
0.19470587857619218,0.03824318499272832,0.19965628335748284,0.07897423727050064
0.19481886881937768,0.03823298973664065,0.19975531141989922,0.07891789032713838
0.19489547487353165,0.038202795532200115,0.19984256875090006,0.0788585244704235
0.1950245070247931,0.03819760833200264,0.2001031692254331,0.07885819380033926
0.195138761454925,0.03813290060810647,0.20014306010804578,0.07868520696147394
0.19535125038285306,0.03812952061958088,0.2002970247091905,0.0786566092905989
0.19540154584827676,0.038056233023674384,0.20036647728614762,0.0786467276116099
0.19588941648866537,0.03805228676530318,0.200475776394987,0.07859863815241365
0.19597648357278674,0.03800384001463346,0.2005939914192464,0.07853555228461864
0.19610128939080965,0.03799728418922881,0.20067450507770673,0.07845110776867881
0.19617362779359587,0.037962818789931525,0.20086323883361484,0.07838434525510687
0.19635223223683632,0.037936623955072524,0.2009101699678191,0.0783675384972607
0.19659579958443169,0.03793259870712195,0.2010140824719083,0.07832274652210379
0.19673848554254642,0.03787458101692033,0.20106871758961736,0.0782879968137724
0.19688226600635117,0.037824931801434536,0.20150521705337432,0.07825456889990853
0.1970415794024202,0.037823859418416754,0.20158182310752829,0.07822882441668408
0.19739456741774253,0.03781771503892128,0.20162603280072608,0.07819161001376353
0.19745650404096252,0.03780658251235142,0.20173422992006132,0.07818901379250885
0.19752408632697704,0.037788834453963506,0.20180437692021472,0.07816130549392288
0.197684757920629,0.037783025392861984,0.20189738306917085,0.07802676828998259
0.1977543179892816,0.03776928954523981,0.20201559809343025,0.07797507095986736
0.19784297279727114,0.037754554719480624,0.2021038478580322,0.07791566151693369
0.19790750932809412,0.037740043055471906,0.20214254565417988,0.0779005899418995
0.19794852588338208,0.03773148765110558,0.2022206373006503,0.07782153285961328
0.19803848420019712,0.03772216997409023,0.20232881153531446,0.07779478023845598
0.19818494035265558,0.03771696477245439,0.2024127840665483,0.07775196280988829
0.19825966765516453,0.03764943797271958,0.20246537293448902,0.07772758317368693
0.19831778054631272,0.0375940003284531,0.2025348255114461,0.07767096173764257
0.19840643535430222,0.03758033650191761,0.20257710323806868,0.07759696534424217
0.19851942559748773,0.03755543482917667,0.20265183054057762,0.07757352501921204
0.1986934280981723,0.03755109214632298,0.2027864500174106,0.07752941089444634
0.1987924561605887,0.03753842107368371,0.20287244615159283,0.0772311402860801
0.1988486507148776,0.0375197073698704,0.20299995560577047,0.07705522693565779
0.19889416144070138,0.03748094693594755,0.2030761220601739,0.07702577412361328
0.19904861061243878,0.037474114490667725,0.20344880411034233,0.07700981317771921
0.19917854517067027,0.03747325132997826,0.20359770691786075,0.07696416648205363
0.1992379693135459,0.03744690996566268,0.20364656519790866,0.07690580772023016
0.19935667160970658,0.03742109387171703,0.20377528108369547,0.07672084245186782
0.19945433665805581,0.037386987580610945,0.2038853525969043,0.0766618722730755
0.199493078694503,0.0373545189795771,0.20393307618292555,0.0764555581283062
0.19955305265986473,0.03733512653531247,0.20405725328411103,0.07641454889623238
0.1996034420892042,0.03731348676909551,0.204240984284427,0.07640180595065102
0.19969644823816032,0.037266242333798424,0.20427611304665205,0.07632647349698878
0.19983189030593912,0.0372254244890328,0.2043170940432046,0.07629135805220048
0.1998579651630196,0.037203484324296134,0.20439747690056428,0.07618051059929445
0.19990489629722386,0.03716845510739677,0.20448473923493235,0.07605808890014948
0.20001917737517058,0.03715338986824239,0.20462093626750014,0.0759436167594835
0.20012308987925978,0.03708987418858717,0.20466049508028386,0.0759308512284356
0.20017338534468349,0.037086430566917565,0.20472312319178781,0.07589183953783987
0.20035159594052615,0.03707841981507833,0.20484596289036985,0.07588504361276045
0.20040051301226244,0.03705560072667416,0.20491987314895982,0.07585708577278201
0.2005682558163715,0.03703358139098026,0.2050716529520863,0.07573667204764639
0.20065379503864295,0.03702627341935899,0.20515568119993396,0.07573450937456609
0.20114166567903155,0.03700116978941337,0.20520597666535767,0.07569962134324641
0.20120222633379561,0.036999234762895086,0.20528418687209318,0.07556075841558495
0.2012841068798977,0.03699567896270155,0.205392083865848,0.07553625486454763
0.2014177387990766,0.03689560526741347,0.20549510365539836,0.07549279193401444
0.20155889256305398,0.036885365429891126,0.2055879016506871,0.07547719627180798
0.20189611910520983,0.03688410677180876,0.20580955149762944,0.07546659020983394
0.201921261167722,0.03687789410948422,0.20584774253932459,0.07545237398099382
0.20212092808797694,0.03685945997608339,0.2059077878897395,0.07540232234091082
0.20217509785006213,0.03684658610296231,0.2060669836004956,0.0754004693417561
0.2022171708676105,0.036765471796422394,0.2061400013739031,0.07530837719414982
0.2023023187569098,0.036763240486897206,0.20616607623098357,0.07529675962268492
0.20238104527036682,0.03672968229042901,0.20627143203237164,0.07529608554773029
0.20243222991654203,0.0367227488842367,0.20640762906493945,0.07512773528590301
0.2024932793212819,0.036719175061505197,0.20650694761147312,0.07490961918580248
0.20265247503203798,0.03671448620520809,0.20662426095930503,0.07483566624551706
0.20266823654661603,0.036704577888436216,0.20668432217778437,0.07481771454698954
0.20279858990112393,0.036679951522859064,0.20677436515259198,0.07475925939440882
0.2028343943621443,0.036651674306683986,0.20684381772954907,0.07472399001842304
0.20292197619846053,0.03664152996006053,0.206989047131121,0.07463338972776593
0.2030365813484939,0.03660683464378995,0.20704716002226922,0.0745104639199918
0.20312450799241352,0.03659962881781129,0.20719263813111646,0.07446239942889644
0.20324868509359897,0.03659499623693844,0.20727084833785198,0.07437066040368635
0.20337013093392653,0.03654771390133019,0.20734379494282063,0.07429837362285618
0.2034332020430535,0.03650478481387975,0.20745434302463245,0.07422647345261668
0.20349340079466835,0.03649808670898933,0.20752192531064698,0.07405234175926777
0.20360919378994846,0.03647584389751143,0.20761907231935972,0.07401453089226244
0.20369693922532936,0.036406340449372264,0.2077004940677318,0.07400566493747893
0.20379927755456687,0.03636980800724891,0.20784520186190117,0.07399152445896905
0.20391659090239878,0.036322082662817286,0.20789175625699555,0.07390534537993793
0.20409274833380261,0.0362763157047929,0.2079577954544441,0.0738517729806869
0.20414978032349265,0.03621635973974207,0.20800712948760564,0.07372677264782725
0.2043175231276017,0.03610748127800062,0.20810433024216615,0.07371872403595879
0.2044572832202076,0.036014126791332,0.20828254083800882,0.07367394775696516
0.20451518039742214,0.03598467553068916,0.20843436314851987,0.07363129729526391
0.20463249374525405,0.035912782608951956,0.20854256026785511,0.07361861437319765
0.20469961308813414,0.03591010176530073,0.2086296273519765,0.0735782214380347
0.20480966688993274,0.03590644679480428,0.20866468259273602,0.0735427459141964
0.20493475767053018,0.035896869127915045,0.2086975454284903,0.0735305521431397
0.20499162822729927,0.03586494804440413,0.20880311690133863,0.07352745692459507
0.20507937366268017,0.035805239094908355,0.20893148869307526,0.07348383678026897
0.20513278501538312,0.035794239443200225,0.2090917119714338,0.07347808404871506
0.20522773941097097,0.03578860774379007,0.2092116669867213,0.0734294745199625
0.20526354387199133,0.03575523446972206,0.2093383797757201,0.07341530914093952
0.20538615254922427,0.03572613518773335,0.20941985782683897,0.07328296709427003
0.20547332619912093,0.035694238242032335,0.20949388876086963,0.07322815297295503
0.20555903843256373,0.03568196757084333,0.20959293291221215,0.07319325354933408
0.20559700308675835,0.03566187561121309,0.20974285409608798,0.07310492717534912
0.20574590589427677,0.035610809353294075,0.20983638218373926,0.07304104202090457
0.2058097935206525,0.03560673144021532,0.20993358293829978,0.07300425953570329
0.20604585953810442,0.03554817136651674,0.20999128514559212,0.07298982620797383
0.20620030870984182,0.03545067557982405,0.2100716680029518,0.07286043647592032
0.20632026372512935,0.03543514943759944,0.21011071699045572,0.07283883777427021
0.20636772095192782,0.0354027719702041,0.21015414015687664,0.07283352561459545
0.2064485572808524,0.035394748590909325,0.21029682611499134,0.07282994040960053
0.2065681950197982,0.035328744882562296,0.2104518936655392,0.07276865285731089
0.20662287166375617,0.03530317436061607,0.2104804139438272,0.07274794455468542
0.20668072563277495,0.03529287183607535,0.21052143049911515,0.07267444243950355
0.20683469023391968,0.03524830214367276,0.2106109336369344,0.07264811706743467
0.20692894110850768,0.03523769846440717,0.21075983644445284,0.07259583231755037
0.2071561782300535,0.03519574791826704,0.21084537566672426,0.07257547275103753
0.2073355723898236,0.03514983582717927,0.21099008346089362,0.0725682644683953
0.20741029969233254,0.03513451854832719,0.21136276551106206,0.0725362347569026
0.20747052583504683,0.0350847116887343,0.21143693930864063,0.07252388383545093
0.20757872295438207,0.03508361452396174,0.21161309674004447,0.07240706452463651
0.20763621159264775,0.03507803738761913,0.21169037309250022,0.07239666249471426
0.2076988397041517,0.0349931281788899,0.2117450497364582,0.07238853199235872
0.20782787185541315,0.03498665268690731,0.21218154920021512,0.07235518519692595
0.20792072790335303,0.03495088710616294,0.21226262445903699,0.07231352630544295
0.20796964497508932,0.03490463771194864,0.21242329605268895,0.07230860305147783
0.2080583172991114,0.034867064859891016,0.212480166609458,0.07223736986676524
0.20819485147708017,0.0348498291894332,0.21281870629340788,0.07218266429115265
0.20831723140104386,0.0348237781610848,0.21286900175883158,0.07212878919761775
0.20837179800914926,0.034795649461725316,0.21298788454148307,0.07206301824496655
0.2084557324247487,0.03476458587791809,0.2133264242254329,0.07206200686136505
0.20854959655349242,0.03471501764109688,0.21350502866867335,0.07196638877279032
0.2085985759252204,0.0347108321027108,0.21361230827749542,0.07189218735441034
0.2087043979741739,0.034684696196930584,0.2136408285557834,0.07185346543773752
0.20876975009632537,0.034621819589191284,0.21372213392702347,0.07177786088486737
0.20889506052389384,0.03460112655919577,0.21381544190049626,0.07168578707420085
0.20901744044785753,0.03459235109104364,0.21392587118419196,0.07166927861724375
0.20911023844314627,0.034583281051966265,0.21399557605742714,0.0716157794380457
0.2091608288099215,0.034582033094374486,0.21413046349048298,0.0716079599966254
0.20923743486407548,0.0345634493458361,0.21420624118580264,0.07152289194923488
0.20929631123168319,0.03454635039840336,0.21430112359746223,0.07149658034719432
0.20934705010672197,0.034541925552705376,0.21442314075606658,0.07144121257028696
0.209506363502791,0.03452223028380378,0.21445076708171593,0.07143014845397495
0.2096685138845198,0.03447994830055002,0.21447527287986645,0.07142352502075555
0.20976292398341165,0.034477055762928865,0.2145818623128328,0.07119869690918755
0.20982456178073744,0.03440008727085203,0.21467539040048408,0.07087427360729498
0.20991202853111318,0.034385779051866405,0.21477227922185735,0.07080560757726449
0.21013008697976107,0.03436400623065968,0.21490847625442513,0.07078021309262018
0.21017351014618196,0.03434311113009522,0.21495877171984884,0.07077166714602198
0.2102986009267794,0.03433093864262165,0.2150353777740028,0.07071128691181679
0.2103413999337593,0.03432542796305569,0.2150718291687044,0.07070624188904066
0.21043581003265116,0.034300437814271896,0.21508213169960133,0.07054735279851751
0.21053485418399367,0.03427255756919549,0.21513998566862014,0.07053609163394038
0.21065121531204514,0.03426780188014816,0.2152163160363914,0.0704329667931018
0.21081866399631338,0.034264146668263544,0.21538810786425894,0.07041100796293086
0.21089496403807287,0.03426309153566926,0.21551714001552036,0.07039532845562237
0.21103261994718484,0.03422841389911393,0.21557934624293135,0.07032950576454644
0.21114128340752694,0.034225852931736155,0.21562531292501427,0.07017675164259211
0.21122921005144654,0.03421429458439409,0.21752161933836864,0.0701098614478744
0.21136771487652123,0.034079552484119896,0.21760470833781398,0.06999576350780928
0.21146713889301633,0.03407047570951063,0.21773470466087227,0.06997843817130307
0.21153615032419087,0.03405346852712657,0.21787739061898698,0.06991611729002331
0.21162025109962637,0.03402928345656738,0.21791483498670192,0.06988025921059143
0.21166797468564763,0.03402881070053345,0.2179603457125257,0.0698798102542208
0.2117188648042373,0.034018079852007534,0.21809028027075722,0.06985672175179639
0.2117914880081991,0.0339525231481543,0.21816040001147874,0.06975017457811358
0.21186827361442898,0.03394803439996761,0.21818892028976672,0.06971128099674097
0.21201518312802148,0.03393076625076002,0.2182891248910092,0.06962726896985871
0.21206318725938306,0.033889459578972894,0.21837221389045455,0.0694888908947504
0.21219069671356072,0.03387482998904295,0.21842295276549334,0.06924557624199511
0.2122432855815014,0.03385708898053854,0.2185004671304208,0.06923872557267954
0.21234740066674715,0.03385408678879423,0.2186567482820887,0.06921310231708915
0.21245014708046808,0.03385320516558182,0.21873092207966727,0.0691989123595727
0.21253855122740564,0.03384921484429109,0.21895257192660963,0.06919449624067864
0.21264974769973652,0.033809494808912974,0.21902473338518708,0.06918169977534012
0.21288581371718845,0.033774288500635796,0.21914431234943388,0.06911073081138772
0.21300469649983994,0.03375288482073723,0.2192062489726539,0.06907633935466126
0.21306489525145478,0.03373960612553678,0.2192607918763515,0.06891995890021134
0.2131639394027973,0.03373154147958229,0.2193570763861063,0.06874246609495818
0.2132539823776049,0.03368570399709353,0.21943466874070158,0.06872978353145458
0.21338069516660368,0.03364855100559974,0.21955064096525972,0.06871162142347242
0.21344171406694348,0.03363436000603482,0.21960375142361363,0.06870685074038461
0.21350261459390116,0.033629485912879835,0.21973212321535027,0.06869425740942596
0.21357880541105018,0.03362743372502242,0.21982225498506014,0.06868474083164437
0.2136294215421934,0.033527167118812914,0.21990985023447795,0.06865797016741002
0.2137376859309088,0.033525846182507285,0.21998402403205652,0.06865541443406382
0.21378281580194966,0.033518788187020615,0.2200559487353751,0.06862491526802485
0.2138658926709903,0.033510442031179366,0.22010528276853664,0.06855077120512058
0.21401771498150138,0.033499704420995854,0.22017790597249845,0.06852790125435648
0.2141454873630506,0.03344342922936596,0.22026690930026702,0.06849884066409656
0.2142391011535402,0.0334406821528923,0.22033913564971394,0.06845909185887232
0.21426517601062067,0.03344027003562329,0.22043317394490566,0.06833317765279284
0.21434201101342154,0.033415493396151706,0.2205214237095076,0.06829214873306617
0.2144833874569711,0.033389953148365514,0.22064979550124425,0.06826532542047735
0.21453392766690135,0.03337492330062106,0.2207102852424099,0.06823460076137745
0.21463626599613886,0.0333709595417743,0.2207931174391488,0.06816308339606363
0.2146932979858289,0.03335984231792907,0.2208869815678925,0.06809904000807425
0.21482107036737813,0.03334654671431562,0.2209304895027368,0.06804561326771116
0.2149100736951467,0.03332734389203027,0.22107273582712222,0.06792385228003606
0.21495825445216651,0.033315160024188314,0.2211220874867472,0.06776821803413519
0.21499569881988145,0.03331112764985466,0.22118812668419577,0.06765930585226984
0.21506362765915632,0.033296446123146875,0.22128957102469227,0.06758773676211617
0.21513374739987784,0.03326818206051619,0.22136938463647735,0.06756739651689186
0.21518633626781855,0.03325831735086417,0.22142422673134043,0.06754497010266572
0.21527951854549407,0.033227865728065034,0.22146296876778765,0.06746771354234973
0.21536481830270332,0.03320004487705912,0.22152275548064498,0.06740013850287245
0.21543658615173406,0.03317085129318015,0.22166996757478077,0.06738399940404777
0.21549023313839802,0.033159933012303605,0.22171744193110382,0.06721598138931237
0.21559414564248722,0.0331210001395745,0.221920359409066,0.0672058671701838
0.2156707516966412,0.03310893351279525,0.22200433194029984,0.0671321845417662
0.2157894539928019,0.033063953858035455,0.22216470066458938,0.06712049975265054
0.21585399052362486,0.0330592292135103,0.22219322094287738,0.06694308446228935
0.2159118877008394,0.033009993620834364,0.22233087685198932,0.06684061642453386
0.21599906135073607,0.03300063469739415,0.2224824942538012,0.06672044451850373
0.21604907021411177,0.03299347958483657,0.22253712937151027,0.06670677228096071
0.21626155914203982,0.03294103654182853,0.22262487480689114,0.06668947718968937
0.21629031652599232,0.03291160267241646,0.22267132426294167,0.06667030893465775
0.21641611796312177,0.03290889411742069,0.22280961982154573,0.06653902394093907
0.2164658199051721,0.032852247634146244,0.22329749046193434,0.06640298209022301
0.21655980759754812,0.032766510877000866,0.22338320269537718,0.0664005597517718
0.21664383584539576,0.0327603225337168,0.22343092628139843,0.06639884103533171
0.21674191463568607,0.032750703785651925,0.22350613264145194,0.06622896496560568
0.21678289563223863,0.03273979003493063,0.22360010363328478,0.06614982802652278
0.21698810764251036,0.03272339301253365,0.22361993539027303,0.06603252233061092
0.2170920201465996,0.03271659193575823,0.22375245165200575,0.06591806618182179
0.21711681444323566,0.0327067362883492,0.2238802893406638,0.06586282875443604
0.21721012241670845,0.032669590058149504,0.2240387725515421,0.06585453413920872
0.2173201939299173,0.032662262359503764,0.2241368513418324,0.0658191218679137
0.21736765115671577,0.03258032271736154,0.22419169343669548,0.06575157247908399
0.21751288055828774,0.03254408620025151,0.22431920289087312,0.06570016405561213
0.2176129708890791,0.03252446544701292,0.224437796743934,0.06556230292629757
0.21775570914045111,0.032518868550246716,0.22451888928093733,0.06548595440224234
0.2178231679562748,0.03251574854555532,0.224618207827471,0.06546972465066565
0.21794227751293482,0.03251242045946667,0.22464769902658005,0.06546900537682152
0.21802036915940523,0.032508007445667036,0.22502038107674846,0.06543058486551526
0.21809145832588392,0.032491448632687804,0.22518105267040045,0.06539376894838256
0.21815034896030866,0.032488175240151226,0.2252632551139508,0.06538896472790943
0.21823583458963658,0.032481056526043606,0.22532028710364083,0.06535614403308145
0.2183298055814694,0.0324776810426242,0.22538984717229346,0.06527994788450167
0.21845980190452768,0.03244484174758609,0.22553122361584302,0.06524399324427603
0.2185320282539746,0.03242987085609611,0.22572032350949894,0.0652162187085723
0.21861774048741742,0.03236670486717099,0.22587024469337477,0.06508384360351342
0.2188042566048699,0.03235540215229675,0.22596278345647827,0.06503918199364114
0.21884170097258485,0.03234446940780486,0.22601746010043622,0.06495896455201378
0.2189005916070096,0.0323358909535402,0.2260793967236562,0.06495234559901948
0.21909511667976292,0.03232725516849908,0.22624684540792445,0.06493635184074918
0.21915900430613863,0.03232628422740893,0.2263015220518824,0.06492584805314917
0.21925804845748115,0.03230050994263398,0.22646154295295673,0.06486951277219852
0.21934202098871503,0.03229834759591683,0.22654725518639954,0.06483170161531167
0.21945316866759726,0.03228612503646836,0.22659187685889207,0.06482623097552223
0.21958365858259962,0.03226064704355911,0.22680117963578553,0.06475359671674775
0.2196358355052243,0.03218923718797815,0.22687734609018895,0.06459631253122204
0.2198885173908748,0.03217068092209114,0.22693151585227414,0.06458562154261473
0.21999126380459574,0.03211174474624975,0.22696729879626712,0.0645596553639919
0.22008053038253378,0.03205516017965818,0.2271727644577186,0.06455739429722833
0.22036223798212556,0.03203538696919815,0.22726577060667474,0.06449236440059403
0.22047859911017703,0.03196203010399542,0.2273698856919205,0.06441563829910574
0.22055605952538437,0.031956215567196085,0.22750641986988926,0.06432171990860457
0.220683568979562,0.03190669763944829,0.22760130228154885,0.06430086582654371
0.22085101766383022,0.03189395539481124,0.22766220280850652,0.06428523268879281
0.22093819131372688,0.03182230782416889,0.2278715055854,0.06427674112054722
0.22101844760033712,0.031779263004684075,0.2279398977670593,0.0641852714787593
0.22112236010442632,0.03177740553701024,0.22813833822524693,0.06413913785063455
0.2211837330460879,0.03170115828151524,0.22827033235290684,0.06404417781696935
0.22130481690256676,0.03169899941045536,0.22831629903498976,0.0639427127311926
0.22135610057548769,0.03169044433593809,0.22835011589564427,0.06387051894608615
0.22157775042243005,0.03166472825665436,0.22850456506738165,0.06385884728944494
0.2217061222141667,0.031642402425747916,0.22862367462404168,0.06374226800631981
0.22176805883738668,0.0315983734039493,0.2287255619621612,0.06369332158041312
0.22192807973846101,0.03158578503599266,0.22877991150992602,0.0636903625508915
0.22197404642054394,0.03157252887662793,0.22886562374336883,0.06363320385378593
0.22202512828532434,0.031548852576630204,0.22900024322020182,0.0636021126651379
0.22214401106797582,0.03150891026442056,0.22908782505651806,0.06358064157784761
0.22217913983020088,0.03148227379751799,0.22914405134268848,0.06347693865752436
0.22225592543643075,0.03147863671885627,0.22926219351656216,0.06339923763051845
0.22239745740909786,0.03147590656277285,0.22929126543095066,0.06331396782251855
0.22249677595563153,0.031425442436769,0.22945871411521887,0.06330413361857018
0.22263331013360027,0.03141842908978742,0.22962086449694766,0.06328992829900133
0.22267432668888823,0.03136963079819376,0.2297295279572898,0.06326601113745495
0.22272088108398258,0.03133013946560157,0.2297922272287379,0.0631213851353664
0.2227809264343975,0.031296047342257334,0.2298961397328271,0.06302973668696867
0.22283878469747762,0.031284315757807775,0.22994349614050213,0.06300147106260241
0.22295350615668558,0.031257730680034915,0.23003315473948147,0.06299220070780182
0.2231519466148732,0.031240295834332382,0.23018116776312605,0.06293221925134061
0.2232317602266583,0.031204329320174803,0.2302106589622351,0.06285303804720699
0.22332528831430956,0.03120344644747559,0.2303145714663243,0.06276094598106852
0.2234139382038787,0.03120343120242806,0.23046347427384273,0.06273804504489161
0.2234747277265902,0.03118810502324313,0.23065220802975087,0.06270745130797653
0.22363321093746846,0.031183944542595314,0.23074088035377296,0.06267246672254333
0.22375452657981773,0.031165037091584386,0.23083822672415807,0.06265610346245998
0.2238823642684758,0.031151334512529057,0.23095791968702617,0.06247936602460955
0.22398568512651618,0.03113629875720254,0.23101479024379526,0.062449838697204836
0.22416389572235884,0.031132180102256237,0.2310653304537255,0.062407456597349385
0.2243123199055614,0.031116995091781445,0.23119896237290438,0.062361452256187146
0.2243776720277129,0.031107221538297647,0.23128084291900647,0.06235018053347129
0.22445170296174355,0.03108713472668739,0.2313389681529264,0.06219425008369004
0.22452929531633883,0.03108405817678683,0.2314374586464343,0.06212472412436876
0.22461117586244092,0.03108196998968265,0.23151039352024824,0.062110244204158865
0.2247335557864046,0.031071724089260358,0.23152821659944298,0.06169936317082975
0.22507524896783462,0.031071089264557147,0.2315921042258187,0.061687642287768685
0.22515165300148102,0.031036870146110535,0.2317390137394112,0.06163095682294196
0.22519445200846092,0.031035794602550258,0.2317893092048349,0.06157670122265481
0.22526657973465944,0.031006528952750946,0.23186743010698727,0.06152425709930945
0.22533559116583401,0.031004821536339964,0.23190909557946449,0.0615014852065054
0.2255171134301202,0.030974360656769763,0.23194992122953517,0.061481057319283106
0.2255978823027816,0.030962546285855826,0.23201136585781115,0.06146860776839642
0.22572625409451824,0.0309496748899709,0.23206137472118687,0.06145271389461865
0.2258146582414558,0.030929113466446705,0.2321696391099023,0.06139364021542205
0.22601757571941794,0.03089512276821412,0.2322983549956891,0.06138771261654239
0.2261466078706794,0.03088478921075063,0.23235667437979451,0.061330887261918064
0.2262025739053028,0.030869278480054604,0.2324263792530297,0.06130687492566769
0.22626069913922273,0.03086180948280075,0.23250946825247504,0.061278805946462
0.22639341515338315,0.030816492393376294,0.23266574940414295,0.0612030247030226
0.22648969966313798,0.03074780441392748,0.23272395299724935,0.061196588538237624
0.226537056070813,0.0307335226885159,0.23277036374303778,0.061167665948262895
0.22659714512636253,0.03069925589880406,0.23285287405082308,0.06107787742944248
0.2267522126769104,0.03069106772458628,0.23293595091986374,0.06103925257460827
0.22679572061175468,0.03068718978017439,0.23299732386152533,0.06095135021700526
0.2268362081522781,0.030681967194507376,0.23312241464212277,0.0608155124915655
0.226919040349017,0.030603703905315343,0.23334490201366043,0.06073511744044676
0.22700011406180687,0.03057026983715178,0.2334553312973561,0.06069822973694989
0.2273386537457567,0.030532380658122485,0.23350226243156036,0.06066234504379327
0.22744054108387624,0.030516900743329165,0.23354231475558868,0.06066040466279005
0.2275819175274258,0.030516697820155515,0.23358782548141246,0.06065239787156301
0.22763280764601546,0.03051370162346123,0.23370652777757314,0.06064220162918002
0.22766786288677499,0.03050966946065789,0.23374658010160146,0.060626477200427714
0.22772930751505097,0.030502794141732494,0.2338576030530801,0.06061710751410551
0.2278118178228363,0.030493663516463702,0.23394170382851556,0.06051171860630731
0.22796621560175262,0.030491397633235162,0.23408146392112145,0.060433389168408784
0.22810274977972136,0.030443034909034536,0.23419189320481712,0.0602921941999206
0.2282969030232905,0.03043543691155707,0.23423935043161562,0.060249677885339865
0.22833434739100544,0.030435375154297752,0.2343156504733751,0.060228596219310336
0.22848951344587615,0.03041287844923792,0.23435520928615886,0.06021458070905343
0.22858355174106787,0.030399014615941227,0.23441518325152055,0.06015199029527076
0.22873804751462617,0.03037452210257515,0.2348516827152775,0.060132876207802395
0.22879625110773255,0.030370874164435176,0.23497677349587495,0.060029186285066274
0.22911487273510447,0.030350571148350297,0.23505784720866482,0.059922669845283244
0.22932736166303253,0.030329674611561205,0.2351230393504858,0.059910484202145044
0.22944974158699624,0.030327366644184207,0.23530677035080177,0.05987425021632128
0.22954372927937222,0.030320589111233084,0.23538753922346317,0.059837849960061744
0.2296990585680363,0.030262884981252715,0.23546735283524828,0.059825303591636826
0.22978048031640838,0.030249411121164492,0.23557602800126104,0.0597807106252259
0.22984370087670852,0.030246474837158886,0.23561882700824097,0.05962750489711037
0.22989953891347606,0.030161748435263924,0.23567502156252984,0.05961520306518042
0.2299739009871681,0.030160184245434343,0.2358202509641018,0.059558014350781646
0.23005497624598994,0.030152456713522204,0.23600898472000992,0.05941506754918089
0.23016796648917542,0.03014208964677921,0.23613119166678095,0.05938400463543745
0.23022927864289858,0.03011825624812856,0.23623064989135711,0.05934271414363954
0.23034923365818608,0.03009244316255513,0.23635266704996144,0.059290832653337115
0.2306098341327191,0.030088939876485813,0.23648684733478859,0.05928605002039538
0.2311197223071262,0.030022266556314448,0.23653723676412808,0.05912753468889575
0.23115928111990994,0.029998488615209137,0.23661550585599345,0.059122419348003045
0.23120390279240247,0.029891392825245073,0.2367302273152014,0.05908917233453439
0.23129269363421623,0.029890402136830155,0.23684449701027538,0.05906207601766573
0.2314095030775611,0.029883454750956356,0.23696581265262465,0.059049566992939305
0.23149676040856199,0.029879271813584834,0.23713600396363416,0.05904119638436056
0.23185417524009314,0.02987008008666306,0.23727637671813007,0.059010722780861266
0.23190755816109823,0.02981036217948704,0.23739620077941267,0.058984152446472475
0.23214942910387457,0.02979105324963743,0.2374924852891675,0.05897756570199478
0.23216926086086281,0.029786606262759478,0.23758502405227097,0.05896950526906166
0.23229070670119037,0.029765761084727,0.237668660499939,0.058956610061015866
0.23239482178643614,0.029741212578598044,0.23780137651409947,0.05893459730936838
0.2325052510701318,0.029732580371565273,0.2379065929517483,0.05892994368415112
0.2326249440329999,0.029711556265706457,0.23806815645294438,0.05881676058639968
0.23278531275728942,0.029694039575751983,0.23816723002986248,0.05878965080726295
0.23284794086879337,0.029678986306751424,0.2382754944185779,0.05873243960213043
0.23305724364568686,0.029675465780772545,0.23847841189654007,0.058691686502269455
0.233148351726093,0.029656353911774534,0.23859420489182018,0.05867338173453446
0.23329382983494024,0.0296153206424062,0.23860996640639823,0.058650304522565304
0.23341666953352228,0.029594033165564974,0.23877211678812701,0.05864308995977075
0.23357881991525106,0.029582422611361705,0.23882914877781705,0.05861804728527347
0.23360644624090043,0.02956225437779457,0.238873816971431,0.05860715629245635
0.2337144480505262,0.029557326691692545,0.238992926528091,0.058597934145544
0.23408713010069465,0.029541421842392054,0.23908679065683472,0.0585965083118593
0.23414857472897063,0.029531103082422887,0.23921786939765174,0.05857203113386759
0.23463644536935924,0.029526677709811894,0.23937319868631582,0.058541341049075275
0.23469641933472096,0.029520739133624265,0.23943540491372678,0.0585023683317327
0.23479490982822884,0.029519099351761734,0.2395946006244829,0.05846974050466367
0.23488216715922972,0.02948958512887137,0.23962841748513738,0.058415715506938276
0.23498162538380585,0.0294020272817656,0.2396903541083574,0.05821359824822501
0.2350655597994053,0.029369396002133327,0.23977799977370795,0.05803185236893582
0.2351037508411004,0.029354453418173897,0.23993836849799746,0.05793765281965847
0.23519290931572587,0.029321742068596963,0.23996084398664885,0.05783473816222947
0.23538318514508555,0.029284895062402866,0.2400187411638634,0.05780087474778269
0.23543319400846124,0.02928055536127,0.24011594191842392,0.057752180007369744
0.23556096639001048,0.029256620924930393,0.2402459382414822,0.05769389219730216
0.2356665378628588,0.029244605855297336,0.24033598121628982,0.05769028318845071
0.2358079409542232,0.029234107494117777,0.240387165862465,0.05761216701371326
0.23590528732460833,0.02920395763485399,0.24043683021979853,0.057604129287564705
0.23598778784652094,0.02919259146858325,0.24054047167560094,0.05759246204788604
0.23605085895564792,0.029151146479581086,0.2406226741191513,0.0575817906357554
0.2361676683989928,0.029149118869503898,0.24069529732311312,0.05752431688985214
0.23627520001102648,0.02910703243906124,0.24081132322556156,0.057446989814892366
0.2363720888323997,0.029017795109509373,0.24088941487203197,0.05740821660675242
0.23642831511857013,0.02898709211695113,0.24103632438562447,0.05740128198910776
0.23655703100435693,0.028981850087136923,0.24115268551367594,0.05739518320752532
0.23666757908616878,0.028978621419654713,0.2412124228936724,0.05737939285933008
0.23674934589698468,0.028957503826872694,0.24134235745190388,0.05736306666711694
0.2368820619111451,0.028954993631209472,0.24139154511746153,0.05731664295632345
0.23697603290297792,0.028904806483406407,0.24146627241997046,0.057291038880177066
0.2370966298018587,0.028845339483194767,0.2415537391703462,0.057244605998616326
0.23723638989446458,0.028831038466332906,0.24165093992490672,0.05724401740873122
0.2373767626489605,0.028823784673821545,0.24213881056529532,0.057198357120558804
0.23743346066601298,0.02879466151089111,0.242257512861456,0.05712435719874086
0.2375165375350536,0.028763702580349066,0.24234996231997635,0.05712116296208958
0.23759526404851064,0.02875633006204118,0.24239597431268864,0.056997081476081436
0.23765530939892557,0.028751958137508353,0.24267768191228042,0.0569781825576845
0.23777596119043606,0.028745079865996125,0.2428398322940092,0.056949707436823024
0.23784999212446672,0.02872898675684237,0.24286590715108966,0.05686430118186026
0.23794719287902724,0.028722665351328554,0.24304963815140562,0.05686339904691271
0.238041444586094,0.028713308733407553,0.24314683890596614,0.05679056802930524
0.2380743074218483,0.028703320891536918,0.24324692923675753,0.056716263006706645
0.2381938863860951,0.02867178866725439,0.24329598336167982,0.056610514918269926
0.2383145381776056,0.02858637144438961,0.24335052626537743,0.056580315459814054
0.2383988666189911,0.02857141403593427,0.2434271323195314,0.05651205733251876
0.23845343322709653,0.028558710468198148,0.24346941004615397,0.05647231183147743
0.23852101551311103,0.028552744369331886,0.24359081391426185,0.05640834496772362
0.23859314323930955,0.028528056607069717,0.2437235299284223,0.05639842672474518
0.23882651211054315,0.028488497383939056,0.24386329002102816,0.0563732454431274
0.2389161707095225,0.02848468334220244,0.24390111974145973,0.05628897160421265
0.2389646266474915,0.02842249490957927,0.24394391874843963,0.05628194011524289
0.23904826309515953,0.028407400422734177,0.24401864605094856,0.05626446888301985
0.23918446012772732,0.028397090118059846,0.24407358132396942,0.056259123590601444
0.23924468627044157,0.028396999893936462,0.2441921751770303,0.05624605430982288
0.2394392113431949,0.028376058467834777,0.24454207700672606,0.056169586112591346
0.2395331823350277,0.0283638112555412,0.24463525928440158,0.05605946829879704
0.23978112493611722,0.028346884442098524,0.24475763920836527,0.05605319542367505
0.2398333018587419,0.02832383058758941,0.24486883568069615,0.055891578863392875
0.23993741694398765,0.028303749989938298,0.24496512019045097,0.055859384333581674
0.24006741326704595,0.02829686930162238,0.24500092465147136,0.05579782330711059
0.24021919307017245,0.02826661608262407,0.24508174851020395,0.05578472096334377
0.24036809587769087,0.02824737258552089,0.24518964885935784,0.05577851048065054
0.24040679367383855,0.028225361794428597,0.2453154502964873,0.05568434438985933
0.24047895513241602,0.028211730658562983,0.2454500697733203,0.0556371513798089
0.24050346093056651,0.02820571587250105,0.24552916733445085,0.05557992521993048
0.24056761708230873,0.028205612314837113,0.2456437724844842,0.055450605442843436
0.24072918058350481,0.028200293548807626,0.24574013052419924,0.05542172684398862
0.24080036651714404,0.02819939358371729,0.24583747689458438,0.055263322131062484
0.2426966729304984,0.028177415814982794,0.24586388885459237,0.0552580273407692
0.2427412946029909,0.02817553660135195,0.24597357205893555,0.05524202227528393
0.24278822573719516,0.02816828570123902,0.24607768714418132,0.05519872704559791
0.24290636791106884,0.028141934388406453,0.246177005690715,0.055101692312534034
0.2430318045101367,0.02812771226606053,0.24628520281005023,0.05509762637013951
0.24306466734589102,0.0281096909928754,0.24644266823919878,0.055087054829357975
0.24313987370594453,0.028085664489754827,0.24648272056322712,0.055049686159638296
0.24317369056659904,0.028049639150568725,0.24656909563664164,0.05504497697882696
0.243250296620753,0.028023516011303984,0.24668129801513797,0.054947432649649894
0.24334454832781977,0.028016284027336448,0.24702299119656795,0.05492081458322462
0.24344359247916228,0.027922113111288827,0.2470604355642829,0.054919467723939366
0.24349978703345118,0.02788091866982017,0.24711755586892573,0.05487568501088238
0.24360443256056794,0.027827180005127652,0.24723216101895912,0.05487212883272394
0.2437651041542199,0.027786525846575583,0.24735003677414724,0.05486292343047768
0.24383927795179847,0.027785472879040277,0.24739596731985647,0.054793726395848806
0.24395608739514338,0.02776214340919842,0.24743393197405109,0.05476205887891689
0.24403336374759912,0.02771815901221087,0.24750369599999858,0.054623445360981245
0.24412252222222458,0.027695639005449198,0.24759296257793661,0.05458127099384985
0.24423295150592025,0.027667706699587086,0.24765316132955145,0.05454207229816658
0.24436494563358016,0.027620979231201617,0.2477077964472605,0.054519926075378464
0.2445251689119387,0.027609298623688112,0.2477605871360838,0.054510983097774614
0.2445809020521358,0.027571602654053843,0.2478925812637437,0.054426803545727764
0.24465282675545438,0.027561955405985432,0.24796376719738292,0.05441234490892945
0.24473365061418698,0.027561850447730688,0.24813092578828919,0.05441135947051213
0.24484093022300904,0.027538816577577105,0.24818146599821944,0.05436878986973804
0.2449240192224544,0.027538309751081496,0.24830919611023516,0.0543559084279318
0.24495351042156344,0.027537408511711138,0.24842915112552266,0.05422886459033895
0.24505085679194857,0.027498450294041143,0.24854884408839076,0.054168205632394384
0.2451045037786125,0.02749158225594417,0.2489215261385592,0.05414782357218436
0.2451767757954654,0.027458575924429032,0.24908219773221116,0.05412601420874929
0.24532839319727728,0.027453157078881667,0.24928766339366265,0.05408326661384162
0.24541147006631794,0.027447320460365812,0.24960628502103457,0.05407596353621421
0.24556507197855543,0.02743361545802311,0.24996369985256572,0.05406870107483017
0.245684896039838,0.027432525424905232,0.25000471640785366,0.053956521298499656
0.2457590698374166,0.02743207064023402,0.25010345380776444,0.053895580641508234
0.24589395727047242,0.027414398062387473,0.25024460757174183,0.053881620592747835
0.2460936241907274,0.027399708054207928,0.2503674472703239,0.05379903830296989
0.24629329111098236,0.027396298833155783,0.25039620465427637,0.05379367300048433
0.24635348986259717,0.027391198251592423,0.2506014166645481,0.05376663926278429
0.2464763295611792,0.02733259365638632,0.25074519712835286,0.05359291029821049
0.2466016929360954,0.027331928587781645,0.25084462114484796,0.05355848447024978
0.24666300508981856,0.027328091015523928,0.2509771374065807,0.05355626860866166
0.24676691760240244,0.027312533073448227,0.2510812524918264,0.05351505759917073
0.24681288428448536,0.02726390945701109,0.25118029664316893,0.05349292362184126
0.24693019763231727,0.027259765234997402,0.2512212776397215,0.05348083815730724
0.2470427475537043,0.027231421135748363,0.25127619168028675,0.05346755023495017
0.24712147406716134,0.027223155916604423,0.2513258560376203,0.053413903459217864
0.24725140862539283,0.027211042092858254,0.2513912081597718,0.05335913686457399
0.2473416118098873,0.027210774418230242,0.2514742850288124,0.05331398616171881
0.2474752437290662,0.027189971589944188,0.2515270757176357,0.05328648492406079
0.24751626028435417,0.02718992025472537,0.2516810403187804,0.05319501101819041
0.2476037270347299,0.02715361949417035,0.25217771855041476,0.05304202430602936
0.24762980189181036,0.027151483941021487,0.25233211632933106,0.053016724760101025
0.24767260089879026,0.02715143812187959,0.2525414191062246,0.052917371537963144
0.2477334042720794,0.027097890515550848,0.2527692852928898,0.05291443075076894
0.2478761425234514,0.02708259764404824,0.2528167425196883,0.052882992811938326
0.24791619484747973,0.0270659250624887,0.25293228651037925,0.052875398995108965
0.24802767811723628,0.027062482583922593,0.2530291753317525,0.052809932304235106
0.2481659736758403,0.027061352015862555,0.25307971554168274,0.05278019371046957
0.2482435660304356,0.027039967143375393,0.25319940850455086,0.05274427467438647
0.248321657676906,0.02702836520028474,0.25349916004717143,0.0527222576219728
0.24839784849405502,0.027007400804865363,0.2536557669358835,0.052699354099593566
0.24847445454820902,0.026984028150725974,0.25386506971277695,0.05264905622642856
0.24859409228715482,0.026956807418109054,0.25393897997136694,0.05251504687267285
0.2486728978945882,0.02695165758664699,0.2540817182227389,0.052511709174736375
0.2488062827714493,0.026937491839923552,0.2541286493569432,0.05246872598956181
0.24886488293025144,0.02692096509416449,0.254236546350698,0.052450508686650424
0.24896612745036278,0.02691215764974918,0.2542959704935736,0.052423840963288705
0.24904273350451675,0.026909997111980666,0.25434488756530993,0.05241082963351645
0.24909302896994048,0.026891168935079625,0.2544622009131418,0.052378751107907094
0.2491787412033833,0.02688084314452607,0.2545513593877673,0.0523671236171108
0.24926799198970903,0.026878656794951574,0.25463529380336675,0.052333354155979
0.24959257851424116,0.026832801315185624,0.25478969158228304,0.05230141218555436
0.24973948802783366,0.026819885441486533,0.2548780957292206,0.05225199417715229
0.24984738837698753,0.02681915434752447,0.2549843720057656,0.052204797036231654
0.24998133098063555,0.026750952059734538,0.2550607023735369,0.052201530093217895
0.25006184463909586,0.02673940248367965,0.2551002611863206,0.05218218209326213
0.25015904539365635,0.02672309293515594,0.25530317866428276,0.05213224871323089
0.250239428251016,0.026719758960259188,0.25542826944488023,0.05206410220933041
0.25028637008851856,0.0267056355502932,0.2555446305729317,0.05203133964688719
0.25037000653618663,0.026703857939388623,0.25569912634649,0.051992873383473574
0.2504577519715675,0.02666198099323036,0.25579400875814956,0.051917257823902246
0.25055464079294076,0.02665356190916629,0.2558735872796333,0.05185136656508792
0.25061295873719774,0.026652266034852493,0.2559903967229782,0.05184582465417675
0.25067609536580054,0.026623091610854032,0.2560634144963857,0.05182448185022048
0.250824998173319,0.026602524009375437,0.2561222908639934,0.05176289928607988
0.2509967900011865,0.026550188880292352,0.2561781912984415,0.051703627175351194
0.2511511877801028,0.026540852666721404,0.25620298559507754,0.05167382608155014
0.2512512781108942,0.02651011758440361,0.2562440021503655,0.05146217629714084
0.2513763688914917,0.0265099187084856,0.25631158443638,0.051400314233133945
0.25143071843925646,0.026492764261729047,0.2564283938797249,0.05133922426088722
0.25148535355696555,0.02646065441192266,0.2565223648715577,0.0513317744671494
0.25153458428630937,0.02645709913087274,0.25663708633076565,0.05132428065820773
0.2517047755973189,0.02644059410773372,0.25676743968527355,0.05131266996182435
0.25178236795191417,0.026419840544806835,0.2568447160377293,0.05121565276173483
0.25196773861257893,0.0263781921496698,0.25692580857473263,0.05119463239305472
0.25201551086462864,0.026368477638603952,0.25696833288920756,0.051188921399850706
0.2521302323238366,0.02634337842053551,0.25745620352959614,0.05114184520982232
0.2523721032666129,0.02628665966821775,0.25753280958375013,0.05113502746538915
0.2524509088740463,0.026267919808153392,0.2576475310429581,0.05112774572068936
0.2525591732627618,0.02621485571496492,0.2577671687819039,0.05110673263933654
0.2526474230273637,0.02621273828183207,0.2578174642473276,0.051085404399943836
0.25274674157389737,0.02620230193321749,0.25794277467489607,0.05104792428139084
0.2528009113359826,0.02618190262341284,0.25803990202691657,0.051044194910896866
0.25287724170375386,0.02615058270596892,0.25827596804436853,0.05104048165835748
0.25299711598559155,0.026145789091328028,0.25847563496462345,0.05098111369431332
0.25309199839725116,0.026135205556073116,0.2585853181689667,0.05094718422115289
0.25324827954891904,0.026124990022049422,0.2586582530427806,0.05091949395262736
0.25334072900743937,0.026046306615131826,0.258736522134646,0.0509159341797613
0.2533975995642085,0.026023091336614637,0.2588187245781963,0.05086180637285178
0.2534885879715463,0.025992593987956333,0.25887892332981116,0.05082734334135219
0.25358547679291954,0.025965085664396037,0.2589632517711967,0.050777100825587916
0.2537203642259754,0.02593750042575779,0.25902616214396657,0.050740377735633654
0.25381389231362667,0.025934680551557933,0.25923865107189464,0.0507035893727253
0.2539741155919852,0.025877943396705374,0.2593326387642706,0.0506694332879533
0.254018325285183,0.025857605144966753,0.2594618228768835,0.05065973717967167
0.25415808537778883,0.025813133050274394,0.25955335197917245,0.050613820960167574
0.2542639074267423,0.02581106091677561,0.2596961576953023,0.0505931958934543
0.2543711870355644,0.025784111188097494,0.25976732188680507,0.050551390685015435
0.2544189106215856,0.025780812555833366,0.25989931601446503,0.050520866200133
0.2545007911676877,0.025764603528212006,0.2601428833620604,0.05043362686622995
0.2546204841305558,0.025760312543029507,0.26018389991734836,0.05042356130215091
0.254730167334899,0.025751923191891398,0.2602750079977545,0.050350248969166185
0.25487662348735746,0.025741837826746817,0.260393890780406,0.05025633002221869
0.2549368222389723,0.02573506338156985,0.2605393688892532,0.050252930620066756
0.2550317766345601,0.02573103848452662,0.2606004182939931,0.050152513451682354
0.25516049252034695,0.02572315586878185,0.2607358603617719,0.05002457888009207
0.2552207186630612,0.02568072353524853,0.2607634866874213,0.0499998653236161
0.2553548989478883,0.02562702412405588,0.2608911208774972,0.04989968491393174
0.25549758490600305,0.025617316266871904,0.2609418753020499,0.049892071998392594
0.25559471225802355,0.02561270023243037,0.26108340727471696,0.04989111252295241
0.25561950655465965,0.0255926584331293,0.2613252782174933,0.04986103860713849
0.2556684236263959,0.02559216146217296,0.26138030786217464,0.049812591909115154
0.25582879235068545,0.02558770059438782,0.26145466993586663,0.04979446719068319
0.2559151674241,0.025576872683659123,0.26159604637941625,0.04979302979291737
0.2559959912828326,0.02556416864768336,0.2616788785761551,0.04978861885504747
0.2560999037869218,0.02555975665000707,0.2618190075502908,0.0497397523208417
0.2561937679156655,0.02546733826213212,0.26191589637166407,0.0496310288245722
0.2563135919769481,0.02544356448436198,0.26199410657839955,0.04962382585309018
0.2564130502015243,0.025431746374077756,0.2620919192473182,0.049608657773422264
0.2565420823527857,0.025411206559941092,0.26221475894590024,0.0495964447544295
0.25663521796917754,0.02539611889930476,0.262361971040036,0.049564347075373105
0.2567804473707495,0.02533279022689822,0.2624165139437336,0.04953817795321494
0.25688744626433757,0.025329322445384828,0.2627695019590559,0.049525491579716696
0.25697611858835967,0.025295658318467903,0.26281621745577866,0.04941336949138266
0.25703749153002126,0.025251139767889078,0.26293609173761634,0.04940440147307399
0.25719905503121737,0.025154342805937188,0.2630151892987469,0.049267031151830544
0.25728925821571186,0.02512745964306492,0.2630766339270229,0.04923381422959831
0.2573793011905195,0.025127001545502226,0.2631226006091058,0.049194200715707764
0.25745839875165,0.025106519845285974,0.2632591347870746,0.04912622254642459
0.2575519383241103,0.025093843069991545,0.26363181683724296,0.04907776379075694
0.2576739554827146,0.02507031718736503,0.2637030027708822,0.04905032854508488
0.25780430883722244,0.025057949380584556,0.26382710702168194,0.04902677007131318
0.25791729908040795,0.02501963771980924,0.26391819395882665,0.048976117720836036
0.2580476524349158,0.024995045619074494,0.2639795061125498,0.04894135126945562
0.2581633175597603,0.024990169284029275,0.2640556725669532,0.048917037184592775
0.25825344932947014,0.02498672841009443,0.2641322786211072,0.04887199217617669
0.25834645547842633,0.02498205343333232,0.26422714902128763,0.048855560807436714
0.2583740818040757,0.024962261300741802,0.2643076626797479,0.048822935017204326
0.2584488411994901,0.024943706299453253,0.26435108584616884,0.04880520601279072
0.25859814075958726,0.024938513510443593,0.26441082322616527,0.04878377204205666
0.2586905902181076,0.024880152231111993,0.26449922737310283,0.048753390393343345
0.259063272268276,0.024822100562794106,0.26456376390392583,0.04874101635104793
0.2591733437814849,0.02481491462316343,0.26463865523023344,0.048697800006118994
0.25928302698582806,0.02480804107945433,0.2647930530091498,0.04864973534233477
0.25942759081214095,0.024804865364528045,0.2648641421756285,0.04864005768029564
0.2595580807271433,0.024796156383959985,0.26490117259328266,0.04852072789716081
0.2596692771994742,0.02476958937957174,0.2649622219980225,0.04850632220974523
0.2597220678882975,0.024756632291842995,0.2650482181322047,0.04841792390263328
0.25993137066519095,0.024749533478199495,0.2651390229864718,0.04841378112747815
0.2600285176739037,0.024749506506441594,0.2652908452969829,0.048386700606133766
0.2600837836958306,0.024641791659700304,0.2653372947530334,0.04838216045620419
0.2601678844712661,0.024637427437674383,0.2654140803592633,0.04837143540536256
0.2602444163668534,0.02463471900088611,0.2655000764934455,0.048370152538248654
0.2604028995777317,0.02460540795179876,0.2656585597043238,0.048355215138727814
0.26046060178502406,0.024599535433329087,0.26571452573894716,0.04822562981214911
0.260505269978638,0.024594496509499096,0.2657614675764497,0.04821969710852745
0.26055445764419566,0.024582063918654876,0.26585142589326477,0.048177109191355906
0.260604960817316,0.024576431469004855,0.26595870550208683,0.04811216550169177
0.26066659861464175,0.02456119254823652,0.2660651807325595,0.048070525928208555
0.2606930105746498,0.02455933979450337,0.26612971726338247,0.04806758416986255
0.2607404678014483,0.024551839762082122,0.26617772139474405,0.04786673544264817
0.2608126941508952,0.024548462533034585,0.26629071163792956,0.047840316527799194
0.2609549404752806,0.02454037538491962,0.2664320880814791,0.04771193301270775
0.2610653697589763,0.024532282491309187,0.26651934541247996,0.04766959099169967
0.2612152909428521,0.024531284209420617,0.26664354722469297,0.0475956948233822
0.2613697867164104,0.024491707380542536,0.2667536187379018,0.047571815642202996
0.26149751682842615,0.02449069761506774,0.2668898157704696,0.0475636359885039
0.26155030751724945,0.02447709573336991,0.2670501844947591,0.04754543355592219
0.26174448935391537,0.024446715675901603,0.26710453404252393,0.04751511513614767
0.2621809888176723,0.02444322778655347,0.26715980006445084,0.047444433462787386
0.2622294447556413,0.024405310688820618,0.26721447670840875,0.047437551762605355
0.2623024625290488,0.024395498681078643,0.2672867030578557,0.04742303081090786
0.26241289181274446,0.0243744494685829,0.26737103149924124,0.0474166870442561
0.2625568192005548,0.024356577578468087,0.26741008048674514,0.047400963323418234
0.26267639816480154,0.024334577538771857,0.2675279562419333,0.047362737172751565
0.26273582230767717,0.024297399362890246,0.2676270003932758,0.04735361479704876
0.2628213615299486,0.024297369983577333,0.2677399906364613,0.04719133842196246
0.2628691337819983,0.024288072171399257,0.2677809716330139,0.047180807065351556
0.2630095065364942,0.02425612125057486,0.2679031225913413,0.04715824343850905
0.2630779835290503,0.02423863536657684,0.2681211810399892,0.0470851796454821
0.26316201177689796,0.024229389454223385,0.2683076971574417,0.047075170447611794
0.26323417323547543,0.02422659662171947,0.2683645677142108,0.04701600371554243
0.2633406484659481,0.024218901489502672,0.26840877740740854,0.04697543421714247
0.26338759030345066,0.024193441839617906,0.26852303183754045,0.04695256540466615
0.2634422669474086,0.024153669368211252,0.2686013009294059,0.04693094117288636
0.2634927701205289,0.024143766927240573,0.26869818975077914,0.04687735338898106
0.26356229320333974,0.024112632858428906,0.2688397217234462,0.046867672492452946
0.2636438920488249,0.024037622215238887,0.26897171585110613,0.04684700795593941
0.26374691183837523,0.02400567189089564,0.26906658625128654,0.04680692979606864
0.26407484271888404,0.024004000638990764,0.26918018669290456,0.046803870526637766
0.26419904453109705,0.023992039498628274,0.2692848322200213,0.04673771033608193
0.2642688288678272,0.02395325637178932,0.2694096380380442,0.04673355180148166
0.26439300596901266,0.023935944818604723,0.269515523916032,0.04669868894292078
0.26448296428582774,0.023935206674270938,0.2696432962975812,0.04666537993157917
0.2645418549202525,0.023910935292896913,0.2697198281931686,0.04662537571108614
0.2647697211069177,0.023882001151836377,0.26979198965174606,0.04656449458132064
0.26482994733882614,0.02387476986856483,0.2698741920952964,0.04651598914119062
0.2649241982134141,0.023868344722965465,0.26990705493105066,0.04650415144640147
0.26500036466781757,0.02384031303253996,0.27003740828555856,0.04649519930865615
0.2650887179740883,0.023827056374554772,0.27036533916606736,0.0464840930374061
0.26517002334532835,0.0238094548065831,0.2705507098267322,0.04648329784290609
0.2652226357222992,0.023792261559183,0.2705966403724414,0.04648316054252729
0.26532991533112127,0.023789050008965546,0.2708245065591066,0.046480737495766686
0.26548436450285867,0.023785538656986786,0.2708920888451211,0.046448326897653616
0.26565455581386815,0.023740750167354253,0.27100251812881676,0.04638886021936592
0.26574536066813526,0.02373461283366156,0.27117391575250993,0.04635594771185266
0.2658532576618901,0.023716326279174565,0.2712613825028857,0.046336461857781466
0.26591381831665417,0.023670319110239143,0.2713172205396532,0.04632708177446928
0.26597901045847516,0.023667830854599867,0.2714144212942137,0.04632693461813807
0.2660871701162664,0.023659150768830777,0.2715083922860465,0.04630261109646819
0.2661279957663371,0.023652041555519084,0.27158458310319555,0.04622681914655123
0.2662169990941057,0.02358470408436299,0.2716351992343387,0.0462160185542976
0.2663281467729879,0.023579453809584674,0.27172945010892674,0.04620821118557077
0.26639149124095496,0.023570223913111848,0.2717672798293583,0.046136548492447936
0.2664996883602902,0.023563630401899672,0.271909965787473,0.04612080904469604
0.2665968891148507,0.023551775400933936,0.27197005484302256,0.04606491438428244
0.26666807504848994,0.023533715367928993,0.2720440857770532,0.04605203593711705
0.2668897248954323,0.023532275451011976,0.272101206081696,0.04599646690692073
0.2670788247890882,0.02351336482971005,0.2722773635130999,0.045946025048845436
0.2671255402858109,0.0234861414991524,0.27234751051325323,0.04592565029277859
0.2672207669274356,0.02348171837624206,0.2725149591975215,0.04591611018645831
0.26743460418212706,0.023468691643788776,0.27262501299932007,0.04558819855132441
0.26749935266798724,0.023456512223709355,0.2727428887545082,0.04555554333564837
0.2676432800557975,0.023438305600719345,0.2729174726991295,0.04553358734867596
0.26777872212357634,0.023418506373719995,0.27302063656696723,0.045477361377256685
0.2677969802578672,0.02338792734375924,0.27328123704150026,0.045463198253372625
0.2678982247779785,0.023376485100539635,0.27337485083198987,0.045451013859346245
0.26794788913531203,0.023357844739923136,0.27349723075595356,0.045446559024090734
0.2680840861678798,0.023349677550226013,0.27355860369761514,0.04541578099032131
0.2682037239068256,0.023348565053495904,0.2735831094957657,0.045415376161542106
0.2682819341135611,0.023334560953683862,0.27367463859805463,0.045415266871868025
0.26833905441820394,0.023322677548410525,0.273805128513057,0.04536494194028465
0.26839359732190154,0.02331725587119635,0.27386535474496543,0.045337222968738454
0.26844071433247185,0.02330315611028233,0.27398667038731467,0.0453130866778628
0.2685237912015125,0.023276199456957088,0.27414111955905207,0.045304808922675736
0.2687125249574206,0.0232682475161607,0.2742206980805358,0.045222148060237666
0.26879079404928596,0.023265597386886522,0.27434833227061173,0.04501783846117137
0.26893880707293055,0.023250829343245436,0.2745036615592758,0.04496728962383786
0.2689891025383543,0.023246909508629638,0.2745570729119788,0.04495833062263552
0.26906102724167286,0.023234125129149158,0.27470620426039943,0.04494942047130233
0.26924254950595905,0.02322051947640018,0.2747837966149947,0.04488234365506751
0.26934913893892537,0.023220294080784108,0.2748471410829617,0.044861550825727604
0.2694070361161399,0.023211958584962056,0.27494988749668264,0.04485302730413886
0.2694934111895545,0.023155179726561982,0.2750782592884193,0.04482274505107327
0.2695425988551121,0.023152576206749806,0.27512671522638826,0.044820121519852735
0.269626747311193,0.023151874404148978,0.27521824432867725,0.044811453896800545
0.26970894975474335,0.023140137163199927,0.27546618692976677,0.0448085691937085
0.2698155391877097,0.02313284146991246,0.2756786758576948,0.04478266196212712
0.2699118972274247,0.02311430337014149,0.27580644823924405,0.044739527565332636
0.2699664401311223,0.023097416645233976,0.27590634026170346,0.044739450786900316
0.27010105960795533,0.023067168298604147,0.276036274819935,0.044725814677645144
0.27015689764472284,0.023065691408989068,0.2761263177947426,0.04471671136230794
0.27026349166481706,0.023060009466700095,0.276229638652783,0.04464779641767442
0.2703232290448135,0.02305868119860245,0.27630156335610156,0.04463958051767506
0.27045740932964063,0.023031266113305294,0.2764158177862335,0.0446353728528873
0.27050091726448494,0.023001624364160967,0.2764635413722547,0.04457077061361299
0.27061517169461685,0.02299547695316678,0.2765023432027627,0.04456598983432564
0.27072447080345624,0.022988194125554397,0.2765601971717815,0.04451303688759112
0.27095233699012145,0.022976297396936397,0.2766203959233963,0.04448176615274958
0.2710514105670395,0.022963960550298656,0.27669148508987496,0.044461345927216435
0.2711781233560383,0.022963368145037983,0.2768856383334441,0.044445330592296876
0.27161462281979526,0.022948054870416488,0.2770195809370921,0.04443719824984704
0.2718239255966887,0.022897027882070275,0.2770443752337282,0.04434462646706759
0.27190552444217386,0.022896677855718604,0.2771284760091637,0.04432468815348454
0.27199152057635606,0.022893917315644982,0.2771806529317884,0.04432426042002941
0.27217525157667205,0.02285413258187825,0.2772296323035164,0.044318894413395996
0.27223016561723734,0.022852802525020435,0.2773182871115059,0.04430615317127931
0.27226921460474124,0.022821283861279965,0.27737640000265407,0.0442965038376276
0.27235470023406916,0.022810837897182353,0.2775190859607688,0.04425920111248666
0.27241255420308796,0.022798445901835693,0.27754388025740484,0.04424623957609185
0.2725553599192178,0.02278056552123373,0.27765802778197424,0.04424072753966619
0.27276466269611127,0.022760809731378815,0.27781247695371164,0.044221305522298714
0.2728343675693465,0.022754746767578594,0.277848281414732,0.04415207100378976
0.27299438847042085,0.022746359702674423,0.2779205534315849,0.04414230660450219
0.2730477998231238,0.02274238076971372,0.27803635210980676,0.04409164362997658
0.27313212826450933,0.022723614895672106,0.2780860540518571,0.04393816485840878
0.2732354491225497,0.022722748842420995,0.2781502102035993,0.043905969722893304
0.2732964985272896,0.02271968149311442,0.2782557204213017,0.04385769652921245
0.27335628524014693,0.022702696551019745,0.27837787137962916,0.04381705334867934
0.2734264322403003,0.02269600076387541,0.2784553317948365,0.04377544139955839
0.27346523407080825,0.02269490449381021,0.2786097295737528,0.043768975169628764
0.27360797232218026,0.02265250263593123,0.27866050273332477,0.043641294487857
0.2736677590350376,0.022645779632194017,0.27873728833955463,0.0436238031499398
0.27372455370457244,0.022623053720361344,0.27885692607850043,0.043613005845269066
0.2742455410973539,0.022622810095991885,0.2789242595553035,0.04356921287409672
0.27432863009679925,0.02259678136913932,0.279015592201101,0.04348193458527049
0.27444845415808183,0.022576424937974616,0.27907992721684993,0.04347901054493431
0.2745067735421872,0.022570651532613777,0.27912915794619375,0.04347292070861907
0.274668923923916,0.022554680231975474,0.2791975418030655,0.04339187938430632
0.2747195400550592,0.022551472248860782,0.27926089814234945,0.04330908889383509
0.274856074233028,0.02255054706050856,0.279338104082393,0.0432737800952118
0.27496360584506163,0.02250171155596796,0.27939089477121626,0.04324641173051165
0.27558615330138114,0.022473813091601666,0.2794727753173184,0.043226581574062485
0.27571392568293035,0.02246543174471134,0.2795132628578418,0.04320525972942239
0.27573871997956645,0.022462733491559507,0.27960751373242976,0.04312219076164915
0.2757682111786755,0.02245039202209027,0.27982000266035784,0.043096707939415994
0.2759109494300475,0.022444610294871263,0.27988291303312773,0.042994548847196445
0.27600968682995825,0.022334960160558286,0.2799154292073145,0.04298903088167663
0.2761768454208645,0.022322941739934227,0.2800327425551464,0.04287666610737454
0.2762841250296866,0.022286343631164985,0.28014281406835523,0.04287371582986306
0.27634734558998675,0.022268566872860066,0.28024016043874034,0.04287161190373723
0.2764200967153523,0.022234007378420198,0.28027302327449466,0.04284683526674897
0.27657001789922814,0.022219660390532834,0.280514894217271,0.04283500884073487
0.2767127038573428,0.022197196518820298,0.28060802983366284,0.04276402712228699
0.2768013852876631,0.022189191338064317,0.28068443386730924,0.042731238244166414
0.2769532075981742,0.02218585343927866,0.2808186141521364,0.04271104448161153
0.2770746114662821,0.022183883495296458,0.2809316043953219,0.042695711675666374
0.2772045460245136,0.022135767670188187,0.2810727581592992,0.04268388903423901
0.277300282652817,0.02210329043467918,0.28169530561561873,0.042631715125766655
0.27732478845096753,0.02208886409626232,0.28174965516338357,0.042593334527197615
0.27743533653277935,0.022030083448658106,0.2818421939264871,0.04256022987920619
0.2775750966253852,0.022022201896947147,0.2819270558593341,0.04248074931202078
0.2776409108029769,0.021991678204901412,0.28203037671737446,0.042464876315652184
0.2776876262996997,0.02198794525693526,0.2821112005761071,0.042463465720817786
0.2778087004382633,0.02198720736433009,0.28224023272736853,0.04244080725927228
0.27786363571128414,0.021955743631387387,0.2823034532876687,0.042432496416044706
0.2779889461388526,0.02193903045596211,0.2824396503202365,0.04242662614070132
0.27814312558747345,0.02192034449812477,0.2824996956706514,0.04239347230068038
0.27821058440329716,0.021906868221571563,0.2825555337074189,0.042390732993930154
0.27825286212991973,0.021897622702269096,0.28317808116373844,0.04236370452914669
0.27830428556583,0.021894851479898468,0.2832892288426207,0.042359167059730266
0.2783512274033325,0.021878355961401866,0.2833747144719486,0.0422752234810692
0.2784598908636746,0.021861068890231167,0.283430680506572,0.0422271473027421
0.278538011765827,0.021834665174063548,0.2836742478541674,0.04221711937955612
0.2787054604500952,0.02182527587943058,0.28378084187426156,0.04217529421562793
0.2788670239512913,0.021784878203830318,0.28388666392321504,0.04214511506487151
0.27930352341504827,0.02174076304102435,0.28398448267432536,0.04213504193066927
0.27938179250691364,0.02173969610502286,0.28406863304170954,0.042132874613938345
0.279496397656947,0.02173228972169099,0.28415172204115485,0.042131161783241354
0.2795638564727707,0.021703125105045032,0.28425017836056043,0.0420875774393312
0.2796333795555815,0.021700171049710944,0.2843567723806546,0.04199613708475293
0.2797085545277881,0.021697924354872413,0.2844422580099825,0.04198058981060977
0.2798677502385442,0.02169755132284546,0.2845105614349656,0.04196656345819052
0.2799189348847194,0.021690337536072767,0.28461809304699925,0.04181011713892997
0.2799594224252428,0.021682994599196592,0.2846475842461083,0.04179530004195315
0.28001728068832293,0.021665555825003666,0.28469535649815797,0.04177483337193057
0.2800678109339922,0.021658850670093342,0.28481423928080946,0.041747493219618195
0.28027711371088565,0.02165356648450152,0.2849212381743976,0.041698693095029174
0.2804377853045376,0.021639011418382256,0.28515460704563117,0.04165275081379311
0.2806656514912028,0.02161072289531499,0.2852417806955278,0.04163223023958148
0.2807030958589178,0.02159807501020655,0.2853006570631355,0.04162526924506981
0.28075570823588863,0.021586838106417348,0.2853819624343756,0.04162254777377232
0.2808109742578155,0.021579599478366875,0.28544028037863256,0.04155205280503648
0.2809265182485065,0.021578984521999203,0.28558829340227715,0.04146793659533376
0.28097296770455704,0.021554324602546842,0.28573719620979554,0.041457312280728346
0.28106925221431184,0.021537102215971677,0.2858187950552807,0.041309039809716175
0.28112416625487713,0.021533706578564855,0.2859384327942265,0.04123995509822794
0.2811579831155316,0.021524011870637037,0.2860488620779222,0.041166529393010576
0.28124818630002607,0.02150202676760435,0.28610459521811926,0.0411574315159822
0.2813243527544295,0.021495501686234906,0.2861955836254571,0.041150787965669886
0.28194690021074903,0.02149049557055651,0.2862927306341698,0.04113095370161333
0.28199969089957233,0.021451603656948016,0.286520596820835,0.0410950405097681
0.2820487450244946,0.0214377747943586,0.28657089228625876,0.04101573221486315
0.28217019086482215,0.021404072007645936,0.28663928446791803,0.04098036875763741
0.28226526636907945,0.021396162522696358,0.2868825158168944,0.040971178356690965
0.2823621551904527,0.0213917340204623,0.28721044669740325,0.04095780106356239
0.28247642488552666,0.0213791780048488,0.2872582189494529,0.040957440342548106
0.28262035227333693,0.02136738173576686,0.2873634994285031,0.04092951742941302
0.2829389739007089,0.021366841608752393,0.28757165792087486,0.04087703710855264
0.2830065561867234,0.021362424445583058,0.2876852583624928,0.04083374892506985
0.2830524867324326,0.02135898345522573,0.2877804850041175,0.040819726395618525
0.28311982020923565,0.02135365742507821,0.28786463537150164,0.0408051041403537
0.2831675924612853,0.021342758843786107,0.2879172477484725,0.04071329852387814
0.2832647932158458,0.021338100000214775,0.2880102538974286,0.04062195997119354
0.2833196353107089,0.021327657066270385,0.28811582537027697,0.04061779505325564
0.2833805358376666,0.021318054210146382,0.28828810618597134,0.040547202606938275
0.2834240437725109,0.02130304531443166,0.28847347684663616,0.04054593841765066
0.28355155322668857,0.021296312851555543,0.2885271238333001,0.040543553136997285
0.2837352842270045,0.021280418424453898,0.288666883925906,0.04052572891884944
0.28381610808573715,0.021278151869680514,0.28874172331573295,0.04051307530632988
0.28396523943415775,0.021269432238871615,0.28883490559340846,0.04051061562017139
0.284045495720768,0.02122450190238177,0.28889711182081945,0.04049631710955218
0.284120335110595,0.021219651967884594,0.28900765990263133,0.04044558409653593
0.28415319794634925,0.02120838589519727,0.28911294038168145,0.040438697366016435
0.2842114948407863,0.021183852699805453,0.28918272471841167,0.04043387388177221
0.28425346520011274,0.021182638253991685,0.2892427700688266,0.040415990057428415
0.28436172958882816,0.02116102160320429,0.2893035734421157,0.04041080683262056
0.28447752826705,0.021160203788875856,0.2894177209666851,0.04037446839670752
0.2845700670301535,0.02115603224473102,0.2895591240580495,0.040353537151660804
0.28464123122165624,0.021150883475432192,0.289606581284848,0.040352463404968376
0.28469607331651936,0.021118392636117516,0.2896952360928375,0.04032738896183977
0.2847171926760426,0.02111354602576641,0.28978964619172937,0.04032598609271644
0.28482183820315937,0.02110393142967756,0.2898932876475318,0.040296623193995
0.28490547465082744,0.02108009176052155,0.28995384830229587,0.040260230292512064
0.28502335040601556,0.021076223372061324,0.29009397727643155,0.04025618678458003
0.28515534453367547,0.0210699549792422,0.29024757918866906,0.0402067585676773
0.2853169080348716,0.02106556797234201,0.29031232767452925,0.04019034203498975
0.2854094467979751,0.021039844605698257,0.2904343448331336,0.04018327860469212
0.2855086762777767,0.02102037088140557,0.2904812866706361,0.040163904665808124
0.2856079948243104,0.02099238098547441,0.2905994288445098,0.04011236322683756
0.28592205018678735,0.020938206543246563,0.2906746352045633,0.04009741823062704
0.2860160211786202,0.02093117346743738,0.2907360081462249,0.04009440166003817
0.28613589546045787,0.02092686179460489,0.29087807834189094,0.04007500928529913
0.2862616968975873,0.02091907978392598,0.29096675066591304,0.04003658756744705
0.2863405025050207,0.02089872713844223,0.2910611563900441,0.0399902035085641
0.28639862773894065,0.02086205481286968,0.2912156521636024,0.039961819170228625
0.2864710371912402,0.020853147896715662,0.29129872903264303,0.03995173727647542
0.28664924778708284,0.020849106889617913,0.29132514099265105,0.039929217158682875
0.2867770854757409,0.020822374340829446,0.2914437348457119,0.03991286110775688
0.2869472767867504,0.020817311502768106,0.2915982306192702,0.039903022329813624
0.2870184409782532,0.020796538814714615,0.2916884338037647,0.039893549075457675
0.2870729838819508,0.02079500810631656,0.29178766328356626,0.039859517887589895
0.28720672896727223,0.020787225982369498,0.2918571158605234,0.039855151539802194
0.2873058025441903,0.02078538276040579,0.2920462157541793,0.03985303771160092
0.2873944748682124,0.020782194286132788,0.2922256099139494,0.039847853881622826
0.28746883694190445,0.020779824476703936,0.2922872477112752,0.03984107213046099
0.2875761165507265,0.02075637328476383,0.2923117535094257,0.039826081667545005
0.28763585393072294,0.020743298426249654,0.2924056176381694,0.039771000115115245
0.2877197883463224,0.02072883720917227,0.2925149167470088,0.03974334342613763
0.2877536052069769,0.02072155146805949,0.2926066983197168,0.03973408071315369
0.28781409494814253,0.020712515718857627,0.2927262772839636,0.03971722158141287
0.28793624590647,0.020664864044561,0.29278606399682094,0.03969960055007112
0.28806105172449287,0.020661527552897588,0.2929003450747677,0.03969724356707216
0.28821550089623027,0.020628652656500542,0.29296031904012937,0.039688984369342394
0.2883009865255582,0.020611600776876862,0.29303148323163214,0.03968717281283982
0.2884251883377712,0.020603642718588597,0.29309292785990815,0.03967803769667474
0.2884652406617995,0.02058178295403068,0.2931720254210387,0.039505005834043004
0.28851120734388247,0.020559090730667143,0.2932808844459307,0.03945059650224965
0.2886253548684518,0.020547327015485096,0.2933213719864541,0.03937117654899389
0.2886429494725781,0.020546192380430643,0.29340387250836675,0.03935567103468932
0.28876116449683753,0.020542466378361934,0.2934967285563066,0.03931808647786291
0.28887231217571974,0.02053029658964208,0.2935459162218642,0.03930610042288434
0.28896656305030777,0.020507684416937597,0.2936598056270516,0.039299426798162576
0.28900536488081574,0.020479536315991757,0.29370780975841315,0.03923064771664251
0.2892082823587779,0.02047704272065846,0.29378923150678526,0.03921981645072197
0.28932217176396524,0.02046515984850932,0.2938492768572002,0.039208587143293346
0.2893715057971268,0.020443488604875663,0.2939214045833987,0.03919565638617523
0.2894348502650938,0.020386856313415466,0.2940116077678932,0.03917123891585471
0.2895167308111959,0.02036111551735645,0.2942003415238013,0.039128534742847276
0.2896243462232593,0.020357217451519947,0.2943818637880875,0.03911165996167877
0.28970743522270465,0.020308896397017665,0.29445427324038703,0.03909154390703849
0.28976366150887506,0.020292135451613853,0.2945622750500128,0.03908986108073598
0.2901051060339978,0.020284166380452148,0.294599305467667,0.03905711138028619
0.2901839116414312,0.020283409174056664,0.29467366754135904,0.03901753929473589
0.29024176561045,0.020272992046956078,0.29477888397900787,0.03899142316368264
0.2903405030103608,0.02025909435790716,0.2948413736102194,0.03899003965942135
0.2904019476386368,0.020252729833611604,0.2949696765780492,0.03897474563468849
0.29052605188943653,0.020204712269560512,0.2950193409353827,0.03897320031297349
0.290672961403029,0.020202633104503685,0.2951483730866441,0.038876330993876156
0.29073545103424053,0.02020128446205769,0.29524571945702927,0.03882058523848367
0.2908768274777901,0.020169117056067408,0.29531788091560673,0.03871172535714012
0.2910240395719259,0.020119703559557202,0.295426040573398,0.03871147671742489
0.2910811598765687,0.020117337491962706,0.29550824301694834,0.03871026990470719
0.291178978627679,0.02011190265254614,0.2974045494303027,0.03868547074709105
0.2913269916513236,0.0201058368513077,0.29744237915073424,0.03864019315369236
0.2913883645929852,0.020104887722814706,0.29753636684311024,0.038638853439617774
0.2915423291941299,0.020079353731442623,0.2976802942309205,0.03853357003395742
0.2915851282011098,0.020073381211592894,0.29778855861963593,0.03853076158790772
0.29171887328643126,0.020067854566683484,0.2978926737048817,0.03851124043882579
0.29180883160324633,0.020050964388677137,0.2980201831590593,0.03850491639290826
0.2919408257309063,0.0200415490651218,0.29809890967251634,0.03847561923049473
0.2920494891912484,0.02004110045582397,0.29815108659514106,0.0384349494886889
0.29216308963286636,0.019996169351977226,0.2982259779214487,0.03842499919406208
0.2922357128368282,0.019983060037363172,0.2983115171437201,0.03833292990978908
0.2925354643794488,0.019982119051316933,0.2984256646682895,0.03831084621390502
0.29259677653317195,0.019977153023005793,0.2984864680415787,0.0383054830001316
0.29264423375997045,0.019959648581642748,0.29864803154277475,0.03828168571310017
0.2927456781004669,0.01995851859955996,0.29873671297309506,0.03827999429552563
0.2928078843278779,0.019950904383263184,0.2988721550408739,0.03827670665975477
0.2929398784555378,0.019946218505709174,0.2989360426672496,0.03819668246464581
0.29302852834510695,0.019945415060568395,0.2989795506020939,0.038134513458242945
0.2931440723357979,0.019919618796790408,0.29912502871094115,0.038112194564239914
0.29324771379160036,0.019895337350795055,0.2992375901001478,0.038090967590725174
0.29336641608776104,0.019891358605239693,0.29932152451574723,0.038060010726491775
0.29341608044509454,0.01987010447687825,0.29940789958916175,0.03805724956586383
0.293534963227746,0.0198323274270891,0.2996497705319381,0.03804679905934312
0.2936893610066624,0.019823718845791014,0.2997288680930686,0.03803224572654737
0.2938170911186781,0.019801509398388286,0.29981280250866804,0.03803157607917855
0.29387200515924333,0.019789447106028306,0.29994388124948507,0.03802182324497196
0.29402560707148084,0.019755655967668918,0.3004317518898737,0.03800651750180721
0.29408724486880666,0.019742961804425474,0.300491978032588,0.037990841972838925
0.2941687229199255,0.01974282582222983,0.3008334225577108,0.03797716590074293
0.2942146896020085,0.019736840107607276,0.3009225810323362,0.0379761426683494
0.29435622157467556,0.01972044869785089,0.30101655202416905,0.037961314321111814
0.29446013408725946,0.019719408564269233,0.3011311571742024,0.037893500074516404
0.29457233646575576,0.01971339238196185,0.3011837460421431,0.03786963740077956
0.2946234183305361,0.019654390413524278,0.3013264320002578,0.037848428302224985
0.29472061908509667,0.019650307793436208,0.3013843291774724,0.037844378953675484
0.2948757851399674,0.01951732478599989,0.3014414494821152,0.03784215887355159
0.2949693247124276,0.019513164520364636,0.30152170576872545,0.037756780910881145
0.295591526741032,0.01948561455822299,0.30156398349534796,0.03775420612968512
0.2957112197039001,0.019459562715120574,0.30180004951279993,0.03774647762085703
0.2958388538939761,0.01943371037990522,0.30188135488403994,0.0377060787641627
0.2961962687255072,0.019429914559966805,0.3019322450026296,0.037677077142868165
0.29634149812707916,0.019399858242243887,0.30208620960377436,0.037638127008451094
0.2964015434774941,0.019399469232239466,0.3021944067231096,0.03757650072674513
0.29644866048806434,0.01939236823815459,0.3023162597220003,0.03745786125733168
0.2965632656380977,0.019386868825002762,0.3024601871098106,0.0374572732333424
0.2967771028927892,0.019374267956024874,0.30252041334171903,0.03744415965222035
0.29683397344955825,0.01937330529497249,0.3027095132353749,0.03743477978408146
0.2987302798629126,0.01936026747041397,0.30293116308231727,0.037428211630822265
0.2988375594717347,0.01934448991820267,0.30297323609986565,0.03742585493631802
0.29900984028742905,0.01932874671611624,0.3030315329943027,0.037408190047084434
0.2991597614713049,0.01931844922679048,0.3030904236287274,0.03738998764121824
0.29922409648705384,0.019306041412830113,0.30326863422457007,0.0372895312234949
0.2992923999120369,0.019302578923067703,0.30337729768491223,0.03728922295401696
0.299361852488994,0.019300541393505472,0.30343749643652707,0.03727528867836651
0.29944578690459345,0.019292818860876762,0.3035310360089873,0.03725206412513397
0.29947029270274395,0.019260435394179858,0.30365086007026987,0.03724590958077258
0.2995862649273021,0.019248132913991373,0.3037433095287902,0.03724160951293152
0.2996867875354289,0.019243446384668503,0.30385198469480296,0.03724152380634067
0.2997968019388962,0.01923786426503808,0.30393071120826,0.037206695969502726
0.2999115233981042,0.019221178034112406,0.30402791196282053,0.03711758251660547
0.29998000039066025,0.019198199189717803,0.30412636828222606,0.037103650095683526
0.30009910994732025,0.01918725443452864,0.30428793178342217,0.03710356508325179
0.3002489011285955,0.019144958233114198,0.30433389846550507,0.037033287062432294
0.3004924684761908,0.019141130257572195,0.3043806139622278,0.03702651744860074
0.3005743490222929,0.019097589050449573,0.3044647624183087,0.03701188686919765
0.30065542428111475,0.01908561727766077,0.3046589442549747,0.0369976422099702
0.3007802300991377,0.019076514519386786,0.30469566671919973,0.03695178651999262
0.3011132443667523,0.019063890212315363,0.30478137895264257,0.0369360761612445
0.3012311201219405,0.019042576151230412,0.30483396782058325,0.0369223741647685
0.3012950077483162,0.019036650243601665,0.3050011264114895,0.03686608062097509
0.3014249423065477,0.019030105050082537,0.3051725240351827,0.03675793609085824
0.3014945023752003,0.019026467146662746,0.3052357445954828,0.03673716051443291
0.30154487793272544,0.01901707782421227,0.3053556188773205,0.03669017974194149
0.3016489930179712,0.019012379833497236,0.30540217327241487,0.036669427643486685
0.30168474096387776,0.019012367876832043,0.30550124684933294,0.03662256558021898
0.3018593249084991,0.018990621349355183,0.3055754206469115,0.036598928946813984
0.3019128815457341,0.01898818857118243,0.30576079130757633,0.03659302956902024
0.3021608241468236,0.018969725318747886,0.3057852971057268,0.036539833149553676
0.3021692346441106,0.018940447945558454,0.3059250571983327,0.03651774892660987
0.3022533831001915,0.018930038537038545,0.30598595772529036,0.036474832798904254
0.3023817548919281,0.018907471471626004,0.3060445578840925,0.03636572763861194
0.3024757258837609,0.018903028978831754,0.3063443094267131,0.036307795009122866
0.3026010363113294,0.01890149619908982,0.30642824384231254,0.036290623784006326
0.30267592763763707,0.018876136030834982,0.30655592840584783,0.03625995542953915
0.30277300052176187,0.018870905010919214,0.3066516650341512,0.036255210432980405
0.3028872549518938,0.018852044229905218,0.3066991222609497,0.036254665645177236
0.30297878405418277,0.018828603689693385,0.3067739616507767,0.03624960506316153
0.30302723999215175,0.018827917608679523,0.30682090348827923,0.03623747151015269
0.30307753545757543,0.01875143190255627,0.3069815750819312,0.03621438712512673
0.3032117157424026,0.01874309351781093,0.3070418013138396,0.036176636503449384
0.3033183097624968,0.01872359672686662,0.3071223149722999,0.036123600347496426
0.3033905817793497,0.018723286783575897,0.3072309784326421,0.03611875588857428
0.30348062475415727,0.018703149767079444,0.30731646406197,0.03611802741180808
0.30358051677661674,0.018702896098651854,0.3073945557084404,0.036099276972883974
0.30361337961237106,0.018686907598264035,0.3074885267002732,0.03606595910414629
0.30369247717350156,0.0186866023028792,0.3075437927222001,0.03605824056188015
0.3037706873802371,0.01867938117661831,0.3076935839034753,0.03603749592623548
0.30380355021599137,0.01867908855241478,0.3077760942112606,0.036036516546196544
0.3038635955664063,0.018672607442739596,0.30788237048780565,0.03602978751130955
0.30401799334532265,0.01865321088513648,0.3080262978756159,0.035946995004612146
0.30409026536217554,0.018651860846511457,0.3081106263170014,0.035946900874680214
0.30417276588408815,0.018643861376821697,0.3081737629456043,0.03591380087958934
0.3042340780378113,0.01863717190407508,0.3082204947860936,0.03587060493247722
0.3044565654093489,0.018624728760260195,0.3082469067461016,0.03586531225941781
0.3045314047991759,0.018624124292367858,0.3082680261056249,0.03579683027671386
0.3046011096724111,0.018611223057710125,0.30835217647300905,0.03579095187378779
0.30471534855727644,0.018607604398764025,0.30844531208940096,0.03575594203365374
0.30477346144842465,0.0185699801906118,0.30848275645711587,0.03560703255525434
0.30488146325805043,0.018528253677825936,0.30854249383711235,0.035590311268779096
0.30496455225749575,0.018505131123479807,0.30859168150266997,0.03556998966535379
0.3050618986278809,0.018502200075887643,0.3086803313922391,0.03553247047588698
0.30512480900065075,0.018488922398037535,0.30877540689649635,0.035497400612055814
0.3051805421408479,0.018472671917220056,0.30884767891334924,0.03548514080145561
0.30526894628778545,0.01846001747527718,0.30893182736943015,0.035481969194022425
0.305343120085364,0.018453128093541982,0.30906521224629124,0.03547942330689727
0.3054403208399245,0.018447237489003305,0.3091849052091593,0.035431120089235005
0.3054992114743493,0.018443960303294787,0.30928197809328417,0.035343713673833856
0.3055483991399069,0.018425449892596604,0.30940869088228296,0.03532366856440771
0.30559617139195655,0.018388319356454793,0.3094798550737857,0.035291702015891394
0.305656397623865,0.018376983914176973,0.3095772014441709,0.03522360099834542
0.30567465575815583,0.018328187307356105,0.3097025118717393,0.03521135241599591
0.3056971312468072,0.01832319813940138,0.309763001612905,0.035151376102807254
0.3057953589148797,0.018303322752032333,0.310077056975382,0.035035449379926586
0.30587695776036483,0.018285132781175245,0.3102323862640461,0.0350267844638282
0.3059747704292834,0.01827714443937797,0.31032635725587887,0.03501413073695257
0.3060662995315724,0.018266037229726487,0.3103844701470271,0.0350056597916658
0.3061777714864136,0.018247643190115664,0.31050867195924003,0.034991004648527765
0.3062840477629586,0.018237362926451662,0.3105988751437345,0.034947002240152014
0.3063345509360789,0.018234879193697408,0.3106634116745575,0.03492178092647912
0.3063892275800369,0.01823435752258162,0.3107356836914104,0.03488348522741662
0.3064494538119453,0.018230444195250852,0.31078643811596307,0.03488344394248742
0.30650777175620225,0.018225218524387386,0.3108140644416124,0.03481360783139374
0.30655522898300075,0.0182175400434873,0.31096319579003306,0.03480022783844242
0.30667760890696444,0.01818807981699963,0.31102794427589325,0.03479100092580895
0.3069048460285103,0.01816779409463466,0.31114773473221713,0.03478098397080928
0.30698593856551365,0.01815897645930443,0.31119545831823836,0.034754563627709956
0.3069962410964106,0.01814845982974125,0.3113045390458143,0.034649273721131746
0.30701383570053686,0.01808095558173124,0.3114008235555691,0.03462519788667023
0.30709798606792105,0.018068597614352082,0.31145341242350977,0.03458413586123835
0.3072515879801585,0.01806072221519358,0.31157305016245557,0.034580441589309355
0.30736261093163714,0.01806046927307458,0.31167887221140905,0.03456594535746342
0.3074375022579448,0.018059867539641478,0.31230141966772856,0.03454028761553088
0.30749772840065903,0.018047305809479674,0.31241963469198797,0.03452838589511348
0.3081202758569786,0.018042260488504974,0.312484826833809,0.03452156740015769
0.3081769738740311,0.018042038886022644,0.31254613898753214,0.034493505438538824
0.30823409417867387,0.01802888879419288,0.3125996956247672,0.034472263707945726
0.30836186656022313,0.017990470397759174,0.31275329753700465,0.03445204574468339
0.3084705417262359,0.01798144348109412,0.3129793567520807,0.03444009356300668
0.3085565378604181,0.01796238164373607,0.31320100659902306,0.03442753189313508
0.3086093285492414,0.017875132285870753,0.31329253570131205,0.03442281620667111
0.3086488873620251,0.017856371902383924,0.3133796027854334,0.034410643963928685
0.30874375776220553,0.01784780220438135,0.31345216772437706,0.034407567043164514
0.308849579811159,0.01782930507900499,0.3135010847961134,0.034351180269363166
0.3089770892653367,0.017812405134591845,0.31362346472007707,0.03434914330173283
0.3090483865854827,0.01779158643753852,0.31370876447728635,0.0342852865104277
0.30927003643242507,0.017789063549910254,0.3137615551661096,0.034262918740440115
0.3093732003002628,0.017768959737600693,0.3138893928547677,0.03415664910225342
0.30950864236804154,0.01776358787837743,0.31394626341153675,0.03413641124695724
0.3095788131065815,0.01775465345132327,0.31406766727964464,0.034130999055994274
0.309628147139743,0.017748747783474902,0.3144048938218005,0.03411149388585987
0.309822328976409,0.01774184492765529,0.31451148325476685,0.03410023310696372
0.30990380702752784,0.017736245280490105,0.3145693804319814,0.03400582373214209
0.3099820761193932,0.017702677795527928,0.31469518186911083,0.033995911869854026
0.30999783763397126,0.017692888760690625,0.3147713726862599,0.033957212905754236
0.31006999909254873,0.017689867527651733,0.314809563727955,0.033954209186992275
0.3102113755360983,0.01767889468382968,0.3148926405969956,0.033918062296387046
0.31031041968744083,0.01767150336910387,0.31499762569049744,0.03391461707116369
0.3105040549253522,0.01764144504113208,0.3150872842894768,0.03387982248830695
0.3105450359219048,0.017641086426307566,0.3151372931528525,0.03387798134007577
0.3106523155307268,0.017632223030324964,0.3152412056569417,0.0338690104265833
0.31075782574842925,0.017624781470860284,0.3153751482605897,0.033867270749527556
0.3108299872070067,0.017611009137337204,0.3154790607646789,0.033773181936645504
0.31087003953103504,0.017598423767844526,0.3155873251533943,0.03372495036088405
0.310943949789625,0.0175970662268948,0.3157150097169296,0.03371601582663191
0.3110514814016586,0.01758782141840255,0.3158602391185016,0.03366141887383032
0.3111626290805409,0.01757531806373887,0.3159574398730621,0.03363948834567062
0.3112773505397488,0.01756902150518577,0.31600662753861974,0.03360412872140161
0.31129517361894354,0.017560516659228628,0.31607181968044074,0.03360158397297754
0.31133797262592344,0.017551527516810057,0.31615062528787413,0.03360019193333877
0.3114201750694738,0.017548997148505042,0.31626486417273947,0.03358954317134724
0.31147607550392187,0.017535608024635864,0.3162831223070303,0.0335881887708871
0.31151310592157605,0.017534944942557217,0.31641085241904604,0.03353518664694051
0.3115733321534845,0.01752669583354236,0.3165183840310797,0.03350173986195156
0.3119232339831802,0.017511923818193387,0.3166532714641355,0.03347727018103296
0.3119791719556244,0.017498929533037468,0.31679464790768513,0.03346817301212379
0.31209704771081254,0.017493442379261755,0.31715206273921626,0.03334624669823258
0.3121903556842853,0.017490200841694056,0.3171921150632446,0.03333374257616468
0.3123398992965725,0.01747775732862189,0.31728046836951534,0.03333126165950067
0.31235749390069883,0.01747438454935272,0.31735387118133623,0.03331678819468726
0.31240750276407453,0.017459249611272536,0.3175056509844627,0.0333031097294423
0.31250237316425494,0.01744092637026225,0.31763939606978414,0.033231241162944895
0.31274594051185034,0.017438853815347374,0.3176972932469987,0.033205004011116646
0.31279187105755957,0.017402247981607742,0.31780257372604886,0.033178783156745696
0.31285022869321427,0.017352247282871665,0.31788137933348226,0.033129172115379905
0.3128902810172426,0.01731703067178458,0.31797382879200264,0.033115560153905405
0.31302516845029843,0.01729039535310719,0.31804900376420925,0.03303669022314265
0.31310474697178214,0.01728787086043434,0.3181983033243064,0.033034278010010854
0.3134044985144028,0.01726304098051766,0.3182485987897301,0.033028902106558816
0.313571657105309,0.017253550150768418,0.3183981424020173,0.03301324921589219
0.31366900347569415,0.01724701244774491,0.318534676579986,0.032999422710832775
0.3137819937188796,0.01724464610434725,0.3188732162639359,0.03297911602752382
0.31383097309060765,0.017229400730393783,0.3189603899138325,0.03294821456014094
0.3139860406411555,0.017229283481913566,0.3190490622378546,0.0329355019422794
0.31410573360402355,0.017210620503599342,0.31913156275976723,0.03293261380233648
0.31415345719004484,0.017194296163447555,0.31924455300295274,0.03293061910007841
0.31431347809111915,0.01718744112642463,0.3193045269683144,0.032926700497669215
0.31433173622541,0.017141980593291466,0.31943225708033013,0.03287254524793456
0.31437426053988493,0.017126584730856056,0.31949807125792185,0.03284841314289327
0.31452875631344324,0.017104141235421613,0.3195820995057695,0.032833910792039664
0.3146853632021553,0.017100149198664504,0.31964099014019426,0.032825580754457295
0.31470318628134997,0.017004456289791428,0.31969065449752776,0.032821776473791024
0.314797173973726,0.016992260515780084,0.3197485127606079,0.03278149362913571
0.3148828862071688,0.01699078305393706,0.31984424938891126,0.03276882755498987
0.31497602182356066,0.016989704514552353,0.31989933855582353,0.03275002618602386
0.3150281987461854,0.01698140340808508,0.320025139992953,0.032676171431955975
0.31510237254376394,0.0169259141050164,0.32009097615902693,0.03266724680329268
0.3155902431841526,0.01691572032645772,0.32017735123244145,0.032667135576577175
0.31570280457335914,0.016914233383254314,0.320269683880601,0.03263960583012242
0.3158393387513279,0.01691074434270645,0.3203951204796689,0.032554863765887114
0.3159574809252016,0.016902450814558247,0.3205140032623204,0.0324778138221548
0.3159983065752723,0.016889960607188188,0.3206443566168283,0.03246698240440958
0.3160853549371163,0.016882448829738245,0.3207611660601732,0.03243304493775826
0.3161892674412055,0.01686881125487087,0.3208070966058824,0.03239658530210137
0.3162505795949287,0.016865087288017402,0.3208571054692581,0.03237705211904845
0.31634191646258275,0.016849739377533767,0.32096965539064515,0.032373275371333776
0.31637863892680784,0.016845814056398647,0.32107516560834753,0.03236516386362343
0.31641961992336043,0.01683736067830813,0.3211262474731279,0.03235784423119061
0.31650325637102844,0.016818378236099784,0.32117675064624823,0.03235627151379399
0.31654918691673767,0.016812795628991878,0.3212272538193686,0.03229208668934375
0.31665826764431354,0.016795169757236283,0.32130598033282565,0.032270620025624516
0.3167521317730573,0.01678539504219873,0.32135253472791997,0.0322305611510465
0.31680118589797956,0.016775876059989807,0.3214031508590632,0.032220193948708516
0.316885120313579,0.01673021062636876,0.3215547682608751,0.03218188444009065
0.3169727155629968,0.016728625076831052,0.3216286343216389,0.03218121523409659
0.3170216949347248,0.016680679251724406,0.3217214323169276,0.03213220546808776
0.31720029937796523,0.016673716840990175,0.3217816584596419,0.0320696875560091
0.317268683234837,0.016665445956505598,0.3219181926376107,0.032015084927495586
0.31734162983980563,0.01659092534797349,0.3220595957289751,0.0319822132762748
0.3173973308403765,0.016577810496928788,0.322243326729291,0.03195800462717736
0.3175146441882084,0.016545304794419197,0.3223847031728406,0.03189240238702042
0.31757983633002945,0.0165343622166317,0.3224185200334951,0.03185437026831064
0.3176439924817716,0.016531359812519512,0.32246980370641604,0.03182902042932183
0.3177098286478455,0.016511441416285744,0.32261822788961864,0.03179667573543324
0.3180483683317954,0.016505838121391125,0.3226924016871972,0.031774927941465345
0.31809033869112185,0.016491373855788864,0.32285396518839327,0.03176668529433023
0.3183322096338982,0.016482709120544007,0.32300814463701416,0.031749833985868024
0.31843585108970063,0.016398975225624692,0.3231373287496271,0.031737534428049885
0.31858132919854787,0.016390960414587225,0.32322240851158335,0.03170317904833075
0.3186341198873711,0.016389008001510833,0.3232713878833114,0.03168636163929416
0.3187563268341422,0.016382674818976904,0.3233101897138193,0.03168427811611949
0.3189047510173448,0.016377480007291244,0.3234100817362788,0.03167175433031598
0.31894937268983725,0.016375256947763223,0.32353425329043745,0.03167078404178434
0.318987120916545,0.01636831020042584,0.3236323320807277,0.03166771836213866
0.319100721358163,0.016345841090479745,0.32378394948253963,0.03165657025277123
0.3191704853841105,0.01631102058406153,0.32384284011696435,0.0315907325988157
0.3192759956018129,0.01630856995595448,0.32396701721814986,0.031562442544834264
0.31937874201553385,0.016302382188781394,0.32399650841725885,0.03155829117493393
0.31947228158799407,0.01628779223595358,0.324116201380127,0.03152912769410041
0.31958342926687633,0.01627287153330009,0.32429441197596964,0.03147963706350655
0.319633438130252,0.016268905271308375,0.32444331478348803,0.03146077105821068
0.3197555890885795,0.01620682463054401,0.3245066592514551,0.03145762826627368
0.31987239853192434,0.016179630676625093,0.32460091095852184,0.03139442250283707
0.3199189529270187,0.016172680021516037,0.32484447830611723,0.03138545547504856
0.32003754678007956,0.01615172446759098,0.3248959017420275,0.03135702809830718
0.32023118201799095,0.01614572431647636,0.3249894413144877,0.031354892853335994
0.32030227118446963,0.016139573518704743,0.32506604736864164,0.031306639788910906
0.32035193554180313,0.016121073330161006,0.3252657142888966,0.031258027290888314
0.32045782141979096,0.016120905797116836,0.32539989457372376,0.03125302480772761
0.3205124980637489,0.016117547196858158,0.3254418649330502,0.03120736476145549
0.3206642778668754,0.016106446655886286,0.32553065577486395,0.031181782339731467
0.3207340418928229,0.016070491684239203,0.3255908820067724,0.031171101995435217
0.32092819513639204,0.016068693618351428,0.32564141225244164,0.03107105148910565
0.32101252357777754,0.016037132597117122,0.3257472981304294,0.031066275610925558
0.321091329185211,0.015994613254175193,0.32580588106201813,0.030940785994867697
0.3212627268089041,0.01599300724083715,0.32587829051431766,0.03093984369640146
0.3213727412123714,0.015976630368951295,0.32603335806486555,0.030933742108142374
0.32151542717048615,0.015955657995005625,0.32615395496374633,0.03091917686485468
0.32164536172871766,0.015940932994282016,0.32622608268994485,0.030850371445782253
0.32172169209648893,0.0159382970145392,0.3263480998485492,0.03080724862059969
0.32184649791451186,0.015916888639561144,0.3264171112797237,0.030806925237506253
0.32197568202712473,0.015915598288630643,0.32646173295221625,0.030780326717567023
0.32210962463077275,0.01590271058258848,0.3265356432108062,0.030748304340019704
0.3221600140601122,0.01588298147221258,0.32657339143751396,0.03073289371224844
0.32232003496118655,0.015880489203004878,0.3266702802588872,0.030641969658211837
0.3225416848081289,0.01588008626737134,0.32675855420784644,0.030632100136005647
0.32265054383302094,0.015858485039355528,0.3267832276825086,0.030623829344650442
0.32287303120455857,0.015858089590401032,0.32684345382522284,0.030619970603103994
0.3229112222462537,0.015840507703122356,0.32700501732641896,0.030569845699477727
0.32303993813204046,0.015793796370078873,0.327112296935241,0.030524288635339313
0.32316762269557575,0.01575638383248496,0.32746219876493676,0.030467659554498025
0.32327344474452924,0.01574367313051445,0.3276121199488126,0.030455518151115975
0.32335595505231457,0.01571308267847032,0.32766982215610496,0.030435033201374403
0.32341816127972556,0.015683955170720437,0.3277311343098281,0.03041263738106124
0.3235579213723314,0.01567591521442852,0.3278021416427957,0.03039706388264945
0.3236226698581916,0.015642179757264004,0.3278836196939146,0.03039153302523882
0.3237118283328171,0.015629968696835972,0.3279384617887777,0.030384829023864676
0.32395539568041243,0.015614302710154264,0.3280595456452566,0.030330703393908073
0.32400886026928233,0.01560869830686322,0.3281307315788958,0.030316608925647155
0.324059614693835,0.015578874512584483,0.32820832393349103,0.03028518128769195
0.324121820921246,0.015572988227754114,0.3283151611987805,0.03027804784433744
0.3241804038528347,0.015570676760324776,0.3284565376423301,0.030175855498112608
0.32427294261593814,0.015559567868065515,0.3284982031148073,0.03017535170282423
0.32442801016648604,0.015558273120382,0.32859342975643197,0.03010306207456083
0.32449901749945365,0.015554588373410854,0.32868768146349875,0.03008460123651147
0.3245550709953144,0.01553985873944659,0.32875480080637887,0.03003107909332993
0.3246366698407995,0.01553156903357022,0.3288170070337898,0.030021387080510515
0.32470055746717524,0.01552200063712962,0.32883276854836785,0.029978150499790204
0.32474011627995897,0.01551073080019941,0.32889692470011006,0.0298796546986086
0.32486930039257184,0.015499542077667426,0.3289832997735246,0.02986921263977903
0.32495567546598636,0.015497890387507646,0.3290304167840949,0.029861329958244556
0.32529711999110916,0.015489245847084896,0.3291196675704206,0.029851952571570903
0.3253476231642295,0.01546303166237273,0.3292021680923332,0.029844204158669427
0.3254362954882516,0.015451685638228409,0.3292663242440754,0.02981025462671304
0.32550422432752646,0.015422132461067875,0.32939625880230694,0.029746636335395007
0.3255893040894827,0.015414105156205518,0.3294834324522036,0.029727090693692282
0.32579476975093424,0.015411747253164588,0.3295810975005528,0.029714309153436588
0.32594198184507,0.015411118710115964,0.32962660822637657,0.029691300871447276
0.3259976828456409,0.01540727429997025,0.3296787851490013,0.02967116579299706
0.32603512721335587,0.015380728484733047,0.32981531932697,0.029665708042359316
0.3260909652501234,0.015378482260920173,0.3298755454696843,0.029651729939962807
0.32623072534272923,0.015361905211415058,0.3299794579822682,0.02963271140567876
0.32635835953280523,0.015350681070570646,0.33020551719734426,0.029556921190640784
0.32648619722146327,0.015337313190116489,0.3303210611880352,0.029541153972427587
0.3265835435918484,0.01533219182481177,0.33039879375583786,0.029516380916352107
0.32669355799531574,0.01532397765907959,0.33045054037189325,0.029504240507451984
0.32677313651679946,0.015296988787197048,0.3305847206567204,0.029496579688646288
0.3268457014557431,0.015262450288889989,0.3307843875769753,0.029476300032700194
0.3269677186143474,0.015237637538573613,0.3308492714468167,0.029476099726540406
0.32711614279755,0.015235061834507778,0.3310631087015081,0.029399343398471094
0.32727121034809786,0.015229299229982833,0.3314130105312039,0.029387262166224903
0.3273692891383882,0.015228872852420493,0.3316066457691153,0.029340805505971193
0.3274394088791097,0.015221755360238485,0.33174640586172116,0.02932953557831845
0.32749534685155385,0.015221389838250683,0.3317910275342137,0.029319860600053742
0.32755728347477386,0.015215829555109158,0.33189045155070873,0.029311696621361103
0.32771177924833217,0.015206467635935009,0.3319450866684178,0.029306767661894724
0.3277813393169848,0.015149318189548856,0.3320990512695625,0.02929676058346629
0.3278896037057002,0.015132489246656106,0.33216881529551007,0.029273956724591963
0.327963469766464,0.015121485387479002,0.3327910173241145,0.02922864203913356
0.32805920639476743,0.01508588418913801,0.3329120914626781,0.029140253564892814
0.32814335676215156,0.015079970831714262,0.3330906959059185,0.029103988220691126
0.3281728479612606,0.015072085049213679,0.3331440788269236,0.02909354393032748
0.3283212721444632,0.015037914450901349,0.33328026361016116,0.02900526737790131
0.32832968264175016,0.01500345941270861,0.3333049370848233,0.028884226870565737
0.3283716530010766,0.014983294671592866,0.3335383059560569,0.028876229972735066
0.3284905357837281,0.014976196351305768,0.3340592933488383,0.028866917526324986
0.3285293376142361,0.014949644474892443,0.334249569178198,0.02884091392933368
0.32859772979589535,0.014948978240493347,0.33430530231839506,0.028792376374517516
0.32864691746145297,0.014947000996525552,0.3343782489233637,0.02878956294134266
0.32869427386912803,0.014939332276726225,0.33450696480915054,0.028777576801209553
0.3288021070423432,0.014904712368009351,0.3345427692701709,0.028734841400028313
0.3288931939794879,0.014891437589368003,0.3345912252081399,0.028729431818949405
0.329119253194564,0.01488862662690839,0.3346753736642208,0.028702471096425854
0.32916946102036204,0.014887374427839774,0.3347310746647917,0.02870167563246998
0.32931099299302913,0.014870968014594883,0.33477458259963594,0.028575688437661114
0.32940417527070465,0.014866038699124829,0.3349147115737716,0.02856466818701706
0.32949570437299364,0.014852256829506078,0.33495933324626415,0.02855465820445475
0.3296563759666456,0.014802815082954505,0.33503813885369754,0.02849787272992672
0.32971944707577255,0.014775860489454867,0.33515921299226115,0.028486120237526297
0.32980359553185346,0.014766737332271818,0.33531103530277223,0.02846285614686437
0.32984457652840604,0.014749637303761972,0.3353711243583218,0.028461422633599975
0.32990051450085023,0.014738849821042729,0.33544328581689925,0.028455825144758508
0.3299823950469523,0.014726440432369432,0.3354879540105132,0.028455398213172386
0.3300889890670465,0.014699027054700161,0.33554673132164375,0.028423001105403384
0.3302705113313327,0.014690945174652815,0.3356720417492122,0.02842275371941072
0.330298137656982,0.01468042521744031,0.33578801397377034,0.028417496026002752
0.33055873813151504,0.014671464239548406,0.3359036790986148,0.028414433845695388
0.3306263204175296,0.014671440483404708,0.33622230072598674,0.028393003261222106
0.33070589893901325,0.014658469922852335,0.3363264246796796,0.028344562331405823
0.3311423984027702,0.014655550947192458,0.33648303156839166,0.028312130496517294
0.33129152975119086,0.01465454843003633,0.33659730126346565,0.02829112316465908
0.33137403027310347,0.014646918945060837,0.3367272975865239,0.028259419495868576
0.33141610329065185,0.014638751359401212,0.33689748889753346,0.028245301076970774
0.3314811037075189,0.014625181033033095,0.3369434555796164,0.02818094405822225
0.3315779925288921,0.014603681123089251,0.33699264324517403,0.028162242900271438
0.33167152061654337,0.014597839449633401,0.3370109013794649,0.02814474468391556
0.33174393006884295,0.014593887752460259,0.3370609102428406,0.02809140555264609
0.3318923542520455,0.014582977051222037,0.33717210671517145,0.02806952925928567
0.33208145414570145,0.014557180381822523,0.3372593640461723,0.027959957352585444
0.3321365433126137,0.014550791066450377,0.33739425147922814,0.027936754396780786
0.33224066726630663,0.014535241602032163,0.3375217609334058,0.02791173855358428
0.3323247680417421,0.0145040227605888,0.3375828103381457,0.027868630228598684
0.3324104802751849,0.014478661873171338,0.33770761615616857,0.027819490385471015
0.3324574221126874,0.014472327334997908,0.33778799901352824,0.02774122517095103
0.332556732776157,0.014450197105996026,0.3378938210624817,0.02772856217477326
0.33267100247123094,0.014449319059259303,0.3379937130849412,0.027723579827429505
0.3327129728305574,0.014429602754822949,0.33806807515863324,0.027717292976315595
0.3327824254075145,0.0144272826949061,0.3381018920192877,0.02766804203334329
0.33290349954607806,0.014418905167273758,0.3382160395438571,0.027649903940343275
0.3330191646709226,0.014383074064823934,0.33831001053568993,0.027633891343834795
0.3331388024098684,0.01437593095384122,0.338391609381175,0.027625127245491796
0.3332316584578082,0.014373530380211042,0.33844219974795026,0.02761368947111911
0.3333529741001575,0.014372554203099765,0.338500053716969,0.027611416755726207
0.33343517654370786,0.014370443090453582,0.3387138909716605,0.027583408322928327
0.33355500060499044,0.014350991141019183,0.338781473257675,0.027574194525795976
0.3336833035728202,0.014342203333915842,0.3389033262565657,0.027547950174374843
0.3337191080338406,0.014323152338605665,0.3389917304035033,0.02752708439905467
0.3338193126350831,0.014320035287656838,0.339031289216287,0.027524683529804046
0.3339607157264475,0.014318596719352204,0.3396534912448914,0.027453287311991342
0.33408050618277135,0.014292189097551077,0.3399865055125061,0.027434761269161625
0.3345771844144057,0.014289140915265617,0.3400858161759756,0.027431919306005782
0.33462180608689823,0.014248024751907921,0.3404243558599255,0.02741918176112433
0.33472455250061917,0.014238324279868885,0.3404594846221505,0.027413260543467138
0.33486074953318695,0.014181059752958849,0.3405084639938785,0.02737986730596196
0.3349076806673912,0.014166240616903256,0.3405865848960309,0.027375258223314356
0.33495686833294885,0.014148248791179634,0.3406749382023016,0.02733584394756137
0.3350041587836719,0.014142146125941921,0.3407159191988542,0.02729027532337827
0.3353458519651019,0.01410625902059754,0.34085080663191003,0.02728079621083534
0.3355240625609446,0.014101714999406894,0.34094926295131556,0.027260788318356904
0.3356112362108412,0.014085439951937862,0.34102850854925487,0.027213584295172594
0.3357048500013308,0.01408005486528046,0.34122214378716625,0.027207343269016238
0.3357587912607399,0.01406883677750254,0.3413052206562069,0.02718281300624051
0.33581372052802116,0.014067826815595194,0.3413597635599045,0.027131016830703392
0.33596811830693746,0.014067252705750134,0.34145965558236396,0.02711943336542386
0.33609095800551947,0.014062856847801588,0.34159304045922506,0.02706106924916017
0.3361435703824903,0.01402632154796238,0.34170418813810727,0.027027008138856112
0.33633078345455414,0.014018658638727659,0.34181420254157463,0.02700681589355184
0.3364443838961721,0.014015380110716416,0.34192535022045684,0.026937640248970645
0.33677739816378677,0.013998782810695299,0.3420108894427283,0.026888625053487394
0.3368758544831923,0.013997712006900103,0.3420923674938472,0.02686524761595617
0.3369650129578177,0.013995498535175666,0.34220803261869165,0.026816874592616988
0.33705366776580725,0.013991124231909687,0.34230157219115187,0.02680144809949382
0.3371285590921149,0.013981296930650708,0.34245149337502767,0.026749004110326016
0.33718875784372976,0.01397951290915594,0.3424599038723147,0.02669252063400331
0.3372545720213215,0.013969152924357568,0.34256857903832744,0.026680651222485342
0.33747263046996934,0.01395938052922338,0.3426253737078623,0.02667513321495001
0.33758148949486133,0.013942866035539441,0.3426992397686261,0.026671083290108467
0.33766874682586223,0.013919327668055006,0.34278000813160664,0.026661329547041594
0.3377468384723326,0.013898106981266263,0.3428060829886871,0.026640007001080088
0.33780280450695604,0.013880462644043377,0.3428620209611313,0.026600708058045763
0.3379881751676208,0.013862543938397977,0.34298682677915415,0.026589907846558063
0.3380549404564371,0.013854646969551148,0.34300442138328047,0.0265122004277319
0.33814514364093157,0.013845089919905712,0.3432169563523805,0.02644912591836971
0.3381746348400406,0.013838836656318772,0.34333943245312437,0.026429887324439055
0.3386845230144477,0.013836208744792846,0.3434731775384458,0.02642965899037354
0.33872618848692493,0.01382093830834868,0.3435633807229403,0.02641948239154671
0.3388407936369583,0.013806814852574262,0.34367138253256607,0.026417597136563314
0.33898217008050785,0.013800535066151517,0.34380009841835285,0.0263918330008723
0.33902348538099053,0.013795219433756719,0.3438775588335602,0.026337615569188556
0.3392231523012455,0.013790274460650157,0.3439113756942147,0.026335595800854872
0.3393542310420625,0.01376399260972273,0.34406798258292676,0.02626742145598059
0.339479541469631,0.01374971670861591,0.3441780363847253,0.026213085487757908
0.33963393924854735,0.013749307665965374,0.3442650847465694,0.02620384172311058
0.33968212000556713,0.013743224035810832,0.34433460782938025,0.026163938172897423
0.33980175774451293,0.013719328495334679,0.34443242658049056,0.026097521552135693
0.33986256111780205,0.013714810493549378,0.34451373195173063,0.026089521131374842
0.3399226501733516,0.013709950187359503,0.34461218827113616,0.026084164908155755
0.340025971031392,0.013699613927913554,0.34512207644554327,0.02604275285145218
0.3401203767555231,0.013691340198600204,0.3452892350364495,0.026017221682725668
0.3401952680818307,0.013680260004090153,0.345419169594681,0.026006495284803505
0.34022134293891115,0.01367861811760467,0.3454979752021144,0.025989748767335903
0.3403578771168799,0.013650345545700292,0.3455457474541641,0.025893976751140205
0.34040846748365516,0.013646150423658803,0.34559853814298735,0.025829654115063622
0.3405304846422595,0.013609979995041415,0.34563498441114887,0.02577029103125001
0.3406031078462213,0.013604440700715063,0.34578452802343607,0.025746396844648207
0.34072451171432916,0.013463380040774376,0.3458911174564024,0.02574100197043548
0.3407955101406236,0.013461231439835101,0.34604858288555096,0.025732088306902344
0.3408672925835166,0.013438737499298822,0.3461102206828768,0.025728907351134183
0.3410247580126652,0.013426512344809807,0.3461476650505917,0.02570846908208211
0.3411524881246809,0.013411904875785254,0.34619438054731444,0.02568752282814495
0.3411902363513886,0.013409120319006495,0.3462360460197917,0.02566931450241611
0.3412654113235952,0.013400342143039307,0.34628998727920074,0.02566086245749995
0.34134592498205557,0.013387914019210469,0.34638329525267353,0.025639567402866315
0.3413854837948393,0.013387469545493986,0.3464801840740468,0.025624139274492176
0.3415154801178976,0.013375778563592473,0.3465789214739576,0.025584157275334658
0.34163407397095846,0.013356025014436577,0.346649068474111,0.02555593112947965
0.3418282558076244,0.013355169882382174,0.3467974926573136,0.025534532437024072
0.34192003738033244,0.013348888450051905,0.346823567514394,0.025520411404573708
0.3420199294027919,0.01334314468661249,0.34685215816686815,0.025512074734079248
0.34212520988184203,0.013317005195662958,0.34690562275573805,0.025499175096405497
0.34224252322967397,0.013313974609522312,0.34704599551023396,0.025464943176022936
0.34232649576090785,0.013287538506105569,0.3472401487538031,0.0254414012439792
0.3424142411962887,0.013259798298025696,0.34736933286641597,0.025431337243213722
0.3424653230610691,0.013238839808702019,0.3474088916791997,0.02542493924105129
0.3424981858968234,0.013233924669618391,0.34754507646243726,0.025383831699448686
0.342580686418736,0.013232014935807774,0.3475851287864656,0.025340592733995176
0.3426785051698463,0.013168897808017645,0.3477597127310869,0.025314908807428593
0.34277696148925185,0.01316681611648727,0.3478175667001057,0.025307165091273242
0.34289110901382125,0.013153482186164573,0.3478742647171582,0.025252522998351394
0.34298823636584175,0.01314960608184454,0.34798850360202355,0.02524731988611223
0.3431224166506689,0.013122126289582666,0.34807645826989636,0.02524344633137014
0.34316838333275185,0.013112316456185222,0.3482211660640657,0.025220845859422154
0.3432461159005545,0.01310210616833484,0.34873105423847284,0.025214987279963366
0.3433376450028435,0.013091290037779486,0.3487812620642709,0.025196076018613966
0.3433766939903474,0.013068831839028693,0.34884838140715096,0.0251521676770191
0.34360456017701263,0.013039097825225275,0.34894236909952697,0.025132202924847986
0.3437202253018571,0.013033028127464518,0.3489848934140019,0.025043477003188437
0.34381302329714586,0.013025127004287916,0.3491423588431504,0.02504154874200854
0.3438854327494454,0.013024508943354654,0.3492121013435759,0.025030040883119206
0.3439404832952897,0.013015572287779604,0.34932638242152264,0.025008385458058113
0.3439652775919258,0.012998415456597795,0.34948078020043893,0.025005184358335864
0.3440205548310792,0.01298725987291397,0.34950557449707503,0.024971863568535892
0.34409864647754956,0.012987006793939534,0.34969467439073093,0.024970889644005394
0.3441493853525884,0.012977952166005854,0.3497495884312962,0.02496993673646931
0.34427987526759074,0.012968907319109654,0.34978753985077754,0.024961168008121766
0.34434118742131387,0.012966547863548318,0.3498986875296598,0.024950661772597398
0.3445157713659352,0.012906187402260298,0.34994502221832036,0.024950505435618192
0.3446129721204957,0.0129050295618604,0.35006413177498036,0.02492034221094359
0.34473405597697454,0.012889623654841184,0.35011880841893833,0.02490793896175145
0.344806217435552,0.012866669416005123,0.35019121787123786,0.024885333308275182
0.3448536746623505,0.012854870737219623,0.3503026898260791,0.024884318264615853
0.3449950777537149,0.0128546754875461,0.3504208319999528,0.024869749500817055
0.34505293172273366,0.012852049380144129,0.35049702281710177,0.024843862434700253
0.3451440398031398,0.012845333100174185,0.35055286085386933,0.02479856847271274
0.3452116220891543,0.012838649959707403,0.3506640573262002,0.02478656269722038
0.34533157710444184,0.012819474804856824,0.3507618760773105,0.02477433097215537
0.34536802849914344,0.012818603697535154,0.35091547798954803,0.02475975079165563
0.3454822673840088,0.01280308277269054,0.35106965743816887,0.024755587620310857
0.3455286781297972,0.012801738476085053,0.35119742981971813,0.024752408953997333
0.3456006028331158,0.01279109886784739,0.3512669529025289,0.024752328914648104
0.3457058192707646,0.012789679581223259,0.3512998157382832,0.02472299835581597
0.3457558281341403,0.012789579965861473,0.35135031891140356,0.02471298760558111
0.3458972312255047,0.01276972567625258,0.3514053694572479,0.024712072840787826
0.3459895638736643,0.012760468096421595,0.3515092819698318,0.02469589325443613
0.34608089651946183,0.012756905018323684,0.3515818469087755,0.024665266640354823
0.34617102828917173,0.012756374879138138,0.35172337888144256,0.024641915023323673
0.34627929267788715,0.01274386334568159,0.35187844643199045,0.02462696940249872
0.34634687496390165,0.012740511325027246,0.35239943382477185,0.024607219227258947
0.34642738862236194,0.012736738563089095,0.3525545998796426,0.02459196090213746
0.3465254674126523,0.012736333494827641,0.3527083307411402,0.024563642686564875
0.34668207430136433,0.01273508379348015,0.35284207582646165,0.024559149908093755
0.34676844937477885,0.012730016871671978,0.3529532235053439,0.0245408870202475
0.34679324367141495,0.012724719808269664,0.3530039623803827,0.02453356029113187
0.3468855763195745,0.012723252408433819,0.3530509042178852,0.024533052176996032
0.3470189611964356,0.012707579340372335,0.353187438395854,0.024515283548174952
0.3470678194764835,0.012690390156051666,0.35329544020547976,0.024387312268790155
0.3472043536544523,0.012674698454961785,0.35340429923037175,0.024332066854623073
0.34729923606611185,0.01263027395754932,0.3535048218384985,0.024217543736123975
0.34764913789580765,0.012629389559600175,0.3535887943697324,0.024196000445028207
0.3478095066200972,0.012628183772926906,0.35360638897385865,0.024172823617996365
0.347945703652665,0.012616507823245157,0.3536605587359439,0.02410149680573764
0.34804559567512444,0.012603611260350669,0.3538033644520737,0.024099129473844016
0.34811533817554985,0.012595993797429782,0.35389252292669915,0.024096823838619427
0.3481882730493638,0.012586718408987816,0.3540469207056155,0.024080391641739238
0.34828542005807656,0.012570798747754481,0.3541153976981716,0.024056783053072073
0.348374578532702,0.012565830570010835,0.35433345614681944,0.02403720563663137
0.3484736226840445,0.012553664879227069,0.35435593163547086,0.023994414691078884
0.3486149991275941,0.01254285798214606,0.35443753048095594,0.023959410326188042
0.348677909500364,0.012532668990257767,0.35449375676712636,0.023922331324546856
0.3487818220044532,0.01251726040449097,0.3546157739257307,0.023898999747602054
0.3489705557603613,0.012503370496791047,0.35470504050366874,0.023847357141967868
0.3490195351320893,0.012498812331723569,0.3548347563663335,0.023829240216260057
0.34913377401695467,0.01247054978477961,0.35489484542188304,0.023824193182739744
0.349161400342604,0.012470123176109717,0.355010389412574,0.02379708167520973
0.3492719484244159,0.012451171829877422,0.3550531884195539,0.023790866675142703
0.3494729660329556,0.012451036427595753,0.3552132093206283,0.02372520677061352
0.3496033193874635,0.012359375205407537,0.3553057480837318,0.02371760882909255
0.3496433717114918,0.012353974066972837,0.35534790707594827,0.023706909896901603
0.34968933839357474,0.012349006624270253,0.35544842968407503,0.023643419787310094
0.3497764054776961,0.012347941210776618,0.3554958869108735,0.023590807827609656
0.34988162191534494,0.012339397929262436,0.3557084218799735,0.023585665732177657
0.3499768485569696,0.012329130967237183,0.35576333592053877,0.023571297978258698
0.3500015220316317,0.012304004485511348,0.35586992994063293,0.023540495263214393
0.3500947043093072,0.01229184161023125,0.3559119002999594,0.023512468431068804
0.35018024353157867,0.012270748763267047,0.356005514090449,0.023500169521425612
0.3503516411552718,0.012258364191805479,0.35610963804414186,0.023471277952429044
0.3505052430675093,0.012234797950109946,0.35621716965617556,0.02347061963303784
0.3506303338481067,0.01220246236581065,0.35632444926499757,0.023469573135164172
0.3508300007683617,0.012200773953553916,0.3564848179892871,0.02346512171879395
0.3509098143801468,0.012188600171439962,0.3565924334013505,0.023429936982365597
0.35095233869462167,0.012170250168392764,0.3566720119228342,0.023417720434042794
0.35100725273518696,0.012162315649763883,0.3567538924689363,0.023409790799403814
0.351033664695195,0.012156917060658726,0.3568031231982801,0.023401555416546215
0.35124182318756675,0.012150622415721962,0.35685796529314323,0.023399452385905916
0.35130231292873243,0.012136598477820233,0.35696187779723243,0.023384469093285815
0.35137458494558527,0.012135390255997382,0.35709181235546394,0.02335193943578921
0.3514296145902666,0.012114553922096667,0.35713777903754684,0.023348530626171253
0.35152807090967214,0.012110194134014932,0.35719371700999103,0.023310884710571862
0.3515705952241471,0.01206634964402691,0.3572662142633151,0.02326830114804869
0.3519078217663029,0.012064123253837813,0.3573561725801302,0.02324726848726997
0.35197727434326,0.012062726001224742,0.35742006020650596,0.0232328714425108
0.3522133403607119,0.012059292573869184,0.35746939423966745,0.02321583287275375
0.35232722976589925,0.012058657742817787,0.3574988854387765,0.023188076858574245
0.35243523157552503,0.012039345191458686,0.3576860985108403,0.023186240777420316
0.35248802226434833,0.012035668172773302,0.3578797337487517,0.023186059081935526
0.3526335003731956,0.012035644803260727,0.35799272399193716,0.023161949164568787
0.352767245458517,0.012033946496996573,0.3582454058775877,0.02314638713359315
0.35283958386130326,0.012033716970737384,0.3583530212896511,0.0231410921156044
0.3529162823715671,0.012031401883720249,0.35851369288330304,0.023069864883602097
0.3532442132520759,0.01202988831512171,0.3586350967514109,0.02294924659739126
0.3532959598681312,0.01201480013221582,0.35875654259173845,0.022940053571810032
0.3533567493908427,0.012010316882130374,0.35880431484378816,0.022909778070799636
0.35342513324771446,0.01200913563719809,0.3589070612575091,0.022883117812665558
0.35348733947512545,0.012000495108128444,0.35895824590368425,0.022882433554660426
0.35354838887986534,0.011994785117235469,0.35905078466678775,0.0228650148531185
0.3535760152055147,0.01197869137235552,0.3591234078707496,0.02286009443571537
0.35366597352232976,0.011973533719774457,0.359248498651347,0.02282329910880154
0.35372417711543613,0.011958474683552387,0.3593132471372072,0.022814315599237935
0.35434637914404055,0.011955322660335263,0.35935069150492216,0.022787405160774536
0.35438845216158893,0.011947057585010457,0.35947213734524974,0.022742639953373875
0.3545171680473757,0.01192301472402663,0.35960833437781753,0.022740580244819463
0.3545984734186158,0.01190420274773112,0.35969319631066454,0.02273131553905557
0.35475243801976053,0.011903470944996322,0.3597545692523262,0.022724036947533922
0.35484122886157426,0.011898883197626543,0.35990906502588443,0.0227114044631748
0.3548837531760492,0.011892265458685027,0.360027947808536,0.022700348953742837
0.3549207835937034,0.01188852409051262,0.3600738783542452,0.022675735527975242
0.3549704479510369,0.01186889119104304,0.36014333093120227,0.02266093545178109
0.35510698212900565,0.01186601715245835,0.36021608205656785,0.02265878295585258
0.35525389164259813,0.01186222588553054,0.3602828473453841,0.022645125464052115
0.355330677248828,0.011862034300809782,0.360412031457997,0.022627334951909047
0.3555243124867394,0.011844376848258476,0.3605985475754495,0.0226114081848104
0.3556153994238841,0.011841584381593797,0.3606390351159729,0.022580273587202
0.35573599632276487,0.01182566697095853,0.36066666144162224,0.022550226554116974
0.3560858981524606,0.011820514426097693,0.36080642153422815,0.022529677798704337
0.356227051916438,0.011818228874047662,0.36093980641108925,0.022509374721181974
0.3563346673285014,0.011811059081312752,0.36101861201852264,0.022471658895561353
0.35647619930116853,0.011809935795267679,0.36114062917712697,0.0223992435714745
0.3566305970800848,0.011808813343827869,0.3612506435805943,0.0223946748291563
0.3566704879626975,0.011808154210065924,0.3613439515540671,0.02237812443909066
0.3568125581583636,0.011780433765906794,0.3614022484485041,0.02236965665350855
0.35690608624601483,0.011770164107641645,0.36145333031328447,0.02225710755065055
0.35699368149543265,0.011757357585815626,0.3614988410391083,0.022213123244788305
0.35711049093877756,0.0117261729866044,0.3616077000640003,0.02217664382134146
0.35716926824990813,0.011718350225914363,0.36167962476731885,0.02216607173670078
0.3572169918359294,0.011696634825434484,0.3617906477187975,0.022104536640461653
0.35738838945962254,0.011684239942302676,0.3618455769860787,0.02210436702825608
0.3574732513924696,0.011651805286652725,0.36196238642942363,0.022099359219890174
0.3576307168216182,0.011646955508289952,0.3620093175636279,0.0220435656710539
0.3577525698205089,0.011639586493364381,0.3620834913612065,0.022035962577819077
0.3577708279547997,0.011633319143864963,0.3622248944525709,0.02202179830746914
0.35790701273803727,0.011615232167672844,0.36243305294494266,0.022020703103097387
0.3579334246980453,0.011614621169004457,0.36253018029696316,0.022006121060673435
0.3582864127133676,0.011611304123942845,0.36262730764898365,0.02195690051771406
0.3583497690526516,0.011605887762066244,0.3627271996714431,0.021905191893788353
0.35843972736946667,0.01160016393980022,0.36276364593960464,0.021898006341493484
0.3584902675793969,0.011597288645726497,0.3628452447850898,0.021886016869583438
0.35863307329552674,0.011595730264893737,0.3629153645258113,0.02187592645788866
0.35870322029568014,0.011594190381185936,0.3629635452828311,0.021858879465588555
0.3587767195646057,0.011570994621518076,0.3630570733704824,0.02185775425018638
0.3588772421727325,0.011561965097512068,0.3631870696935407,0.02184672575947566
0.35893180878083786,0.011546471903344485,0.3633474384178302,0.02179711453250788
0.358988679337607,0.011532630340962906,0.3634176091563701,0.021756217784252956
0.35910422332829794,0.011516564113712623,0.36350626396435964,0.021710302524614672
0.3591732347594725,0.011501696361434163,0.36366066174327594,0.021701618525643226
0.359259609832887,0.011491974521733847,0.36380908592647854,0.021686685918844595
0.359374331292095,0.0114451015910088,0.3638672895195849,0.021671833618189522
0.3593991255887311,0.011436190899674438,0.3639778376013968,0.021668870130500287
0.35949835506853267,0.01143104173282447,0.36432773943109253,0.021664641336287253
0.3595268753468207,0.011417196095528253,0.36442269382668036,0.021644656092287815
0.3596179834272268,0.011399501478426284,0.36453741528588834,0.02157156407238844
0.35972898620383764,0.011383114367295772,0.36464567967460376,0.021541589876990227
0.35983941548753334,0.011382291191927093,0.36483986151126974,0.02154132348482739
0.359982101445648,0.011372000965549516,0.36488152698374693,0.021533244768658186
0.3601182984782158,0.011346150760737249,0.3649957658686123,0.021527530961295994
0.3602368923312767,0.011337076252769283,0.3651455570498875,0.021434703618431358
0.36028330307706513,0.011323701789379564,0.365317348877755,0.02139836196923171
0.3604014452509388,0.01130073106754166,0.3654074806474649,0.02139662831782969
0.3605225193895024,0.011293730947496725,0.3655486344114423,0.02137068612134508
0.3606289946199751,0.011285181409396315,0.3656476785627848,0.021330479228672355
0.36069611396285517,0.011282859109148032,0.36569020287725973,0.021284504502836112
0.3607562030184047,0.011281485369720278,0.3658044573073916,0.021255034069926303
0.36084217845104893,0.011261652158745515,0.3658901695408344,0.021230180404605024
0.3609533749233798,0.011261571981335495,0.365931150537387,0.02122142259553739
0.36103262052131907,0.011259101936621364,0.365989468481644,0.0211639365623294
0.3611357843891568,0.01124794082058095,0.3660838932508502,0.02115844778353156
0.36119265494592584,0.011245243915234023,0.3662115778143855,0.021136879198588338
0.36130680247049524,0.011222740318860006,0.36634776259762303,0.021079536966634334
0.3614107149830791,0.011215138063327293,0.3664719341517817,0.021063006919690305
0.36160435022099047,0.011206353453361139,0.3665395164377962,0.021059160389377312
0.3616546310160998,0.01119260418365262,0.3666042649236564,0.021051381533399992
0.3617354673450244,0.011190912431799819,0.36664633794120477,0.021047749924088276
0.36188348036866896,0.011187427146736362,0.36668716359127546,0.021043306698785496
0.36193348923204466,0.01117560366466983,0.3668617475358968,0.021013186501840152
0.36205766078620333,0.011160480431362644,0.3669230596896199,0.021012160219180162
0.3621790646543112,0.011155839659597986,0.3669595110843215,0.021003796469026257
0.36236443531497603,0.011140803910932794,0.3670471063337393,0.020991273659398995
0.3624685592686689,0.01112676282308817,0.36710203560102056,0.0209854291746628
0.36282597410020007,0.011123145532786548,0.3672218596623032,0.02096324240203186
0.36287194078228296,0.011115863925595616,0.36730912199667126,0.020946384215367344
0.36294683210859063,0.011111923399509583,0.36779699263705984,0.02087044185658647
0.36299737231852086,0.011105490209916063,0.3678553120211653,0.02086167589714278
0.36305569026277784,0.011100814836341944,0.36799075408894405,0.020859327270220763
0.3630973557352551,0.011098468305338692,0.36804129429887433,0.02085895144020161
0.36323748470939077,0.011090581914355658,0.3681897184820769,0.020858748650056488
0.36346535089605597,0.011087386388446752,0.3685176493625857,0.02085309242586753
0.363521251330504,0.011086154784506239,0.36857292660173907,0.020824366951862346
0.3636206753469991,0.011059861622865045,0.3686439250280335,0.020781108620109245
0.3636605662296118,0.011046996424848915,0.3689853695531563,0.020760333677474648
0.3637110694027321,0.011039972629285856,0.36909320272637147,0.02067568781286865
0.36380468319322173,0.011037175873936362,0.369341145327461,0.020651096564179534
0.36391570614470037,0.01103059714474142,0.3693911541908367,0.020647536349983762
0.3639629965954234,0.011018701964172936,0.3695208700535015,0.02064643920015978
0.36405095126329623,0.011018623235169365,0.3697218876620412,0.020637862105700212
0.36410700475915697,0.011011543182781715,0.36988190856311554,0.020634929473276147
0.3641946504245075,0.010974121758084529,0.3699660589304997,0.02063204322892148
0.36425260064675863,0.010965791694978464,0.37006004662287567,0.020615289111979823
0.36431971998963875,0.010960632004427203,0.37013245607517525,0.020604441382992302
0.3643971804048461,0.010959696068917881,0.37020734740148287,0.020593586199980158
0.3645060394297381,0.010938009619853417,0.37045091474907826,0.020586489299303963
0.3645389022654924,0.010937153680164409,0.37073262234867005,0.020579830038588005
0.36462806074011783,0.010933314912584348,0.370795693457797,0.020576556127451323
0.36469221689186004,0.010921233597926369,0.3708880261059566,0.020568280356564828
0.36479067321126557,0.010914057186039501,0.3712066477333285,0.020501904858264686
0.3649248534960927,0.010897665734416393,0.37124620654611223,0.02045584276898067
0.36516672443886905,0.010897531064065014,0.3713094271064124,0.020443140128465785
0.36527433985093244,0.010897492167390308,0.3713652651431799,0.020434828334869745
0.36540469320544033,0.010891157102822537,0.37146162318289494,0.020433619894421176
0.36548720351322567,0.01088646082298321,0.37158536356402677,0.020428191412665393
0.36562058839008676,0.010884757395985373,0.37168344235431705,0.020386942690655357
0.36566521006257924,0.010858082086629304,0.3717530024229697,0.02032894843366615
0.36575471320039854,0.010855002719623702,0.37180045964976816,0.020306721795636976
0.3657872293745853,0.010837514748192433,0.3719043721538574,0.02030297006569421
0.3658277169151087,0.010823015373660877,0.37199545909100207,0.02030061940448839
0.3658711400815296,0.010819259321255034,0.3721409371998493,0.020297510851591583
0.3659674981212446,0.010789859912195379,0.372232024136994,0.020273285217216257
0.36606102620889586,0.010785654063983192,0.3723055234059196,0.020267188645861342
0.3662079357224884,0.010749256091573754,0.3724004778015074,0.02026140311324882
0.3663270452791484,0.010741348530294308,0.37244692725755796,0.02022463615010065
0.3665135613966009,0.010717404581281788,0.3725896132156727,0.020219045293635347
0.36659576384015125,0.01070997288206627,0.3727056391181211,0.02021488715232114
0.3666555012201477,0.010700959337474773,0.3728421732960899,0.020202418637108876
0.36672766267872514,0.010699482109337643,0.37287093068004235,0.020177783014827397
0.36683264777222696,0.010698799269509111,0.37307908917241417,0.02017214729710251
0.3668886138068504,0.010691977011648002,0.3731263796231372,0.020147124910089274
0.36694278356893556,0.010668881927985069,0.37346807280456723,0.02013456235684835
0.367001102953041,0.010665747608985017,0.37354041120735343,0.020122207178652107
0.36706241510676413,0.010661902203160616,0.37364741010094155,0.02011985992968191
0.3671512059485779,0.010633703688986884,0.3736652331801363,0.020109859822460295
0.36720588259253584,0.010625348479403366,0.37387069884158775,0.02009553924916565
0.3673852767523059,0.010616872791078456,0.3739212020147081,0.020050665701661256
0.367456574072452,0.010597329099321883,0.37397932724862804,0.02002301269524632
0.36748124754711414,0.010576378376840456,0.3740884079762039,0.020014158380059568
0.3677244788960905,0.010575296226608055,0.3741651935824338,0.019985514128762205
0.36788484762038004,0.01055879772029783,0.374215733792364,0.019961148591391465
0.36794973149022137,0.010557690556219664,0.37435951425616876,0.019944987121929866
0.36809088525419875,0.010554393185310502,0.3743777723904596,0.019938612175056884
0.3682610765652083,0.010539008570694341,0.3744165742209676,0.019934515065255596
0.3683830937238126,0.0105351674777245,0.3744639306286426,0.019927556709484442
0.3685384230124767,0.010528757139263007,0.3745588130403022,0.019914018655214142
0.3686096089461159,0.01050794512503603,0.3746489448100121,0.019882267438120126
0.36864559338394626,0.010507452780287056,0.3747165270960266,0.019876194300398487
0.36875948278913356,0.010488960116131145,0.37479634070781165,0.019854434468684987
0.36881415943309154,0.010463832325588847,0.3748661047337592,0.0198428782519916
0.3689280488382789,0.010448491462482187,0.3749372906673984,0.019828861129800368
0.36909984066614643,0.010445003306975769,0.37497734299142677,0.019810635319124217
0.36920801490081057,0.010425926727591541,0.37502579892939575,0.019807411636778037
0.3693596323026225,0.010423115317519842,0.37507176561147865,0.01976274481515404
0.3694874046841717,0.010406097804153405,0.3754047798790933,0.01973029645745854
0.3696157764759083,0.01040545254453363,0.37554685007475935,0.019676570646633588
0.36971344152425756,0.010384821197074243,0.37564046386524896,0.01965874351891388
0.3698581493184269,0.01038456261345407,0.37578502769156186,0.019650248236784077
0.36994122618746755,0.010373126889439007,0.37584323128466823,0.019629563414561346
0.37017729220491946,0.010363749234875971,0.3759554336631646,0.019582440507164837
0.37024204069077965,0.010363272787936147,0.3759805757256767,0.01957933491074275
0.3703995061199282,0.010351426513246505,0.37612210769834387,0.019558083124758686
0.37044969605168043,0.010324129091068479,0.3762157214888335,0.01953662057507513
0.3704913615241576,0.010307080990212108,0.37627594772074185,0.01950439244281698
0.37061556333637063,0.010285273607656598,0.3763343053563966,0.01946746493154346
0.37069436894380403,0.010271315955008556,0.3764335348361982,0.019466321070627027
0.37078154259370066,0.010257270867873747,0.3765011171222127,0.019437935607855738
0.37087868960241344,0.010245793604975338,0.37665858255136125,0.019422847305467394
0.3709898860747443,0.010245335453781954,0.3767188087832697,0.019393625771774097
0.3711123621754882,0.010244614784297347,0.37693686723191755,0.01939159816122256
0.3712176426545384,0.010229631525853076,0.3772942820634487,0.019357206606066834
0.3714067425481943,0.010227758963505413,0.37734122390095126,0.019321247615198853
0.37149089291557846,0.010226876640937384,0.37744769913142395,0.01931426884827113
0.37161350159281137,0.010226289395646416,0.3775354445668048,0.019303126196571763
0.3721013722332,0.010221355756475113,0.377596756720528,0.01927292651971434
0.372162816861476,0.010184145259009868,0.3776471322780531,0.01926549428147315
0.3722112260914406,0.010175289005920416,0.37776677001699893,0.019213846952072587
0.3723446109683017,0.010164986578890272,0.3778038004346531,0.019204774591552586
0.37240290786273866,0.010158344329763116,0.3778789754068597,0.019204030229078246
0.3729127960371458,0.01013842427887495,0.37822066858828973,0.01919856155131012
0.3730151343663833,0.01012241752564265,0.3782605594709024,0.019179786648355922
0.37308351822325503,0.01012089011456262,0.378381633609466,0.01916043281655983
0.37312146964273635,0.010104441410571026,0.37844242313217746,0.01913563258097952
0.3732001961561934,0.01010064639696865,0.37856816531890575,0.019119800800064864
0.37329865247559896,0.010065926323098173,0.3786184607843295,0.019093002249298097
0.37341753525825044,0.010062797593465742,0.3787327304794035,0.019061280685445
0.3735576642323861,0.010055468336460632,0.3788269821864702,0.01903726041448389
0.37365067038134225,0.010025300904106804,0.37892123306105824,0.019004290245140228
0.3737231676346664,0.010021393265411472,0.37909263068475135,0.018956125799515125
0.3738749899451775,0.010013271761005074,0.3791831571173484,0.018878729169409417
0.3739667715178855,0.009974322375480288,0.3792388581179193,0.018874294731121507
0.374041977877939,0.009971300794856692,0.3792867746223973,0.018859909040911907
0.3742033347035422,0.009967426308062634,0.3793579605560365,0.018852523056823837
0.37428206121699925,0.009967414419760323,0.37944621032063847,0.018778406518825477
0.3744318523982745,0.009948294352157924,0.37950038008272363,0.018769102175524032
0.37454285517488534,0.009912114544531194,0.37950879058001064,0.018768392559788502
0.37467393391570236,0.009898114637918915,0.37985048376144065,0.018762740739413006
0.3750124735996522,0.009876903686376825,0.37992484583513264,0.018760826149692336
0.3752179392611037,0.009866821125813028,0.3799907520908209,0.0187295564730519
0.3754317765157951,0.009863603331832222,0.3800630241076738,0.018719943445673598
0.3756753438633905,0.009861685495081138,0.38015028143867463,0.018717744622890435
0.3758030284269258,0.009856540612610884,0.38025818178782855,0.01863941292083043
0.3759011072172161,0.009849763928721327,0.38042563047209677,0.0186004809720247
0.3759298646011686,0.009845243556617547,0.3805167385525029,0.018597049676371016
0.37599130922944457,0.009839825366674325,0.3805897563259104,0.01859150692100762
0.37611711066657405,0.009834917927355915,0.3807180592937402,0.018584988343076547
0.37636505326766356,0.009830350360662817,0.380829062070351,0.01857125849761312
0.3765105313765108,0.00982559060491601,0.3810226973082624,0.018564004786701074
0.37659650680915496,0.00980718330839549,0.3811078451975617,0.018536301715986442
0.3767710907537763,0.009806922366464075,0.3811993742998506,0.0185297200595164
0.3768075370219378,0.009793057549271497,0.3813545403547213,0.01849023940713765
0.3768530477477616,0.00979293352118084,0.381424100423374,0.018482340633748085
0.3769822318603745,0.009781178312531849,0.3815128912651877,0.018438945870505624
0.37705516673418843,0.009778744905608776,0.3815548616245142,0.018397678553060393
0.37710578286533164,0.009778602632336167,0.38159683198384065,0.018395018311789177
0.3772218087677801,0.009763719391169524,0.3816146550630353,0.01834637455513414
0.3773280850443251,0.009762891413356657,0.38167609969131133,0.01834474507868696
0.3774423547393991,0.009761633958005092,0.3817440285305862,0.018336167922959282
0.3775851604555289,0.009758481103042213,0.38184719239842385,0.01833606659678392
0.37764327334667713,0.009757641567399833,0.38190406295519297,0.018286419389124297
0.37780073877582565,0.009755906845513886,0.3820293733827614,0.01826698070992419
0.37780914927311265,0.009749132574420092,0.3821041327781758,0.018265016530944554
0.37786407854039394,0.00974444623541995,0.38228234337401845,0.018233124636078513
0.37800061271836266,0.009741236495407065,0.3824165236588456,0.018229542817221417
0.3781205677336502,0.009737173114812158,0.382531128808879,0.018214586585895316
0.3781787713267566,0.00973167897002716,0.38265876299895496,0.018195943446430374
0.3782730230338233,0.009731450854346891,0.38273092445753243,0.018179931207543736
0.37840065722389926,0.009725881542939725,0.38277605432857326,0.018141625062144926
0.3785281666780769,0.009724785727515473,0.38288483121839306,0.018137963640917614
0.37857702495812484,0.009716532180140543,0.3829340188839507,0.018114132279235005
0.3786984707984524,0.009708861213156339,0.38302397720076575,0.018103374064409993
0.37886591948272064,0.009701034589696933,0.38309881659059275,0.018078488280832104
0.3790212487713847,0.009693479318220139,0.3831419627794394,0.0180725020516455
0.3792546176426183,0.009687711767324414,0.38320531911872335,0.018021597136867296
0.37930054818832754,0.009676151071057171,0.3833468510913905,0.018019138394890225
0.37940582866737765,0.009664924715121067,0.3834830481239583,0.018018484640734973
0.37962747851432005,0.009653371428946319,0.3835579394502659,0.017985708537572222
0.379692015045143,0.009636273897453135,0.3836237536278576,0.01796526026519467
0.37976854694073037,0.00963354350610715,0.3836413482319839,0.017962921221853802
0.38011844877042616,0.00963282868781317,0.3837688576861616,0.017962648268335893
0.3802033107032732,0.009632031049558438,0.3838660046948743,0.017934978867745043
0.38026162864753016,0.009630127135834997,0.38394993911047376,0.01791135943529212
0.380310859376874,0.009623787629151647,0.3840183229673455,0.017905247937178376
0.38044004348948685,0.009604507854751766,0.3841397268354534,0.017901686493644087
0.3805059497451751,0.009595594568976335,0.38422888531007887,0.017877426330348348
0.380568860117945,0.009588362993362205,0.3843369994193897,0.01784417659988888
0.38064564572417486,0.009587571583019075,0.38440994602435835,0.017832278132855404
0.38079982517279576,0.009582083920367357,0.38450802481464863,0.01781502621670241
0.3808997171952552,0.00958113799687108,0.38453443677465665,0.017797819116515963
0.3810090163040946,0.009577945503418976,0.38461748302886634,0.017789927413086763
0.3811032671786826,0.00957489582002188,0.3846532659728593,0.017775508558063133
0.381725469207287,0.00957298882134754,0.384831476568702,0.0177311029294773
0.3818770866090989,0.009562381207444072,0.3849366930063508,0.01772402820381562
0.38191871552896306,0.009547695651371828,0.38508217111519805,0.017720616702401083
0.3821197331375028,0.009538226141678688,0.38511503395095237,0.017716874577735204
0.38219275091091026,0.009526810771641027,0.3857372359795568,0.017716416740471853
0.38226569751587897,0.009525838926415401,0.3857782525348447,0.017672649922130437
0.3823414752111986,0.009514112184737104,0.3858674110094702,0.01766152766711153
0.38242224357417914,0.009506184053316932,0.386149118609062,0.017661076961035044
0.38252871880465183,0.009502547483702464,0.3862050565815061,0.017651375979601168
0.3825738486756927,0.00949435702519334,0.3862633745257631,0.017614793106682958
0.38270356453835747,0.009492811894944213,0.38631049153633334,0.01758341630607317
0.3827684484081988,0.00948774453296435,0.38641875592504876,0.017568298561662175
0.382822618170284,0.009478423266264328,0.38676865775474456,0.017549575181033113
0.3828839911119456,0.00946435974584796,0.38684092977159745,0.017540184105000023
0.3829565560508893,0.009461974372856886,0.3868840759604441,0.01752488443122366
0.3830123940876568,0.00945550925985737,0.3869812033124646,0.017498070576588073
0.3831189835206231,0.009446307527979635,0.38710115832775216,0.017482129507731686
0.38318850660343395,0.009442055545196523,0.38718822541187353,0.017463304340733597
0.38326077862028685,0.009432426378710373,0.38725310928171486,0.017451870960769097
0.38335004519822485,0.009429820825104115,0.3873381890436711,0.01744293075513801
0.3834313505694649,0.009424740806834463,0.38746656083540776,0.017442166025921985
0.3835404312970408,0.009409959242361782,0.38752705057657344,0.01742933827093769
0.3836361679253442,0.00937777075616288,0.3875993889793597,0.017424653286056642
0.3837105299990362,0.009371120071831619,0.38767571934713096,0.017408171923615597
0.38383254715764054,0.009352262274291178,0.38782968394827566,0.017400308903417698
0.38400713110226187,0.009332525509740041,0.38790638245853953,0.017388359236339555
0.3840768951282094,0.009328889753160855,0.3879958855963588,0.017385730638204668
0.3842026373149377,0.009328392291234272,0.3880841353609607,0.01733615823215586
0.38440230423519267,0.009305868542430411,0.38827286911686887,0.017322728492965213
0.3845299384252686,0.009285815674436907,0.3883767816294527,0.017317449716465205
0.3845681294669637,0.00928035921692651,0.38841252957535927,0.017283149895843584
0.3846934398945322,0.009279899337838581,0.388480913432231,0.017274603289716816
0.38473445644982013,0.009277328601578769,0.38854939042478714,0.01725162167102729
0.38480401651847274,0.009263005588715418,0.3885770167504365,0.017239892196715643
0.3848826372391705,0.009262228339227229,0.38864831407058253,0.01720730402002641
0.38493339166372315,0.009253030097175576,0.3887400956432906,0.017126437088404077
0.38505930807636224,0.009252891938966565,0.38884284205701153,0.01711722498118597
0.3850750695909403,0.009240197267623937,0.38891500351558894,0.01710057168690819
0.3852876045600403,0.00923570610198191,0.38899808038462963,0.01709152167273813
0.38546581515588296,0.009223170429538147,0.38910809478809694,0.017089249426618654
0.3856153587681701,0.00922024052384711,0.3892307034653299,0.017059458614779845
0.3856855057683235,0.009217024820251458,0.38930085046548324,0.017031075579517514
0.38579418093433626,0.009212286615703162,0.38936027460835887,0.017024386557719765
0.38586712753930497,0.009192185113303893,0.3893931374441132,0.016997966534810564
0.38595283977274775,0.009190565550984795,0.3894365606105341,0.01699138688134845
0.3861525066930027,0.009185923128983772,0.38954564133811,0.01696212355886875
0.3863078359816668,0.009151119423221417,0.3896005706053912,0.016949290446566238
0.38645161644547155,0.009145116080076846,0.38971611459608224,0.016904578455728618
0.3865792506355475,0.009137065605417839,0.38980833756091854,0.01688371182171504
0.3866614530790978,0.009133199089260219,0.38988706407437557,0.016843136589461002
0.38679519816441926,0.009122884940852309,0.3900232488576131,0.0168295350817814
0.3869406762732665,0.009113926864485726,0.3900903682004932,0.01678879792158546
0.3870548237978359,0.009105565028777277,0.3901514176052331,0.01678834922770903
0.3871224060838504,0.009098177431867768,0.39020936782748417,0.016777261589495433
0.3871812824514581,0.009087510973519551,0.39030782414688975,0.016772864288503053
0.3872757072206644,0.009084756506073077,0.39037257263274994,0.016763327199831236
0.3874431559049326,0.009066432208414951,0.3904893004337141,0.01676050714880473
0.38749808517221385,0.009061629512175831,0.3905426833547192,0.0167530370646409
0.3875828617165258,0.009047134487360914,0.3906188498091226,0.01672232408960626
0.38775901914792965,0.009041474773101686,0.39073848754806845,0.0167133302861057
0.3878320369213371,0.009030196648366217,0.3909803584908448,0.01670019121157793
0.38794664207137053,0.009029926062679295,0.3911231642069746,0.016689670708597074
0.3880867710455062,0.009011128354120433,0.39116091243368234,0.016663253631147987
0.38814699727741464,0.009000793687174588,0.391211666858235,0.016650882008276777
0.3881977704369866,0.008991502327839074,0.3913220961419307,0.01664040387702957
0.3883077848404539,0.00898577550158568,0.391374886830754,0.0166402053543022
0.38864947802188393,0.008984505938742827,0.3914108712685843,0.016639263722944837
0.38877983137639177,0.008984429524203499,0.3915522743599487,0.016602091307055065
0.38882774788086977,0.008981751739905067,0.39160289049109187,0.016584756859142007
0.38886990687308626,0.008978371523860187,0.3917312622828285,0.016581536657714925
0.3889771864819083,0.008955217375116108,0.3917938903943325,0.016569316133049985
0.38907993289562925,0.00894642287186991,0.3919080379189019,0.016549028137876617
0.38915111882926845,0.008942951348332501,0.3919568961989498,0.016522642490419542
0.38943282642886023,0.008925932697642275,0.39203820157018987,0.01646769290478
0.3894698568465145,0.008924107157349636,0.39212546390455794,0.016462067852503467
0.38957893757409034,0.008908839712994181,0.3922189919922092,0.016424589589188437
0.38968552700705666,0.008875697910206835,0.39233769428836984,0.016411071646322176
0.38984002278061497,0.008872298382350726,0.3924115603491337,0.0163982310780463
0.38992827254521695,0.008855498470885018,0.39252836979247857,0.01637750982602491
0.3900392954966955,0.008822848083945357,0.39263070812171613,0.016321387060353264
0.39014807238651533,0.008803252993635302,0.39270588309392274,0.01631802697257473
0.3902358178218962,0.008777770985250576,0.3927562725232622,0.01631076866281723
0.3903288239708524,0.008731944583055934,0.39283803933407807,0.016278292241762315
0.39038668223393247,0.008727631770142434,0.3928963587181835,0.016258131509990805
0.3904330169225931,0.008705337343123712,0.39294364916890656,0.016197659335850025
0.39050785631242,0.008704667394509246,0.39301854049521423,0.016146542426168017
0.39062466575576493,0.00868810101794063,0.393112792202281,0.016133624914810324
0.3908427242044128,0.008675005131299422,0.39320597447995653,0.016117673255491224
0.3911844173858428,0.008660359639476445,0.39326986210633225,0.016070935890477447
0.39124930125568413,0.008652543105962224,0.3933089110938362,0.01606638703162723
0.39129481198150795,0.008648385812711575,0.3933334168919867,0.016046308453318142
0.39149325243969557,0.008619867029123096,0.3934045060584654,0.015997388401692278
0.3915391829854048,0.008595850322365541,0.393502157668229,0.015967752236734165
0.3915935325331696,0.008580372422216476,0.39358625844366446,0.01593038595008367
0.3917550960343657,0.008562904191090842,0.393646347499214,0.015929951728915648
0.39181514138478063,0.008561562406975379,0.39369231418129697,0.015903161592967462
0.3918979735815195,0.008561292397762692,0.3937853203302531,0.015901245082130498
0.391997865603979,0.008554077139365719,0.3938740017605734,0.015900612991904966
0.39233087987159365,0.008543419124390314,0.39404858570519474,0.015883378678031714
0.3923787963760716,0.008533789543400998,0.3940990888783151,0.015870875010278486
0.3924930660711456,0.008525533951776163,0.39419929347955757,0.015863239672627295
0.39270122456351736,0.008517381581908245,0.39427402078206647,0.01585569781415815
0.3927223439230407,0.008516111868579727,0.39440165497214247,0.01584850814645957
0.3928465210242261,0.008512539988363203,0.3944463231657564,0.015846945603336018
0.3928932365209489,0.008510593500311251,0.39453147105505565,0.015845159950526162
0.39300007378623836,0.008508409705505727,0.39642777746841,0.015827874535264963
0.3930811663232417,0.008467200987571987,0.39657155793221477,0.01578542544480046
0.3931788179330053,0.00846609015926205,0.3966309820750904,0.015741430362274534
0.3932407545562253,0.00846286081575133,0.3967097085885474,0.015737025823430485
0.39329041891355887,0.00845988480947197,0.39687715727281564,0.015728848390664553
0.39342041523661714,0.008451937439786852,0.3969322464397279,0.01571466735550639
0.39351536963220496,0.008445080535658822,0.39705798862645625,0.015713318502923714
0.39367053568707566,0.008442806724966084,0.3970827829230923,0.015668722945156508
0.3938143161508804,0.008440000534577325,0.39719832691378326,0.01565784022801592
0.3939085678579472,0.008434607830633328,0.3972701093566763,0.015651727318844694
0.3939638338798741,0.008433841158051868,0.3973126336711512,0.0156472087129961
0.39400028014803556,0.008425781361159219,0.3974189099476962,0.015607776463827893
0.3940736829598565,0.008414032639004384,0.39743716808198704,0.0155773561651346
0.3941879640378032,0.00841282802111067,0.39754534231665123,0.015526319064030618
0.3942731119271025,0.008391606217209926,0.39760156860282164,0.015525484811642919
0.3943886559177935,0.008391480889930409,0.39772748501546074,0.01551644734011367
0.3944835383294531,0.00839051025424142,0.39780135107622455,0.015512662697273362
0.3947362202151036,0.00838275348300809,0.39842389853254406,0.01550519369704146
0.3948086296674031,0.008375714328389655,0.3985481003447571,0.015476568215874864
0.3948797188338818,0.008373117583724244,0.39858579118564613,0.01546568204197837
0.39497251682917056,0.008364288869414966,0.39878423164383375,0.015431032199384626
0.3950600986654868,0.008356360206018423,0.39887020707647797,0.015412286563774146
0.3951092863310444,0.008337826800894153,0.3989431536814466,0.01540172898410562
0.39522897929391254,0.008337211602253859,0.39902566398923195,0.015383293715958748
0.39530415426611915,0.008332688057627049,0.39914168989168036,0.015370420395310683
0.39534190249282686,0.00833229948085326,0.3991977433875411,0.015316287553623575
0.39542070810026025,0.00833212852587146,0.3997076315619482,0.015311288395352429
0.39546726249535463,0.00832881290587637,0.39977025967345214,0.015302585119996574
0.3959882498881361,0.00831740605427048,0.39989211267234287,0.015297114096382763
0.3964981380625432,0.008316148265603219,0.399933741592207,0.015287309905458539
0.3965484188576525,0.00830887792065714,0.4000125471996404,0.015219090328094749
0.39672300280227385,0.008307887414662301,0.4001528244654253,0.015215046799247364
0.3968081506915731,0.008286826599419097,0.40027503141219634,0.015151082815207625
0.39687915802454077,0.008261070951869036,0.4003578636089352,0.015133511201616077
0.39707759848272833,0.008238496757540075,0.4004678780124026,0.015128630350087983
0.39712778841448054,0.008234660692794637,0.40058248316243594,0.015115653355011152
0.3972777095983564,0.008229701291315743,0.40064441978565596,0.015114273410555922
0.397371323388846,0.008229009463019955,0.40073216522103683,0.015101130277306873
0.397477599665391,0.008222999230614222,0.4008550049196189,0.015071706820280799
0.39752605560335996,0.0082136367078838,0.4010491867562848,0.015066455530552718
0.39761020597074415,0.008209163045537675,0.40112439311633835,0.015058698598535012
0.39771339067603473,0.00820024500128248,0.4012581382016598,0.015016977668640475
0.3996096970893891,0.008198825795769171,0.4013794538440091,0.015016325524611419
0.3997030050628619,0.008189586325080295,0.40147665459856957,0.015006170554671116
0.39988952118031434,0.008189408937476949,0.4016983044455119,0.014992757560614006
0.40017122877990613,0.008180075776295271,0.40176414061158583,0.01497992279255076
0.40021402778688603,0.008177738989266286,0.4018847375104666,0.01497702352416563
0.4003578082506908,0.00815812432926382,0.4019133281629408,0.014963000168963589
0.4003838831077713,0.00815367422325884,0.4020104751716535,0.014949965901534983
0.4004308249452738,0.008124251149530444,0.40211837216540836,0.014907807196751072
0.4005396839701658,0.008111674269706921,0.4021656626161314,0.014897656242920509
0.4006160143379371,0.00810045035893499,0.4022308547579524,0.01487256419677227
0.4006738726010172,0.008100444201907019,0.40234474416313976,0.014864585688708423
0.40076222590728794,0.008072094902958068,0.40239942080709773,0.014843103279370882
0.4008232753120278,0.008070794865956929,0.4024471930591474,0.014840856375101004
0.4008645906125105,0.008068017469298836,0.40250315909377077,0.014820802201540029
0.40092481684441894,0.008067556035904885,0.40254908963948005,0.014816720124934863
0.4010675028025336,0.008065215280349309,0.4026434953636111,0.014767159741934075
0.40120903477520076,0.008060377105526529,0.40277384871811894,0.014735273180267912
0.401294114537157,0.008060236831338654,0.4030984352426511,0.014735033241821642
0.4013664529399433,0.008025402250137589,0.4032060506547145,0.01472463336799029
0.40145371527431134,0.008025136399105416,0.40331421031250575,0.014693084571291695
0.40150994156048175,0.008020354305793316,0.40338132965538587,0.014660965252572255
0.40163762612401704,0.00801683110307667,0.40346619158823294,0.014656798140787092
0.40175061636720255,0.007997807623201424,0.4035087159027078,0.014645675367148435
0.4018074869239716,0.00798195394537811,0.40357065252592783,0.014639379300478575
0.401863713210142,0.007974457608172883,0.4036267060217886,0.014622796154083876
0.4019400435779133,0.00795821039580519,0.40370479766825895,0.014605154705217834
0.40196880096186577,0.00795412438324284,0.4038040271480606,0.014591806870468781
0.4020906539607565,0.007950668306157966,0.4038608218175954,0.01457640559065777
0.40271320141707606,0.007934005346427127,0.40390723256338384,0.01457035788278653
0.40279571172486134,0.00792014201302949,0.40398240753559045,0.014534944663313534
0.40297944272517733,0.007901690012533902,0.4040111649195429,0.014521029295313261
0.40309902168942413,0.007889123488398174,0.40409074344102663,0.014506386614852708
0.40320185807031333,0.007883516466026511,0.40416376121443415,0.014449366967496649
0.40326769423638725,0.007880317280716326,0.4042856142133249,0.014448747458504862
0.40333244272224744,0.007872011748977534,0.4044840546715125,0.014426551466340849
0.4034036069137502,0.007854001668459936,0.4045537971719379,0.0144116219934812
0.4036296661288263,0.007852266698251694,0.4045622076692249,0.014405125045027197
0.4037443875880342,0.007851139160637108,0.4046912398204863,0.014404090664082134
0.4037955722342094,0.007837745389806866,0.40474909808356646,0.014385264086125036
0.40386657956717703,0.0078376635817748,0.40480988760627795,0.014376990178880805
0.40400695232167294,0.00783168453100273,0.4049553657151252,0.014373395828297096
0.40409708409138284,0.007830303000181409,0.40500377494508977,0.014372512875785474
0.40420709849485015,0.007817902170611967,0.4052176121997812,0.014372341142190766
0.40430198090650976,0.007817863497437086,0.4052805225725511,0.014369727156454225
0.40439451966961326,0.00780866163896294,0.4053319460084613,0.014356794370663948
0.40446924697212217,0.007804192231594867,0.4053933189501229,0.01434107714883682
0.4045166033797972,0.007801659150814391,0.4054662655550916,0.014322928955468817
0.4045747162709454,0.007798332634669842,0.4055141820595695,0.01432234595038537
0.40468053831989886,0.007793409835004758,0.40586717007489187,0.014317023035192167
0.40476881226885814,0.0077876381582125224,0.4059948042649678,0.014281019445610433
0.404876712618012,0.007783664793637868,0.4060883323526191,0.01426984081537923
0.4049324136185829,0.0077787981148036475,0.40617591418893534,0.014263509332916298
0.4049826944136922,0.007764467721863948,0.40630863020309577,0.014261596628618029
0.40506417246481113,0.007755081429333714,0.40642858521838326,0.014239971738201898
0.4051289209506713,0.007754651740809181,0.40648963462312315,0.014239001381574377
0.40528894185174563,0.007745132737125601,0.4066880750813108,0.014199098045468811
0.4054431213003665,0.007741768857458761,0.40677803339812585,0.014188975570282166
0.40553710899274253,0.0077396519484565374,0.4068548190043557,0.014167470894300562
0.40563492774385285,0.007726306837743448,0.406962978662147,0.014160772129564788
0.40569008448595384,0.00771438943976201,0.4070118369421949,0.014126875088585738
0.4057437314726178,0.007705367290303648,0.4071636167453214,0.014126585658160424
0.4057925897526657,0.00767734394608841,0.4073690824067729,0.014086296247404243
0.4059074321081761,0.007661674439315672,0.407462088555729,0.01407763623305833
0.40599468943917694,0.00765615464299268,0.40751236935083834,0.014076795057832539
0.40603635491165413,0.007630809900159773,0.40760759599246305,0.014070105069595062
0.40609632887701586,0.007630361820643172,0.40775560901610763,0.014026458715973982
0.40627248630841967,0.007630165187947319,0.4078278810329605,0.013984797174348909
0.40636127715023346,0.007628099428567947,0.4078928814498275,0.013980890469131686
0.4064118173601637,0.007618113236297762,0.40809254837008246,0.013972408003187562
0.4064916309719488,0.007612134376994564,0.40824056139372705,0.013966099754244581
0.40657322981743393,0.0076091070001364945,0.40826506719187755,0.013957627729309287
0.4066187405432577,0.0076011963451666446,0.40839968666871057,0.013948529351332872
0.4067680401033549,0.007594476153550561,0.4085408404326879,0.013915926886991397
0.40681659612990473,0.007589600115992207,0.4085955170766459,0.01389270587433051
0.4068586691474531,0.007587437025872217,0.4087007335142947,0.013890830303846309
0.4070122710596906,0.007587291603045675,0.40887531745891603,0.013878383794830324
0.4071137154001871,0.007581931843753898,0.40898190689188235,0.013863784975581269
0.4071832384829979,0.007561010608665206,0.4090329887566628,0.013858664946950186
0.4073178579598309,0.007559227890364622,0.40908196812839076,0.013812482560555948
0.40741281235541876,0.007551905322660443,0.4091814263529669,0.013796370707895458
0.40749161796285216,0.007546648784043856,0.4092877026295119,0.013793417970747821
0.4075587373057322,0.007528237089799887,0.40936206470320396,0.01376501267703181
0.4076846537183713,0.007527065955271783,0.40946671023032066,0.013757663443326889
0.407735543836961,0.007526514238737711,0.40959262664295976,0.013706017858116116
0.40786146024960007,0.007494797441096295,0.4096559829822437,0.01370452996169871
0.4079740216388067,0.007476499933311422,0.40971418657535014,0.013703742565626642
0.40810776672412813,0.007468694797654428,0.4097520162957817,0.013684953392136334
0.40816719086700376,0.007466998877465422,0.40978053657406965,0.013677045593299693
0.40826696222251724,0.007454610948702997,0.4098260472998934,0.013674585030361893
0.40836408957453774,0.00745446317595227,0.4098634916676084,0.013660543176433532
0.40856253003272536,0.007445082550635855,0.4099202863371432,0.01364515882165658
0.40868141281537684,0.007441181192949368,0.4101638536847386,0.013641090248687386
0.4087595337175292,0.007440842412590348,0.41028965512186805,0.013641007521461634
0.40888327409866104,0.0074399767552806246,0.41033888585121187,0.013640227625448162
0.40894590221016497,0.00742792370330794,0.41043206812888744,0.013638681521814954
0.4089922368988256,0.007423369050136606,0.4104736970487516,0.013632002809277653
0.4090395933065006,0.007421407239355483,0.41056076413287296,0.013602616122946892
0.40917935339910644,0.007404472256893461,0.41061042849020646,0.013599198962562628
0.4093282562066249,0.007393839626116638,0.41070296725330996,0.01359414451925294
0.40952189144453627,0.00736621154767533,0.4109111257456817,0.013572333532802548
0.4096211209243379,0.007366196484766873,0.4109981928298031,0.013535906452667655
0.4098195613825255,0.007360193955340431,0.4110769984372365,0.01353585845603255
0.409896767322569,0.00735305725974842,0.4111304086558995,0.013492913194590376
0.41002948333672945,0.007350338685919894,0.41124143160737814,0.013486202703028171
0.4100755081351736,0.0073489119208665086,0.41131088418433526,0.013478340267391347
0.41013230280470847,0.007338919233032573,0.4113356784809713,0.013460021879433681
0.4101917269475841,0.0073185377742775145,0.41144668125758216,0.013454191258901963
0.4102409146131417,0.007311006860003414,0.4115539608664042,0.013433559455492527
0.41075080278754883,0.007308082905838555,0.41164675886169294,0.013415599444726983
0.41107873366805764,0.007303897124030783,0.411734021196061,0.013407624382292106
0.4112044758547859,0.007303467326020045,0.4118885169696193,0.013335859226567522
0.41128752210899566,0.00729551814151406,0.4120027866646933,0.013283016642435485
0.4113367097745533,0.007279671382970179,0.4122388526821452,0.013282936994188258
0.4114015936443946,0.007279150740686927,0.41274874085655233,0.013239210624373403
0.41149599936852566,0.007257885795741231,0.4128199050480551,0.013221866342108875
0.4117957509111463,0.007243119922601227,0.41287677560482416,0.013219103477664636
0.41186476234232083,0.007234556376254119,0.41304393419573043,0.013200245149766855
0.411901792759975,0.007227621554256054,0.4130764503699172,0.013199340912763433
0.41197473936494367,0.007227164440344411,0.41311157913214225,0.013185350418075266
0.41207162818631693,0.007223610843835158,0.41327293595774545,0.013184769423982952
0.41217067233765947,0.007222428928592695,0.4134218387652639,0.013182793087086309
0.41226178041806555,0.00718652580620045,0.4135208668276803,0.013178436317989059
0.4123269725598866,0.00717988091464473,0.41358106557929514,0.013145723127375374
0.41240827793112667,0.0071624820931521374,0.41365968629999283,0.01313774473834324
0.41251643758891793,0.007147861029680901,0.41414755694038147,0.013136717189555945
0.4125538819566329,0.007147234026015709,0.4142088690941046,0.013130506926354769
0.41259171167706443,0.007146101334620028,0.4143284480583514,0.013126779847627416
0.41268039310738475,0.007134448619201323,0.4143837140802783,0.013096121020112785
0.41273377602838984,0.007132806320861144,0.4144389913194317,0.013094943781222805
0.4127939747800047,0.007124224995548848,0.4145397742555576,0.013084259190968634
0.4129139297952922,0.007123280793119796,0.4146412185960541,0.013076967117037439
0.4129517595157237,0.007122104541088168,0.41473810741742734,0.01307613553784973
0.4130389331656204,0.007121942673693661,0.4147941609132881,0.01307602561758422
0.41311070101465114,0.007120331605621089,0.4148752534502914,0.01304657700459748
0.41321461351874034,0.0071064277826756485,0.4150288553625289,0.013026488471372614
0.4133437976313532,0.007105548272766926,0.41507540975762325,0.013019909186853364
0.4134160696482061,0.007102768528029964,0.41514641709059086,0.013014482277738132
0.413477119052946,0.0071023653592437895,0.4151792799263452,0.013011674479738366
0.41360255565201387,0.0070963022774229185,0.4153196526808411,0.013004817875229639
0.4137352716661743,0.00708018307770846,0.4153798514324559,0.01298481932831665
0.4138434313239656,0.0070724646148755945,0.41570778231296474,0.012966208077229655
0.41393356309367546,0.007071448715718259,0.4158109670182553,0.012939946152771619
0.4140343460298014,0.007067512604607047,0.415860154683813,0.012936771665223789
0.4141406223063464,0.007065427756175989,0.41600706419740546,0.012935067898158348
0.41422787963734725,0.007064301583629505,0.41605308899584964,0.01291980316473682
0.41426607067904236,0.007045245518469904,0.41616793135136,0.012876830100728924
0.41432296228138404,0.007043565405851339,0.41623694278253454,0.012828903167691955
0.4143790157772448,0.007040812230054642,0.4162746910092423,0.0128138194037479
0.4144831308624905,0.0070398556943654395,0.41633957487908363,0.012790903072228601
0.4145555403147901,0.0070313715297723265,0.41643068295948976,0.012788798953110348
0.41466656326626866,0.00703091742181385,0.41651947380130355,0.012788221614481437
0.41474073706384723,0.0070252341030285935,0.416565884547092,0.012786803723762962
0.4148486340576021,0.007010658204350416,0.41674961554740797,0.012778631221357422
0.4149565310513569,0.007000975576672218,0.4168773879289572,0.012757203282703319
0.41502127953721707,0.006978490723247852,0.41694045903808413,0.012738639438382672
0.41510614147006414,0.006970699940760669,0.41704364374337477,0.012736053590874038
0.4151932085541855,0.006969045254184738,0.4173766580109894,0.012732179375071963
0.41524350401960924,0.006964513173135448,0.41752043847479414,0.012720075937180048
0.41531867899181585,0.006960451672772134,0.41758188310307015,0.01265940544863471
0.41540465442446,0.00695752831197644,0.41775804053447396,0.012644859695212677
0.41549019364673145,0.006941593396107168,0.41786462996744034,0.012644145965642478
0.4155532647558584,0.006939517915069839,0.4179125464719183,0.012637952737722237
0.415656449461149,0.0069247966488831586,0.4180188227484633,0.01260334931954008
0.415868984430249,0.006921088980798711,0.4180833592792863,0.012568529850403203
0.4160828216849405,0.006896503858023281,0.4182958482072143,0.012552788977590865
0.4161758278338966,0.006884939127932926,0.418395166753748,0.012550998322641534
0.41625540635538033,0.006878677785646384,0.4185119761970929,0.012547194517891939
0.4164090082676178,0.00684883678112974,0.4185599803284545,0.012529544359986313
0.41646428550677117,0.006846579231621709,0.4186105205383847,0.012523892147339451
0.4165314048496513,0.0068443289940283555,0.4187408738928926,0.01251303977115605
0.41656718779364427,0.006838397448163664,0.4187821891933753,0.012507397025702851
0.41680055666487786,0.006832930076576648,0.4188069834900114,0.012505656498577928
0.4168452248584918,0.006818350424129807,0.4188575236999416,0.012490896322726314
0.41692682370397693,0.006815957569846214,0.4189222721858018,0.0124851742881098
0.41695323566398496,0.006814178593116697,0.4189898544718163,0.012469512302992383
0.41703500247480085,0.006807661257233312,0.41904672502858537,0.0124526455977683
0.4170717249390259,0.006792835725951522,0.41910163906915066,0.01243823909184656
0.4172000279068557,0.006792412833864983,0.41920964087877644,0.012432008055010196
0.41726265601835966,0.006792149806594861,0.4192779793103406,0.012407498782080998
0.41738809261742754,0.006767041975769487,0.41932873373489327,0.012361926638994816
0.4174206087916143,0.006734729037610302,0.41944868875018076,0.012324446067606867
0.41751583543323895,0.0067231662837807914,0.41956757153283225,0.012264952564988177
0.417569245651902,0.006720157648598288,0.4195922450074944,0.012237761462422518
0.4177210254550285,0.006715378119184492,0.4197001420012492,0.012235307377393373
0.4177948915157923,0.006712656080811742,0.41976018735166415,0.012226426778636636
0.41786463401621776,0.006710416817394987,0.4198367192472515,0.012224322796378893
0.4180008187994553,0.006698810749166539,0.4199226946798957,0.012200982044996074
0.4180746848602191,0.006698524398065288,0.4200308917992309,0.01218697687284514
0.41828284335259086,0.006694564380877742,0.4201205503982103,0.012163699888565246
0.4188038307453723,0.006693452095625724,0.42016044128082297,0.01214912809717562
0.4189118325549981,0.006690235058737341,0.4201982710012545,0.012126638734318358
0.42080813896835245,0.006667630347615345,0.4203598345024506,0.012124009996477563
0.4209365107600891,0.006663537823305289,0.42040906523179444,0.012064949176248447
0.42107139819314493,0.006661944597061962,0.42052162662100107,0.012063646690892339
0.4211296017862513,0.006656193479181298,0.4206304856458931,0.012047225546770688
0.42123965558804993,0.006643409593385996,0.4207430470350997,0.012022912988860797
0.4212480660853369,0.006638193367050391,0.4208331788048096,0.011985687172329763
0.42146055501326496,0.006630874636763211,0.42088680460149136,0.01196999956688573
0.4216459256739297,0.0066267814516063886,0.4209284700739686,0.011949894952530557
0.42174495373634613,0.006626341284503419,0.42100023792299934,0.011929927167547604
0.421787478050821,0.006626166067182697,0.421059662065875,0.011914287957459968
0.42186364450522446,0.006618723653652871,0.42111481880797597,0.011904621563762863
0.4219634158607379,0.0065984048662099505,0.4212145901634894,0.01190256045561236
0.4220716129800731,0.006598245491058359,0.42126548028207905,0.011888021558238555
0.4221687403320936,0.006580174680932749,0.4213695953673248,0.011834678846994235
0.4222478378932242,0.0065752101058732795,0.42151240108345467,0.011800680818329285
0.422321703953988,0.006563677385420606,0.4215545056247649,0.011798042252498163
0.42236485014283465,0.006550788013660271,0.4216607819013099,0.01179636435170241
0.42244258271063734,0.006549660866489054,0.42167654341588795,0.011774306306707054
0.4225026717661869,0.0065474805256573124,0.4217268242109973,0.011773904639782654
0.42269685360285286,0.00652301901603403,0.42200853181058906,0.011768691141396486
0.4227917360145124,0.0065164593374804035,0.4221015379595452,0.01176064521424272
0.4228998501238233,0.0064731434189192315,0.42217001495210127,0.011756013321829158
0.4229683271163794,0.006470608880184092,0.42225917342672675,0.011746873605842159
0.4230405534658263,0.006447224938397421,0.42230124644427514,0.011739585001199714
0.42308784391654936,0.006442038430566224,0.42235152723938446,0.011731412565504256
0.42313584804791093,0.006434874173126606,0.422423936691684,0.011669611471720093
0.4233261238772706,0.006431302315531967,0.42245974115270435,0.011659671069445508
0.4234745480604732,0.006429526898605848,0.42264625727015687,0.011629875624417398
0.42351617698033733,0.006423708908553499,0.42275309453544635,0.011619308615342272
0.423615495526871,0.006371149100783648,0.42279128557714146,0.011617805536600237
0.4237213814048588,0.006368581189318349,0.4228907438017176,0.011615477140967799
0.42377061213420264,0.00635748559058352,0.4229767399358998,0.011585749091945582
0.4238592620237717,0.006332026675106862,0.42317775754443954,0.011569229886546385
0.42396514790175954,0.006325978013692854,0.42328331193448404,0.011560504583104272
0.4240927820918355,0.006314649137220708,0.4234297680869425,0.01153131763361835
0.42425994068274175,0.006301456768806607,0.4234718411044909,0.011476849183376298
0.4242950694449668,0.006296641147171276,0.42354601490206945,0.011467694416526803
0.4243372284371833,0.006295936821257739,0.4236914930109167,0.01146717198474987
0.4244004489974834,0.006282462598812555,0.42373019080706437,0.01143816748924136
0.4244646051492256,0.006277065621790283,0.42381070446552466,0.011402975718822244
0.42452318808081435,0.006274371817538185,0.4238962436877961,0.011383918911529683
0.4246374691587611,0.006273801689561099,0.42396112755763743,0.01133807891032471
0.4246621426334232,0.006268702708345897,0.42402528370937964,0.011324165750324949
0.42478498233200523,0.006267622687666448,0.4240765673823006,0.011320293051982445
0.42492535508650114,0.006248359178574539,0.4242381308834967,0.011319378655074647
0.4250126174208692,0.006235298279957004,0.4243197297289818,0.011307392650522432
0.4251120756454454,0.006225354560286482,0.42437981878453135,0.011302232570923477
0.4251901672919158,0.006224303725922511,0.42442867706457926,0.0112481549801553
0.4252964435684608,0.006222146933801151,0.4245192034971763,0.011240497250623625
0.42537133489476847,0.006209123902873447,0.42454527835425676,0.011230859877130683
0.42548687888545944,0.006203091511403432,0.42459446601981443,0.011209734598587935
0.42561659474812424,0.0061922352387208555,0.4246390876923069,0.011208959660580296
0.4256780393764002,0.006189709422823115,0.42475297709749427,0.011197383451382211
0.4257286555075434,0.00618397859709977,0.4247993117861549,0.011184238035455369
0.42589884681855295,0.006175655904941526,0.42488078983727373,0.011180255721731482
0.4259346512795733,0.006171470090544631,0.4250067062499128,0.011174421115057433
0.42603100931928833,0.0061507305328369535,0.4252063731701678,0.011159056537971822
0.4261468023145685,0.006150430192014509,0.42534011825548923,0.011134845190628375
0.4262254230352662,0.00614440732095385,0.42547283426964966,0.011103866013566627
0.4262731952873159,0.0061414682042986515,0.42549395362917297,0.01109544541215192
0.426354617035688,0.006125488401620608,0.4256475555414105,0.011092105119522001
0.4266543685783086,0.006119052059082751,0.4257323320857224,0.011089956557907978
0.42677307087446925,0.006112196634277311,0.4259850139713729,0.011088472575375315
0.42710100175497806,0.006111090281063799,0.42606979051568483,0.011078980496817256
0.4271304929540871,0.006111047475088175,0.4261546524485319,0.011075490004119259
0.4272000160368979,0.006099713596462261,0.42621756282130174,0.01106966073893645
0.42731674383786206,0.00609779302147364,0.4263173341768152,0.01105132354061587
0.4274289462163584,0.00609705539679608,0.4264283571282938,0.011046709430851249
0.42748022988927936,0.006093375224695592,0.42661745702194975,0.011023229141783376
0.4275307700992096,0.006092537714494709,0.42681109225986114,0.011022270296778571
0.42757391628805624,0.006078624146380078,0.42694483734518257,0.011007129841539202
0.4276372726273402,0.006068132985307207,0.42699329328315155,0.010993661121240844
0.42772257238454947,0.006060867492911271,0.4270450398992069,0.010984607128732246
0.42784737820257235,0.006060132150492682,0.4271012661853773,0.01098417951232074
0.42790816772528384,0.006057522183328495,0.42715716661982533,0.010960172529502772
0.4280681886263582,0.006048612967042942,0.42735560707801296,0.010927208603478044
0.42818279377639157,0.006026560880602079,0.42741371996916117,0.010911071572005507
0.4283153100381243,0.006004199009876191,0.4274718328603094,0.01090542014846299
0.42843948159228296,0.0060021482943100534,0.42755063846774277,0.010883388507451039
0.42852961336199286,0.005980954118870497,0.4276230479200423,0.010883256466437459
0.4285647421242179,0.005973152743356184,0.4277179303317019,0.010881482130949093
0.4285858614837412,0.005970466945322145,0.4278048600568287,0.01086260298613591
0.42869975088892853,0.00595931469706024,0.4278490697500265,0.010845687830979911
0.42872737721457793,0.005958161793061139,0.4279186298186791,0.010836487920748593
0.4288312897271618,0.005955719196862738,0.4280325192238665,0.010829732838732115
0.4289170019606046,0.005953656255968966,0.428186121136104,0.01077829611299502
0.4289973848179643,0.005949215548638296,0.4282599871968678,0.01076862939634952
0.42908224675081136,0.005948350349987096,0.4283487780386816,0.010759867540387507
0.429156277684842,0.005927502650778414,0.4284516144195708,0.01074985268566003
0.4291983822261522,0.00592251374327246,0.4285402643091399,0.010729260162391695
0.4293429460524651,0.005917168366075495,0.42862752664350795,0.01072015861831665
0.42941060250978824,0.005913427893639209,0.42872575431158044,0.010714223438790735
0.42948536190520264,0.00590867225189502,0.42883164018956826,0.010709006127422843
0.42962573465969855,0.005872496897899393,0.4288680864577297,0.01070312445016739
0.4297153932586779,0.00586090651127511,0.4290000805853897,0.010681961684409342
0.42982094764872236,0.005859139824412413,0.42914850476859223,0.010672385514018437
0.42991348641182586,0.0058545681440000654,0.4291866958102874,0.010666680993197123
0.43006149943547045,0.005850999988465607,0.42930638877315547,0.010648866926084794
0.43015065791009593,0.005848806824685998,0.4294206698511022,0.010630279342475887
0.4302585582592498,0.005829037632399019,0.4294631941655771,0.010581106607932855
0.43035778773905137,0.005827395212553238,0.42951892730577423,0.010546717756218182
0.4307107757543737,0.005823083606775093,0.4295579762932782,0.01053603401670845
0.4308237659975592,0.005819439285891579,0.42985772783589876,0.010519679617411428
0.4308845555202707,0.005817096501848527,0.42991342883646966,0.01046823128393236
0.4309070310089221,0.005809938187696536,0.42998295191928043,0.010427782912831992
0.4309544882357206,0.005785690406504009,0.43003314185103264,0.010391814813288899
0.43107003222641155,0.005784483102386038,0.43018005136462517,0.010384038091738415
0.4311839216315989,0.005780581507557217,0.4302622538081755,0.010383823934108681
0.4312981760617308,0.005779651846138585,0.4303661663122647,0.010361286600300976
0.43143192114705226,0.005762692283733422,0.43049036812447766,0.010321903300031519
0.43155332501516014,0.005754713303143018,0.43061800231455366,0.01031704214137939
0.4316403920992815,0.005708101696135764,0.43089970991414545,0.01029971494233018
0.43165798670340777,0.005693460569030692,0.43101966492943294,0.010292748113001642
0.4318119513045525,0.005690705969242908,0.4310566953470871,0.01027774485084979
0.4319325482034333,0.005687615397661132,0.4311324730424068,0.010265972574296968
0.4319817789327771,0.005680823806498732,0.4314322245850274,0.010234699386662114
0.4320700286973791,0.005680743196878294,0.4314930141077389,0.010225918634954596
0.4321635682698393,0.00567496448914986,0.431548747247936,0.010208073579508129
0.43228936970696874,0.0056668525824387335,0.4316303460934211,0.010145650243375463
0.43235889278977957,0.005666405792820472,0.4317580306569564,0.010142333278053578
0.4323953390579411,0.005666130334968257,0.43184855708955344,0.010132658767983617
0.43244379499591,0.005662596373034425,0.43190220407621743,0.01010343173916363
0.4324974207925918,0.005662510306930016,0.4319836821273363,0.010080506254294868
0.43252192659074234,0.005658517102226016,0.4320714275627172,0.01005862504124675
0.43259628866443434,0.0056579253705123095,0.43227109448297213,0.010046217965221888
0.4326775940356744,0.005652513372167628,0.43236122625268203,0.010023891028009116
0.4328196642313405,0.005641187425881372,0.43251101743395726,0.009987394474039703
0.4329170106017256,0.0056366432553127625,0.43263097244924476,0.009985993419214701
0.4330225649917701,0.005627906313474704,0.4327004955320556,0.009985723860425242
0.4330510852700581,0.005626297990792578,0.43278300583984086,0.009980482176135537
0.43306934340434894,0.0056181159220313045,0.4328303622475159,0.009961434475333762
0.43311150239656543,0.0056121162720481335,0.4329382625966698,0.009949166210630233
0.4332037253614017,0.005608795025281255,0.43301688331736754,0.009937673284291236
0.4332571082824068,0.00557798291239262,0.4331279062688461,0.009924682102258385
0.433581694806939,0.005575094461814199,0.4332161802178054,0.009875780260321546
0.4336638972504893,0.005574243387157779,0.4332583392100219,0.009860411232567045
0.43380937535933656,0.005574115560396861,0.4333312740838358,0.009812794172749205
0.4341091269019572,0.0055590924584291036,0.4334025714039819,0.009808290152480966
0.434196056627084,0.005538816306440933,0.4335639282295851,0.009782860073654491
0.43425285129661884,0.00550278126856442,0.43362178649266525,0.009780525851034259
0.4343956570127487,0.005496434783381383,0.4337070862498745,0.009779715705840224
0.4344220689727567,0.005492740914744183,0.43382311215232294,0.009769657377401469
0.43451259540535375,0.005479590471532994,0.4339572924371501,0.009757474105001903
0.43457595174463776,0.0054783521955943885,0.4342052350382396,0.009729367275618928
0.43463168488483483,0.005467517079922679,0.4342609360388105,0.009703148861123015
0.4349314364274554,0.005453478896607385,0.43433582736511817,0.009676449998744173
0.4350380258604218,0.005438983297499845,0.4344695724504396,0.009650468751534422
0.4351700199880817,0.005431308841342465,0.43455716769985736,0.009647226268945553
0.4352825813772883,0.00540664789651112,0.43471223525040525,0.009624933156270837
0.4353662212653022,0.005398994953890527,0.43506522326572755,0.009584775840124004
0.4354314134071232,0.005389205794521128,0.43508634262525087,0.009554301891701478
0.43548033047885953,0.0053796249631625345,0.4352162771834824,0.00953732859296791
0.43553975462173516,0.0053676684539785335,0.4353019894169252,0.00951578357580264
0.4356272132511957,0.005366914879782861,0.4353767488123396,0.009492514673462918
0.43567687760852924,0.005359254439279798,0.4354683011305922,0.009466183156109954
0.4358319451590771,0.005358982087990295,0.4355393084635598,0.00945882806429816
0.43592883398045035,0.005337821857760088,0.435688852075847,0.009440719190044456
0.43609039748164646,0.0053130576400003465,0.4358430315244679,0.009431003151663984
0.43634307936729694,0.005304067503657128,0.4359672030786266,0.00940285743799415
0.436424959913399,0.005302604380079089,0.43611898288175305,0.009399268724831765
0.436483085147319,0.0053020364469151034,0.4364575225657029,0.009395151877763496
0.4366108152593347,0.005253162126577979,0.4364799980543543,0.00937087671667791
0.4366622386952449,0.005239048183592201,0.43650948925346333,0.009347218840713923
0.4367821129770826,0.005238411026453598,0.4366948599141281,0.009337355760392352
0.43681914339473676,0.005237998682230964,0.43859116632748246,0.009331244678284584
0.43685689162144453,0.00523731451193269,0.4386651972615131,0.009306014531538672
0.4368945824623336,0.005210178081797337,0.4388467195257993,0.009301552025869863
0.43698057859651585,0.005201377105224367,0.4389378276062054,0.009300260342535444
0.43707411816897607,0.005197356357109478,0.43899927223448143,0.009297891950215376
0.43714627962755354,0.00519712793133018,0.4391929074723928,0.009275753591070753
0.4372041378906336,0.005188299259147548,0.43927541778017815,0.009259221600617921
0.4373578687521313,0.005178938758676093,0.4393630130295959,0.009236292073555969
0.4375123645256896,0.005160100544881623,0.4394558110248847,0.00923545842980401
0.4376101832767999,0.0051490664996135,0.43951801725229567,0.009217399326295322
0.4377029812720886,0.005131780908134165,0.4396340431547441,0.009205806073771545
0.4377442965725713,0.005127112375862128,0.43969236109900106,0.009203779821758776
0.4378184703701499,0.0051149057107691825,0.439765295972815,0.009188023809775792
0.4379683915540257,0.005094190763511771,0.4398335993977981,0.00915389353433633
0.43811818273530095,0.005092642051894551,0.4399299574375131,0.009148157710250425
0.4381604604619235,0.005089077492883865,0.440055394036581,0.009136520396364197
0.43824873441088275,0.0050867734964883705,0.4402095734852019,0.009122212930300388
0.4383255200171126,0.005084780249264349,0.4403031130576621,0.009094453111995264
0.4384772998202391,0.0050822911883489485,0.4403728770836096,0.00906943422370067
0.438558777871358,0.005081561534598257,0.4404506096514123,0.00906494480148496
0.43861707476579503,0.005080789276653588,0.44056163260289094,0.009040865151356605
0.43866882138185037,0.005075844705784326,0.44071536346438855,0.009039746938320494
0.43878296890641977,0.005066868951791898,0.4410151150070092,0.009037607949189909
0.4388250419239681,0.005061194289575128,0.4410987548950231,0.009025478916276149
0.43885453312307715,0.0050559897229705796,0.4411862135244836,0.009013500291670173
0.4390486863666463,0.005054258872269079,0.4412261044070963,0.00900055098210609
0.43916471226909476,0.005051389685312105,0.4412745603450653,0.008991005108492316
0.43921980143600703,0.005035616489236872,0.44138323551107805,0.008986961196760025
0.43930739668542484,0.005024397744357475,0.4414432094764398,0.008978311709992162
0.43933598733789897,0.004982233148997626,0.44151953984421105,0.008960690592902245
0.43942753965615156,0.004974588421054912,0.44158098447248706,0.00895952895807946
0.4395385626076302,0.00496706798355453,0.44163160060363027,0.008921988133185127
0.4396684971658617,0.004948005545941091,0.4416793241896515,0.008914866169872318
0.43970136000161597,0.004940750769810357,0.4417379071212402,0.008887626442113198
0.43974927650609397,0.0049406623651523165,0.44184449655420655,0.008884117132974273
0.43985727831571975,0.004933653086087934,0.44193937896586616,0.008878541068960211
0.4399999642738345,0.0049279188782010005,0.4420115404244436,0.008863239067688366
0.440136149057072,0.004922772272896943,0.4422642223100941,0.008859362069114148
0.4404359005996926,0.00491898824533248,0.4423119945621438,0.00885291741470793
0.4404849547246149,0.004915603912537892,0.44244817934538133,0.008773771087816927
0.44061913500944205,0.004895743694794899,0.44252799295716644,0.008748544293465058
0.4407063973438101,0.004888455479076776,0.44264098320035195,0.008727244003619516
0.4407571517683628,0.0048749879069513846,0.44276871331236767,0.008725179030780723
0.44086971315756934,0.004857284593462748,0.44281606972004267,0.008681395624412336
0.44092455525243246,0.004854456730165112,0.44294087553806555,0.008667591608456877
0.4409428133867233,0.004852895162059085,0.44297790595571973,0.008664064997655246
0.44101717546041536,0.004851710951030173,0.4430769501070623,0.008572047296972512
0.4411019520047273,0.004841222290699252,0.4431317922019254,0.008545051769240065
0.44114995613608887,0.004834577830369308,0.44322619792605644,0.008537902635556243
0.44125863130210163,0.004793917756379769,0.44338069369961475,0.008537220516292429
0.44130635488812286,0.0047919118816821555,0.44344802717641774,0.00851985063124556
0.4413710974829217,0.004785830686802197,0.4436019917775625,0.008519342191617837
0.4414263635048486,0.0047828800329950075,0.443648933615065,0.008450590822751363
0.44143477400213554,0.004759513530328641,0.4437731051692237,0.008450330742250739
0.44154177289572366,0.004758497357195792,0.4438888981645038,0.008415643510711423
0.4416277483283679,0.00475835786755248,0.4439944525545483,0.008399358122237325
0.4417054808961705,0.0047529671325638925,0.4440527494489853,0.008341769068967202
0.4418457581619554,0.0047436768458976415,0.4441627638524526,0.008333545617410064
0.4419014913021525,0.004740421500785658,0.44430544981056735,0.00833156379661798
0.44202144631744,0.004734352380984226,0.44448160724197117,0.008300560930646374
0.4422266583277118,0.004709983046064412,0.44460148152380885,0.008296407391864095
0.4423466133429993,0.004708187571393271,0.44475593069554625,0.008280153189282274
0.4423550238402863,0.004703211622693751,0.44480934204824923,0.008273451884663855
0.4426829547207951,0.004699815618987718,0.4451090935908698,0.00827226596493686
0.4427857911016843,0.004679837099124977,0.4453526609384652,0.00824910110333632
0.4428542680942404,0.004655963016382091,0.4454294465446951,0.008245682044060785
0.4429820404757896,0.004646827524628503,0.4454820589216659,0.008242546048701367
0.4430366755934987,0.004643256319526264,0.4456045350224098,0.008227270269227012
0.4431089476103516,0.004641476979123799,0.44565472495416203,0.008199712895239806
0.44315671986240124,0.004636811906521533,0.4456875877899163,0.008184791750187612
0.44331121563595954,0.004632826210268495,0.44578493416030146,0.008155615773755528
0.44342724153840796,0.004628873766542397,0.44590633802840934,0.008145516341853011
0.44348187665611705,0.004624696980078572,0.4461201752831008,0.008134234711303572
0.44355414867296994,0.0046105613392589525,0.44624553865801697,0.008132276553814464
0.4436124455674069,0.004610122637613505,0.4463597930881489,0.00810025513283514
0.4436322773243952,0.004598374556383116,0.4464598834189403,0.0080928724132731
0.443913984923987,0.004568461738047736,0.44656570546789376,0.008056896162050424
0.4440009146491138,0.004567575879528816,0.44686545701051433,0.008044785713872604
0.4440588648713649,0.004565969439661192,0.446985331292352,0.008044651319794654
0.44409681629084624,0.004525591606219467,0.44705755764179894,0.007972220055816694
0.44416515472241047,0.004523374742178683,0.4471252140991221,0.007962211523849119
0.44420420370991437,0.0045225197492960965,0.447197486115975,0.007948870821171659
0.4443132844374903,0.004519963892343778,0.44728256587793125,0.007893131512689396
0.44444691635666916,0.004513905747872986,0.4473673424222432,0.007881708058334496
0.4445243767718765,0.004513814796871171,0.44738717417923146,0.007879215734555146
0.44461163910624457,0.004507750414762342,0.44750605696188295,0.007856853561234898
0.44465033690239225,0.00450635238690341,0.44764642971637886,0.007806153195041491
0.4447972464159847,0.0045011174919282314,0.4477500711721813,0.007793241162131072
0.4448233212730652,0.004495011239869251,0.4478754345470975,0.007784531849187741
0.44495235342432665,0.00449439970474876,0.44792605067824065,0.007763196170368698
0.4450251045496922,0.004485531209458836,0.44802923538353123,0.007754957987905847
0.4450730210541702,0.004484721499845966,0.4481791565674071,0.007749567682213445
0.445117230747368,0.004478929388444736,0.4482832805211,0.007748009138052398
0.44515597278381513,0.004468727239311688,0.4483401721234417,0.007712022504710341
0.4452564953919419,0.00446138880428677,0.44847380404262055,0.007710908679034955
0.4454060390042291,0.004457182575752825,0.4485014303682699,0.007709490517267379
0.4455249217868806,0.0044569864248782485,0.4485614757186848,0.0076831816303806425
0.4455665507067447,0.0044528663453763575,0.44868035850133636,0.007677660328814845
0.44565429614212565,0.004441358837379598,0.4487617802497084,0.0076727560329316255
0.4457173672512526,0.004431367525038135,0.4488125534092804,0.007665292044910039
0.4458205519565432,0.004405760522888581,0.449300424049669,0.007658090324800495
0.4459187796246157,0.00440314599908361,0.4493538069706741,0.00765146193466838
0.4461548456420676,0.004400127788419562,0.44948632323240684,0.007643219811720181
0.44618997440429264,0.004381741842298009,0.4495635291724504,0.007636899280208614
0.44631182740318337,0.004380844407900802,0.4496213874355305,0.0076024604714556715
0.4464260818333153,0.00436573261728262,0.44970831716065734,0.007599365423228261
0.44649029987305716,0.0043367182442549685,0.44976936656539723,0.007596733491101259
0.4465615971932032,0.004320635970610899,0.4498474582118676,0.007567213177925965
0.4467153280547009,0.004310423830866861,0.4499423406235272,0.007527569102948836
0.4468490731400223,0.004287053853680799,0.449980088850235,0.007518105600396296
0.4469549590180101,0.004287041191948213,0.45013458462379324,0.007435286362758379
0.4470675204072167,0.004280579806675105,0.45026458094685157,0.007412567144120605
0.44742050842253905,0.004276388037045014,0.45037186055567363,0.00740626949834282
0.44790837906292763,0.004256676656456161,0.4504710900354752,0.007379368849761431
0.44795478980871606,0.0042397604168801836,0.4505132490276917,0.0073783960155432565
0.44799182022637024,0.00423276025119653,0.45071291594794666,0.007377136914004666
0.4480615842523178,0.004227705574485871,0.45081703990163957,0.007361403078396218
0.4481953293376392,0.004216604464049053,0.45093340102969104,0.007338914409672952
0.44826919539840304,0.004208769854875272,0.45098306538702454,0.0073235910749220355
0.4483852213008515,0.00420164572479873,0.45103098189150254,0.007309027058441874
0.44843216313835405,0.004190679292262571,0.45104754560766785,0.007308515272458746
0.44850228287907556,0.004190313193821069,0.45111655703884246,0.007304422162384385
0.44860875810954826,0.0041897962391961256,0.4511348151731333,0.007264260964705157
0.4486495837596189,0.004178406433630796,0.45116089003021376,0.007240152099563508
0.4487110283878949,0.004166067830579804,0.45123722039798503,0.007211720622417256
0.4487868060832146,0.004162039809544673,0.4513148127525803,0.0072080794148199805
0.44888387896733944,0.004122896668373341,0.451373395684169,0.007194192325133366
0.44903189199098403,0.0041154789092066055,0.45142272971733055,0.007193138819639931
0.4490825081221272,0.004089954305890846,0.45149548084269614,0.00718877681728372
0.4491852545358481,0.004089750430555067,0.451635240935302,0.0071688940681277095
0.4492576639881477,0.004068949579791418,0.4518138453785424,0.007157334473190129
0.4492996343474741,0.004061239893239649,0.45185179679802373,0.0071446300040562604
0.4493679377724572,0.00406102860915867,0.4519772333970916,0.007123942511156658
0.4494114457073015,0.0040559798737208694,0.4520353586310116,0.0071135879069906816
0.44952400709650814,0.004052636889034832,0.4521479200202182,0.007112957537793304
0.4496312867053302,0.004052401024258078,0.45219683709195446,0.007108509825517406
0.449912994304922,0.004047808766851088,0.4525695191421229,0.007093916304464738
0.4500328685867596,0.0040475131906937065,0.45258777727641375,0.007073116088478014
0.45016661367208105,0.004046299141003475,0.45261629755470173,0.007071453254842057
0.4502702551278835,0.0040439645371045186,0.45262470805198873,0.007042233724750922
0.45037343983317407,0.004040667614887189,0.4527252306601155,0.007027542285543068
0.4504481992285885,0.004037888092833739,0.4527809638003126,0.007022821841437918
0.45057363582765636,0.0040196809104436565,0.45287803668443743,0.007021916132837955
0.4506426472588309,0.003977714517758731,0.45299484612778235,0.007019277782321316
0.4507467712125238,0.003952479386873497,0.4530761514990224,0.007010614695810189
0.4508243635671191,0.0039506115734472625,0.4534291395143447,0.006987920855456241
0.45084092728328445,0.003925309677672633,0.4534805673504998,0.006919279731185056
0.45094411198857504,0.003923018008729613,0.45352607807632356,0.0069142823749767605
0.4512826516725249,0.003917434669702036,0.45356958601116787,0.006908243282837802
0.4513927054743235,0.003916146202720181,0.4537747980214396,0.006906986247770877
0.4514741272226956,0.00391378778258654,0.4538543765429233,0.006897622973177614
0.4515468783480612,0.003911424681381034,0.45391223480600346,0.006894012937494401
0.45158484300225576,0.003909925798189314,0.454022288607802,0.006888816101978098
0.4518284103498511,0.003909718130946448,0.45413271789149773,0.006870109109218779
0.45190361670990464,0.003909151438654616,0.4542602273456754,0.006835516851384376
0.45202042615324955,0.0039040760443414726,0.4543136386983784,0.0068259171808706404
0.45211322414853833,0.003900962066236231,0.4544540114528743,0.006812759112280175
0.452204311085683,0.0038988261867457024,0.4545241311935958,0.0067837025809145465
0.4522600120862539,0.0038828676614416323,0.45474578104053814,0.0067808844049553835
0.452315745226451,0.0038761709074493214,0.4548741528322748,0.006750444898535416
0.45240334047586883,0.0038654115761512474,0.45496012826491894,0.006730390504250399
0.4525431005684747,0.0038569158414869997,0.4550243463046608,0.00672019651155354
0.45266727212263336,0.0038566016029074066,0.45524599615160316,0.006714373369069573
0.45274765497999303,0.0038471264606564867,0.45528271861582825,0.006687692569042389
0.4528327347419493,0.0038335315650545967,0.45532354426589894,0.0066809085327973385
0.4529300811123344,0.0038294486072836184,0.4553721002924488,0.006680614113301561
0.4530171481964558,0.00379820664681094,0.455521643904736,0.006679588296569912
0.4531715973681932,0.0037908281240300584,0.45561687054636063,0.006654390374776128
0.45330778215143075,0.0037892704811531806,0.45571610002616225,0.006654017411000448
0.4536804642015992,0.003785767301273999,0.4557512287883873,0.006592175617332324
0.453744682241341,0.0037835511907199663,0.45579254408887,0.006556423154602672
0.45381444626728856,0.003782031804399888,0.45584031634091965,0.0065551832444227095
0.45394444259034683,0.0037706824798033863,0.455917776756127,0.006551857775368499
0.4540221751581495,0.0037634834438953304,0.455926187253414,0.00654183275605947
0.4542303336505213,0.0037597252563536846,0.4560052848145445,0.006528040158172521
0.45448301553617176,0.003744948404719418,0.4560988243870047,0.006525743257128823
0.45467665077408315,0.003744413058217777,0.45618030243812363,0.006482816810655424
0.45472807861023823,0.0037254899798732305,0.4562834871434142,0.006474625351355134
0.454816869452052,0.003717194757990656,0.45633378260883795,0.00647304436881138
0.45489738311051237,0.003713402170989447,0.45639897475065894,0.006462864126129766
0.4550759875537528,0.003709883622689764,0.4564469788820205,0.006435438690141916
0.4551004933519033,0.003709355354513862,0.45658186631507636,0.006425208193952095
0.4552173027952482,0.003701367816218387,0.4565902768123633,0.006418981581096294
0.4552761791628559,0.003696710309889798,0.45671804919391257,0.006402318586269176
0.4553160700454686,0.003696626453884869,0.4568348586372574,0.006401579235934596
0.45539737541670866,0.0036920310338228305,0.45745706066586184,0.006393285445117629
0.4554502133147225,0.003648995011836885,0.457554407036247,0.006387479690799235
0.45551754679152556,0.0035843058368693736,0.4577083716373917,0.00634935541524537
0.4555703846895395,0.003568422394604902,0.45775742576231404,0.0063430000609752055
0.4556163152352487,0.003567849019828562,0.4578048829891125,0.006314240869808134
0.45574603109791345,0.003566743353620385,0.45788526584647216,0.00630501688708473
0.4558999956990582,0.0035589531950779075,0.4579576752987717,0.006298624313658477
0.4559535523362932,0.0035551731292030567,0.45804253723161875,0.0062942425281486344
0.4561275548369778,0.0035459008276722123,0.45821653973230336,0.006291554019537506
0.45624940783586854,0.003538103843842579,0.4582268422632003,0.006281898328425896
0.4563297906932282,0.0035375374980932423,0.4583359229907762,0.006279256026279648
0.4564839701418491,0.0035321681040978844,0.4584287209860649,0.0062759073319591996
0.4566308796554416,0.0035245019391387457,0.45848667120831604,0.006245274679881795
0.4567521952977909,0.0035132532900098877,0.4585449681027531,0.006230901652598608
0.45681077822937954,0.0034960197924672064,0.4586640776594131,0.006228860628620086
0.4568270457360125,0.0034852368109680927,0.45874515137220295,0.006212118631293592
0.4569765893482997,0.0034783384687899236,0.45889316439584754,0.0062034320590132145
0.457104273911835,0.003477437961590316,0.4590070538010349,0.006197489525453735
0.45718837468727047,0.0034762133882761735,0.4590365450001439,0.006170656144181068
0.4572930202143872,0.003472607979730943,0.4591392914138649,0.006161839921587094
0.4574021009419631,0.00346127488878383,0.45921058873401094,0.006140128372077062
0.4574494573496381,0.0034492139622487377,0.45930281169884724,0.006120351606120306
0.457512367722408,0.003442030682830697,0.45937801805890077,0.006087146574683937
0.45767372454801125,0.0034401674960217684,0.4595296354607126,0.006068244581476213
0.4577244977075832,0.0034346496339847134,0.45956666587836686,0.006060507970283437
0.4577844716729449,0.0034343712229742266,0.4596991821400996,0.006012953610363253
0.4578659497240638,0.003415770832459778,0.4598130715452869,0.006004650429773081
0.45791528375722534,0.0034111458064613994,0.4599260617884724,0.005973499838854956
0.45799486227870906,0.0034100035078487036,0.46006984225227715,0.005957429369750277
0.4580853887113061,0.0034074387714690454,0.4602058217785336,0.005945693595283395
0.45819358583064135,0.003405628545265413,0.4603183831677402,0.0059314432061651455
0.4583189492055575,0.0034003953278355674,0.4604858318520084,0.005893035995912574
0.45837598119524753,0.0033965875768949614,0.4605786298472972,0.005866375051123909
0.458422391941036,0.003394068509962294,0.46063326496500623,0.005817662641121984
0.45852651589472887,0.003391573779792569,0.46070343570354616,0.005816071737791756
0.4586433253380738,0.0033866721332611385,0.46082361553057083,0.005803297780665473
0.45869673669077676,0.0033854843675146917,0.46093181264990607,0.005780359924983931
0.45881921279152066,0.0033851826925523605,0.46102222619668504,0.005771801862210603
0.45898666147578887,0.0033747551287109266,0.46112145567648666,0.005735854797159429
0.45904803441745046,0.003324853997435422,0.46116015347263434,0.005724436586878949
0.45907317647996265,0.0033224994327416255,0.4612642774263272,0.005723680039166095
0.4591635900267416,0.0033198264630311773,0.4613030194627744,0.005688167551796445
0.4592886808073391,0.0033181632354072075,0.46167570151294285,0.005675762180780107
0.459373457351651,0.0033123052214993516,0.4618428601038491,0.005644166911222501
0.4594361566230991,0.003304592699698624,0.46188513783047164,0.00562399381550029
0.45948082481671304,0.0032980151316770474,0.4619706770527431,0.005619345553895297
0.459602228684821,0.0032680179230690984,0.4621134153041151,0.005597719942150362
0.45971090385083374,0.0032469025223166572,0.4621513799583097,0.0055955603971975755
0.4598103620754099,0.0032433300862996887,0.4622128245865857,0.005591866829585157
0.4599531003267819,0.0032423742364643708,0.4623174701137024,0.005583293269430317
0.46009688079058664,0.0032415791494469445,0.4623952026815051,0.005570079203273112
0.4602047139638018,0.0032390368477968716,0.46243316733569967,0.005568201266001018
0.4602531231937664,0.003238186932179631,0.4624920437033074,0.005562960276160195
0.4603396291872071,0.00323728858992244,0.46256621750088595,0.0054748255094955005
0.4603902453183503,0.0032326091241290473,0.46274022000157056,0.005454791879863533
0.4604970825836398,0.0032170457946129566,0.46282060285893023,0.005441747950260978
0.4611192846122442,0.003207598123686408,0.4629354452144406,0.005416201287587439
0.46125180087397694,0.0031929075837412104,0.46297741557376704,0.005409744841958688
0.461342327306574,0.0031919907010886997,0.4630190444936312,0.005402431654176539
0.4615238495708602,0.0031772967450531776,0.4630743105155581,0.005351554224470179
0.4616780290194811,0.003165686134316441,0.4632688355883114,0.005350352150480625
0.46178385106843456,0.0031456440384221426,0.4633747214662992,0.005349368275391989
0.4618766490637233,0.003143259935714506,0.46350052290342864,0.005330597926023859
0.46199809490405086,0.003140674362491155,0.4635540795406637,0.005330093857736944
0.4620929773157104,0.003131507792051736,0.46367548340877157,0.005318108679762078
0.4621190521727909,0.0031053413419709166,0.46369175091540454,0.005297337315226251
0.46217584684232577,0.003102445954269158,0.46380479493841653,0.005247394613511171
0.462303619223875,0.003070910111481428,0.4639079796437071,0.005246861532790472
0.4624294206610044,0.0030608111290097886,0.46400051840681056,0.005238764441814785
0.462603423161689,0.003056248244412499,0.46412631984394004,0.005236212568134679
0.4626844968744789,0.003049385514663399,0.46417225038964927,0.005218510593689617
0.4627897133121277,0.003038897871167867,0.4642450015150148,0.005217115129768226
0.46301136315907004,0.003034320473483331,0.4642919326492191,0.005191683044071333
0.4630894548055405,0.003006843808481406,0.4643513567920947,0.005180763105627741
0.4631281968419877,0.0029906228832581507,0.46448510187741615,0.005178714594719602
0.46316724582949165,0.0029874197327774215,0.46456283444521884,0.005139026804900545
0.4632664753092932,0.002963654265048299,0.46467539583442546,0.005120245859488188
0.4633853580919447,0.0029499947617106907,0.46472902163110724,0.005116804668957135
0.4634211625529651,0.00294204565399024,0.464793764225906,0.005078771355791174
0.4635203920327667,0.002937075224512259,0.46484839934361505,0.005061397180887016
0.4636205966340092,0.0029336156083227772,0.46489306753722903,0.005033326502727012
0.4637158232756338,0.0029248716622959922,0.4649106621413553,0.0050327851768083515
0.4638159136064252,0.0029154013283957812,0.4650383467048906,0.005028269166342506
0.46386368585847493,0.002897301061260064,0.4651197684532627,0.005006543880187788
0.4639560185066345,0.0028968006644332846,0.4652448592338601,0.005001861490661206
0.4640261892451744,0.002883526493789611,0.46538083876011654,0.004991366910697093
0.46415456103691105,0.002875292968272353,0.46543367665813046,0.004958745862196552
0.46424497458369,0.0028729779678053195,0.4654770998245513,0.0049185804478324
0.46457798885130464,0.0028702429141765668,0.4656068156872161,0.004903175308333748
0.4647021604054633,0.00285905353737826,0.46566384767690616,0.0048808827157388055
0.46476220575587823,0.0028537703558983137,0.4657102584226946,0.004857140740671536
0.46484201936766334,0.0028058540374124247,0.46574277459688135,0.0048380053188129424
0.4649936367694752,0.00278321683861553,0.4658331881436603,0.004826804848960986
0.46514355795335105,0.002765554857534631,0.4659582789242578,0.004822009008590575
0.46526864873394846,0.002745989872713072,0.46614364958492255,0.004772569468210283
0.46536118749705196,0.0027330426594967417,0.4662067206940495,0.004770838857511207
0.4654206116399276,0.0027158289954283205,0.46635050115785426,0.004766097075239915
0.46564226148686994,0.002714766479684592,0.4664851206346873,0.004733183165239244
0.46574638544056285,0.002712214643522673,0.46657412396245584,0.0046909085678386525
0.4659317561012276,0.002704450689991435,0.466768277206025,0.004675637052290458
0.4659603467537018,0.0026783325953242507,0.4668840702013051,0.004666006287084446
0.46609864231230586,0.0026632982648100304,0.46692569912116927,0.004663898143665897
0.46619086527714215,0.0026622572608203813,0.4669420901425901,0.004655988709385882
0.46626388305054967,0.002632321681079595,0.46705117087016595,0.004649821186618895
0.466314163845659,0.0026163144320805578,0.4671516934782928,0.004640811254175225
0.4663521152651403,0.0026136711682403163,0.4671981042240812,0.00463768255605063
0.4663885666598419,0.0026124213981248818,0.4673071849516571,0.004621629731277044
0.4664778332377799,0.002602183287797686,0.4674124013893059,0.004617024893936665
0.4665400394651909,0.002595297876479629,0.4675086858990607,0.004606660530486956
0.4665787372613386,0.0025919278795257543,0.4676341224981286,0.004569824755865107
0.4667041006362548,0.002582123570022724,0.46767619551567696,0.004539344377608061
0.46684788110005954,0.0025819966230913385,0.4677685281638365,0.004473877054235273
0.4669422868241906,0.002561215417306071,0.4678577947417745,0.004472954059644636
0.46699591262087237,0.0025584991121006,0.4679100269053109,0.004469130445575164
0.4671217140580018,0.0025466714755944587,0.46824725344746676,0.004448851414718597
0.4671720896155269,0.0025415437855686603,0.4685857931314166,0.0044479146010287145
0.46722094789557483,0.002521540075516054,0.4686426636881857,0.004440391668293098
0.4672743592482778,0.0025107267252280035,0.46874208770468073,0.004438609395966309
0.4673892016037882,0.002499767366823446,0.46880206167004246,0.004386667921130864
0.4675228335229671,0.002447142299871747,0.46887455892336655,0.004349360931453441
0.4675923935916197,0.002446391542054845,0.46892341720341446,0.004343737685197401
0.46772857837485726,0.00244587835664908,0.46897682855611744,0.004330221737438744
0.4678569501665939,0.002442159857941433,0.4690119573183425,0.0043251540930494626
0.46822963221676234,0.0024312093568113844,0.4691615009306297,0.004314721851990321
0.46834921118100914,0.0024236165320053018,0.4692502917724435,0.004295474207414298
0.4684269437488118,0.002419461374200552,0.46936489692247685,0.004286521089267139
0.46848381430558084,0.0024015152435476516,0.4695148181063527,0.004281609120821959
0.4686029238622409,0.0024004992923119385,0.4696176544872419,0.004265483943705418
0.4686586248628118,0.0023904372351236805,0.4697041604806826,0.004251036759127154
0.46876770559038766,0.0023824849526937657,0.46980181209044625,0.004232158665659123
0.4688671638149638,0.0023744715095592476,0.46984928644676927,0.004222364811564621
0.4689635218546788,0.002351090584378694,0.4699829183659482,0.004211035341776915
0.4690739511383745,0.0023423798945725713,0.47001872282696855,0.0041815183114552274
0.46919539697870205,0.00233618557019595,0.4700998153639719,0.004177099015298296
0.4694006089889738,0.0023152511807464486,0.470179628975757,0.004166132342338362
0.4695432949470885,0.0023104584866600747,0.4702656044084012,0.004150289214228431
0.4696438175552153,0.0022989104490535716,0.4703283036798493,0.004125179428774945
0.4697983133287736,0.0022972610917927436,0.47039678067240537,0.004114811669193356
0.4698362779829682,0.002295828000937073,0.47045248167297626,0.004077370287511889
0.4700102804836528,0.0022955962893680282,0.47057107552603716,0.0040604898376296605
0.47010313653159264,0.0022843391973672235,0.4706090269455185,0.004044202568429483
0.47020078814135624,0.0022790303103493855,0.47066186484353234,0.004042622618643553
0.4702171791627771,0.0022706546351418558,0.4707676868924858,0.004032781582561802
0.4703082660999218,0.0022687479665404733,0.4708160961224504,0.004024731133203357
0.4704754246908281,0.0022657451587398364,0.4708548979529584,0.004022864413958039
0.4705079408650148,0.0022511574378728323,0.470983269744695,0.004007755317437221
0.47062373386029493,0.002227049124047317,0.47105549609414193,0.003989135925291198
0.47066715702671585,0.0022192710604814216,0.47113219460440575,0.003978798383666582
0.4707393833761628,0.002217764669461944,0.4712129629673863,0.003972679311026161
0.47085398852619614,0.002216451710342934,0.47130404990453095,0.0039614949592128995
0.4709014628825192,0.002204185806332999,0.47140170151429456,0.003943577829572893
0.4709402647130272,0.0021912481259963837,0.47152314735462214,0.00392708432352244
0.47127749125518303,0.0021805353688341403,0.4715739205141941,0.003922557243752375
0.47139053527819497,0.0021756031511300064,0.4716580212896296,0.0039191087165634814
0.47148818688795857,0.0021389973603168325,0.47173840414698925,0.0039117292095930565
0.47157511661308543,0.0021358700508182812,0.47184172500502963,0.0039024478761928
0.4716745748376616,0.002135395124056708,0.471956330155063,0.003880365074132495
0.4717279861903646,0.0021342057136321774,0.4720545578231355,0.0038548474469538023
0.4717868625579723,0.002108497329621535,0.47209587312361817,0.0038379307596168805
0.47185139908879525,0.0020876623558432447,0.4721763867820785,0.0038184855845745185
0.4719789085429729,0.0020822754759355112,0.4722229411771729,0.0037878691542273693
0.47212536469543137,0.002050310899947836,0.4723025196986566,0.003785522107201094
0.4722798604689897,0.0020449601440241287,0.47239740211031617,0.0037667829489309614
0.47241447994582264,0.0020439117561232355,0.47261905195725856,0.003755130995849146
0.47246049193853495,0.0020264673195488883,0.47311573018889286,0.003737894898965685
0.47258469375074796,0.0020031820795122506,0.47316634632003607,0.003724811215176741
0.4726307185491921,0.002002454017828296,0.47327417949325123,0.0037237972630783066
0.4726813346803353,0.002000354505534284,0.47339549513560053,0.003721577841017782
0.47276242721733863,0.0019957160396056705,0.4735496745842214,0.0037117992916690912
0.47289617230266007,0.0019772590900830798,0.4737041703577797,0.0037045333233265486
0.47308338537472383,0.0019646776937449688,0.4738468563158944,0.003689580588040563
0.4731254583922722,0.0019526159947781555,0.47398661640850026,0.0036863425353265184
0.4731720127873666,0.0019427339700542735,0.47402744205857095,0.003615454173410227
0.47327533364540697,0.0019328509538683884,0.47406618409501816,0.0036128835432721164
0.4733868056002482,0.0019127133368355583,0.4741902883458179,0.003598291485731699
0.47343903776378454,0.0019043030347967466,0.47424369969852087,0.00359154581692713
0.4735470395734103,0.001903748308426004,0.4743981954720792,0.0035860242530776944
0.47360489354242913,0.0019016848039249557,0.4744455518797542,0.0035767506098276355
0.47370312121050157,0.0018945335567850145,0.4745924613933467,0.003565607767512292
0.47392918042557763,0.0018704495670054894,0.4747325903674824,0.0035626019585210046
0.47403234429341534,0.0018693289580452744,0.47485519904471535,0.003541247736497281
0.47418188790570254,0.0018589812884928264,0.4748972720622637,0.0034986735691082686
0.47424772407177646,0.0018493825595760638,0.4750154870865231,0.0034847471777468397
0.4742835285327968,0.0018374385424059403,0.4752206990967948,0.003467459787599548
0.47433975481896723,0.0018229054642588667,0.4754567651142468,0.003451833495920914
0.47441933334045094,0.0018192069548913553,0.4755325428095664,0.0034502491538350184
0.4745339384904843,0.0018127161879137113,0.4755967608493083,0.003442197859682184
0.4746565471677172,0.001808834181510323,0.4757707633499929,0.003412297048134661
0.4747729082957687,0.0018076672141336676,0.475850576961778,0.0034093898040657928
0.4749088878220251,0.0017999646022402434,0.4759592521277908,0.0034052035111803085
0.4749635229397342,0.0017969224743320366,0.4760788310920376,0.0033986622313784466
0.47500515185959835,0.001792904520479991,0.4761505989410683,0.003389652295630138
0.4751498596537677,0.0017762572459090978,0.47625524446818507,0.003379135750607731
0.47537150950071005,0.0017753440736558005,0.4763393948355692,0.00337129925471386
0.475381812031607,0.001769126373055144,0.4764245427248685,0.00335202227128404
0.4755032158997149,0.0017646362676143747,0.47652400094944464,0.0033502058365740177
0.4755506731265134,0.00176421429544421,0.4766454467897722,0.0033293378704352993
0.4756500971430085,0.0017481902496378969,0.47670835716254206,0.0033258307770562758
0.4757559191919619,0.0017446875938734356,0.47681635897216784,0.003325279739600391
0.4757724829081273,0.0017414423947641,0.4769115856137925,0.0032910066851748747
0.4758966847203403,0.0017213638651602252,0.4771197441061643,0.0032906393201669534
0.47607126866496163,0.0017158200516419655,0.47717002490127364,0.0032883187540840553
0.476147672698608,0.0017076905857983337,0.47723978892722113,0.0032830526537551237
0.47622042382397356,0.0016922342600076694,0.4773870010213569,0.003252537724809511
0.4764057944846384,0.0016905874220718448,0.47750759792023767,0.0032490304025633134
0.47648727253575723,0.00167247402341638,0.47784061218785234,0.0032458213058726136
0.47655018290852713,0.0016640864623270616,0.4779334682357922,0.0032218270049577365
0.4766703627355518,0.0016614555695331405,0.478261399116301,0.00318063661245511
0.4767174797461221,0.0016601244146521284,0.47833239754259543,0.0031792922106903864
0.4767946856861656,0.001638405809714183,0.4784466364274608,0.0031429931992816907
0.4769223702497009,0.0016339908043550577,0.47854684102870326,0.0031273675380958077
0.47699413809873165,0.0016227652129318496,0.4787340541007671,0.003122413364145377
0.4770524349931687,0.0016189512650303108,0.478847098123779,0.0031166295346859952
0.47715367951328,0.0016188149635793507,0.4789502619916167,0.003068843389121607
0.47727189453753943,0.0015928967451028326,0.47909939334003737,0.0030595373373792792
0.47731272018761006,0.001586947051378352,0.4791863230651642,0.0030496830067114813
0.47739253379939517,0.0015859467946123295,0.4793478865663603,0.003035574057797723
0.4775935514079349,0.001571520402255693,0.47945578356011515,0.0030193715314664983
0.47775511490913103,0.0015707509574127954,0.4794922349548167,0.0030177533885134672
0.4782517931407653,0.001565760234420925,0.4795699675226194,0.003009990343149275
0.47829780513347764,0.001564718538624862,0.4796740914763123,0.003005216037936974
0.47840570212723244,0.001564122802547149,0.47974710924971975,0.0029841660112793983
0.4785103476543492,0.0015344383282684764,0.47981294541579367,0.0029633249078109885
0.47854809588105696,0.0015034214436504577,0.479987529360415,0.002951829145435471
0.4786370992088255,0.0015015319590965617,0.4800040930765804,0.002948896874603076
0.4787152201109779,0.0014987860623270615,0.48008221397873274,0.0029472894026993644
0.47880920780335384,0.001492257228096175,0.48017857201844777,0.0029247482809785013
0.47893052344570314,0.0014865981009613385,0.4802374483860555,0.0029247304072748405
0.479013355642442,0.0014787228566739545,0.4803489203408967,0.0029200744787615225
0.4792494216598939,0.001469756161481926,0.48041868436684426,0.002903634890623477
0.47930377120765877,0.0014601358001582398,0.48047663458909534,0.0028971799611823487
0.4793804697179226,0.0014559795147928874,0.48057609281367153,0.0028661875665841486
0.47968022126054316,0.001432039663616512,0.4808758443562921,0.0028260629211574397
0.4797381714827943,0.0014240027460310735,0.480949247168113,0.002721838767955672
0.4798030553526356,0.0014065464186690906,0.48108754272671705,0.002699845834005721
0.47994853346148286,0.0014044314943723601,0.4811934286047049,0.0026881232271542526
0.4800976648099035,0.0013844599989486757,0.4812882990048853,0.0026869407015522972
0.48017016206322766,0.0013838170701943912,0.48143300679905465,0.0026802341421310345
0.4802247971809367,0.001364118079459179,0.4814790315974988,0.0026107276350598686
0.48045085639601276,0.0013607959687984338,0.48149559531366415,0.0026087247056016723
0.4805634063173998,0.0013459368472025562,0.4816966129222039,0.00260325510003555
0.4807133275012756,0.001342515989805952,0.4817876013295417,0.002587505080059307
0.4807984753905749,0.0013387379275842872,0.4818602245335035,0.0025770110451175336
0.48085108776754576,0.001331395433800879,0.48194170258462243,0.0025549136494692573
0.48090894603062584,0.0013257269241418648,0.4820429471047337,0.0025407633560563772
0.4811025812685372,0.0013252307236007817,0.48209332266225885,0.002539905114234731
0.48120670522223014,0.0013054929482727486,0.48220015992754833,0.002521535195293311
0.4812976936295679,0.0012996660880286992,0.4824262191426244,0.002443431079469651
0.48141628748262877,0.0012859155056577972,0.48265227835770047,0.0024283505835223916
0.48146975207149867,0.0012779005287020585,0.48269973558449897,0.002413130921086894
0.481519454013549,0.0012762956794200512,0.4827374838112067,0.002410290360482489
0.48159045243984344,0.0012752835307112598,0.48274778634210364,0.0023686367965581466
0.4816487493342804,0.0012706430074821108,0.4828011965607667,0.002347750900344732
0.4817629882191458,0.0012275646038613164,0.4828594934552037,0.0022705931056257295
0.48184072078694845,0.0012180755363793007,0.48305312869311506,0.0022638041343493176
0.48187744325117354,0.0011982367676360963,0.483135960889854,0.0022521850126368433
0.4819308546038765,0.0011806361794101626,0.48317176535087436,0.0022431268855265013
0.4819842648225396,0.001171411145423984,0.48324132541952697,0.00222875673909555
0.4820311959567438,0.0011676735373928235,0.4833174918739304,0.00220931773252312
0.48210381916070566,0.0011312392076161615,0.48339896992504927,0.002206610117680263
0.4821852972118245,0.0011298886114431911,0.4834568238940681,0.0021892353222326653
0.4822438973706267,0.0011268939720193516,0.48350283588678034,0.002159537436956152
0.4824326311265348,0.0010832905322297598,0.48355345201792355,0.002158434785307828
0.4825868105751557,0.0010761050334597156,0.48363821310191574,0.0021231129310763986
0.48269985459816767,0.0010752648897141093,0.4837596169700237,0.0020761380611027825
0.48275348039484944,0.001075200143130643,0.48381396651778846,0.002049914693452594
0.4829032715761246,0.00107063828936442,0.4838914269329958,0.0020220446651954657
0.48305048367026043,0.0010670111655470766,0.48394972382743284,0.001997535236985332
0.4831038950229634,0.0010443882266822344,0.4840126342002027,0.0019923523310009807
0.4832097809009512,0.0010406030817653482,0.4840660987890726,0.001983985136610708
0.4833338851517509,0.0010400302387979406,0.4841309826589139,0.0019679400366125212
0.4834818981753955,0.0010124298744501137,0.48427646076776115,0.0019607594058037863
0.48356266653837604,0.000992999892939613,0.4843536667078047,0.0019465788263294725
0.4836673120654928,0.000935485907519934,0.48440078371837497,0.0019425423920924451
0.483752073149485,0.0009267031615564337,0.48443750618260006,0.0019413849856529737
0.4838328970082176,0.0009262096401616695,0.484531493874976,0.0019296254768094282
0.4838980891500386,0.0009046451234556149,0.484584905227679,0.001929046205941362
0.4839460932814002,0.000897352648444036,0.48474512850603757,0.0018845617268448585
0.4839626569975656,0.0008918037393471877,0.4848037286648397,0.001870896328129194
0.4841571820703189,0.0008914167197249198,0.4848583637825487,0.0018428150645797838
0.48429731104445456,0.0008891550870255094,0.48501838468362307,0.0018372992788822568
0.484392181444635,0.0008792539197630397,0.4850730198013321,0.0018302733240562995
0.4845457833568725,0.0008752727025075243,0.4851375563321551,0.001788266293801845
0.48466638025575326,0.0008688538334775787,0.48521528889995774,0.0017170528523134062
0.48499431113626207,0.0008549618905813609,0.4852731471630379,0.0016719865605223853
0.4851302906625185,0.0008451419018746894,0.4852889086776159,0.00166675447318248
0.4851888908213206,0.0008434692676459033,0.48536153188157777,0.001653924291100218
0.48528524886103563,0.0008363287337164122,0.4854177581677482,0.0016473825736421114
0.4853275265876582,0.0008245888088052342,0.48556754934902335,0.0015917481639497093
0.48537355138610233,0.0008157735884987197,0.48561725129107375,0.0015803699513314432
0.48552046089969486,0.0008099946773224766,0.4856755692353307,0.00157694855718878
0.4855807424956878,0.0008019659793034031,0.48575197326897707,0.0015457393130109698
0.48580680171076385,0.00080107130325031,0.4857979852616894,0.001505458088493899
0.48589095207814803,0.0007964409928756659,0.485917859543527,0.001474783729239516
0.48605117535650655,0.0007951493846652004,0.48599868340225966,0.0014617092241826733
0.48616373674571317,0.0007807581011109841,0.48605206632326475,0.001442840013272721
0.4862569190233887,0.0007663797811770179,0.4861248174486303,0.0014404820889382954
0.4863657780482807,0.0007662269727502292,0.4861717592861328,0.0014379994524912096
0.48647261531357017,0.000760493682475006,0.4862553991741468,0.0013646543852859616
0.486680773805942,0.0007239649465147046,0.4864441329300549,0.0013539004143913716
0.48678000328574356,0.0007193918367073153,0.48653313625782346,0.0013487602769903801
0.4870060625008196,0.0007058056038257824,0.48664319005962203,0.001316484498377481
0.4870643804450766,0.0007002983081128436,0.4867083822014431,0.0013106857528466791
0.48715164277944467,0.0006975605124480074,0.4867669823602452,0.0013001412763172704
0.48716194531034157,0.0006965473032350958,0.48678324986687815,0.0012459229164411775
0.48732196621141594,0.0006903988374393155,0.4868118405193523,0.0012401961946010508
0.48743452760062256,0.0006705111105085727,0.48692069954424433,0.0012331699109816578
0.4875544018824602,0.0006685536097075769,0.4871467587593204,0.001218514230793168
0.48817694933877975,0.0006577611531488497,0.4872070403553133,0.0011990175853601253
0.4881927108533578,0.0006528325443551687,0.48731959027670035,0.0011974353553504352
0.48829859673134557,0.0006254245091759762,0.487418819756502,0.0011918978820844594
0.4884414024474754,0.0006148848460473579,0.48746955863154073,0.0011700247266132802
0.4884576699541084,0.0006116109272827104,0.4876777171239125,0.0011641374500897085
0.4885046117916109,0.0005968992789218883,0.48783131903615,0.0011501328926089936
0.48857723499557276,0.0005943163266176111,0.4879438804253566,0.001126474553022087
0.48863064521423577,0.0005863790849849859,0.48799750622203836,0.0011137074478084106
0.4887081056294431,0.0005848907611588755,0.48803978394866093,0.001087901538365334
0.488781508441264,0.0005711050608082329,0.4881825896647908,0.0010759296345344246
0.48887051176903257,0.0005693928908676405,0.48829861556723925,0.0010271547676710994
0.4888862732836106,0.0005661967433242108,0.4883568191603456,0.0010172283376163192
0.488902836999776,0.000558897948432997,0.48845177355593344,0.0010136975784836454
0.4890355530139364,0.0005586200546989047,0.4886778327710095,0.000985808672760454
0.4892384704918986,0.0005436522609860442,0.4887959749448832,0.0009848717206631162
0.48935102041328565,0.0005310182973597007,0.48887906394432856,0.0009822521813114805
0.4893796110657598,0.0005286848843377732,0.4895016114006481,0.0009510056873382896
0.48949563696820825,0.0005174071304476247,0.4896141613220351,0.0009276569410838264
0.48959540832372167,0.0005138943406149181,0.4896809266108514,0.0009252951823993538
0.4896715747781251,0.0005072144432250325,0.48978681248883915,0.0009229176815206414
0.4897608413560631,0.0005011724466064873,0.4898402227075022,0.000910819973922045
0.4898518297634009,0.0004982767474990497,0.4899294892854402,0.0008592494450576153
0.4898938001227274,0.0004974095648206463,0.49002926064095365,0.0008573149939673149
0.4899774400107413,0.000493852700191644,0.4900752854393978,0.0008527112991472372
0.49006052901018665,0.000492080375699279,0.49018784682860445,0.0008458824162116722
0.49015681351994145,0.00048070188386174794,0.49028102910627996,0.0008400865961570942
0.49031600923069757,0.0004784789759428147,0.49029759282244534,0.0008158971881998149
0.49042606303249614,0.00047150132881967075,0.490338418472516,0.000807059069541465
0.49047944595350124,0.0004598062483438294,0.49047113448667645,0.0007928838274926024
0.4905202716035719,0.00045735280222438003,0.49054630945888306,0.0007710596813867969
0.490567562054295,0.00044821801525960327,0.49059431359024464,0.0007604540103848965
0.4906062598504427,0.00043170081379819233,0.4906351392403153,0.0007595889761440473
0.49072049873530804,0.0004310192445872311,0.4907943349510714,0.0007557918054056938
0.49080874849991,0.0004299934558621288,0.49088258471567336,0.0007462571096241976
0.49088265875849996,0.00042990988534622425,0.49108550219363556,0.0007431822960727855
0.49092348440857064,0.00042378097765695464,0.4911241999897832,0.0007380543185600923
0.491000944823778,0.00041789999175006646,0.4911825193738886,0.000725729073821191
0.4910514479968983,0.00041417939982673973,0.49125997978909597,0.0007035808794859482
0.4911021868719371,0.00041362067978451006,0.49134724212346403,0.0006831590116972608
0.4911743145981356,0.0003971349793175153,0.4913797582976508,0.0006753170761208442
0.49137533220667534,0.00039673686183449355,0.4914518860238493,0.0006630685954933319
0.49141178360137694,0.00039498802797716044,0.49156612490871465,0.0006586085708861947
0.4915299257752506,0.0003861523366664159,0.4916195078297198,0.0006521575333651541
0.49158824515935606,0.0003847132940331171,0.49166679828044285,0.0006449162058813438
0.4917329529535254,0.0003806123796870515,0.4917173014535632,0.0006243013965401681
0.4917997182423417,0.0003781056780675171,0.4917912117121532,0.0006208189044884401
0.49200787673471347,0.0003747429065310948,0.49188220011949096,0.0006180234257053586
0.49206608032781984,0.0003665398681571414,0.4920269079136603,0.0006105781710282977
0.49218828727459085,0.0003640410912607872,0.4920738390478646,0.0006102530607294479
0.49227693716416,0.0003502853835224858,0.4922748566564043,0.0005996043859751007
0.49232428280482665,0.00034168366508791434,0.49229061817098235,0.0005994438029083609
0.4923694126758675,0.000341234618707936,0.4923325885303088,0.0005693886701129652
0.4924445876480741,0.00033711041950416307,0.4924493979736537,0.0005251131100796486
0.4924979705690792,0.00030758895392195816,0.49249674361432033,0.0005140600642877174
0.49253786145169187,0.0003027697781420547,0.4926250465821501,0.0005094376404757638
0.49263281584727975,0.0002956023551698878,0.492670176453191,0.0004815236885074824
0.49268716539504454,0.0002727117384236102,0.4927245260009558,0.00047956320589742695
0.4927503020236474,0.00027142541196811197,0.49281178833532385,0.0004755133448850854
0.4927972331578516,0.00027025108135929387,0.49284823973002545,0.00046942085547921613
0.4928558333166538,0.0002685539667808856,0.4929263606321778,0.0004492929812455956
0.4929683832380408,0.0002675591097054794,0.49301990020463804,0.0004433531841812735
0.49301440803648494,0.0002602838368466825,0.49306410989783583,0.0004413301259109706
0.493101670370853,0.0002589372439237092,0.4931623375659083,0.00043716629790032567
0.4931797912730054,0.0002478261339332113,0.4932205411590147,0.0003970217897058617
0.4932733308454656,0.0002443394496901904,0.4932604320416274,0.00038192883923514836
0.4933267137664707,0.00024151877116909673,0.49327619355620544,0.00037471982172634384
0.4934435232098156,0.00023599457325562242,0.4933887434775925,0.00036486254030482527
0.49361580402551003,0.00022901334499049429,0.4934530784933414,0.0003327578063625236
0.4936483201996968,0.00022592215847636767,0.4936253593090358,0.000324859933738357
0.49370652379280316,0.0002098300361134158,0.4937140091986049,0.00029856951305649176
0.4937222853073812,0.00019934573804722346,0.49391502680714466,0.0002982224849679636
0.4938205129754537,0.00018689497606388345,0.49403723375391567,0.00029112975269214456
0.49386472266865145,0.00017504569089120154,0.49410037038251853,0.00029059858304685584
0.4939772725900385,0.00016869486659675846,0.4941463951809627,0.0002844919756241776
0.4940416076057874,0.0001671620769477991,0.4942049953397648,0.00023185948778226567
0.4941025081327451,0.0001597229567381175,0.49431754526115185,0.00022200844958992534
0.4941406991744402,0.00015632077280508877,0.49437092818215694,0.00021949528372296038
0.49426900214227004,0.00015461446675982021,0.4944318287091146,0.00020101675483567572
0.49447001975080973,0.00013119570403329688,0.49447001975080973,0.00017609233595099167
0.4945843008287565,0.0,0.4945394525436544,0.0
0.4946919162408199,0.0,0.49460888533649905,0.0
0.4947518902061816,0.0,0.4946783181293437,0.0
0.49478570706683606,0.0,0.49474775092218837,0.0
0.494862492673066,0.0,0.4948167642986449,0.0
0.4949300749590805,0.0,0.49488577767510145,0.0
0.49498037042450416,0.0,0.49495479105155804,0.0
0.4950306658899279,0.0,0.4950238044280146,0.0
0.4951199166762536,0.0,0.49511954105631795,0.0
0.4952091674625793,0.0,0.49521527768462137,0.0
0.4952984182489051,0.0,0.49531101431292474,0.0
0.4953876690352308,0.0,0.4954067509412281,0.0
0.4954769198215565,0.0,0.4955024875695315,0.0
0.4955661706078823,0.0,0.4955982241978349,0.0
0.495655421394208,0.0,0.49566723757429143,0.0
0.4957446721805337,0.0,0.495736250950748,0.0
0.4958092087113567,0.0,0.49580526432720456,0.0
0.4958737452421797,0.0,0.49589857230067735,0.0
0.49593828177300264,0.0,0.49599188027415014,0.0
0.49600281830382564,0.0,0.4960759085219978,0.0
0.4960673548346486,0.0,0.4961599367698455,0.0
0.4961318913654716,0.0,0.49624396501769313,0.0
0.49619642789629453,0.0,0.4963279932655408,0.0
0.49629926427718374,0.0,0.4964120215133884,0.0
0.496402100658073,0.0,0.4964746496248924,0.0
0.4965049370389622,0.0,0.496544082417737,0.0
0.4966077734198514,0.0,0.49661351521058167,0.0
0.4967106098007406,0.0,0.49668294800342633,0.0
0.4967992821247627,0.0,0.496752380796271,0.0
0.49688795444878475,0.0,0.4968638640660275,0.0
0.49697948355107374,0.0,0.4969753473357841,0.0
0.4970710126533627,0.0,0.4970868306055406,0.0
0.49714981826079613,0.0,0.49718205724716524,0.0
0.4972261486285674,0.0,0.49727728388878994,0.0
0.4973337640406308,0.0,0.4973725105304146,0.0
0.4974413794526942,0.0,0.49746773717203924,0.0
0.4975329085549831,0.0,0.4975629638136639,0.0
0.4976357449358723,0.0,0.4976631684149064,0.0
0.4977086798096863,0.0,0.4977321817913629,0.0
0.49778161468350024,0.0,0.4978011951678195,0.0
0.49785454955731423,0.0,0.49787020854427605,0.0
0.49792748443112816,0.0,0.4979392219207326,0.0
0.4979569756302372,0.0,0.49794952445162954,0.0
0.4979864668293463,0.0,0.4980335526994772,0.0
0.4980761254283256,0.0,0.4981033370362074,0.0
0.49816578402730494,0.0,0.49817312137293757,0.0
0.4982554426262843,0.0,0.4982429057096678,0.0
0.49834510122526365,0.0,0.498312690046398,0.0
0.4984080115980335,0.0,0.49838247438312816,0.0
0.49860216484160264,0.0,0.4984522587198584,0.0
0.4987963180851718,0.0,0.49852204305658854,0.0
0.4989904713287409,0.0,0.49859182739331875,0.0
0.49918462457231005,0.0,0.49866161173004897,0.0
0.4993787778158792,0.0,0.49872474835865177,0.0
0.49957293105944833,0.0,0.4987878849872546,0.0
0.49966160338347043,0.0,0.4988510216158575,0.0
0.49975027570749253,0.0,0.49891415824446034,0.0
0.4998131860802624,0.0,0.49902564151421686,0.0
0.49999691708057836,0.0,0.49909967244824754,0.0
0.5001806480808944,0.0,0.4992078321060388,0.0
0.5003643790812103,0.0,0.49931599176383007,0.0
0.5005481100815262,0.0,0.4993791283924329,0.0
0.500702074682671,0.0,0.4994422650210358,0.0
0.5008560392838157,0.0,0.4995054016496386,0.0
0.5010100038849604,0.0,0.49956853827824144,0.0
0.5010861947021095,0.0,0.4996316749068443,0.0
0.5011623855192585,0.0,0.49969481153544715,0.0
0.5012385763364074,0.0,0.4997051140663441,0.0
0.5013189591937671,0.0,0.499715416597241,0.0
0.5013993420511268,0.0,0.49972571912813796,0.0
0.5014980794510376,0.0,0.4997360216590349,0.0
0.5015968168509484,0.0,0.4998057265322701,0.0
0.5016955542508592,0.0,0.4998754314055053,0.0
0.5017942916507699,0.0,0.4999451362787405,0.0
0.5018930290506807,0.0,0.5000148411519757,0.0
0.5019917664505915,0.0,0.5000845460252108,0.0
0.5020905038505022,0.0,0.500154250898446,0.0
0.5021892412504131,0.0,0.500164553429343,0.0
0.5022879786503238,0.0,0.5001748559602399,0.0
0.5024262742089279,0.0,0.5001851584911369,0.0
0.5024873236136678,0.0,0.5001954610220338,0.0
0.5025483730184076,0.0,0.5002694919560645,0.0
0.502584177479428,0.0,0.5003435228900951,0.0
0.502660368296577,0.0,0.5004175538241258,0.0
0.5027365591137261,0.0,0.5004915847581565,0.0
0.5028127499308751,0.0,0.500565615692187,0.0
0.5028352254195264,0.0,0.500679885387261,0.0
0.5028577009081778,0.0,0.500794155082335,0.0
0.5028801763968291,0.0,0.500908424777409,0.0
0.5029026518854806,0.0,0.5009956871117771,0.0
0.502925127374132,0.0,0.5011038467695683,0.0
0.5029476028627833,0.0,0.5012120064273596,0.0
0.5030003935516066,0.0,0.501320166085151,0.0
0.5030531842404299,0.0,0.5014283257429422,0.0
0.5031059749292531,0.0,0.5014980306161774,0.0
0.5031754275062102,0.0,0.5015677354894126,0.0
0.5032466134398494,0.0,0.5016549978237806,0.0
0.5033177993734888,0.0,0.5017422601581487,0.0
0.503427813776956,0.0,0.5018271220909958,0.0
0.5035378281804234,0.0,0.5019119840238428,0.0
0.5036478425838907,0.0,0.5019968459566899,0.0
0.5037282254412504,0.0,0.5020817078895369,0.0
0.5038086082986101,0.0,0.502166569822384,0.0
0.5038889911559697,0.0,0.502251431755231,0.0
0.5039693740133293,0.0,0.5023362936880781,0.0
0.5040405599469686,0.0,0.5024059985613133,0.0
0.5041117458806078,0.0,0.5025202682563872,0.0
0.5042359476928208,0.0,0.5026345379514612,0.0
0.5043601495050338,0.0,0.5027488076465352,0.0
0.5044843513172468,0.0,0.5028630773416092,0.0
0.5046085531294597,0.0,0.5029490527742534,0.0
0.5047327549416727,0.0,0.5030350282068975,0.0
0.5048569567538858,0.0,0.5031210036395417,0.0
0.5049811585660987,0.0,0.5032069790721859,0.0
0.5050063006286108,0.0,0.5032929545048301,0.0
0.5050314426911231,0.0,0.5033789299374744,0.0
0.5050565847536352,0.0,0.5034649053701185,0.0
0.5050817268161474,0.0,0.5035366878130115,0.0
0.5051068688786595,0.0,0.5036239501473796,0.0
0.5051320109411718,0.0,0.5036957325902726,0.0
0.5051571530036839,0.0,0.5037675150331656,0.0
0.505182295066196,0.0,0.5038392974760586,0.0
0.5052074371287083,0.0,0.5039110799189517,0.0
0.505268456029048,0.0,0.5039828623618446,0.0
0.5053294749293878,0.0,0.5040546448047376,0.0
0.5053904938297277,0.0,0.5041264272476307,0.0
0.5054515127300674,0.0,0.504201186643045,0.0
0.5055125316304072,0.0,0.5042759460384595,0.0
0.505573550530747,0.0,0.5043507054338738,0.0
0.5056345694310868,0.0,0.5044254648292883,0.0
0.5056955883314266,0.0,0.5045114402619325,0.0
0.5057566072317664,0.0,0.504671663540291,0.0
0.5058176261321061,0.0,0.5048318868186495,0.0
0.505878645032446,0.0,0.5049921100970081,0.0
0.5061147110498979,0.0,0.5051523333753666,0.0
0.5063507770673498,0.0,0.5053125566537251,0.0
0.5065868430848017,0.0,0.5054727799320836,0.0
0.5068229091022536,0.0,0.5056330032104421,0.0
0.5070589751197055,0.0,0.5057444864801988,0.0
0.5070753661411264,0.0,0.5058559697499553,0.0
0.507141405338575,0.0,0.5059674530197118,0.0
0.5072074445360235,0.0,0.5060789362894683,0.0
0.5072734837334721,0.0,0.506190419559225,0.0
0.5073395229309207,0.0,0.5062622020021179,0.0
0.5074234573465201,0.0,0.5063339844450109,0.0
0.5075073917621196,0.0,0.506405766887904,0.0
0.5077434577795715,0.0,0.5064805262833183,0.0
0.5078745365203885,0.0,0.5065552856787328,0.0
0.5080056152612056,0.0,0.5066300450741471,0.0
0.5081366940020225,0.0,0.5067048044695616,0.0
0.5082677727428396,0.0,0.5067727333088364,0.0
0.5083988514836566,0.0,0.5068406621481113,0.0
0.5085299302244737,0.0,0.5069085909873862,0.0
0.5086610089652908,0.0,0.506976519826661,0.0
0.5087920877061077,0.0,0.5070444486659359,0.0
0.5089231664469248,0.0,0.5071123775052108,0.0
0.5089777330550301,0.0,0.5071803063444856,0.0
0.5090322996631356,0.0,0.5072482351837605,0.0
0.509086866271241,0.0,0.5073161640230353,0.0
0.5091414328793464,0.0,0.5073840928623101,0.0
0.5091959994874519,0.0,0.5075443161406687,0.0
0.5092505660955573,0.0,0.5076286445820543,0.0
0.5093051327036626,0.0,0.507721952555527,0.0
0.509359699311768,0.0,0.5078152605289998,0.0
0.509509620495644,0.0,0.5079085685024727,0.0
0.5096595416795198,0.0,0.5079465199219539,0.0
0.5098094628633956,0.0,0.5079844713414353,0.0
0.5099593840472714,0.0,0.5080224227609166,0.0
0.5101093052311473,0.0,0.508060374180398,0.0
0.5105458046949042,0.0,0.5080983255998793,0.0
0.5109823041586612,0.0,0.5081362770193606,0.0
0.5114188036224181,0.0,0.508174228438842,0.0
0.511855303086175,0.0,0.5082121798583233,0.0
0.512291802549932,0.0,0.5082736244865993,0.0
0.5127283020136889,0.0,0.5083323458560071,0.0
0.5131648014774459,0.0,0.5083910672254148,0.0
0.5136013009412028,0.0,0.5084497885948226,0.0
0.5137106000500422,0.0,0.5085085099642302,0.0
0.5138198991588816,0.0,0.508567231333638,0.0
0.513929198267721,0.0,0.5086259527030458,0.0
0.5140384973765605,0.0,0.5086846740724535,0.0
0.5141477964853999,0.0,0.5087433954418613,0.0
0.5142570955942393,0.0,0.508802116811269,0.0
0.5143663947030787,0.0,0.508863561439545,0.0
0.514475693811918,0.0,0.508925006067821,0.0
0.5146249933720152,0.0,0.5090093345092065,0.0
0.5147742929321124,0.0,0.509093662950592,0.0
0.5149235924922095,0.0,0.5091779913919776,0.0
0.5150728920523067,0.0,0.5092623198333631,0.0
0.5152221916124039,0.0,0.5093388517289504,0.0
0.515371491172501,0.0,0.5094153836245379,0.0
0.5155207907325982,0.0,0.5094919155201252,0.0
0.5156700902926954,0.0,0.5095684474157125,0.0
0.5158193898527925,0.0,0.5096449793112999,0.0
0.5160275483451643,0.0,0.5097215112068872,0.0
0.5162357068375361,0.0,0.5097980431024747,0.0
0.5164438653299078,0.0,0.5098681628431961,0.0
0.5166520238222796,0.0,0.5099382825839177,0.0
0.5168601823146514,0.0,0.5100084023246392,0.0
0.5170683408070232,0.0,0.510101710298112,0.0
0.5171417436188441,0.0,0.5101718300388335,0.0
0.517215146430665,0.0,0.5102419497795551,0.0
0.5172885492424859,0.0,0.5103120695202765,0.0
0.5173619520543068,0.0,0.510382189260998,0.0
0.5174353548661277,0.0,0.5104505276925623,0.0
0.5175087576779486,0.0,0.5105188661241264,0.0
0.5175821604897695,0.0,0.5105872045556906,0.0
0.5176555633015903,0.0,0.5106555429872548,0.0
0.5178500883743437,0.0,0.510723881418819,0.0
0.518044613447097,0.0,0.5107922198503831,0.0
0.5182391385198503,0.0,0.5108605582819473,0.0
0.5184336635926036,0.0,0.5109288967135115,0.0
0.518628188665357,0.0,0.5110054286090989,0.0
0.5188227137381103,0.0,0.5110819605046862,0.0
0.5190172388108636,0.0,0.5111584924002736,0.0
0.5192117638836169,0.0,0.5113036264405547,0.0
0.519391158043387,0.0,0.5114487604808359,0.0
0.5195705522031571,0.0,0.511593894521117,0.0
0.5197499463629272,0.0,0.5116852271669146,0.0
0.5199293405226972,0.0,0.5117765598127121,0.0
0.5201087346824673,0.0,0.5118678924585096,0.0
0.5202881288422374,0.0,0.5119592251043071,0.0
0.5204675230020075,0.0,0.5120505577501047,0.0
0.5205065719895114,0.0,0.5121418903959022,0.0
0.5205456209770154,0.0,0.5122332230416998,0.0
0.5205846699645194,0.0,0.5123245556874974,0.0
0.5206237189520233,0.0,0.5124158883332949,0.0
0.5206627679395273,0.0,0.5125072209790924,0.0
0.520853043768887,0.0,0.5125985536248899,0.0
0.5210433195982466,0.0,0.5126686733656115,0.0
0.5212335954276063,0.0,0.512738793106333,0.0
0.5214238712569659,0.0,0.5128070965313161,0.0
0.5214800975431363,0.0,0.5128754349628802,0.0
0.5215363238293067,0.0,0.5129437733944444,0.0
0.5215925501154771,0.0,0.5130121118260086,0.0
0.5216487764016475,0.0,0.5130680497984528,0.0
0.5217050026878179,0.0,0.513123987770897,0.0
0.5217612289739884,0.0,0.5131799257433411,0.0
0.5218712433774557,0.0,0.5132358637157852,0.0
0.5219812577809231,0.0,0.5132918016882294,0.0
0.5221715336102827,0.0,0.5133477396606736,0.0
0.5223618094396424,0.0,0.5134036776331177,0.0
0.5225520852690021,0.0,0.5134596156055619,0.0
0.5227423610983617,0.0,0.513604749645843,0.0
0.5229326369277214,0.0,0.5136718689887231,0.0
0.5231028282387309,0.0,0.5137389883316033,0.0
0.5232730195497405,0.0,0.5138110901999923,0.0
0.52344321086075,0.0,0.5138831920683813,0.0
0.5236134021717596,0.0,0.5139552939367703,0.0
0.523783593482769,0.0,0.5140273958051594,0.0
0.5239537847937786,0.0,0.5140994976735485,0.0
0.5239969309826252,0.0,0.5141715995419375,0.0
0.5240400771714719,0.0,0.5142437014103266,0.0
0.5240832233603187,0.0,0.5143158032787156,0.0
0.5241263695491652,0.0,0.5143879051471046,0.0
0.524169515738012,0.0,0.5144562085720877,0.0
0.5242126619268586,0.0,0.5145245119970708,0.0
0.5242558081157053,0.0,0.5145928154220539,0.0
0.524298954304552,0.0,0.514661118847037,0.0
0.5243421004933986,0.0,0.5147294222720201,0.0
0.5244893125875344,0.0,0.5147967557488231,0.0
0.5246365246816702,0.0,0.5148640892256261,0.0
0.5247837367758059,0.0,0.5149314227024292,0.0
0.5249309488699417,0.0,0.5149997261274123,0.0
0.5250781609640776,0.0,0.5150680295523953,0.0
0.5252253730582133,0.0,0.5151317717370874,0.0
0.5253795525068342,0.0,0.5151955139217795,0.0
0.525533731955455,0.0,0.5152592561064716,0.0
0.5256879114040759,0.0,0.5153229982911637,0.0
0.5258420908526968,0.0,0.5153867404758558,0.0
0.5259962703013177,0.0,0.5154504826605478,0.0
0.5261129981022818,0.0,0.5155142248452399,0.0
0.526229725903246,0.0,0.515577967029932,0.0
0.5263464537042102,0.0,0.515641709214624,0.0
0.5264631815051743,0.0,0.5157088285575041,0.0
0.5265799093061385,0.0,0.5157759479003842,0.0
0.5266966371071027,0.0,0.5158675002186368,0.0
0.5268133649080669,0.0,0.5159590525368895,0.0
0.526930092709031,0.0,0.516050604855142,0.0
0.5274510801018125,0.0,0.5161349332965275,0.0
0.5279720674945939,0.0,0.5162192617379131,0.0
0.5284930548873754,0.0,0.5162863810807932,0.0
0.5290140422801568,0.0,0.5163535004236732,0.0
0.5295350296729383,0.0,0.5164208339004763,0.0
0.5300560170657197,0.0,0.5164881673772793,0.0
0.5305770044585012,0.0,0.5165555008540823,0.0
0.5310979918512826,0.0,0.5166228343308854,0.0
0.5312382691170675,0.0,0.5166901678076884,0.0
0.5313785463828523,0.0,0.5167502290261677,0.0
0.5315188236486372,0.0,0.5168102902446471,0.0
0.5316591009144221,0.0,0.5168703514631264,0.0
0.531799378180207,0.0,0.5169304126816058,0.0
0.5319396554459919,0.0,0.5169904739000851,0.0
0.5320799327117768,0.0,0.5170505351185645,0.0
0.5322202099775616,0.0,0.5171105963370438,0.0
0.5323604872433465,0.0,0.5171779298138469,0.0
0.5325007645091314,0.0,0.5172452632906499,0.0
0.5326410417749162,0.0,0.517295471116448,0.0
0.5327687263384515,0.0,0.517345678942246,0.0
0.5328964109019868,0.0,0.5173958867680442,0.0
0.5330240954655221,0.0,0.5174460945938423,0.0
0.5331517800290574,0.0,0.5175376469120948,0.0
0.5332467344246452,0.0,0.5176291992303474,0.0
0.533341688820233,0.0,0.5177207515486001,0.0
0.533436643215821,0.0,0.517795478851109,0.0
0.5334913198597788,0.0,0.5178702061536179,0.0
0.5336296154183829,0.0,0.5179449334561269,0.0
0.533767910976987,0.0,0.5180196607586358,0.0
0.5339062065355911,0.0,0.5180943880611447,0.0
0.5340445020941951,0.0,0.5181853764684825,0.0
0.5341827976527992,0.0,0.5182763648758204,0.0
0.53419918867422,0.0,0.5183673532831582,0.0
0.5342155796956408,0.0,0.5184516817245437,0.0
0.5342319707170617,0.0,0.5185018895503417,0.0
0.5342483617384826,0.0,0.5185520973761398,0.0
0.5342647527599034,0.0,0.518602305201938,0.0
0.5342811437813242,0.0,0.518652513027736,0.0
0.5343760981769121,0.0,0.5187027208535341,0.0
0.5344710525724999,0.0,0.5187529286793322,0.0
0.5345660069680878,0.0,0.5188419320071007,0.0
0.5346609613636756,0.0,0.5189309353348692,0.0
0.5347482186946764,0.0,0.5190199386626378,0.0
0.5348354760256773,0.0,0.5191089419904064,0.0
0.5349227333566782,0.0,0.519197945318175,0.0
0.535009990687679,0.0,0.5193430793584561,0.0
0.5350972480186799,0.0,0.5194882133987372,0.0
0.5351845053496807,0.0,0.5196333474390183,0.0
0.5352717626806816,0.0,0.5197784814792995,0.0
0.5353285573502164,0.0,0.5199236155195807,0.0
0.5353853520197512,0.0,0.5200687495598617,0.0
0.5354421466892861,0.0,0.520128810778341,0.0
0.5354989413588209,0.0,0.5201888719968204,0.0
0.5355557360283558,0.0,0.5202635992993294,0.0
0.5356125306978906,0.0,0.5203545877066672,0.0
0.5356693253674255,0.0,0.520445576114005,0.0
0.5360545757401085,0.0,0.5205365645213428,0.0
0.5364398261127916,0.0,0.5206275529286806,0.0
0.5368250764854746,0.0,0.5207185413360185,0.0
0.536905590143935,0.0,0.5207810309672299,0.0
0.5369861038023953,0.0,0.5208435205984414,0.0
0.5370716430246667,0.0,0.520906010229653,0.0
0.5371571822469382,0.0,0.5209684998608645,0.0
0.5372427214692096,0.0,0.521030989492076,0.0
0.537328260691481,0.0,0.5210934791232875,0.0
0.5374137999137525,0.0,0.5211559687544991,0.0
0.5374993391360239,0.0,0.5212449720822676,0.0
0.5378845895087069,0.0,0.5213339754100362,0.0
0.53826983988139,0.0,0.5214051623800265,0.0
0.538655090254073,0.0,0.5214337530325006,0.0
0.5390403406267561,0.0,0.5214623436849748,0.0
0.5394255909994392,0.0,0.521490934337449,0.0
0.5398108413721222,0.0,0.5215195249899232,0.0
0.5401960917448053,0.0,0.5215481156423972,0.0
0.5405206782693374,0.0,0.5215767062948714,0.0
0.5408452647938695,0.0,0.5216052969473456,0.0
0.5411698513184017,0.0,0.5216584074056995,0.0
0.5414944378429338,0.0,0.5217115178640533,0.0
0.541819024367466,0.0,0.5217646283224073,0.0
0.5421436108919981,0.0,0.5218177387807612,0.0
0.5424681974165303,0.0,0.5218708492391151,0.0
0.5427927839410623,0.0,0.5219239596974691,0.0
0.5431173704655945,0.0,0.5219997373927887,0.0
0.5434419569901267,0.0,0.5220755150881083,0.0
0.5435324834227238,0.0,0.5221286255464623,0.0
0.5436230098553207,0.0,0.5221817360048162,0.0
0.5437135362879179,0.0,0.5222348464631701,0.0
0.5438040627205148,0.0,0.5223339200400882,0.0
0.543894589153112,0.0,0.5224329936170062,0.0
0.543985115585709,0.0,0.5225320671939244,0.0
0.544075642018306,0.0,0.5226032541639147,0.0
0.544166168450903,0.0,0.522674441133905,0.0
0.544300860132526,0.0,0.5227456281038954,0.0
0.5444355518141489,0.0,0.5228168150738857,0.0
0.5445702434957719,0.0,0.522888002043876,0.0
0.5447049351773948,0.0,0.5229591890138663,0.0
0.5448396268590178,0.0,0.5230303759838566,0.0
0.5449743185406407,0.0,0.523101562953847,0.0
0.5451090102222637,0.0,0.523163499577067,0.0
0.5452437019038866,0.0,0.5232254362002869,0.0
0.5453783935855095,0.0,0.5232966231702773,0.0
0.5455130852671326,0.0,0.5233678101402677,0.0
0.5456368256482643,0.0,0.5234441101820271,0.0
0.5457605660293962,0.0,0.5235204102237866,0.0
0.545884306410528,0.0,0.5235967102655461,0.0
0.5460080467916598,0.0,0.5236730103073056,0.0
0.5461317871727916,0.0,0.5237493103490651,0.0
0.5462555275539235,0.0,0.5238250880443848,0.0
0.5463792679350553,0.0,0.5239008657397045,0.0
0.5465030083161871,0.0,0.5239766434350241,0.0
0.546626748697319,0.0,0.5240524211303438,0.0
0.5467189716621552,0.0,0.5241281988256635,0.0
0.5468111946269916,0.0,0.5242266893191714,0.0
0.5469034175918279,0.0,0.5243251798126792,0.0
0.5469956405566642,0.0,0.5244242533895974,0.0
0.5470878635215005,0.0,0.5245233269665155,0.0
0.5471800864863368,0.0,0.5246224005434336,0.0
0.5472723094511731,0.0,0.5247214741203516,0.0
0.5473645324160094,0.0,0.5247972518156713,0.0
0.5474567553808457,0.0,0.5248778835926733,0.0
0.5475489783456821,0.0,0.5249585153696753,0.0
0.5476910485413481,0.0,0.5250391471466773,0.0
0.5478331187370141,0.0,0.5251197789236792,0.0
0.5479751889326802,0.0,0.5252004107006812,0.0
0.5481172591283462,0.0,0.5252810424776833,0.0
0.5482593293240122,0.0,0.5253616742546853,0.0
0.5484013995196783,0.0,0.5255950431259189,0.0
0.5485434697153444,0.0,0.5258284119971525,0.0
0.5486855399110104,0.0,0.5260617808683861,0.0
0.5488276101066765,0.0,0.5262951497396197,0.0
0.5489661149317512,0.0,0.5265285186108533,0.0
0.5491046197568258,0.0,0.5267618874820869,0.0
0.5492431245819005,0.0,0.5269952563533205,0.0
0.5493816294069752,0.0,0.527228625224554,0.0
0.5495201342320499,0.0,0.5273176285523226,0.0
0.5496586390571245,0.0,0.5273795651755426,0.0
0.5498401613214108,0.0,0.5274415017987626,0.0
0.5500216835856969,0.0,0.5275034384219826,0.0
0.5501218881869394,0.0,0.5276019289154905,0.0
0.5502220927881819,0.0,0.5277004194089984,0.0
0.5503222973894244,0.0,0.5277989099025062,0.0
0.5504225019906669,0.0,0.5278726193128546,0.0
0.5505227065919094,0.0,0.527946328723203,0.0
0.5506229111931519,0.0,0.5280200381335514,0.0
0.5507034248516122,0.0,0.5280937475438997,0.0
0.5507839385100725,0.0,0.5281928211208178,0.0
0.5508644521685329,0.0,0.5282918946977359,0.0
0.5509449658269931,0.0,0.5283709922588664,0.0
0.5511264880912794,0.0,0.528450089819997,0.0
0.551359856962513,0.0,0.5285291873811275,0.0
0.5515932258337466,0.0,0.5286082849422581,0.0
0.5518265947049802,0.0,0.5286873825033885,0.0
0.5520599635762138,0.0,0.5287682247106326,0.0
0.5522933324474474,0.0,0.5288490669178765,0.0
0.5525267013186809,0.0,0.5289299091251204,0.0
0.5527600701899145,0.0,0.5291114313894066,0.0
0.5529934390611481,0.0,0.5292167118684568,0.0
0.5530824423889167,0.0,0.5293219923475069,0.0
0.5531714457166852,0.0,0.5294272728265571,0.0
0.5532604490444538,0.0,0.5295325533056072,0.0
0.5533494523722223,0.0,0.5296133955128511,0.0
0.553438455699991,0.0,0.5296942377200952,0.0
0.5535274590277595,0.0,0.5297750799273391,0.0
0.5536164623555281,0.0,0.529855922134583,0.0
0.5537054656832966,0.0,0.5299367643418269,0.0
0.5538505997235778,0.0,0.5300176065490709,0.0
0.5539957337638589,0.0,0.5300984487563148,0.0
0.55414086780414,0.0,0.5301721581666632,0.0
0.5542860018444211,0.0,0.5302458675770115,0.0
0.5544311358847023,0.0,0.5303195769873599,0.0
0.5545762699249834,0.0,0.5303932863977083,0.0
0.5547214039652645,0.0,0.5304669958080567,0.0
0.5548665380055456,0.0,0.5305633538477716,0.0
0.5550116720458268,0.0,0.5306328769305825,0.0
0.555156806086108,0.0,0.5307065863409308,0.0
0.5552481387319055,0.0,0.5308010111101371,0.0
0.555339471377703,0.0,0.5308954358793433,0.0
0.5554308040235005,0.0,0.5309898606485496,0.0
0.5555221366692981,0.0,0.5310842854177558,0.0
0.5556134693150957,0.0,0.531178710186962,0.0
0.5557048019608932,0.0,0.5312731349561683,0.0
0.5557961346066908,0.0,0.5313675597253745,0.0
0.5558874672524883,0.0,0.5314619844945808,0.0
0.5559787998982858,0.0,0.531556409263787,0.0
0.5560701325440833,0.0,0.5316259323465978,0.0
0.5561614651898809,0.0,0.5317249604090142,0.0
0.5563216884682395,0.0,0.5318239884714305,0.0
0.556481911746598,0.0,0.531923016533847,0.0
0.5566421350249565,0.0,0.5320220445962633,0.0
0.556802358303315,0.0,0.5321210726586797,0.0
0.5569625815816736,0.0,0.532220100721096,0.0
0.5571228048600321,0.0,0.5323191287835125,0.0
0.5572830281383906,0.0,0.5324244092625626,0.0
0.5574432514167491,0.0,0.5325296897416127,0.0
0.5575547346865057,0.0,0.5326260477813278,0.0
0.5576662179562623,0.0,0.5327224058210428,0.0
0.5577777012260188,0.0,0.5328187638607579,0.0
0.5578891844957753,0.0,0.5329151219004729,0.0
0.5579786876335946,0.0,0.5329956355589331,0.0
0.5580681907714139,0.0,0.5330761492173935,0.0
0.5581576939092331,0.0,0.5332146540424682,0.0
0.5582123290269422,0.0,0.5333531588675429,0.0
0.5582670056709,0.0,0.5334916636926176,0.0
0.5583784889406567,0.0,0.5336301685176923,0.0
0.5584899722104132,0.0,0.5337686733427669,0.0
0.5586014554801697,0.0,0.5339071781678416,0.0
0.5587129387499262,0.0,0.5340887004321279,0.0
0.5588244220196829,0.0,0.534270222696414,0.0
0.5590516591412287,0.0,0.5343397457792248,0.0
0.5592788962627745,0.0,0.5344092688620357,0.0
0.5595061333843203,0.0,0.5344787919448465,0.0
0.5597333705058661,0.0,0.5345483150276572,0.0
0.559960607627412,0.0,0.5346473430900737,0.0
0.5601878447489578,0.0,0.53474637115249,0.0
0.5604150818705037,0.0,0.5348453992149064,0.0
0.5606004525311684,0.0,0.534916406547874,0.0
0.5607858231918332,0.0,0.5349874138808416,0.0
0.560971193852498,0.0,0.5350584212138092,0.0
0.5611565645131628,0.0,0.5351294285467769,0.0
0.5612384450592649,0.0,0.5352004358797445,0.0
0.561320325605367,0.0,0.5352714432127121,0.0
0.5614022061514691,0.0,0.5353424505456797,0.0
0.5615486623039275,0.0,0.5354134578786474,0.0
0.561695118456386,0.0,0.5355142408147733,0.0
0.5618415746088444,0.0,0.5355947544732336,0.0
0.5619880307613029,0.0,0.5356752681316939,0.0
0.5621344869137613,0.0,0.5357581003284329,0.0
0.5622809430662198,0.0,0.5358588832645587,0.0
0.5624273992186782,0.0,0.5359596662006846,0.0
0.5625738553711367,0.0,0.5360604491368105,0.0
0.5627203115235951,0.0,0.5361548592357024,0.0
0.5628155381652198,0.0,0.5362492693345943,0.0
0.5629107648068444,0.0,0.5363436794334862,0.0
0.5630059914484691,0.0,0.5364380895323779,0.0
0.5631012180900937,0.0,0.5365324996312698,0.0
0.5631964447317184,0.0,0.5366269097301617,0.0
0.5632966493329609,0.0,0.5367213198290536,0.0
0.5633968539342034,0.0,0.5368157299279454,0.0
0.5635568748352777,0.0,0.5369101400268372,0.0
0.5637168957363521,0.0,0.5370086305203451,0.0
0.5638769166374263,0.0,0.537107121013853,0.0
0.5641375171119594,0.0,0.5372104418718934,0.0
0.5643981175864924,0.0,0.537308093481657,0.0
0.5646587180610255,0.0,0.5374057450914206,0.0
0.5649193185355585,0.0,0.5375033967011843,0.0
0.5651799190100916,0.0,0.5376041796373101,0.0
0.5654405194846246,0.0,0.537704962573436,0.0
0.5657011199591576,0.0,0.537805745509562,0.0
0.5659617204336906,0.0,0.5379065284456879,0.0
0.5661742554027906,0.0,0.5380073113818138,0.0
0.5663867903718907,0.0,0.5381080943179397,0.0
0.5665993253409906,0.0,0.5381909265146786,0.0
0.5668118603100906,0.0,0.5382737587114175,0.0
0.5670243952791906,0.0,0.5383565909081564,0.0
0.5672369302482906,0.0,0.53845424251792,0.0
0.5673575271471714,0.0,0.5385629059782622,0.0
0.5674781240460521,0.0,0.5386715694386043,0.0
0.5675987209449329,0.0,0.5387802328989464,0.0
0.5677193178438137,0.0,0.5388888963592885,0.0
0.5677706015167346,0.0,0.5389975598196306,0.0
0.5678218851896556,0.0,0.5391062232799727,0.0
0.5678731688625764,0.0,0.5392148867403148,0.0
0.5679244525354974,0.0,0.5392977189370537,0.0
0.5679757362084183,0.0,0.5394010397950941,0.0
0.5680303713261274,0.0,0.5395043606531345,0.0
0.5680850064438364,0.0,0.5396076815111749,0.0
0.5681013974652573,0.0,0.5397110023692153,0.0
0.5681177884866782,0.0,0.5398143232272556,0.0
0.568134179508099,0.0,0.5399176440852961,0.0
0.5682236826459183,0.0,0.5400127195895533,0.0
0.5683131857837375,0.0,0.5401077950938106,0.0
0.5684337826826182,0.0,0.5402028705980678,0.0
0.5685891119712824,0.0,0.5402979461023252,0.0
0.5687444412599464,0.0,0.5403930216065824,0.0
0.5688997705486105,0.0,0.5404880971108397,0.0
0.5690550998372745,0.0,0.540583172615097,0.0
0.5692104291259387,0.0,0.5406782481193543,0.0
0.5693657584146027,0.0,0.540710764293541,0.0
0.5695210877032668,0.0,0.5408084159033046,0.0
0.5696764169919308,0.0,0.5409060675130682,0.0
0.5698233265055234,0.0,0.5410037191228318,0.0
0.5699702360191158,0.0,0.5411013707325955,0.0
0.5701171455327083,0.0,0.5411990223423591,0.0
0.570265158556353,0.0,0.5413410925380251,0.0
0.5704131715799975,0.0,0.5414831627336911,0.0
0.5705611846036421,0.0,0.5416252329293573,0.0
0.5707091976272867,0.0,0.5417673031250233,0.0
0.5708572106509313,0.0,0.5419093733206893,0.0
0.5709931901771876,0.0,0.5420095779219318,0.0
0.5711291697034441,0.0,0.5421097825231743,0.0
0.5712651492297005,0.0,0.5422099871244168,0.0
0.5714011287559569,0.0,0.5423101917256593,0.0
0.5715371082822134,0.0,0.5424103963269017,0.0
0.5716730878084698,0.0,0.5425106009281442,0.0
0.5718090673347263,0.0,0.5426192643884864,0.0
0.5719450468609827,0.0,0.5427279278488285,0.0
0.5720810263872391,0.0,0.5428230033530858,0.0
0.5722170059134956,0.0,0.5428781600951867,0.0
0.5723271289554404,0.0,0.5429106762693735,0.0
0.5724372519973852,0.0,0.5429431924435603,0.0
0.57254737503933,0.0,0.542975708617747,0.0
0.5726574980812749,0.0,0.5430082247919338,0.0
0.5727676211232197,0.0,0.5430951545170606,0.0
0.5728777441651645,0.0,0.5431820842421875,0.0
0.5729878672071093,0.0,0.5432690139673143,0.0
0.5730979902490541,0.0,0.5433559436924411,0.0
0.5732081132909989,0.0,0.543442873417568,0.0
0.5733182363329437,0.0,0.5435849436132341,0.0
0.5734283593748886,0.0,0.5437146594758988,0.0
0.5735384824168334,0.0,0.5438443753385636,0.0
0.5736153174196342,0.0,0.5439740912012284,0.0
0.5736921524224351,0.0,0.5441038070638932,0.0
0.573768987425236,0.0,0.54419073678902,0.0
0.5738458224280368,0.0,0.5442509630209285,0.0
0.5739226574308377,0.0,0.5443111892528368,0.0
0.5739994924336386,0.0,0.5443714154847452,0.0
0.5740763274364394,0.0,0.5444316417166537,0.0
0.5741531624392403,0.0,0.5444918679485621,0.0
0.5742299974420412,0.0,0.5445470246906631,0.0
0.574306832444842,0.0,0.5446021814327641,0.0
0.5743836674476429,0.0,0.5446780270260704,0.0
0.5745174125329644,0.0,0.5447538726193766,0.0
0.5746511576182858,0.0,0.5448297182126829,0.0
0.574776520993202,0.0,0.5449055638059891,0.0
0.5749018843681182,0.0,0.5449814093992954,0.0
0.5750272477430344,0.0,0.5450572549926016,0.0
0.5751526111179506,0.0,0.5451124117347026,0.0
0.5752779744928668,0.0,0.5451675684768036,0.0
0.575403337867783,0.0,0.5452227252189046,0.0
0.5755287012426992,0.0,0.5452778819610056,0.0
0.5756540646176154,0.0,0.5453330387031066,0.0
0.5756891933798404,0.0,0.5454627545657713,0.0
0.5757717036876256,0.0,0.5455924704284362,0.0
0.575854213995411,0.0,0.5457221862911009,0.0
0.5759367243031963,0.0,0.5458519021537657,0.0
0.5760192346109817,0.0,0.5459421053382602,0.0
0.576101744918767,0.0,0.5460323085227546,0.0
0.5761995636698772,0.0,0.5461225117072491,0.0
0.5762973824209876,0.0,0.5462127148917436,0.0
0.576395201172098,0.0,0.5463029180762381,0.0
0.5764930199232082,0.0,0.5464013743956436,0.0
0.5765908386743186,0.0,0.5464998307150492,0.0
0.5766886574254289,0.0,0.5466295465777139,0.0
0.5767864761765392,0.0,0.5467072791455166,0.0
0.5769050700296,0.0,0.5467831247388228,0.0
0.5770236638826609,0.0,0.5468589703321292,0.0
0.5771422577357217,0.0,0.5469348159254355,0.0
0.5772608515887826,0.0,0.5470106615187417,0.0
0.5773794454418435,0.0,0.547102884483578,0.0
0.5774980392949043,0.0,0.5471951074484143,0.0
0.5776166331479652,0.0,0.5472873304132506,0.0
0.5778391205195028,0.0,0.5473795533780869,0.0
0.5780616078910404,0.0,0.5474717763429232,0.0
0.5782840952625781,0.0,0.5475639993077595,0.0
0.5785065826341158,0.0,0.5476562222725958,0.0
0.5787290700056534,0.0,0.5477484452374322,0.0
0.5789515573771911,0.0,0.5478406682022684,0.0
0.5791740447487287,0.0,0.5479827383979344,0.0
0.5793965321202663,0.0,0.5481248085936005,0.0
0.5796190194918039,0.0,0.5482668787892666,0.0
0.5798415068633416,0.0,0.5483427243825728,0.0
0.579948344128631,0.0,0.5484329275670673,0.0
0.5800551813939205,0.0,0.548551069740941,0.0
0.58016201865921,0.0,0.5486692119148147,0.0
0.5802688559244995,0.0,0.5487676682342202,0.0
0.580375693189789,0.0,0.5488661245536257,0.0
0.5804825304550785,0.0,0.5489740249027796,0.0
0.580589367720368,0.0,0.5490819252519336,0.0
0.5806962049856574,0.0,0.5491898256010874,0.0
0.5807338958265466,0.0,0.5492977259502413,0.0
0.5807715866674357,0.0,0.5494056262993952,0.0
0.5808092775083248,0.0,0.549513526648549,0.0
0.5808469683492139,0.0,0.5496214269977029,0.0
0.580884659190103,0.0,0.5497451673788347,0.0
0.5809223500309921,0.0,0.5498373903436711,0.0
0.5809600408718811,0.0,0.5499314286388628,0.0
0.58128797175239,0.0,0.5500254669340545,0.0
0.5816159026328989,0.0,0.5501195052292462,0.0
0.5819438335134076,0.0,0.5502274055784001,0.0
0.5822717643939165,0.0,0.550335305927554,0.0
0.5825996952744252,0.0,0.5504070737765847,0.0
0.5827203470659358,0.0,0.5504788416256156,0.0
0.5828409988574462,0.0,0.5505506094746463,0.0
0.5829616506489568,0.0,0.550622377323677,0.0
0.5830823024404672,0.0,0.5506941451727078,0.0
0.5832029542319778,0.0,0.5507659130217385,0.0
0.5833236060234882,0.0,0.5508376808707693,0.0
0.5834442578149988,0.0,0.5509094487198001,0.0
0.5835649096065092,0.0,0.5509812165688308,0.0
0.5836855613980197,0.0,0.5510362462135121,0.0
0.5837773429707278,0.0,0.5510912758581935,0.0
0.5838691245434358,0.0,0.5511463055028748,0.0
0.5839609061161438,0.0,0.5512013351475561,0.0
0.5840526876888519,0.0,0.5512563647922374,0.0
0.5841444692615598,0.0,0.5513113944369187,0.0
0.5842362508342679,0.0,0.551437136623647,0.0
0.5843280324069758,0.0,0.5515552787975206,0.0
0.5844505085077198,0.0,0.5516734209713944,0.0
0.5845729846084637,0.0,0.551791563145268,0.0
0.5846954607092076,0.0,0.5519097053191417,0.0
0.5848179368099515,0.0,0.5520037436143335,0.0
0.5849404129106954,0.0,0.5520977819095252,0.0
0.5850628890114393,0.0,0.5521918202047169,0.0
0.5851853651121832,0.0,0.5522858584999086,0.0
0.5853078412129272,0.0,0.5524116006866369,0.0
0.5853870868108665,0.0,0.5525373428733652,0.0
0.5854663324088057,0.0,0.5526630850600935,0.0
0.585545578006745,0.0,0.5527888272468218,0.0
0.5856248236046844,0.0,0.5528152392068298,0.0
0.5856900157465054,0.0,0.5528416511668378,0.0
0.5857552078883264,0.0,0.5528680631268458,0.0
0.5858204000301473,0.0,0.5529621014220375,0.0
0.5858855921719683,0.0,0.5530561397172292,0.0
0.5859207209341935,0.0,0.553150178012421,0.0
0.5859558496964185,0.0,0.5532052076571023,0.0
0.5859909784586436,0.0,0.5532602373017836,0.0
0.5860261072208686,0.0,0.5533152669464649,0.0
0.5860612359830936,0.0,0.5533702965911462,0.0
0.5861404815810329,0.0,0.5535049882727692,0.0
0.5862197271789722,0.0,0.5536396799543921,0.0
0.5862989727769115,0.0,0.553763420335524,0.0
0.5863782183748507,0.0,0.5538871607166558,0.0
0.5864574639727901,0.0,0.5540109010977876,0.0
0.5866603814507522,0.0,0.5541346414789194,0.0
0.5868632989287144,0.0,0.5542583818600513,0.0
0.5870662164066766,0.0,0.5543821222411831,0.0
0.5872691338846386,0.0,0.5545058626223149,0.0
0.5874720513626008,0.0,0.5546296030034468,0.0
0.587674968840563,0.0,0.554755345190175,0.0
0.5878778863185251,0.0,0.5548810873769033,0.0
0.5880808037964873,0.0,0.5550068295636316,0.0
0.5882021194388366,0.0,0.5551325717503599,0.0
0.5883234350811858,0.0,0.5551589837103679,0.0
0.5884447507235351,0.0,0.555318179421124,0.0
0.5885660663658844,0.0,0.5554773751318801,0.0
0.5886873820082336,0.0,0.5556365708426362,0.0
0.5888086976505829,0.0,0.5557957665533924,0.0
0.5889300132929322,0.0,0.5559549622641484,0.0
0.5890513289352814,0.0,0.5561141579749046,0.0
0.5891320978079428,0.0,0.5562733536856607,0.0
0.5892128666806042,0.0,0.5564325493964167,0.0
0.5892936355532656,0.0,0.5565843291995433,0.0
0.5893822854428347,0.0,0.5567190208811662,0.0
0.5894709353324038,0.0,0.5568537125627891,0.0
0.5895595852219729,0.0,0.5569884042444121,0.0
0.5896682603879857,0.0,0.557123095926035,0.0
0.5897367373805418,0.0,0.557257787607658,0.0
0.5897880210534627,0.0,0.5574095674107845,0.0
0.5898393047263837,0.0,0.557561347213911,0.0
0.5898905883993046,0.0,0.557674391236923,0.0
0.589971357271966,0.0,0.5577874352599349,0.0
0.5900521261446274,0.0,0.557900479282947,0.0
0.5901328950172888,0.0,0.5580135233059589,0.0
0.5902136638899502,0.0,0.5581265673289709,0.0
0.5902944327626116,0.0,0.5582042998967736,0.0
0.590375201635273,0.0,0.5582820324645762,0.0
0.5904745122987426,0.0,0.5583597650323789,0.0
0.5905738229622121,0.0,0.5584389836766949,0.0
0.5906731336256816,0.0,0.5585182023210108,0.0
0.5907724442891512,0.0,0.5585974209653267,0.0
0.5908717549526207,0.0,0.5586751535331294,0.0
0.5909710656160903,0.0,0.5588269333362559,0.0
0.5910703762795598,0.0,0.5589787131393824,0.0
0.5911696869430294,0.0,0.5590923135810003,0.0
0.5912689976064989,0.0,0.5592059140226183,0.0
0.5913683082699684,0.0,0.5593195144642363,0.0
0.591467618933438,0.0,0.5594331149058542,0.0
0.5915706387229883,0.0,0.5595467153474722,0.0
0.5916736585125387,0.0,0.5596603157890903,0.0
0.591776678302089,0.0,0.5597739162307083,0.0
0.5918796980916394,0.0,0.5598875166723262,0.0
0.5919827178811897,0.0,0.5600011171139442,0.0
0.5920857376707401,0.0,0.5601373018971817,0.0
0.5921887574602904,0.0,0.5602224497864811,0.0
0.5922917772498408,0.0,0.5603075976757803,0.0
0.5924159488039995,0.0,0.5603927455650796,0.0
0.5925401203581581,0.0,0.5604778934543788,0.0
0.5926642919123167,0.0,0.5605630413436782,0.0
0.5927884634664754,0.0,0.5606481892329774,0.0
0.5929126350206341,0.0,0.5607333371222767,0.0
0.5930368065747927,0.0,0.5608125557665926,0.0
0.5930955838859233,0.0,0.5608917744109085,0.0
0.5931543611970539,0.0,0.5609709930552246,0.0
0.5932131385081846,0.0,0.5610791672898887,0.0
0.5932719158193152,0.0,0.5611873415245529,0.0
0.5933306931304457,0.0,0.5613364728729735,0.0
0.5933894704415763,0.0,0.5614856042213942,0.0
0.5934482477527069,0.0,0.5616347355698148,0.0
0.5935070250638375,0.0,0.5617139542141307,0.0
0.593565802374968,0.0,0.5617931728584467,0.0
0.5936245796860987,0.0,0.5619293576416842,0.0
0.5936833569972293,0.0,0.5620655424249217,0.0
0.5937657198628336,0.0,0.5622017272081593,0.0
0.5938480827284378,0.0,0.5623379119913968,0.0
0.593930445594042,0.0,0.5624740967746343,0.0
0.5940128084596462,0.0,0.5626102815578718,0.0
0.5940951713252505,0.0,0.5626913568166937,0.0
0.5941775341908547,0.0,0.5627724320755155,0.0
0.594259897056459,0.0,0.5628535073343375,0.0
0.5943422599220632,0.0,0.5629345825931593,0.0
0.5944246227876675,0.0,0.5630156578519812,0.0
0.5945069856532718,0.0,0.563096733110803,0.0
0.5946088729913913,0.0,0.5631895311060917,0.0
0.5947107603295108,0.0,0.5632977053407558,0.0
0.5948126476676303,0.0,0.5634058795754201,0.0
0.5949145350057499,0.0,0.5635140538100842,0.0
0.5950164223438693,0.0,0.5636222280447484,0.0
0.5951183096819889,0.0,0.5637304022794125,0.0
0.5952201970201084,0.0,0.5638385765140768,0.0
0.5953220843582279,0.0,0.5639467507487409,0.0
0.5954239716963474,0.0,0.5640395487440296,0.0
0.595525859034467,0.0,0.5641323467393184,0.0
0.5956189946508588,0.0,0.5642251447346072,0.0
0.5957121302672507,0.0,0.5643179427298959,0.0
0.5958052658836425,0.0,0.5644161703979684,0.0
0.5958984015000344,0.0,0.5645143980660409,0.0
0.5959915371164263,0.0,0.5646126257341133,0.0
0.5960846727328181,0.0,0.5647108534021859,0.0
0.59617780834921,0.0,0.5648599847506065,0.0
0.5962709439656018,0.0,0.5650091160990272,0.0
0.5963640795819937,0.0,0.5651582474474477,0.0
0.5965363603976881,0.0,0.5652393227062695,0.0
0.5967086412133825,0.0,0.5653040653010684,0.0
0.5968809220290768,0.0,0.5653688078958672,0.0
0.5970532028447713,0.0,0.565433550490666,0.0
0.5972254836604657,0.0,0.5654982930854648,0.0
0.5973977644761601,0.0,0.5655630356802636,0.0
0.5975700452918545,0.0,0.5656277782750624,0.0
0.5977423261075488,0.0,0.5656925208698612,0.0
0.5978225823941591,0.0,0.56575726346466,0.0
0.5979028386807693,0.0,0.5658220060594588,0.0
0.5979830949673796,0.0,0.5658867486542576,0.0
0.5980633512539898,0.0,0.5659997926772696,0.0
0.5981436075406,0.0,0.5661128367002816,0.0
0.5982238638272103,0.0,0.5662258807232935,0.0
0.5983041201138205,0.0,0.5663186787185823,0.0
0.5983843764004307,0.0,0.5664092051511793,0.0
0.5984751812546978,0.0,0.5664997315837764,0.0
0.5985659861089649,0.0,0.5665902580163734,0.0
0.598656790963232,0.0,0.5666807844489705,0.0
0.598747595817499,0.0,0.5667713108815675,0.0
0.5988384006717661,0.0,0.5668618373141646,0.0
0.5989292055260332,0.0,0.5669523637467616,0.0
0.5990200103803003,0.0,0.5670428901793587,0.0
0.5991108152345673,0.0,0.5671775818609817,0.0
0.5992016200888345,0.0,0.5673122735426046,0.0
0.5992924249431015,0.0,0.5674469652242276,0.0
0.5993649898820452,0.0,0.5675451928923,0.0
0.5994375548209889,0.0,0.5676099354870988,0.0
0.5995101197599326,0.0,0.5677229795101107,0.0
0.5995826846988762,0.0,0.5678271034638037,0.0
0.5996552496378199,0.0,0.5679312274174966,0.0
0.5997278145767636,0.0,0.5680353513711894,0.0
0.5998003795157073,0.0,0.5681394753248823,0.0
0.599872944454651,0.0,0.5682435992785753,0.0
0.5999455093935947,0.0,0.5683472407343777,0.0
0.6000180743325383,0.0,0.56845088219018,0.0
0.6001894719562315,0.0,0.5685545236459825,0.0
0.6003608695799246,0.0,0.5686581651017849,0.0
0.6005322672036177,0.0,0.5689827516263171,0.0
0.6007036648273109,0.0,0.569093948098648,0.0
0.6008750624510041,0.0,0.5692051445709788,0.0
0.6010464600746972,0.0,0.5693163410433097,0.0
0.6011347340236565,0.0,0.5694275375156406,0.0
0.6012230079726156,0.0,0.569531178971443,0.0
0.6013285579284366,0.0,0.5696348204272454,0.0
0.6014341078842576,0.0,0.5697296908274259,0.0
0.6015396578400785,0.0,0.5698245612276063,0.0
0.6016452077958994,0.0,0.5699194316277867,0.0
0.6017507577517203,0.0,0.5700143020279671,0.0
0.6018563077075412,0.0,0.5701091724281475,0.0
0.6019618576633621,0.0,0.5702040428283279,0.0
0.602067407619183,0.0,0.5702989132285085,0.0
0.602172957575004,0.0,0.5703937836286889,0.0
0.6022785075308249,0.0,0.5705094487535333,0.0
0.6023840574866458,0.0,0.5706251138783778,0.0
0.6024492496284668,0.0,0.5707407790032223,0.0
0.6025144417702878,0.0,0.570813402207184,0.0
0.6026027157192471,0.0,0.5708860254111459,0.0
0.6026909896682063,0.0,0.5709570238374403,0.0
0.6027792636171656,0.0,0.5710280222637347,0.0
0.6028675375661248,0.0,0.5710990206900292,0.0
0.602955811515084,0.0,0.5711700191163236,0.0
0.6030570560351954,0.0,0.5712410175426179,0.0
0.6031583005553067,0.0,0.5713358879427983,0.0
0.603259545075418,0.0,0.5714357799652579,0.0
0.6033607895955294,0.0,0.5715356719877173,0.0
0.6034620341156407,0.0,0.5716355640101768,0.0
0.6037052654646171,0.0,0.5717354560326362,0.0
0.6039484968135934,0.0,0.5718466525049671,0.0
0.6041917281625698,0.0,0.5722319028776501,0.0
0.6044349595115462,0.0,0.5726171532503332,0.0
0.6046781908605225,0.0,0.5730024036230162,0.0
0.604921422209499,0.0,0.5733876539956994,0.0
0.6051646535584754,0.0,0.5737122405202315,0.0
0.6054078849074518,0.0,0.5740368270447637,0.0
0.6055125304345684,0.0,0.5743614135692958,0.0
0.6056171759616852,0.0,0.5746860000938279,0.0
0.6057218214888019,0.0,0.57501058661836,0.0
0.6058264670159187,0.0,0.5753351731428922,0.0
0.6059311125430354,0.0,0.5756597596674243,0.0
0.606005286340614,0.0,0.5759843461919565,0.0
0.6060794601381926,0.0,0.5763089327164886,0.0
0.6061425312473195,0.0,0.5764201291888195,0.0
0.6062056023564465,0.0,0.5765313256611504,0.0
0.6062686734655734,0.0,0.5766425221334812,0.0
0.6063573233551426,0.0,0.5767703598221393,0.0
0.6064459732447117,0.0,0.5768981975107974,0.0
0.6065346231342809,0.0,0.5769691959370917,0.0
0.6066557069907597,0.0,0.5770401943633862,0.0
0.6067767908472386,0.0,0.5771111927896806,0.0
0.6068978747037174,0.0,0.5772268579145251,0.0
0.6070189585601963,0.0,0.5773425230393695,0.0
0.6071400424166751,0.0,0.577458188164214,0.0
0.607261126273154,0.0,0.5775738532890584,0.0
0.6073822101296328,0.0,0.5776895184139029,0.0
0.6075032939861117,0.0,0.5777643578037299,0.0
0.6076243778425905,0.0,0.578149608176413,0.0
0.6077074240968002,0.0,0.578534858549096,0.0
0.6077904703510099,0.0,0.5786074817530579,0.0
0.6078735166052196,0.0,0.5786823211428849,0.0
0.6079565628594293,0.0,0.5787984234464957,0.0
0.6080396091136391,0.0,0.5789145257501066,0.0
0.6081226553678487,0.0,0.5790306280537175,0.0
0.6082057016220584,0.0,0.5791467303573284,0.0
0.6082887478762682,0.0,0.5792628326609393,0.0
0.6083717941304778,0.0,0.5793789349645502,0.0
0.6084484926407416,0.0,0.5794950372681611,0.0
0.6085251911510056,0.0,0.5796111395717719,0.0
0.6086018896612694,0.0,0.5797272418753828,0.0
0.6086785881715332,0.0,0.5798550795640409,0.0
0.608755286681797,0.0,0.579982917252699,0.0
0.6088319851920608,0.0,0.580110754941357,0.0
0.6089086837023246,0.0,0.5802385926300151,0.0
0.6089853822125885,0.0,0.5803450678604878,0.0
0.6090620807228524,0.0,0.5804515430909605,0.0
0.6091387792331162,0.0,0.5805580183214332,0.0
0.609209943424619,0.0,0.5806644935519059,0.0
0.6092811076161218,0.0,0.580792331240564,0.0
0.6093583135561652,0.0,0.580920168929222,0.0
0.6094355194962088,0.0,0.5810423198875494,0.0
0.6095127254362523,0.0,0.5811367256116805,0.0
0.6095899313762958,0.0,0.5812311313358115,0.0
0.6096671373163394,0.0,0.5813255370599426,0.0
0.6097443432563829,0.0,0.5814199427840736,0.0
0.6098215491964264,0.0,0.5815143485082047,0.0
0.6099085975582705,0.0,0.5815711431777396,0.0
0.6099956459201146,0.0,0.5816279378472744,0.0
0.6100826942819586,0.0,0.5816847325168093,0.0
0.6101697426438027,0.0,0.5817415271863441,0.0
0.6102567910056468,0.0,0.581798321855879,0.0
0.6103438393674908,0.0,0.5818551165254138,0.0
0.610430887729335,0.0,0.5822403668980969,0.0
0.610517936091179,0.0,0.5826256172707799,0.0
0.610604984453023,0.0,0.583010867643463,0.0
0.6106920328148671,0.0,0.583396118016146,0.0
0.6107913513614008,0.0,0.5834687412201078,0.0
0.6108906699079345,0.0,0.5835908921784353,0.0
0.6109899884544682,0.0,0.5837130431367628,0.0
0.6110893070010018,0.0,0.5838351940950902,0.0
0.6111886255475355,0.0,0.5839416693255629,0.0
0.6112879440940692,0.0,0.5840481445560356,0.0
0.6113872626406028,0.0,0.5841296226071545,0.0
0.6114812503329788,0.0,0.5842111006582733,0.0
0.6115752380253547,0.0,0.5842947371059414,0.0
0.6116692257177307,0.0,0.5843783735536094,0.0
0.6117632134101068,0.0,0.5844620100012775,0.0
0.6118572011024828,0.0,0.5845475492235489,0.0
0.6119511887948588,0.0,0.5846330884458203,0.0
0.6120451764872348,0.0,0.5846898831153552,0.0
0.6121446347118109,0.0,0.584790405723482,0.0
0.612244092936387,0.0,0.5848909283316087,0.0
0.6123435511609632,0.0,0.5849914509397355,0.0
0.6124430093855393,0.0,0.5850919735478622,0.0
0.6126148012134068,0.0,0.5851756099955303,0.0
0.6127865930412744,0.0,0.5852592464431984,0.0
0.6129583848691419,0.0,0.5853428828908663,0.0
0.6131301766970094,0.0,0.5854306283262473,0.0
0.613301968524877,0.0,0.5855183737616282,0.0
0.6134737603527445,0.0,0.585606119197009,0.0
0.613645552180612,0.0,0.5856938646323899,0.0
0.6138173440084795,0.0,0.5857816100677709,0.0
0.613922898398524,0.0,0.5858693555031517,0.0
0.6140284527885685,0.0,0.5859501918320763,0.0
0.614134007178613,0.0,0.5860310281610008,0.0
0.6142395615686576,0.0,0.5861118644899255,0.0
0.614345115958702,0.0,0.58619270081885,0.0
0.6144506703487465,0.0,0.5862735371477745,0.0
0.614556224738791,0.0,0.5863543734766992,0.0
0.6146617791288355,0.0,0.5864843697997575,0.0
0.614754111776995,0.0,0.5866143661228157,0.0
0.6148464444251546,0.0,0.5866961329336317,0.0
0.6149387770733141,0.0,0.5867778997444475,0.0
0.6150311097214738,0.0,0.5868596665552634,0.0
0.6151234423696333,0.0,0.5869601891633902,0.0
0.615277173231131,0.0,0.587060711771517,0.0
0.6154309040926286,0.0,0.5871612343796437,0.0
0.6155846349541263,0.0,0.587241748038104,0.0
0.6157383658156239,0.0,0.5873222616965644,0.0
0.6158920966771215,0.0,0.5874078009188358,0.0
0.6160458275386193,0.0,0.5874933401411072,0.0
0.6161995584001169,0.0,0.5875788793633787,0.0
0.6163532892616145,0.0,0.5876644185856501,0.0
0.6165070201231122,0.0,0.5877649411937769,0.0
0.6166607509846098,0.0,0.587859346917908,0.0
0.6167512002005551,0.0,0.587953752642039,0.0
0.6168416494165002,0.0,0.5880481583661701,0.0
0.6169320986324455,0.0,0.5881299251769859,0.0
0.6170225478483907,0.0,0.5882116919878019,0.0
0.6171129970643359,0.0,0.5882934587986177,0.0
0.6172034462802811,0.0,0.588348509344462,0.0
0.6172938954962263,0.0,0.5884035598903065,0.0
0.6173843447121715,0.0,0.5884586104361508,0.0
0.6174747939281168,0.0,0.5885886067592091,0.0
0.6175652431440619,0.0,0.5887186030822673,0.0
0.6176675814732995,0.0,0.5888485994053256,0.0
0.617769919802537,0.0,0.588900346021381,0.0
0.6178722581317745,0.0,0.5889520926374363,0.0
0.617974596461012,0.0,0.5890038392534916,0.0
0.6180740204775071,0.0,0.589055585869547,0.0
0.6181734444940022,0.0,0.5891073324856023,0.0
0.6182728685104972,0.0,0.5891626097247558,0.0
0.6183722925269923,0.0,0.5892498670557565,0.0
0.6184717165434874,0.0,0.5893925530138713,0.0
0.6185428807349902,0.0,0.589535238971986,0.0
0.618614044926493,0.0,0.5895905162111393,0.0
0.6186852091179957,0.0,0.5896457934502928,0.0
0.6187563733094985,0.0,0.5897010706894461,0.0
0.6188275375010013,0.0,0.5897563479285995,0.0
0.6189298758302388,0.0,0.5898116251677529,0.0
0.6190322141594763,0.0,0.5898666757135973,0.0
0.6191345524887139,0.0,0.5899217262594416,0.0
0.6192064771920324,0.0,0.5899767768052859,0.0
0.619278401895351,0.0,0.5900318273511302,0.0
0.6193503265986695,0.0,0.5901267817467181,0.0
0.6194222513019881,0.0,0.5902217361423059,0.0
0.6194941760053067,0.0,0.5903166905378938,0.0
0.6195661007086253,0.0,0.5904116449334816,0.0
0.6196380254119438,0.0,0.5904989022644824,0.0
0.6197121992095224,0.0,0.5905861595954833,0.0
0.6198208743755351,0.0,0.5906734169264841,0.0
0.6199180213842479,0.0,0.590760674257485,0.0
0.6200151683929607,0.0,0.5908479315884859,0.0
0.6201123154016733,0.0,0.5909351889194867,0.0
0.6202094624103861,0.0,0.590990239465331,0.0
0.6203066094190989,0.0,0.5910452900111755,0.0
0.6203673989418104,0.0,0.5911003405570198,0.0
0.6204281884645219,0.0,0.5912519579588316,0.0
0.6204889779872333,0.0,0.5914035753606435,0.0
0.6205497675099448,0.0,0.5914514918651215,0.0
0.6206105570326563,0.0,0.5915056616272066,0.0
0.6206713465553678,0.0,0.5915598313892918,0.0
0.6207321360780793,0.0,0.5916140011513771,0.0
0.6207929256007908,0.0,0.5916315957555033,0.0
0.6208491201550798,0.0,0.5916491903596296,0.0
0.6209053147093686,0.0,0.5916667849637559,0.0
0.6209615092636576,0.0,0.5917316688335973,0.0
0.6210177038179464,0.0,0.5917965527034386,0.0
0.6210738983722353,0.0,0.5918614365732799,0.0
0.6211300929265242,0.0,0.5919764885350481,0.0
0.6211862874808131,0.0,0.5920915404968164,0.0
0.6212763304556207,0.0,0.5922065924585846,0.0
0.6213663734304283,0.0,0.592321644420353,0.0
0.621456416405236,0.0,0.5924366963821212,0.0
0.6215464593800436,0.0,0.5925280332497752,0.0
0.6216365023548511,0.0,0.5925759497542532,0.0
0.6217265453296588,0.0,0.5926238662587312,0.0
0.6218165883044664,0.0,0.5926717827632092,0.0
0.6219094443524062,0.0,0.5927196992676872,0.0
0.6220023004003461,0.0,0.5927676157721651,0.0
0.6220951564482861,0.0,0.5929936749872412,0.0
0.6221880124962259,0.0,0.5931452923890531,0.0
0.6222808685441658,0.0,0.5932969097908649,0.0
0.6224145004633447,0.0,0.5934485271926768,0.0
0.6225481323825235,0.0,0.5936001445944887,0.0
0.6226817643017024,0.0,0.5937517619963006,0.0
0.6228153962208813,0.0,0.5938059317583858,0.0
0.6229490281400603,0.0,0.593920983720154,0.0
0.6230826600592391,0.0,0.5940360356819223,0.0
0.623168145688567,0.0,0.5941510876436905,0.0
0.6232536313178949,0.0,0.5942661396054588,0.0
0.6233391169472229,0.0,0.594381191567227,0.0
0.6234246025765507,0.0,0.5944962435289952,0.0
0.6235100882058787,0.0,0.5946239280925305,0.0
0.6235955738352067,0.0,0.5947516126560658,0.0
0.6236810594645346,0.0,0.5948792972196011,0.0
0.6237665450938625,0.0,0.5950069817831364,0.0
0.6238461236153462,0.0,0.5951019361787243,0.0
0.62392570213683,0.0,0.5951968905743121,0.0
0.6240052806583136,0.0,0.5952918449699,0.0
0.6240848591797974,0.0,0.595383181837554,0.0
0.624164437701281,0.0,0.59560924105263,0.0
0.6242440162227647,0.0,0.5958353002677061,0.0
0.6243545643045766,0.0,0.5960613594827822,0.0
0.6244651123863885,0.0,0.5962874186978583,0.0
0.6245756604682002,0.0,0.5964390360996701,0.0
0.6246862085500121,0.0,0.5965303729673243,0.0
0.624796756631824,0.0,0.5966217098349783,0.0
0.6249073047136359,0.0,0.5967130467026324,0.0
0.6250178527954476,0.0,0.5968043835702864,0.0
0.6251082663422266,0.0,0.5968957204379406,0.0
0.6251986798890056,0.0,0.5969870573055946,0.0
0.6252890934357846,0.0,0.5971293036299801,0.0
0.6253795069825636,0.0,0.5972715499543655,0.0
0.6254699205293426,0.0,0.5974137962787509,0.0
0.6255603340761215,0.0,0.5975560426031363,0.0
0.6256507476229005,0.0,0.5976982889275219,0.0
0.6257411611696795,0.0,0.5978405352519073,0.0
0.6258315747164584,0.0,0.5979827815762927,0.0
0.6259186418005799,0.0,0.5981230588420775,0.0
0.6259620649670007,0.0,0.5982633361078624,0.0
0.6260054881334216,0.0,0.5983275541476043,0.0
0.626051500126134,0.0,0.5983917721873462,0.0
0.6260975121188462,0.0,0.5984559902270881,0.0
0.6261435241115585,0.0,0.5985065805938632,0.0
0.6261895361042707,0.0,0.5985571709606384,0.0
0.6262305526595587,0.0,0.5986077613274137,0.0
0.6262715692148467,0.0,0.5986583516941889,0.0
0.626358636298968,0.0,0.598708942060964,0.0
0.6264457033830895,0.0,0.5987595324277393,0.0
0.6265327704672108,0.0,0.5988101227945145,0.0
0.6266198375513322,0.0,0.5988607131612897,0.0
0.6267069046354535,0.0,0.5989113035280649,0.0
0.626793971719575,0.0,0.5989690057353573,0.0
0.6268875394349138,0.0,0.5990267079426496,0.0
0.6269811071502528,0.0,0.599084410149942,0.0
0.6270746748655918,0.0,0.5991421123572342,0.0
0.6271682425809306,0.0,0.5991970476302552,0.0
0.6272434175531373,0.0,0.599251982903276,0.0
0.6273185925253439,0.0,0.5993069181762969,0.0
0.6273937674975505,0.0,0.5993646203835892,0.0
0.6274689424697572,0.0,0.5994223225908816,0.0
0.6275441174419637,0.0,0.5994800247981739,0.0
0.6276192924141704,0.0,0.5995377270054661,0.0
0.6276944673863769,0.0,0.5995954292127585,0.0
0.627793891402872,0.0,0.5996596472525004,0.0
0.6278933154193671,0.0,0.5997238652922423,0.0
0.6279927394358622,0.0,0.5997880833319842,0.0
0.6280863071512011,0.0,0.599852301371726,0.0
0.62817987486654,0.0,0.5999165194114678,0.0
0.628273442581879,0.0,0.5999807374512097,0.0
0.628367010297218,0.0,0.6000483939085328,0.0
0.6284605780125568,0.0,0.600116050365856,0.0
0.6285541457278958,0.0,0.6001527728300811,0.0
0.6286477134432348,0.0,0.6001894952943061,0.0
0.6287174559436601,0.0,0.600253713334048,0.0
0.6287871984440856,0.0,0.600307269971283,0.0
0.6288569409445111,0.0,0.6003608266085181,0.0
0.6289266834449365,0.0,0.6004143832457531,0.0
0.6289964259453619,0.0,0.6004679398829882,0.0
0.6290661684457873,0.0,0.6005214965202231,0.0
0.6291359109462128,0.0,0.6005750531574582,0.0
0.6292056534466383,0.0,0.6006286097946932,0.0
0.629293120197014,0.0,0.6006821664319283,0.0
0.6293805869473897,0.0,0.6007357230691633,0.0
0.6294680536977655,0.0,0.6007724455333884,0.0
0.6295555204481412,0.0,0.6008307424278254,0.0
0.629642987198517,0.0,0.6008890393222625,0.0
0.6297304539488927,0.0,0.6009473362166994,0.0
0.6298179206992685,0.0,0.6010056331111364,0.0
0.6299053874496442,0.0,0.6010605683841573,0.0
0.6300032001185627,0.0,0.6011155036571781,0.0
0.6301010127874813,0.0,0.601170438930199,0.0
0.6301988254563999,0.0,0.6012253742032199,0.0
0.6302966381253186,0.0,0.6012803094762407,0.0
0.6303944507942372,0.0,0.6013352447492616,0.0
0.6304922634631557,0.0,0.6013901800222824,0.0
0.6305900761320743,0.0,0.6014578364796056,0.0
0.6306878888009929,0.0,0.6015254929369287,0.0
0.6307857014699115,0.0,0.6015612408828352,0.0
0.6308835141388301,0.0,0.6015969888287418,0.0
0.6309813268077488,0.0,0.6016327367746483,0.0
0.6310621506664813,0.0,0.6016684847205549,0.0
0.631142974525214,0.0,0.6017042326664614,0.0
0.6312237983839466,0.0,0.601739980612368,0.0
0.6313046222426791,0.0,0.6017757285582745,0.0
0.6313854461014118,0.0,0.6018124510224996,0.0
0.6314662699601444,0.0,0.6018491734867247,0.0
0.631547093818877,0.0,0.6018858959509498,0.0
0.6316307337068909,0.0,0.6019226184151748,0.0
0.6317143735949049,0.0,0.6019593408793998,0.0
0.6317980134829188,0.0,0.601996063343625,0.0
0.6318816533709327,0.0,0.6021523444952929,0.0
0.6319652932589466,0.0,0.6023086256469607,0.0
0.6320489331469605,0.0,0.6024649067986287,0.0
0.6321325730349744,0.0,0.6026211879502966,0.0
0.6322162129229884,0.0,0.6027774691019645,0.0
0.632302326810441,0.0,0.6029337502536324,0.0
0.6323884406978936,0.0,0.6030900314053004,0.0
0.6324745545853461,0.0,0.6032463125569683,0.0
0.6325606684727987,0.0,0.6034723717720443,0.0
0.6326467823602513,0.0,0.6035306686664813,0.0
0.6327328962477039,0.0,0.6035889655609183,0.0
0.6328190101351565,0.0,0.6036247135068249,0.0
0.632905124022609,0.0,0.6036604614527314,0.0
0.6329912379100616,0.0,0.6041814488455128,0.0
0.6330773517975142,0.0,0.6047024362382943,0.0
0.6331634656849668,0.0,0.6052234236310757,0.0
0.6332495795724193,0.0,0.6053637008968606,0.0
0.6333081797312216,0.0,0.6055039781626456,0.0
0.6333667798900237,0.0,0.6056442554284304,0.0
0.6334253800488258,0.0,0.6057845326942153,0.0
0.6334839802076279,0.0,0.6059248099600001,0.0
0.6335425803664301,0.0,0.606065087225785,0.0
0.6336011805252322,0.0,0.6062053644915699,0.0
0.6336597806840343,0.0,0.6063456417573547,0.0
0.6337183808428364,0.0,0.6064859190231396,0.0
0.6337691352673891,0.0,0.6065216669690462,0.0
0.6338198896919417,0.0,0.6065574149149527,0.0
0.6338706441164944,0.0,0.6067136960666206,0.0
0.633921398541047,0.0,0.6067658729892453,0.0
0.6339721529655997,0.0,0.6068422770228917,0.0
0.6340229073901523,0.0,0.6069186810565381,0.0
0.634073661814705,0.0,0.6069950850901845,0.0
0.6341218425717248,0.0,0.6070714891238309,0.0
0.6341700233287446,0.0,0.6071478931574773,0.0
0.6342182040857645,0.0,0.6072242971911237,0.0
0.6342663848427842,0.0,0.6073007012247701,0.0
0.634314565599804,0.0,0.6073771052584165,0.0
0.6343627463568239,0.0,0.6074299431564304,0.0
0.6344109271138436,0.0,0.6079509305492118,0.0
0.6344591078708635,0.0,0.6084719179419932,0.0
0.6345402004078669,0.0,0.6085258592014022,0.0
0.6346212929448701,0.0,0.6085798004608113,0.0
0.6347023854818735,0.0,0.6086876336340266,0.0
0.6347834780188768,0.0,0.6087954668072417,0.0
0.6348645705558802,0.0,0.6089547802033107,0.0
0.6349456630928836,0.0,0.6091140935993797,0.0
0.6350267556298869,0.0,0.6092734069954489,0.0
0.6351078481668903,0.0,0.6093262448934627,0.0
0.6351860583736257,0.0,0.6093790827914766,0.0
0.6352642685803612,0.0,0.6094319206894905,0.0
0.6353424787870967,0.0,0.6094847585875044,0.0
0.6354206889938323,0.0,0.6095369355101291,0.0
0.6354988992005678,0.0,0.6095891124327537,0.0
0.6355771094073033,0.0,0.6096412893553784,0.0
0.6356553196140388,0.0,0.6097491225285937,0.0
0.6357759165129195,0.0,0.6098569557018089,0.0
0.635854126719655,0.0,0.609964788875024,0.0
0.6359323369263905,0.0,0.610009457068638,0.0
0.6359893689160806,0.0,0.6100541252622519,0.0
0.6360464009057706,0.0,0.6100987934558658,0.0
0.6361034328954607,0.0,0.6101434616494797,0.0
0.6361604648851507,0.0,0.6101881298430938,0.0
0.6362174968748407,0.0,0.6102420711025028,0.0
0.6362745288645307,0.0,0.6102960123619119,0.0
0.6363315608542208,0.0,0.6103499536213209,0.0
0.6363885928439108,0.0,0.61040389488073,0.0
0.6364456248336009,0.0,0.610457836140139,0.0
0.6364820711017624,0.0,0.6105117773995481,0.0
0.6365185173699239,0.0,0.6105657186589571,0.0
0.6365549636380854,0.0,0.6106196599183662,0.0
0.6365914099062469,0.0,0.6106659946070268,0.0
0.6366278561744084,0.0,0.6107123292956873,0.0
0.6366643024425699,0.0,0.6107586639843479,0.0
0.6367007487107315,0.0,0.6108049986730084,0.0
0.6367371949788929,0.0,0.6108513333616691,0.0
0.6367736412470544,0.0,0.6108976680503296,0.0
0.6368466590204619,0.0,0.6109440027389902,0.0
0.6369196767938694,0.0,0.6109903374276507,0.0
0.6369926945672769,0.0,0.6110366721163114,0.0
0.6370657123406844,0.0,0.6111445052895266,0.0
0.6371387301140918,0.0,0.6112523384627417,0.0
0.6372344667423953,0.0,0.6113601716359569,0.0
0.6373302033706987,0.0,0.6114680048091721,0.0
0.637425939999002,0.0,0.6115847326101362,0.0
0.6375216766273054,0.0,0.6117014604111004,0.0
0.6376174132556088,0.0,0.6118181882120646,0.0
0.6377131498839123,0.0,0.6119349160130287,0.0
0.6378088865122156,0.0,0.612051643813993,0.0
0.637904623140519,0.0,0.6121683716149572,0.0
0.6380003597688224,0.0,0.6122850994159214,0.0
0.6380629878803263,0.0,0.6128060868087027,0.0
0.6381256159918303,0.0,0.6133270742014842,0.0
0.638222763000543,0.0,0.6138480615942656,0.0
0.6383199100092558,0.0,0.6138927297878796,0.0
0.6384046865535676,0.0,0.6139373979814935,0.0
0.6384894630978796,0.0,0.613983732670154,0.0
0.6385742396421915,0.0,0.6140388218370664,0.0
0.6386590161865034,0.0,0.6140939110039787,0.0
0.6387437927308154,0.0,0.6141435753613121,0.0
0.6388285692751273,0.0,0.6141932397186457,0.0
0.6389133458194393,0.0,0.6142429040759791,0.0
0.6389981223637512,0.0,0.6142925684333127,0.0
0.6390607504752551,0.0,0.6143422327906463,0.0
0.6391597946265977,0.0,0.6143918971479797,0.0
0.6391796263835859,0.0,0.6144383466040303,0.0
0.6391994581405741,0.0,0.6144847960600808,0.0
0.6392192898975624,0.0,0.6145312455161314,0.0
0.6392391216545507,0.0,0.6146854249647522,0.0
0.6392589534115389,0.0,0.6148021527657164,0.0
0.6392787851685271,0.0,0.6149761552664009,0.0
0.6392986169255154,0.0,0.6151501577670856,0.0
0.6393612450370193,0.0,0.6152928960184576,0.0
0.6394238731485233,0.0,0.6153393454745081,0.0
0.639493305941368,0.0,0.6153857949305587,0.0
0.6395627387342127,0.0,0.6154322443866092,0.0
0.6396321715270572,0.0,0.6154786938426596,0.0
0.6397016043199019,0.0,0.6155251432987102,0.0
0.6397710371127465,0.0,0.6155802324656224,0.0
0.6398404699055912,0.0,0.6156353216325348,0.0
0.6399099026984358,0.0,0.6156904107994471,0.0
0.6399793354912805,0.0,0.6157454999663593,0.0
0.6400487682841252,0.0,0.6158005891332716,0.0
0.6401182010769698,0.0,0.6158556783001838,0.0
0.6401872144534264,0.0,0.6159154650130412,0.0
0.6402562278298829,0.0,0.6159752517258985,0.0
0.6403252412063395,0.0,0.6160350384387558,0.0
0.640394254582796,0.0,0.6161048024647033,0.0
0.6404632679592526,0.0,0.6161598916316157,0.0
0.6405322813357092,0.0,0.616214980798528,0.0
0.6406012947121656,0.0,0.6162529454527226,0.0
0.6406703080886222,0.0,0.6162909101069172,0.0
0.6407393214650788,0.0,0.6163288747611118,0.0
0.6408083348415353,0.0,0.6163668394153063,0.0
0.6408773482179919,0.0,0.6164048040695009,0.0
0.6409471325547221,0.0,0.6165788065701855,0.0
0.6410169168914523,0.0,0.6166485705961331,0.0
0.6410867012281825,0.0,0.6167360292255936,0.0
0.6411564855649127,0.0,0.6168234878550541,0.0
0.6412262699016429,0.0,0.6169109464845147,0.0
0.6412960542383731,0.0,0.6169984051139752,0.0
0.6413658385751033,0.0,0.6170858637434358,0.0
0.6414356229118334,0.0,0.6171733223728963,0.0
0.6415054072485636,0.0,0.6172607810023568,0.0
0.6415685438771666,0.0,0.6174035192537288,0.0
0.6416316805057694,0.0,0.6174414839079234,0.0
0.6416948171343722,0.0,0.6175012706207808,0.0
0.6417579537629751,0.0,0.6175610573336381,0.0
0.6418210903915779,0.0,0.6177082694277739,0.0
0.6418842270201807,0.0,0.6178554815219097,0.0
0.6419473636487836,0.0,0.6180026936160454,0.0
0.6420105002773864,0.0,0.6181499057101812,0.0
0.6420736369059893,0.0,0.618297117804317,0.0
0.6421367735345921,0.0,0.6184512972529379,0.0
0.642147076065489,0.0,0.6186054767015587,0.0
0.642157378596386,0.0,0.6187596561501797,0.0
0.642167681127283,0.0,0.6189138355988005,0.0
0.6421779836581799,0.0,0.618983599624748,0.0
0.6421882861890768,0.0,0.6190533636506955,0.0
0.6421985887199737,0.0,0.6191217475075673,0.0
0.6422088912508707,0.0,0.6192092061370279,0.0
0.6422191937817676,0.0,0.6192966647664884,0.0
0.6422294963126646,0.0,0.619384123395949,0.0
0.6423035272466953,0.0,0.6194715820254095,0.0
0.642377558180726,0.0,0.6195206361503318,0.0
0.6424515891147565,0.0,0.6195696902752541,0.0
0.6425256200487872,0.0,0.6196187444001764,0.0
0.6425996509828179,0.0,0.6196677985250987,0.0
0.6426736819168485,0.0,0.619716852650021,0.0
0.6427464330422141,0.0,0.6197659067749433,0.0
0.6428191841675797,0.0,0.6198149608998655,0.0
0.6428919352929452,0.0,0.6198640150247878,0.0
0.6429646864183108,0.0,0.6199242966207809,0.0
0.6430637305696533,0.0,0.6200715087149166,0.0
0.6431718902274446,0.0,0.6201331465122424,0.0
0.6432800498852359,0.0,0.6201947843095682,0.0
0.6433882095430271,0.0,0.6202550659055611,0.0
0.6434963692008184,0.0,0.620315347501554,0.0
0.6436045288586097,0.0,0.6203756290975471,0.0
0.643712688516401,0.0,0.62043591069354,0.0
0.6437823933896362,0.0,0.6204961922895329,0.0
0.6438520982628714,0.0,0.6205564738855258,0.0
0.6439218031361066,0.0,0.6206167554815188,0.0
0.6439915080093418,0.0,0.6206770370775118,0.0
0.6440612128825769,0.0,0.6207373186735047,0.0
0.6441309177558121,0.0,0.6207976002694976,0.0
0.6442006226290473,0.0,0.6208659841263694,0.0
0.6442703275022825,0.0,0.6209343679832411,0.0
0.6443400323755177,0.0,0.6210027518401129,0.0
0.6444543020705916,0.0,0.6210494836806022,0.0
0.6445685717656656,0.0,0.6210962155210915,0.0
0.6446828414607396,0.0,0.6211429473615808,0.0
0.6447971111558136,0.0,0.6212010725955007,0.0
0.6449113808508875,0.0,0.6212591978294207,0.0
0.6450256505459615,0.0,0.6213275816862924,0.0
0.6451399202410355,0.0,0.6213959655431642,0.0
0.6452271825754036,0.0,0.6214643494000359,0.0
0.6453144449097716,0.0,0.6215327332569076,0.0
0.6454017072441397,0.0,0.6216011171137794,0.0
0.6454889695785078,0.0,0.6216627549111052,0.0
0.6455738315113548,0.0,0.621724392708431,0.0
0.6456586934442018,0.0,0.6217860305057568,0.0
0.6457435553770489,0.0,0.6218476683030826,0.0
0.6458284173098959,0.0,0.6219057935370025,0.0
0.645913279242743,0.0,0.6219639187709225,0.0
0.6459981411755901,0.0,0.6220220440048424,0.0
0.6460830031084371,0.0,0.6221631977688198,0.0
0.646202793564761,0.0,0.6223043515327972,0.0
0.6463225840210849,0.0,0.6224455052967746,0.0
0.6464423744774087,0.0,0.6225866590607518,0.0
0.6467344324212723,0.0,0.6227278128247292,0.0
0.6470264903651358,0.0,0.622789450622055,0.0
0.6473185483089994,0.0,0.6228361824625444,0.0
0.6476106062528629,0.0,0.6228829143030337,0.0
0.6479026641967264,0.0,0.622929646143523,0.0
0.6481947221405899,0.0,0.6229763779840124,0.0
0.648338431300041,0.0,0.6230231098245017,0.0
0.6484821404594919,0.0,0.623069841664991,0.0
0.648625849618943,0.0,0.6231165735054803,0.0
0.648769558778394,0.0,0.6232577272694577,0.0
0.648913267937845,0.0,0.6232941786641593,0.0
0.649056977097296,0.0,0.6233306300588609,0.0
0.6492006862567471,0.0,0.6233670814535625,0.0
0.649344395416198,0.0,0.6234035328482641,0.0
0.6494881045756491,0.0,0.6234399842429657,0.0
0.649664262007053,0.0,0.6234764356376672,0.0
0.6497840524633768,0.0,0.6235128870323688,0.0
0.6499038429197007,0.0,0.6235622210655304,0.0
0.6500236333760245,0.0,0.6236203462994503,0.0
0.6500833707560211,0.0,0.6237905376104598,0.0
0.6502031612123449,0.0,0.6239607289214694,0.0
0.6502628985923413,0.0,0.6241309202324788,0.0
0.6503826890486653,0.0,0.6241740664213256,0.0
0.6504968365732346,0.0,0.6242172126101723,0.0
0.6506561499693037,0.0,0.6242603587990189,0.0
0.6508154633653727,0.0,0.6243035049878656,0.0
0.6509747767614418,0.0,0.6243466511767122,0.0
0.6510889242860112,0.0,0.6243897973655589,0.0
0.6511486616660076,0.0,0.6244329435544056,0.0
0.651208399046004,0.0,0.6244760897432522,0.0
0.6512681364260005,0.0,0.6245192359320989,0.0
0.6513822839505699,0.0,0.6246603896960763,0.0
0.6514420213305663,0.0,0.6248015434600537,0.0
0.6515017587105627,0.0,0.6248507741893975,0.0
0.6515740971133489,0.0,0.6249000049187413,0.0
0.6516464355161352,0.0,0.6249492356480851,0.0
0.6517605830407045,0.0,0.6250097963028491,0.0
0.6518747305652739,0.0,0.6250591303360107,0.0
0.6519470689680602,0.0,0.6251084643691722,0.0
0.6520884454116097,0.0,0.6251577984023338,0.0
0.6522298218551593,0.0,0.625285570783883,0.0
0.6523711982987088,0.0,0.6254133431654322,0.0
0.6525125747422584,0.0,0.6255233575688995,0.0
0.652653951185808,0.0,0.6255839182236637,0.0
0.6527106492028605,0.0,0.6256444788784277,0.0
0.652767347219913,0.0,0.6257001798789986,0.0
0.6528240452369655,0.0,0.6257558808795695,0.0
0.652880743254018,0.0,0.6258115818801404,0.0
0.6531086094406832,0.0,0.6258672828807113,0.0
0.6533364756273484,0.0,0.6260412853813959,0.0
0.6533931736444009,0.0,0.6260906194145573,0.0
0.6536210398310661,0.0,0.6261399534477189,0.0
0.653676740831637,0.0,0.6261892874808804,0.0
0.6537324418322079,0.0,0.6262385182102242,0.0
0.6537881428327788,0.0,0.6262877489395681,0.0
0.6540802007766423,0.0,0.6263369796689119,0.0
0.6543722587205059,0.0,0.6263932059550823,0.0
0.6546643166643694,0.0,0.6264494322412527,0.0
0.6548903758794454,0.0,0.6265056585274231,0.0
0.6550466570311133,0.0,0.6265618848135935,0.0
0.6552029381827812,0.0,0.626618111099764,0.0
0.6553592193344492,0.0,0.6266743373859344,0.0
0.6556512772783126,0.0,0.6267843517894017,0.0
0.6558075584299806,0.0,0.6268449124441658,0.0
0.6560354246166458,0.0,0.6269054730989299,0.0
0.656263290803311,0.0,0.626966033753694,0.0
0.6564911569899762,0.0,0.627026594408458,0.0
0.6566474381416442,0.0,0.6270871550632221,0.0
0.6567751682536599,0.0,0.6272069455195459,0.0
0.6569314494053278,0.0,0.6273267359758699,0.0
0.6570877305569957,0.0,0.6274465264321938,0.0
0.6572154606690114,0.0,0.6275062638121902,0.0
0.6573431907810271,0.0,0.627561964812761,0.0
0.657499471932695,0.0,0.6276186628298136,0.0
0.6576272020447107,0.0,0.627675360846866,0.0
0.6577834831963787,0.0,0.6277320588639186,0.0
0.6579112133083944,0.0,0.627788756880971,0.0
0.6580267572990853,0.0,0.6278454548980236,0.0
0.6580824582996563,0.0,0.6279596024225929,0.0
0.6581381593002271,0.0,0.6280737499471623,0.0
0.6581987199549912,0.0,0.6281878974717316,0.0
0.6583142639456822,0.0,0.6283580887827412,0.0
0.6584298079363732,0.0,0.6285483646121008,0.0
0.6585453519270642,0.0,0.6287386404414606,0.0
0.6586059125818282,0.0,0.6289289162708203,0.0
0.6586664732365923,0.0,0.6291191921001799,0.0
0.6587270338913563,0.0,0.6293094679295396,0.0
0.6588425778820474,0.0,0.6294997437588992,0.0
0.6589568167669128,0.0,0.6296699350699088,0.0
0.6590173774216768,0.0,0.6298401263809182,0.0
0.6591316163065422,0.0,0.6299542739054876,0.0
0.6592458551914075,0.0,0.630068421430057,0.0
0.6593600940762728,0.0,0.630188211886381,0.0
0.6594743329611382,0.0,0.6303080023427048,0.0
0.6595348936159023,0.0,0.6304277927990287,0.0
0.6595954542706663,0.0,0.6305475832553527,0.0
0.6597096931555317,0.0,0.6306673737116765,0.0
0.6598640909344481,0.0,0.6307871641680004,0.0
0.6599246515892121,0.0,0.6309285406115499,0.0
0.6600790493681284,0.0,0.6310699170550995,0.0
0.6601282800974723,0.0,0.6311296544350959,0.0
0.6601775108268161,0.0,0.6312971031193642,0.0
0.6602267415561599,0.0,0.6313471119827399,0.0
0.6602759722855037,0.0,0.6313971208461155,0.0
0.6604303700644201,0.0,0.6314471297094914,0.0
0.6605847678433364,0.0,0.631497138572867,0.0
0.6606938485709123,0.0,0.6315471474362427,0.0
0.6608029292984882,0.0,0.6315971562996184,0.0
0.660852160027832,0.0,0.6317874321289781,0.0
0.6609013907571758,0.0,0.6319777079583377,0.0
0.6609507247903373,0.0,0.6321679837876975,0.0
0.6610000588234989,0.0,0.6322070327752014,0.0
0.6611091395510748,0.0,0.6322460817627054,0.0
0.6611584735842363,0.0,0.6322851307502093,0.0
0.6612675543118122,0.0,0.6323241797377133,0.0
0.6613168883449737,0.0,0.6323839171177097,0.0
0.6619394358012932,0.0,0.6324436544977061,0.0
0.6625619832576127,0.0,0.6325033918777025,0.0
0.6631845307139322,0.0,0.632563129257699,0.0
0.6632338647470938,0.0,0.6326228666376954,0.0
0.6638564122034133,0.0,0.6326952050404816,0.0
0.6644789596597328,0.0,0.6327675434432679,0.0
0.6651015071160523,0.0,0.6328398818460541,0.0
0.6651508411492139,0.0,0.6329812582896037,0.0
0.6652001751823754,0.0,0.6331487069738719,0.0
0.66537417768306,0.0,0.6333161556581401,0.0
0.6654106290777616,0.0,0.6334575321016896,0.0
0.6655846315784462,0.0,0.6335989085452393,0.0
0.6657586340791307,0.0,0.6338267747319044,0.0
0.6659013723305027,0.0,0.6340546409185697,0.0
0.6660441105818747,0.0,0.6342825071052349,0.0
0.6660805619765764,0.0,0.6345103732919001,0.0
0.6661170133712779,0.0,0.6346897674516702,0.0
0.6661534647659795,0.0,0.6348691616114402,0.0
0.666776012222299,0.0,0.6350485557712103,0.0
0.6668791760901367,0.0,0.6352279499309804,0.0
0.6669823399579744,0.0,0.6354073440907505,0.0
0.6670855038258121,0.0,0.6355867382505207,0.0
0.6671886676936497,0.0,0.6357661324102908,0.0
0.6672918315614874,0.0,0.6358051813977947,0.0
0.6673949954293251,0.0,0.6359329115098105,0.0
0.6674981592971628,0.0,0.6360484555005014,0.0
0.6675346106918644,0.0,0.6361639994911924,0.0
0.6675710620865659,0.0,0.6362795434818833,0.0
0.6676075134812676,0.0,0.6363950874725743,0.0
0.667748667245245,0.0,0.6366229536592396,0.0
0.6678898210092223,0.0,0.6368508198459047,0.0
0.6680309747731996,0.0,0.6369785499579205,0.0
0.668172128537177,0.0,0.6371011586351534,0.0
0.6683132823011544,0.0,0.6372237673123864,0.0
0.6684407917553321,0.0,0.6373463759896193,0.0
0.6685683012095097,0.0,0.6374689846668522,0.0
0.6686958106636873,0.0,0.6376364333511204,0.0
0.6688369644276647,0.0,0.6378038820353886,0.0
0.6689644738818423,0.0,0.6378772848472095,0.0
0.6691056276458197,0.0,0.6380718099199628,0.0
0.6692467814097971,0.0,0.6382663349927162,0.0
0.6693742908639748,0.0,0.6384608600654695,0.0
0.6694324160978947,0.0,0.6386553851382228,0.0
0.6694905413318146,0.0,0.6388499102109761,0.0
0.6696509100561041,0.0,0.6390444352837295,0.0
0.6698112787803937,0.0,0.6392389603564828,0.0
0.6699716475046832,0.0,0.6394334854292361,0.0
0.6701320162289728,0.0,0.6395612155412518,0.0
0.6701901414628927,0.0,0.6396889456532675,0.0
0.6702482666968126,0.0,0.6398166757652832,0.0
0.6704663251454605,0.0,0.6399322197559743,0.0
0.6706843835941083,0.0,0.6400464586408396,0.0
0.6707425088280283,0.0,0.6401606975257049,0.0
0.6709605672766762,0.0,0.6402749364105703,0.0
0.6710186925105961,0.0,0.6403891752954357,0.0
0.6712311814385241,0.0,0.6405034141803011,0.0
0.6714436703664522,0.0,0.6406176530651664,0.0
0.6716561592943803,0.0,0.6407720508440827,0.0
0.6721660474687874,0.0,0.6408454536559036,0.0
0.6722127793092767,0.0,0.6409188564677245,0.0
0.6727226674836838,0.0,0.6409922592795454,0.0
0.6727693993241731,0.0,0.6410656620913663,0.0
0.6728161311646624,0.0,0.6416882095476858,0.0
0.6728628630051517,0.0,0.6423107570040053,0.0
0.672990635386701,0.0,0.6429333044603249,0.0
0.6731184077682503,0.0,0.6435558519166444,0.0
0.6731651396087396,0.0,0.644178399372964,0.0
0.6732118714492289,0.0,0.6443327971518802,0.0
0.6732586032897182,0.0,0.6444871949307965,0.0
0.6734326057904028,0.0,0.6446415927097129,0.0
0.6734793376308921,0.0,0.6447506734372888,0.0
0.6735260694713815,0.0,0.6448597541648646,0.0
0.6737245099295691,0.0,0.6450679126572364,0.0
0.6739229503877566,0.0,0.6452760711496082,0.0
0.6741213908459442,0.0,0.6454842296419799,0.0
0.6743198313041319,0.0,0.6455576324538008,0.0
0.6743665631446213,0.0,0.6456310352656217,0.0
0.6745650036028088,0.0,0.6457044380774426,0.0
0.6746266414001346,0.0,0.6458135188050185,0.0
0.6746882791974604,0.0,0.6459225995325945,0.0
0.6747499169947863,0.0,0.646545146988914,0.0
0.6749015343965982,0.0,0.6471676944452335,0.0
0.6750761183412195,0.0,0.6476775826196406,0.0
0.6752277357430313,0.0,0.6477807464874782,0.0
0.6754023196876526,0.0,0.6478839103553159,0.0
0.6755769036322741,0.0,0.6479870742231536,0.0
0.6757514875768954,0.0,0.6480902380909912,0.0
0.6759260715215167,0.0,0.6481934019588289,0.0
0.6760776889233285,0.0,0.6482965658266666,0.0
0.6762293063251404,0.0,0.6483997296945043,0.0
0.6763809237269524,0.0,0.6486078881868761,0.0
0.6765325411287643,0.0,0.6488160466792479,0.0
0.6766054877337329,0.0,0.648965346239345,0.0
0.6766784343387016,0.0,0.6491146457994422,0.0
0.6767513809436702,0.0,0.6492639453595394,0.0
0.6768243275486389,0.0,0.6494132449196365,0.0
0.6768972741536075,0.0,0.6495625444797337,0.0
0.6771233333686836,0.0,0.6497118440398308,0.0
0.6773493925837596,0.0,0.649861143599928,0.0
0.6775754517988357,0.0,0.6500693020922997,0.0
0.6781976538274401,0.0,0.6501968115464775,0.0
0.6788198558560445,0.0,0.6503243210006551,0.0
0.679442057884649,0.0,0.6504518304548327,0.0
0.6800642599132534,0.0,0.6505793399090104,0.0
0.6802903191283294,0.0,0.650706849363188,0.0
0.6809125211569338,0.0,0.6508814333078093,0.0
0.6815347231855382,0.0,0.6513913214822165,0.0
0.6817607824006143,0.0,0.6514954365674622,0.0
0.68182242019794,0.0,0.651599551652708,0.0
0.68191255196765,0.0,0.6517036667379537,0.0
0.6819741897649758,0.0,0.6518077818231994,0.0
0.6820358275623015,0.0,0.6519118969084452,0.0
0.6821259593320115,0.0,0.652016011993691,0.0
0.6822160911017213,0.0,0.6521201270789367,0.0
0.6823062228714313,0.0,0.6522427357561696,0.0
0.6823963546411411,0.0,0.6523653444334025,0.0
0.6824579924384669,0.0,0.6524746435422419,0.0
0.6825263762953386,0.0,0.6525839426510813,0.0
0.6826165080650486,0.0,0.6527332422111786,0.0
0.6827135809491733,0.0,0.6528825417712757,0.0
0.6828106538332982,0.0,0.6529554883762443,0.0
0.68287903769017,0.0,0.653028434981213,0.0
0.6829761105742949,0.0,0.6531013815861816,0.0
0.6830731834584197,0.0,0.6532239902634146,0.0
0.6831702563425446,0.0,0.6534224307216022,0.0
0.6832673292266694,0.0,0.6536208711797898,0.0
0.6833644021107943,0.0,0.6538193116379775,0.0
0.683461474994919,0.0,0.6540177520961651,0.0
0.6835585478790439,0.0,0.6542161925543526,0.0
0.6836269317359157,0.0,0.654838394582957,0.0
0.6838055361791562,0.0,0.6554605966115615,0.0
0.6838739200360279,0.0,0.6560827986401659,0.0
0.6840525244792683,0.0,0.6567050006687704,0.0
0.6842311289225087,0.0,0.6567951324384802,0.0
0.6844097333657492,0.0,0.6569697163831015,0.0
0.6845883378089896,0.0,0.6571443003277229,0.0
0.68476694225223,0.0,0.6573188842723442,0.0
0.6849455466954705,0.0,0.6574934682169655,0.0
0.6850139305523422,0.0,0.6575664148219342,0.0
0.6851634741646294,0.0,0.6576393614269028,0.0
0.6852318580215011,0.0,0.6577486605357422,0.0
0.6853002418783729,0.0,0.6578586749392096,0.0
0.6853686257352446,0.0,0.6579686893426769,0.0
0.6855181693475317,0.0,0.6580787037461442,0.0
0.6855865532044035,0.0,0.6581590866035039,0.0
0.6857540018886717,0.0,0.6582394694608635,0.0
0.6858040107520474,0.0,0.6583198523182232,0.0
0.6858642923480404,0.0,0.6584002351755829,0.0
0.6859143012114162,0.0,0.6590224372041873,0.0
0.6859643100747919,0.0,0.6596446392327917,0.0
0.6860245916707848,0.0,0.6598232436760322,0.0
0.6860746005341605,0.0,0.659913375445742,0.0
0.6861246093975362,0.0,0.6600035072154519,0.0
0.6861746182609119,0.0,0.6600936389851618,0.0
0.6862348998569049,0.0,0.6601837707548717,0.0
0.6862951814528978,0.0,0.6602739025245816,0.0
0.686444725065185,0.0,0.6603709754087064,0.0
0.686505006661178,0.0,0.6604680482928312,0.0
0.6865652882571709,0.0,0.6605651211769561,0.0
0.6867099960513402,0.0,0.660662194061081,0.0
0.6868547038455096,0.0,0.6607714931699203,0.0
0.686999411639679,0.0,0.6608807922787597,0.0
0.6871441194338483,0.0,0.6610255000729292,0.0
0.6872888272280178,0.0,0.6611702078670986,0.0
0.6873491088240107,0.0,0.6613149156612679,0.0
0.6874938166181801,0.0,0.6614596234554373,0.0
0.687554098214173,0.0,0.6615566963395622,0.0
0.687680014626812,0.0,0.661653769223687,0.0
0.6878059310394512,0.0,0.6617508421078119,0.0
0.6879318474520902,0.0,0.6618479149919367,0.0
0.6879921290480833,0.0,0.6619449878760616,0.0
0.6880524106440762,0.0,0.662123592319302,0.0
0.6881734847826397,0.0,0.6623021967625424,0.0
0.6882945589212034,0.0,0.6624808012057829,0.0
0.6883548405171963,0.0,0.6626594056490233,0.0
0.6884038946421186,0.0,0.6628380100922637,0.0
0.6885249687806821,0.0,0.6630166145355042,0.0
0.6886353980643779,0.0,0.6634531139992611,0.0
0.6886844521893002,0.0,0.663889613463018,0.0
0.6887948814729958,0.0,0.664326112926775,0.0
0.6888439355979181,0.0,0.6647626123905319,0.0
0.6888929897228404,0.0,0.6651991118542889,0.0
0.6890189061354796,0.0,0.6653084109631283,0.0
0.6891448225481186,0.0,0.6654177100719677,0.0
0.6891938766730409,0.0,0.6655270091808071,0.0
0.6892429307979632,0.0,0.6656765527930942,0.0
0.6892919849228855,0.0,0.6658260964053815,0.0
0.6894087943662304,0.0,0.6659756400176686,0.0
0.6894578484911527,0.0,0.666120347811838,0.0
0.6895453071206132,0.0,0.6662650556060074,0.0
0.6896327657500738,0.0,0.6663992358908345,0.0
0.6897202243795343,0.0,0.6665334161756616,0.0
0.6898076830089949,0.0,0.6666673587793097,0.0
0.6898951416384554,0.0,0.6668013013829577,0.0
0.6899826002679159,0.0,0.6669352439866056,0.0
0.6900700588973765,0.0,0.6670691865902537,0.0
0.6901669477187498,0.0,0.6672031291939017,0.0
0.6902544063482103,0.0,0.6673370717975498,0.0
0.6903512951695836,0.0,0.6674710144011977,0.0
0.6904387537990441,0.0,0.6679075138649546,0.0
0.690576409708156,0.0,0.6683440133287116,0.0
0.690714065617268,0.0,0.6687805127924685,0.0
0.69085172152638,0.0,0.6689304339763444,0.0
0.6909893774354919,0.0,0.6690803551602202,0.0
0.6911270333446039,0.0,0.669230276344096,0.0
0.6912646892537158,0.0,0.6693801975279718,0.0
0.6914023451628277,0.0,0.669506113940611,0.0
0.6915400010719397,0.0,0.66963203035325,0.0
0.6916598753537774,0.0,0.6697579467658892,0.0
0.6917797496356151,0.0,0.6698838631785282,0.0
0.6918996239174527,0.0,0.6700097795911674,0.0
0.6919870825469132,0.0,0.6701265890345123,0.0
0.6920745411763738,0.0,0.67024646331635,0.0
0.6921443052023213,0.0,0.6703433521377232,0.0
0.692264179484159,0.0,0.6704402409590964,0.0
0.6923840537659967,0.0,0.6705778968682083,0.0
0.6924538177919441,0.0,0.6706324634763138,0.0
0.6925701789199956,0.0,0.6706870300844192,0.0
0.6926865400480471,0.0,0.6707415966925246,0.0
0.6927563040739946,0.0,0.6707961633006301,0.0
0.6928789127512276,0.0,0.6708507299087354,0.0
0.6930015214284605,0.0,0.6709052965168408,0.0
0.6931241301056934,0.0,0.6710552177007167,0.0
0.6932467387829263,0.0,0.6712050088819919,0.0
0.6933165028088739,0.0,0.6713548000632671,0.0
0.6934839514931421,0.0,0.6715045912445423,0.0
0.6936514001774103,0.0,0.6716543824258175,0.0
0.6938188488616785,0.0,0.6717885627106447,0.0
0.6939862975459468,0.0,0.6719262186197567,0.0
0.6940460842588041,0.0,0.6720638745288685,0.0
0.6941058709716614,0.0,0.6722015304379805,0.0
0.6942222320997129,0.0,0.6723391863470924,0.0
0.6943475425272814,0.0,0.6724768422562044,0.0
0.6944728529548498,0.0,0.6726144981653164,0.0
0.6945326396677072,0.0,0.6727521540744283,0.0
0.6946579500952756,0.0,0.672872028356266,0.0
0.694783260522844,0.0,0.6729919026381036,0.0
0.6948430472357013,0.0,0.6731117769199413,0.0
0.6949028339485587,0.0,0.6732428556607584,0.0
0.6950281443761271,0.0,0.6733739344015753,0.0
0.6950661090303217,0.0,0.6735050131423924,0.0
0.6955539796707104,0.0,0.6736360918832095,0.0
0.695591944324905,0.0,0.6737671706240265,0.0
0.6960798149652936,0.0,0.6738982493648435,0.0
0.696196176093345,0.0,0.6740293281056605,0.0
0.6963125372213965,0.0,0.6741604068464776,0.0
0.696428898349448,0.0,0.674214973454583,0.0
0.6965452594774995,0.0,0.6742695400626885,0.0
0.696583224131694,0.0,0.674389414344526,0.0
0.6966211887858886,0.0,0.6745057754725775,0.0
0.6966591534400832,0.0,0.674622136600629,0.0
0.6966971180942778,0.0,0.6747719277819042,0.0
0.6968029401432313,0.0,0.6748644665450076,0.0
0.6968580293101436,0.0,0.6749570053081112,0.0
0.6969131184770558,0.0,0.6750495440712146,0.0
0.6970056572401594,0.0,0.6751367177211113,0.0
0.6970981960032628,0.0,0.6752530788491627,0.0
0.6971532851701752,0.0,0.6753694399772142,0.0
0.6972458239332786,0.0,0.6754858011052657,0.0
0.697338362696382,0.0,0.6756021622333171,0.0
0.6973934518632944,0.0,0.6757185233613686,0.0
0.6974859906263978,0.0,0.6758496021021857,0.0
0.6975410797933101,0.0,0.6759106210025254,0.0
0.6975961689602224,0.0,0.6759716399028652,0.0
0.6976512581271347,0.0,0.6760326588032051,0.0
0.6977384317770313,0.0,0.6760936777035448,0.0
0.697825605426928,0.0,0.6761546966038846,0.0
0.6978806945938403,0.0,0.6763907626213366,0.0
0.6979357837607525,0.0,0.6766268286387884,0.0
0.6979908729276648,0.0,0.6768628946562404,0.0
0.6980373223837153,0.0,0.6770989606736922,0.0
0.6982466251606089,0.0,0.6773350266911442,0.0
0.6982930746166593,0.0,0.6775710927085962,0.0
0.6985023773935528,0.0,0.6776769147575497,0.0
0.6985488268496034,0.0,0.6777694535206531,0.0
0.6986635483088113,0.0,0.6778619922837565,0.0
0.6987099977648619,0.0,0.6778871343462688,0.0
0.6987564472209123,0.0,0.6779122764087809,0.0
0.6988028966769629,0.0,0.6779374184712931,0.0
0.6989176181361708,0.0,0.6779625605338053,0.0
0.6989640675922214,0.0,0.6779877025963175,0.0
0.6990787890514294,0.0,0.6780128446588296,0.0
0.6991252385074799,0.0,0.6780738635591694,0.0
0.6991786498601829,0.0,0.6781348824595093,0.0
0.6992320612128858,0.0,0.678195901359849,0.0
0.6992817255702194,0.0,0.6782569202601888,0.0
0.6993313899275528,0.0,0.6783179391605285,0.0
0.6993848012802558,0.0,0.6784051128104253,0.0
0.6994382126329588,0.0,0.6786144155873187,0.0
0.6994878769902924,0.0,0.6788237183642122,0.0
0.6995919920755381,0.0,0.6789384398234202,0.0
0.6996961071607838,0.0,0.6789994587237599,0.0
0.7015924135741382,0.0,0.6791449368326071,0.0
0.7016420779314717,0.0,0.6792904149414544,0.0
0.7016917422888052,0.0,0.6794358930503017,0.0
0.7035880487021595,0.0,0.679581371159149,0.0
0.7036377130594931,0.0,0.6797311623404241,0.0
0.7038431787209446,0.0,0.6798553641526371,0.0
0.704048644382396,0.0,0.6798805062151493,0.0
0.7042541100438475,0.0,0.6799056482776614,0.0
0.7044976773914429,0.0,0.6799307903401737,0.0
0.7047031430528944,0.0,0.6800745708039784,0.0
0.7049467104004897,0.0,0.6802243619852536,0.0
0.7051521760619412,0.0,0.6803390834444616,0.0
0.7053283334933451,0.0,0.6804538049036695,0.0
0.7054324485785909,0.0,0.6805072162563724,0.0
0.7055365636638365,0.0,0.6805606276090754,0.0
0.7056406787490823,0.0,0.6806140389617784,0.0
0.7057447938343281,0.0,0.6806674503144814,0.0
0.7058489089195739,0.0,0.6806950766401307,0.0
0.7060250663509777,0.0,0.6808192784523438,0.0
0.7061476750282106,0.0,0.6809434802645568,0.0
0.7062702837054435,0.0,0.6810676820767697,0.0
0.7063928923826764,0.0,0.6811918838889828,0.0
0.7065690498140803,0.0,0.6813160857011957,0.0
0.7065966761397297,0.0,0.6814402875134087,0.0
0.7066243024653791,0.0,0.681467913839058,0.0
0.7068004598967829,0.0,0.6814955401647075,0.0
0.7069766173281867,0.0,0.6816393206285122,0.0
0.7070229520168473,0.0,0.681783101092317,0.0
0.7070505783424966,0.0,0.6819268815561217,0.0
0.7071943588063014,0.0,0.6820706620199265,0.0
0.7073381392701061,0.0,0.6821964634570559,0.0
0.707481919733911,0.0,0.6823222648941853,0.0
0.7076257001977158,0.0,0.6823751027921993,0.0
0.7076720348863763,0.0,0.6824806130099017,0.0
0.7077183695750369,0.0,0.682586123227604,0.0
0.7077647042636974,0.0,0.6826916334453065,0.0
0.7079084847275022,0.0,0.6827971436630089,0.0
0.7079548194161628,0.0,0.6828683295966481,0.0
0.7080011541048233,0.0,0.6829395155302873,0.0
0.7081269555419528,0.0,0.6830479545356689,0.0
0.7081732902306134,0.0,0.6831563935410504,0.0
0.7082196249192739,0.0,0.683264832546432,0.0
0.7083454263564034,0.0,0.6833237231808568,0.0
0.708391761045064,0.0,0.683394909114496,0.0
0.7084380957337245,0.0,0.6834660950481352,0.0
0.7084827639273386,0.0,0.6835716052658376,0.0
0.7085882741450409,0.0,0.68367711548354,0.0
0.7086329423386548,0.0,0.6837826257012424,0.0
0.7087384525563573,0.0,0.6838415163356671,0.0
0.7088439627740597,0.0,0.6839899405188697,0.0
0.708949472991762,0.0,0.6841383647020723,0.0
0.7090549832094645,0.0,0.6844524200645493,0.0
0.7090996514030784,0.0,0.6847664754270263,0.0
0.7092051616207808,0.0,0.6850805307895034,0.0
0.7093106718384832,0.0,0.6853945861519803,0.0
0.7093553400320972,0.0,0.6857086415144573,0.0
0.7094000082257111,0.0,0.6860226968769343,0.0
0.7094446764193251,0.0,0.6863367522394114,0.0
0.709489344612939,0.0,0.6864354896393221,0.0
0.7095971777861542,0.0,0.686534227039233,0.0
0.7097337119641229,0.0,0.6868482824017099,0.0
0.7098702461420917,0.0,0.6871623377641869,0.0
0.7099780793153069,0.0,0.6872988719421557,0.0
0.7101084326698147,0.0,0.6874354061201244,0.0
0.7102162658430299,0.0,0.6874942967545492,0.0
0.7103466191975378,0.0,0.687624650109057,0.0
0.710454452370753,0.0,0.6876859622627802,0.0
0.7105622855439682,0.0,0.6878163156172881,0.0
0.7106964658287953,0.0,0.6878776277710112,0.0
0.7108306461136225,0.0,0.687976365170922,0.0
0.7109645887172705,0.0,0.6880751025708327,0.0
0.7110985313209185,0.0,0.6881738399707436,0.0
0.7112324739245665,0.0,0.6882725773706543,0.0
0.7113403070977816,0.0,0.6883420299476114,0.0
0.7114742497014297,0.0,0.6884723833021192,0.0
0.7116081923050777,0.0,0.6886027366566272,0.0
0.7117421349087257,0.0,0.688733090011135,0.0
0.7118760775123737,0.0,0.6888618058969218,0.0
0.7119839106855889,0.0,0.6889905217827086,0.0
0.7120124309638769,0.0,0.6891192376684954,0.0
0.7120409512421649,0.0,0.6892479535542821,0.0
0.7120694715204529,0.0,0.689376669440069,0.0
0.712177304693668,0.0,0.6895053853258558,0.0
0.7122851378668833,0.0,0.6895581760146791,0.0
0.7123136581451712,0.0,0.6896109667035023,0.0
0.7123675994045803,0.0,0.689691349560862,0.0
0.7142639058179346,0.0,0.6897717324182217,0.0
0.716160212231289,0.0,0.6898704698181325,0.0
0.7180565186446434,0.0,0.6899692072180432,0.0
0.7199528250579977,0.0,0.690067944617954,0.0
0.7218491314713521,0.0,0.6901760587272648,0.0
0.7237454378847064,0.0,0.6902841728365757,0.0
0.7238757912392143,0.0,0.6903489213224359,0.0
0.7240061445937221,0.0,0.6908455995540702,0.0
0.7240600858531312,0.0,0.6913422777857046,0.0
0.724190439207639,0.0,0.6918389560173389,0.0
0.7243191550934258,0.0,0.6923356342489733,0.0
0.7244478709792127,0.0,0.6928323124806075,0.0
0.7245018122386218,0.0,0.6933289907122419,0.0
0.7246305281244085,0.0,0.6938256689438762,0.0
0.7247592440101953,0.0,0.6938904174297363,0.0
0.7248879598959821,0.0,0.6943870956613707,0.0
0.7250166757817689,0.0,0.694883773893005,0.0
0.7250706170411779,0.0,0.6949606088958059,0.0
0.7255672952728123,0.0,0.6950374438986068,0.0
0.7260639735044466,0.0,0.6953371954412274,0.0
0.7265606517360809,0.0,0.695436424921029,0.0
0.7270573299677152,0.0,0.6955701700063505,0.0
0.7275540081993496,0.0,0.695669399486152,0.0
0.7280506864309839,0.0,0.6959691510287727,0.0
0.7285473646626183,0.0,0.6960345031509241,0.0
0.7286013059220273,0.0,0.6963342546935447,0.0
0.7290979841536617,0.0,0.6963996068156962,0.0
0.7291519254130707,0.0,0.6964649589378477,0.0
0.729648603644705,0.0,0.6965303110599992,0.0
0.729702544904114,0.0,0.69663842516931,0.0
0.7297564861635231,0.0,0.6967465392786208,0.0
0.7298104274229321,0.0,0.6968546533879317,0.0
0.7298643686823412,0.0,0.6969627674972425,0.0
0.7301641202249618,0.0,0.6970708816065534,0.0
0.7304638717675824,0.0,0.6971789957158643,0.0
0.7305160486902071,0.0,0.697287109825175,0.0
0.7308158002328277,0.0,0.6973095853138265,0.0
0.7309584861909424,0.0,0.6973320608024779,0.0
0.7311011721490571,0.0,0.6973545362911292,0.0
0.731252789550869,0.0,0.6973770117797806,0.0
0.7313609036601798,0.0,0.697442363901932,0.0
0.7314690177694907,0.0,0.6974951545907554,0.0
0.7315771318788016,0.0,0.6975605067129068,0.0
0.7316852459881124,0.0,0.6976686208222177,0.0
0.7317933600974232,0.0,0.6977767349315286,0.0
0.7319014742067341,0.0,0.6978660015094665,0.0
0.7320095883160449,0.0,0.6979552680874046,0.0
0.7321177024253558,0.0,0.6980445346653427,0.0
0.7322258165346667,0.0,0.6981098867874941,0.0
0.7323774339364785,0.0,0.6981752389096456,0.0
0.7324855480457894,0.0,0.6982744683894472,0.0
0.7325936621551002,0.0,0.6983398205115987,0.0
0.7326829287330382,0.0,0.6984556191898205,0.0
0.7327721953109763,0.0,0.6985809825647367,0.0
0.7328614618889143,0.0,0.6987063459396529,0.0
0.7329136388115389,0.0,0.6988317093145691,0.0
0.7329658157341636,0.0,0.6989570726894853,0.0
0.7330650452139653,0.0,0.6990563021692868,0.0
0.7331172221365899,0.0,0.699181665544203,0.0
0.7332164516163916,0.0,0.6993070289191192,0.0
0.7332692895144055,0.0,0.6994323922940354,0.0
0.7333685189942071,0.0,0.6995868880675937,0.0
0.733421356892221,0.0,0.699741383841152,0.0
0.7334741947902348,0.0,0.6998392025922623,0.0
0.7335270326882487,0.0,0.6999153934094113,0.0
0.7335798705862626,0.0,0.6999915842265604,0.0
0.7336791000660642,0.0,0.7000140597152117,0.0
0.7337319379640781,0.0,0.7000365352038631,0.0
0.7338083419977245,0.0,0.7001904998050078,0.0
0.7338847460313709,0.0,0.7002256285672329,0.0
0.7339611500650173,0.0,0.700301819384382,0.0
0.7340375540986637,0.0,0.7003780102015309,0.0
0.734192049872222,0.0,0.70045420101868,0.0
0.7343465456457803,0.0,0.700530391835829,0.0
0.7344229496794267,0.0,0.7006072268386299,0.0
0.7344993537130731,0.0,0.7006840618414307,0.0
0.7345757577467195,0.0,0.7007608968442316,0.0
0.7346521617803657,0.0,0.7008377318470325,0.0
0.7346879097262723,0.0,0.7009145668498333,0.0
0.7347236576721788,0.0,0.7011362166967757,0.0
0.7347594056180854,0.0,0.701357866543718,0.0
0.7347951535639919,0.0,0.7015795163906604,0.0
0.7348309015098985,0.0,0.7017223221067902,0.0
0.7350525513568409,0.0,0.7018651278229201,0.0
0.7350882993027474,0.0,0.7020190924240648,0.0
0.7353099491496898,0.0,0.7021618981401947,0.0
0.7355315989966321,0.0,0.7023047038563245,0.0
0.735674404712762,0.0,0.7023815388591254,0.0
0.7358172104288918,0.0,0.7025243445752553,0.0
0.7358529583747984,0.0,0.7025895367170762,0.0
0.7358887063207049,0.0,0.7026547288588972,0.0
0.7360315120368348,0.0,0.702762730668523,0.0
0.7361743177529646,0.0,0.7028707324781488,0.0
0.7362100656988712,0.0,0.7030191566613514,0.0
0.736352871415001,0.0,0.703167580844554,0.0
0.7365026625962763,0.0,0.7033160050277566,0.0
0.7366524537775514,0.0,0.7034644292109591,0.0
0.7368022449588266,0.0,0.7035296213527802,0.0
0.7369520361401019,0.0,0.7036835859539249,0.0
0.7369877840860084,0.0,0.7037487780957459,0.0
0.7371375752672836,0.0,0.7038364237610965,0.0
0.7372717555521108,0.0,0.7038715525233215,0.0
0.7373075034980173,0.0,0.7039066812855466,0.0
0.7373658003924544,0.0,0.7040494870016764,0.0
0.7374240972868913,0.0,0.7041922927178063,0.0
0.7374823941813283,0.0,0.7042274214800313,0.0
0.7376251998974582,0.0,0.7043096239235817,0.0
0.737768005613588,0.0,0.7043956200577638,0.0
0.7378263025080251,0.0,0.7044842923817859,0.0
0.7378845994024621,0.0,0.704572964705808,0.0
0.7379428962968991,0.0,0.7046358750785778,0.0
0.7379796187611242,0.0,0.7048196060788938,0.0
0.7380163412253492,0.0,0.7050033370792098,0.0
0.7380985436688996,0.0,0.7050384658414348,0.0
0.7381845398030817,0.0,0.7052221968417508,0.0
0.7382212622673069,0.0,0.7054059278420668,0.0
0.738307258401489,0.0,0.7055301049432523,0.0
0.7383932545356713,0.0,0.7056542820444377,0.0
0.7384792506698534,0.0,0.7057639652487809,0.0
0.7385159731340786,0.0,0.7058736484531241,0.0
0.7386019692682607,0.0,0.7059833316574673,0.0
0.738687965402443,0.0,0.7061170767427887,0.0
0.738724687866668,0.0,0.7062030728769709,0.0
0.7388123335320186,0.0,0.7062890690111531,0.0
0.7388999791973692,0.0,0.7063750651453353,0.0
0.7389876248627196,0.0,0.7064610612795176,0.0
0.7390752705280702,0.0,0.7065470574136997,0.0
0.7391629161934208,0.0,0.7066347030790503,0.0
0.7392505618587714,0.0,0.7067223487444009,0.0
0.7393382075241218,0.0,0.7068099944097513,0.0
0.739374929988347,0.0,0.7068976400751019,0.0
0.7394991070895324,0.0,0.7069852857404525,0.0
0.7396232841907179,0.0,0.7071298495667654,0.0
0.7397453013493221,0.0,0.7072744133930783,0.0
0.7398673185079265,0.0,0.7074189772193912,0.0
0.7399040409721516,0.0,0.7075635410457041,0.0
0.7399407634363766,0.0,0.707708104872017,0.0
0.7399774859006018,0.0,0.7078334682469332,0.0
0.7400320288042993,0.0,0.707978032073246,0.0
0.740086571707997,0.0,0.708122595899559,0.0
0.7401542281653201,0.0,0.7082425509148466,0.0
0.7402087710690177,0.0,0.708330196580197,0.0
0.7402764275263408,0.0,0.7084543736813825,0.0
0.7403309704300385,0.0,0.708578550782568,0.0
0.740385513333736,0.0,0.7087027278837534,0.0
0.7405096904349215,0.0,0.7088269049849389,0.0
0.7405773468922446,0.0,0.7089510820861243,0.0
0.7407015239934301,0.0,0.7090752591873098,0.0
0.7408257010946155,0.0,0.7092977465588475,0.0
0.740949878195801,0.0,0.7095202339303851,0.0
0.7410740552969864,0.0,0.7096180526814955,0.0
0.7411417117543097,0.0,0.7096809630542653,0.0
0.741265888855495,0.0,0.7098751162978344,0.0
0.7413755720598383,0.0,0.7100692695414036,0.0
0.7414852552641815,0.0,0.7102634227849727,0.0
0.7415949384685246,0.0,0.7104575760285419,0.0
0.7417046216728679,0.0,0.710651729272111,0.0
0.741814304877211,0.0,0.7108458825156801,0.0
0.7419239880815542,0.0,0.7109437012667904,0.0
0.7420336712858974,0.0,0.7110533844711336,0.0
0.7421433544902406,0.0,0.7111630676754768,0.0
0.7422879183165535,0.0,0.71127275087982,0.0
0.7424324821428664,0.0,0.7113824340841632,0.0
0.7425770459691793,0.0,0.7114921172885064,0.0
0.7427216097954922,0.0,0.7116094306363383,0.0
0.7428661736218051,0.0,0.7117144157298402,0.0
0.7429605793459362,0.0,0.7118122344809504,0.0
0.7431051431722491,0.0,0.7119321894962379,0.0
0.743249706998562,0.0,0.7120300082473483,0.0
0.7433696620138495,0.0,0.7121278269984586,0.0
0.743489617029137,0.0,0.7124777288281543,0.0
0.7435840227532681,0.0,0.7128276306578502,0.0
0.7436784284773992,0.0,0.7131775324875459,0.0
0.7437789510855259,0.0,0.7135274343172416,0.0
0.7438794736936527,0.0,0.713625253068352,0.0
0.7440249518025,0.0,0.7139751548980477,0.0
0.7441704299113472,0.0,0.7143250567277435,0.0
0.744270952519474,0.0,0.7146749585574392,0.0
0.7443714751276007,0.0,0.714782960367065,0.0
0.744516953236448,0.0,0.7149015542201259,0.0
0.7446624313452952,0.0,0.7150201480731868,0.0
0.744762953953422,0.0,0.7150496392722958,0.0
0.7448634765615487,0.0,0.7150791304714048,0.0
0.7449639991696755,0.0,0.7151687890703842,0.0
0.7451137903509507,0.0,0.7152584476693635,0.0
0.7452143129590775,0.0,0.7153481062683429,0.0
0.7453641041403527,0.0,0.7154377648673222,0.0
0.7454190394133735,0.0,0.715556358720383,0.0
0.745538994428661,0.0,0.7156643605300088,0.0
0.7455939297016819,0.0,0.7157723623396346,0.0
0.7457138847169694,0.0,0.7158909561926955,0.0
0.7457688199899902,0.0,0.716010911207983,0.0
0.7458861333378222,0.0,0.7161295050610439,0.0
0.7460034466856541,0.0,0.7162494600763314,0.0
0.7460583819586749,0.0,0.7163680539293923,0.0
0.7461756953065068,0.0,0.7164853672772241,0.0
0.7462306305795277,0.0,0.716562202280025,0.0
0.7462855658525486,0.0,0.7166508746040471,0.0
0.7466385538678709,0.0,0.7167395469280692,0.0
0.7469915418831932,0.0,0.7168310760303581,0.0
0.7470464771562141,0.0,0.7169226051326472,0.0
0.7471014124292349,0.0,0.7170294423979366,0.0
0.7472069839020833,0.0,0.7171209715002256,0.0
0.7473125553749316,0.0,0.7172625034728927,0.0
0.7474181268477799,0.0,0.7174040354455598,0.0
0.7475236983206283,0.0,0.7175108727108492,0.0
0.7478423199480001,0.0,0.7176524046835164,0.0
0.748160941575372,0.0,0.7177939366561835,0.0
0.748479563202744,0.0,0.7179112500040155,0.0
0.7485344984757648,0.0,0.7180417399190178,0.0
0.7486649883907672,0.0,0.7181722298340202,0.0
0.748719923663788,0.0,0.7182099206749092,0.0
0.7488504135787905,0.0,0.7183277964300974,0.0
0.7492230956289588,0.0,0.7184305428438184,0.0
0.7495957776791273,0.0,0.7185332892575392,0.0
0.7496493343163623,0.0,0.7186360356712602,0.0
0.7497028909535973,0.0,0.7186737265121493,0.0
0.7498215932497581,0.0,0.7190464085623177,0.0
0.7499402955459187,0.0,0.7194190906124861,0.0
0.7499938521831537,0.0,0.7194567814533752,0.0
0.7501422763663563,0.0,0.7194944722942643,0.0
0.7502907005495589,0.0,0.7196131745904251,0.0
0.7503442571867939,0.0,0.7197318768865857,0.0
0.750658312549271,0.0,0.7197695677274748,0.0
0.7509723679117479,0.0,0.7198882700236354,0.0
0.7512864232742249,0.0,0.7200069723197962,0.0
0.75133997991146,0.0,0.7200799071936101,0.0
0.7516540352739369,0.0,0.7201985010466709,0.0
0.751968090636414,0.0,0.7203013374275602,0.0
0.752282145998891,0.0,0.7204041738084493,0.0
0.752596201361368,0.0,0.7205070101893386,0.0
0.752910256723845,0.0,0.7206098465702278,0.0
0.753224312086322,0.0,0.7208323339417654,0.0
0.7532778687235571,0.0,0.7209351703226546,0.0
0.7533314253607921,0.0,0.7211576576941923,0.0
0.7534501276569527,0.0,0.7212305925680063,0.0
0.7535688299531134,0.0,0.7213035274418201,0.0
0.7536875322492741,0.0,0.7213764623156341,0.0
0.7538054080044623,0.0,0.7214951646117949,0.0
0.7538589646416972,0.0,0.7216130403669829,0.0
0.7539125212789323,0.0,0.7217309161221711,0.0
0.7540303970341204,0.0,0.7218487918773593,0.0
0.7541482727893086,0.0,0.7219666676325474,0.0
0.7542661485444967,0.0,0.7220845433877355,0.0
0.7543840242996849,0.0,0.7221895284812373,0.0
0.7544482423394268,0.0,0.7222945135747392,0.0
0.7545661180946148,0.0,0.722399498668241,0.0
0.7546688645083358,0.0,0.7225044837617428,0.0
0.7547330825480777,0.0,0.7226072301754638,0.0
0.7548358289617986,0.0,0.7228297175470014,0.0
0.7549385753755196,0.0,0.7228891416898771,0.0
0.7550027934152614,0.0,0.7229485658327527,0.0
0.7550670114550032,0.0,0.7231710532042903,0.0
0.7551697578687242,0.0,0.7233935405758279,0.0
0.7552339759084661,0.0,0.7236160279473656,0.0
0.7552934000513417,0.0,0.7236754520902412,0.0
0.7553528241942173,0.0,0.7238979394617789,0.0
0.7554170422339592,0.0,0.7239865942697684,0.0
0.7554812602737011,0.0,0.7240752490777579,0.0
0.7555454783134429,0.0,0.7241780854586471,0.0
0.7556096963531848,0.0,0.7242588538216277,0.0
0.7556739143929266,0.0,0.7244813411931653,0.0
0.755731616600219,0.0,0.7245621095561459,0.0
0.7557893188075113,0.0,0.7246428779191264,0.0
0.7558470210148036,0.0,0.7247236462821068,0.0
0.755904723222096,0.0,0.7250515771626157,0.0
0.7559624254293883,0.0,0.7251380831560564,0.0
0.7561295840202946,0.0,0.7252245891494972,0.0
0.7562967426112008,0.0,0.7253110951429379,0.0
0.7564639012021072,0.0,0.7253976011363785,0.0
0.7565216034093994,0.0,0.7254841071298193,0.0
0.7565793056166918,0.0,0.72557061312326,0.0
0.7569322936320141,0.0,0.7256571191167007,0.0
0.7569917177748897,0.0,0.7257621042102026,0.0
0.7570494199821821,0.0,0.7258670893037044,0.0
0.7571380747901716,0.0,0.7259720743972062,0.0
0.7572267295981612,0.0,0.726300005277715,0.0
0.7573153844061506,0.0,0.7266279361582239,0.0
0.7574040392141401,0.0,0.7267485879497344,0.0
0.7574617414214325,0.0,0.7268692397412448,0.0
0.757550396229422,0.0,0.7269852656436933,0.0
0.7576390510374115,0.0,0.7270921029089827,0.0
0.7577277058454011,0.0,0.7272008797988025,0.0
0.7578084742083816,0.0,0.7273096566886224,0.0
0.7578892425713621,0.0,0.7274184335784422,0.0
0.7579700109343426,0.0,0.7275070883864316,0.0
0.7580206013011178,0.0,0.7275957431944211,0.0
0.7581013696640984,0.0,0.7276843980024107,0.0
0.7581821380270789,0.0,0.7277730528104002,0.0
0.7582629063900594,0.0,0.7278617076183898,0.0
0.75834367475304,0.0,0.7279424759813702,0.0
0.7584597006554884,0.0,0.7280232443443507,0.0
0.7585757265579368,0.0,0.7281320212341705,0.0
0.7586917524603853,0.0,0.7282407981239903,0.0
0.7587423428271605,0.0,0.7283495750138101,0.0
0.758858368729609,0.0,0.7284270354290174,0.0
0.7589089590963841,0.0,0.7285338726943069,0.0
0.7589595494631594,0.0,0.7286113331095143,0.0
0.7590101398299346,0.0,0.7286887935247216,0.0
0.759126165732383,0.0,0.728766253939929,0.0
0.7591767560991582,0.0,0.7288437143551363,0.0
0.7592273464659335,0.0,0.7289505516204258,0.0
0.7592779368327086,0.0,0.7290313199834063,0.0
0.7593285271994838,0.0,0.7291473458858547,0.0
0.7594365290091096,0.0,0.7292633717883032,0.0
0.759578775333495,0.0,0.7293793976907517,0.0
0.7596867771431208,0.0,0.7294862349560411,0.0
0.7598352013263234,0.0,0.7296022608584896,0.0
0.759983625509526,0.0,0.7296915116448153,0.0
0.7601320496927286,0.0,0.7297807624311411,0.0
0.7602804738759312,0.0,0.7298700132174668,0.0
0.7604227202003166,0.0,0.7299345497482898,0.0
0.7605649665247021,0.0,0.7300413870135792,0.0
0.7607072128490875,0.0,0.7301059235444022,0.0
0.7608494591734729,0.0,0.7301704600752252,0.0
0.7609582360632927,0.0,0.7302349966060482,0.0
0.7610670129531125,0.0,0.7302995331368711,0.0
0.7611757898429322,0.0,0.7303640696676942,0.0
0.761284566732752,0.0,0.7304286061985171,0.0
0.7613933436225718,0.0,0.7305354434638066,0.0
0.7615021205123916,0.0,0.7306442203536264,0.0
0.7616108974022114,0.0,0.7307529972434461,0.0
0.7617196742920311,0.0,0.7308617741332659,0.0
0.7618284511818509,0.0,0.7309705510230857,0.0
0.7619372280716707,0.0,0.7310912028145963,0.0
0.7620146884868781,0.0,0.7311822897517409,0.0
0.7620921489020854,0.0,0.7312733766888856,0.0
0.7621696093172928,0.0,0.7313940284803961,0.0
0.7623118556416782,0.0,0.7314851154175408,0.0
0.7623893160568855,0.0,0.7315762023546855,0.0
0.7624667764720929,0.0,0.7316672892918302,0.0
0.7626090227964784,0.0,0.7317583762289749,0.0
0.762700109733623,0.0,0.7318790280204854,0.0
0.7627911966707678,0.0,0.7319996798119959,0.0
0.7628825335384218,0.0,0.7320907667491406,0.0
0.7629738704060759,0.0,0.7322114185406511,0.0
0.7630649573432206,0.0,0.7323077030504059,0.0
0.7631560442803653,0.0,0.7324039875601607,0.0
0.76324713121751,0.0,0.7324932383464865,0.0
0.7633382181546547,0.0,0.7325824891328122,0.0
0.7634295550223088,0.0,0.7326689951262529,0.0
0.7635208918899629,0.0,0.7327555011196936,0.0
0.7636119788271075,0.0,0.7328517856294484,0.0
0.7637082633368624,0.0,0.7329453137170997,0.0
0.7638045478466172,0.0,0.733038841804751,0.0
0.7638958847142713,0.0,0.7331323698924023,0.0
0.7639921692240261,0.0,0.7332258979800536,0.0
0.7640856973116774,0.0,0.7333176795527616,0.0
0.7641792253993287,0.0,0.7334094611254696,0.0
0.76427275348698,0.0,0.7335012426981776,0.0
0.7643662815746313,0.0,0.7335515381636013,0.0
0.7644576184422853,0.0,0.7336433197363094,0.0
0.7645489553099394,0.0,0.733693615201733,0.0
0.7646402921775934,0.0,0.7337828659880589,0.0
0.7647341563063372,0.0,0.7338721167743846,0.0
0.7648280204350809,0.0,0.7339613675607103,0.0
0.7649218845638246,0.0,0.7340531491334182,0.0
0.7650157486925683,0.0,0.7341449307061263,0.0
0.765109612821312,0.0,0.7341826215470154,0.0
0.7652246647830802,0.0,0.73425020383303,0.0
0.7653185289118238,0.0,0.7343440679617736,0.0
0.7654123930405676,0.0,0.7344379320905173,0.0
0.7655321834968914,0.0,0.734531796219261,0.0
0.7656472354586598,0.0,0.7345903791508497,0.0
0.7657270490704448,0.0,0.7346489620824385,0.0
0.7658068626822299,0.0,0.7347075450140271,0.0
0.7659219146439982,0.0,0.7347661279456159,0.0
0.7662718164736939,0.0,0.7348038187865049,0.0
0.7663868684354621,0.0,0.7348624017180937,0.0
0.766736770265158,0.0,0.7349209846496824,0.0
0.7668518222269262,0.0,0.7352489155301912,0.0
0.7672017240566219,0.0,0.735335421523632,0.0
0.7675516258863176,0.0,0.7356633524041407,0.0
0.767666677848086,0.0,0.7357734062059393,0.0
0.7680165796777817,0.0,0.7358651877786474,0.0
0.7683664815074774,0.0,0.7359516937720881,0.0
0.7687163833371733,0.0,0.7360455579008318,0.0
0.7688243851467991,0.0,0.7361394220295755,0.0
0.7689323869564249,0.0,0.7362332861583192,0.0
0.7690403887660506,0.0,0.7363271502870629,0.0
0.7691554407278188,0.0,0.7364327002428838,0.0
0.769270492689587,0.0,0.7365382501987047,0.0
0.7693231050665579,0.0,0.7366180638104898,0.0
0.7693757174435287,0.0,0.7366978774222749,0.0
0.769490769405297,0.0,0.7368034273780958,0.0
0.7695433817822679,0.0,0.7368850262235809,0.0
0.7696584337440361,0.0,0.7369905761794019,0.0
0.7697734857058043,0.0,0.7370961261352228,0.0
0.7700921073331762,0.0,0.737184807565543,0.0
0.7704107289605482,0.0,0.7372734889958634,0.0
0.7704648987226334,0.0,0.7373621704261837,0.0
0.7707835203500053,0.0,0.7374508518565039,0.0
0.7711021419773773,0.0,0.7375395332868243,0.0
0.7714207636047491,0.0,0.7376450832426452,0.0
0.771762208129872,0.0,0.7377506331984661,0.0
0.7721036526549947,0.0,0.7378304468102512,0.0
0.7721834662667798,0.0,0.7379102604220363,0.0
0.7722632798785649,0.0,0.738004512129103,0.0
0.7723575315856317,0.0,0.7380987638361698,0.0
0.7724517832926984,0.0,0.7382043137919907,0.0
0.7725059530547836,0.0,0.7382985654990575,0.0
0.7726002047618503,0.0,0.7383928172061243,0.0
0.7726944564689171,0.0,0.738487068913191,0.0
0.7727887081759839,0.0,0.7385813206202578,0.0
0.7728829598830507,0.0,0.7386935229987541,0.0
0.7729371296451358,0.0,0.738799072954575,0.0
0.7730471834469345,0.0,0.7389112753330713,0.0
0.7731013532090196,0.0,0.7390664413879421,0.0
0.7732114070108183,0.0,0.7392216074428127,0.0
0.7733214608126168,0.0,0.7393767734976835,0.0
0.7734315146144154,0.0,0.7395319395525541,0.0
0.773541568416214,0.0,0.7396871056074249,0.0
0.773589484920692,0.0,0.7398422716622955,0.0
0.7736781663510123,0.0,0.7399523254640942,0.0
0.7737668477813325,0.0,0.7400623792658928,0.0
0.7738555292116529,0.0,0.7401724330676913,0.0
0.7739442106419732,0.0,0.7402779830235123,0.0
0.7739921271464512,0.0,0.7403880368253108,0.0
0.7740808085767714,0.0,0.7404767182556312,0.0
0.7741694900070918,0.0,0.7405653996859515,0.0
0.774258171437412,0.0,0.7407238828968298,0.0
0.7743368979508691,0.0,0.7408823661077081,0.0
0.7744491003293654,0.0,0.7410408493185864,0.0
0.7745613027078617,0.0,0.7411993325294646,0.0
0.774673505086358,0.0,0.7413578157403429,0.0
0.7747857074648544,0.0,0.7415162989512212,0.0
0.7748979098433507,0.0,0.7415978977967063,0.0
0.7749766363568077,0.0,0.7416794966421915,0.0
0.775088838735304,0.0,0.7417610954876765,0.0
0.7752010411138004,0.0,0.7418666454434975,0.0
0.7752797676272574,0.0,0.7419788478219937,0.0
0.7753919700057537,0.0,0.7420910502004902,0.0
0.7755471360606244,0.0,0.7422032525789864,0.0
0.7757023021154951,0.0,0.7423154549574827,0.0
0.7758574681703658,0.0,0.742427657335979,0.0
0.7760126342252365,0.0,0.7425398597144753,0.0
0.7761678002801072,0.0,0.7426255719479182,0.0
0.776322966334978,0.0,0.7426907640897392,0.0
0.7763978576612856,0.0,0.7428459301446099,0.0
0.7765530237161563,0.0,0.7430010961994806,0.0
0.776708189771027,0.0,0.7431562622543514,0.0
0.7767830810973346,0.0,0.7432487117128717,0.0
0.7769382471522054,0.0,0.743341161171392,0.0
0.7770432322457071,0.0,0.7434336106299123,0.0
0.7771181235720148,0.0,0.7435260600884327,0.0
0.777259655544682,0.0,0.7436185095469531,0.0
0.7774011875173491,0.0,0.7437109590054733,0.0
0.7774760788436568,0.0,0.7438034084639937,0.0
0.7775509701699644,0.0,0.7439176895419405,0.0
0.7776925021426315,0.0,0.7440319706198872,0.0
0.7777673934689392,0.0,0.744146251697834,0.0
0.7779089254416063,0.0,0.7442605327757806,0.0
0.7780013749001267,0.0,0.7443520618780697,0.0
0.7780938243586469,0.0,0.7444435909803586,0.0
0.7781862738171673,0.0,0.7445087831221796,0.0
0.7782787232756876,0.0,0.7446230642001264,0.0
0.778371172734208,0.0,0.7447373452780731,0.0
0.7784636221927284,0.0,0.7448516263560199,0.0
0.7785560716512486,0.0,0.7449659074339666,0.0
0.778648521109769,0.0,0.7450583568924869,0.0
0.7787409705682894,0.0,0.7451508063510073,0.0
0.7788301290429148,0.0,0.7452399648256327,0.0
0.7789192875175402,0.0,0.7453291233002581,0.0
0.7789919107215021,0.0,0.7454497750917687,0.0
0.7790810691961275,0.0,0.7455389335663941,0.0
0.7791536924000894,0.0,0.7456595853579047,0.0
0.7792480981242205,0.0,0.7457955648841611,0.0
0.7793425038483515,0.0,0.7458812771176039,0.0
0.7794282160817942,0.0,0.7459536865699035,0.0
0.7795139283152371,0.0,0.7460638096118483,0.0
0.7796083340393681,0.0,0.7461739326537931,0.0
0.7797027397634992,0.0,0.7462967723523751,0.0
0.779788451996942,0.0,0.7464068953943199,0.0
0.7798828577210731,0.0,0.746541514871153,0.0
0.7799764715115627,0.0,0.7466516379130977,0.0
0.7800700853020524,0.0,0.7467862573899308,0.0
0.7801636990925419,0.0,0.7469208768667637,0.0
0.7802573128830316,0.0,0.7470554963435967,0.0
0.7803509266735211,0.0,0.7471656193855415,0.0
0.7803988431779991,0.0,0.7473002388623745,0.0
0.7804467596824771,0.0,0.7473726483146741,0.0
0.7805403734729667,0.0,0.7474827713566189,0.0
0.7805882899774447,0.0,0.7475928943985637,0.0
0.780694879410411,0.0,0.7477030174405085,0.0
0.7808014688433773,0.0,0.7478131404824533,0.0
0.7808493853478553,0.0,0.7479103412370138,0.0
0.7809142692176967,0.0,0.7480449607138469,0.0
0.7810208586506631,0.0,0.7481306729472896,0.0
0.7811274480836293,0.0,0.7482242867377793,0.0
0.7812340375165957,0.0,0.7483179005282689,0.0
0.7812989213864371,0.0,0.7484115143187585,0.0
0.7813836824704292,0.0,0.7485051281092481,0.0
0.7815035065317119,0.0,0.7485987418997377,0.0
0.7816233305929945,0.0,0.7487088649416825,0.0
0.781743154654277,0.0,0.7488024787321721,0.0
0.7818920574617955,0.0,0.7489126017741169,0.0
0.7820409602693139,0.0,0.7490191912070833,0.0
0.7821058441391553,0.0,0.7491388289460291,0.0
0.7821584565161261,0.0,0.7492489519879739,0.0
0.7821760511202523,0.0,0.7493257869907748,0.0
0.7822286634972232,0.0,0.7494479939375458,0.0
0.7822462581013495,0.0,0.7495702008843169,0.0
0.7822638527054758,0.0,0.7496924078310879,0.0
0.7823164650824467,0.0,0.7500498226626191,0.0
0.7823874635087411,0.0,0.7504072374941502,0.0
0.7825032621869629,0.0,0.7507646523256813,0.0
0.7825742606132573,0.0,0.7508414873284822,0.0
0.7826452590395517,0.0,0.7509190796830775,0.0
0.7827162574658462,0.0,0.7509966720376727,0.0
0.7828134582204066,0.0,0.7511191481384167,0.0
0.782884456646701,0.0,0.751225737571383,0.0
0.7829554550729955,0.0,0.7513482136721269,0.0
0.783052655827556,0.0,0.7514548031050933,0.0
0.7831237449940346,0.0,0.7515613925380596,0.0
0.7831948341605133,0.0,0.751667981971026,0.0
0.7832658325868077,0.0,0.7517904580717699,0.0
0.7833369217532864,0.0,0.7519440599840074,0.0
0.7834080109197651,0.0,0.7520976618962448,0.0
0.7834791000862438,0.0,0.7522201379969888,0.0
0.7835501892527225,0.0,0.7523426140977327,0.0
0.783621278419201,0.0,0.7524650901984766,0.0
0.7836923675856797,0.0,0.7525622909530371,0.0
0.7837633660119742,0.0,0.7526333801195157,0.0
0.7838344551784528,0.0,0.7527044692859944,0.0
0.7839671711926133,0.0,0.7527755584524731,0.0
0.7840397943965751,0.0,0.7528466476189518,0.0
0.784112417600537,0.0,0.7529177367854305,0.0
0.7842451336146974,0.0,0.7529888259519092,0.0
0.7843104857368489,0.0,0.7530599151183878,0.0
0.7844432017510093,0.0,0.7531310042848665,0.0
0.7844982522968537,0.0,0.7532534803856104,0.0
0.7846518542090911,0.0,0.7533756873323815,0.0
0.7847069047549354,0.0,0.7534952662966282,0.0
0.784860506667173,0.0,0.7536177423973721,0.0
0.7849258587893244,0.0,0.753737321361619,0.0
0.7849809093351687,0.0,0.7538569003258657,0.0
0.7851345112474063,0.0,0.7539764792901126,0.0
0.7852881131596438,0.0,0.7540960582543593,0.0
0.7854417150718812,0.0,0.7542156372186061,0.0
0.7854967656177256,0.0,0.7542948828165454,0.0
0.78555181616357,0.0,0.7543659719830241,0.0
0.7856239776221474,0.0,0.7544986879971846,0.0
0.7856961390807249,0.0,0.7545779335951238,0.0
0.7857511896265692,0.0,0.7546571791930631,0.0
0.7858062401724135,0.0,0.7547898952072235,0.0
0.785878401630991,0.0,0.7548691408051629,0.0
0.7859334521768353,0.0,0.7550018568193233,0.0
0.7859885027226796,0.0,0.7550811024172626,0.0
0.7860435532685239,0.0,0.755217081943519,0.0
0.7860988305076774,0.0,0.7553110529353518,0.0
0.7862113918968839,0.0,0.7554050239271847,0.0
0.7863239532860906,0.0,0.7555586258394221,0.0
0.786389305408242,0.0,0.7557122277516596,0.0
0.7865018667974487,0.0,0.7558658296638971,0.0
0.786557144036602,0.0,0.7559871453062463,0.0
0.7866124212757555,0.0,0.7560593067648238,0.0
0.7866676985149088,0.0,0.7561314682234013,0.0
0.7867229757540622,0.0,0.7562122370960627,0.0
0.7867782529932156,0.0,0.7562843985546401,0.0
0.7868299996092709,0.0,0.7563651674273015,0.0
0.7869425609984776,0.0,0.7564459362999629,0.0
0.787007913120629,0.0,0.7565338909678357,0.0
0.7871018841124618,0.0,0.7566534699320825,0.0
0.7871958551042947,0.0,0.7567730488963293,0.0
0.78724760172035,0.0,0.7568522944942686,0.0
0.7872993483364054,0.0,0.7569290801004984,0.0
0.7873933193282382,0.0,0.7570170347683712,0.0
0.7874872903200709,0.0,0.757104989436244,0.0
0.7875390369361263,0.0,0.7571929441041169,0.0
0.787625542929567,0.0,0.7572808987719897,0.0
0.7877120489230077,0.0,0.7573934601611962,0.0
0.7877985549164485,0.0,0.7575060215504029,0.0
0.7878850609098892,0.0,0.7575852671483422,0.0
0.7879715669033299,0.0,0.7576978285375487,0.0
0.7880580728967707,0.0,0.757777074135488,0.0
0.7881445788902114,0.0,0.7578563197334274,0.0
0.7882495639837132,0.0,0.7580592372113895,0.0
0.788354549077215,0.0,0.7582621546893517,0.0
0.7884595341707168,0.0,0.7584650721673138,0.0
0.7885645192642187,0.0,0.7585776335565204,0.0
0.7886695043577205,0.0,0.7587004732551025,0.0
0.7887744894512223,0.0,0.7587944442469353,0.0
0.7888794745447242,0.0,0.758888415238768,0.0
0.7889312211607795,0.0,0.7589915999440587,0.0
0.7890344058660701,0.0,0.7590947846493493,0.0
0.7891542299273527,0.0,0.7592977021273114,0.0
0.7892740539886353,0.0,0.759400886832602,0.0
0.7894040503116936,0.0,0.7595040715378926,0.0
0.7895340466347519,0.0,0.7596072562431831,0.0
0.7898754911598747,0.0,0.7598101737211453,0.0
0.790005487482933,0.0,0.7600130911991075,0.0
0.7901354838059912,0.0,0.7602160086770696,0.0
0.7902202448899834,0.0,0.7602498255377241,0.0
0.7903050059739757,0.0,0.7603266111439541,0.0
0.7903703580961271,0.0,0.7604259218074236,0.0
0.7904551191801193,0.0,0.7605252324708931,0.0
0.7905398802641115,0.0,0.7606015628386644,0.0
0.7906246413481037,0.0,0.7606778932064356,0.0
0.7907094024320959,0.0,0.7607772038699052,0.0
0.7907941635160881,0.0,0.7608765145333748,0.0
0.7908973482213787,0.0,0.7609364884987365,0.0
0.791027344544437,0.0,0.761035799162206,0.0
0.7911305292497276,0.0,0.7611351098256756,0.0
0.7912337139550182,0.0,0.7613380273036378,0.0
0.7913368986603088,0.0,0.7614598803025284,0.0
0.7914177349892333,0.0,0.7615817333014192,0.0
0.7914985713181579,0.0,0.7617035863003099,0.0
0.7915794076470825,0.0,0.7618249019426592,0.0
0.7916602439760071,0.0,0.7619467549415498,0.0
0.7917410803049316,0.0,0.7620680705838991,0.0
0.7918449928090208,0.0,0.7621909102824812,0.0
0.79194890531311,0.0,0.7623137499810632,0.0
0.7920297416420345,0.0,0.7624359569278343,0.0
0.7921336541461238,0.0,0.7625581638746053,0.0
0.7922154209569396,0.0,0.7626803708213763,0.0
0.7922971877677556,0.0,0.7628025777681473,0.0
0.792410178010941,0.0,0.7629247847149184,0.0
0.792491944821757,0.0,0.7630286972190076,0.0
0.7926049350649425,0.0,0.7631326097230968,0.0
0.792717925308128,0.0,0.763236522227186,0.0
0.79283096933114,0.0,0.7633578378695353,0.0
0.7929439595743254,0.0,0.7634708281127207,0.0
0.7930413059447106,0.0,0.76359214375507,0.0
0.7931543499677225,0.0,0.7637051339982555,0.0
0.7932516963381077,0.0,0.763818124241441,0.0
0.7933490427084928,0.0,0.7638944546092122,0.0
0.7934620867315048,0.0,0.7639707849769836,0.0
0.7935751307545167,0.0,0.7640471153447548,0.0
0.7936398733493155,0.0,0.7641684309871041,0.0
0.7937046159441143,0.0,0.7642897466294534,0.0
0.7938112099642085,0.0,0.7644110622718026,0.0
0.7939178039843027,0.0,0.7645240525149881,0.0
0.7940243980043968,0.0,0.7646213988853732,0.0
0.7940891405991957,0.0,0.7647187452557583,0.0
0.7941957346192898,0.0,0.7648160916261435,0.0
0.794302328639384,0.0,0.7649191114156938,0.0
0.7943670712341828,0.0,0.7650221312052442,0.0
0.7945284280597861,0.0,0.7651287252253384,0.0
0.7946897848853893,0.0,0.7652353192454325,0.0
0.794754527480188,0.0,0.7653383390349828,0.0
0.7948192700749869,0.0,0.7654625105891415,0.0
0.7948840126697857,0.0,0.7655866821433002,0.0
0.7950243854242816,0.0,0.7656674510159616,0.0
0.7950891280190804,0.0,0.765748219888623,0.0
0.7952295007735763,0.0,0.7658289887612844,0.0
0.7952942433683751,0.0,0.7659097576339458,0.0
0.7953589859631739,0.0,0.7659708070386857,0.0
0.7954237285579727,0.0,0.7660318564434255,0.0
0.7955054953687887,0.0,0.7661126253160869,0.0
0.7955985015177448,0.0,0.7661484297771073,0.0
0.7956802683285606,0.0,0.7662291986497687,0.0
0.7957732744775168,0.0,0.7663285093132383,0.0
0.795866280626473,0.0,0.7664073149206716,0.0
0.7959480474372889,0.0,0.7665139089407658,0.0
0.7960357928726698,0.0,0.7666205029608599,0.0
0.7961287990216259,0.0,0.7667270969809542,0.0
0.796221805170582,0.0,0.7668201031299103,0.0
0.7963059059460176,0.0,0.7669194137933798,0.0
0.796390006721453,0.0,0.767012419942336,0.0
0.7964777521568339,0.0,0.7671054260912922,0.0
0.7965618529322694,0.0,0.7672093386038761,0.0
0.7966459537077049,0.0,0.7673086492673455,0.0
0.7967300544831404,0.0,0.7674016554163017,0.0
0.7968141552585758,0.0,0.7674946615652579,0.0
0.7969019006939567,0.0,0.7675787623406933,0.0
0.7969604836255455,0.0,0.7676628631161289,0.0
0.7970190665571342,0.0,0.7677216404272594,0.0
0.7970776494887228,0.0,0.767805741202695,0.0
0.7971362324203116,0.0,0.7678898419781304,0.0
0.7972239778556925,0.0,0.7679739427535659,0.0
0.7972825607872812,0.0,0.7680580435290013,0.0
0.7973411437188699,0.0,0.768116820840132,0.0
0.7974288891542508,0.0,0.7682009216155674,0.0
0.7975166345896317,0.0,0.7682850223910029,0.0
0.7976031405830725,0.0,0.7684126565810788,0.0
0.7976896465765132,0.0,0.7684714338922095,0.0
0.7977761525699538,0.0,0.7685302112033401,0.0
0.7978626585633946,0.0,0.7686065415711113,0.0
0.7979467593388301,0.0,0.7686653188822419,0.0
0.7980308601142656,0.0,0.7687729342943053,0.0
0.7981584943043415,0.0,0.7688805497063688,0.0
0.7982861284944175,0.0,0.7689881651184322,0.0
0.7983697649420854,0.0,0.769115799308508,0.0
0.7984534013897535,0.0,0.7691745766196386,0.0
0.7985370378374216,0.0,0.7692333539307692,0.0
0.7986206742850896,0.0,0.7692921312418999,0.0
0.7987043107327577,0.0,0.7693509085530305,0.0
0.7987879471804257,0.0,0.7694548210656144,0.0
0.7988918596930096,0.0,0.7695587335781982,0.0
0.7989572118151611,0.0,0.769662646090782,0.0
0.799061124327745,0.0,0.769766558603366,0.0
0.7991650368403288,0.0,0.7698704711159499,0.0
0.7992689493529127,0.0,0.770059204871858,0.0
0.7993728618654966,0.0,0.7701585155353275,0.0
0.7994543399166155,0.0,0.7702496236157337,0.0
0.7995582524291994,0.0,0.7703407316961398,0.0
0.7996397304803182,0.0,0.7704400423596093,0.0
0.7997462057107909,0.0,0.7705430621491597,0.0
0.799837313791197,0.0,0.7706671663999595,0.0
0.7999284218716032,0.0,0.7707912706507591,0.0
0.8000348971020759,0.0,0.7709153749015589,0.0
0.800126005182482,0.0,0.7710394791523587,0.0
0.8002171132628881,0.0,0.7711635834031584,0.0
0.8003082213432943,0.0,0.7712876876539582,0.0
0.8003993294237004,0.0,0.7714095406528488,0.0
0.8005058046541731,0.0,0.7715313936517396,0.0
0.8005969127345792,0.0,0.7715974328491881,0.0
0.8007856464904874,0.0,0.7717004526387385,0.0
0.8009743802463956,0.0,0.7717551292826964,0.0
0.801039732368547,0.0,0.771821168480145,0.0
0.8012284661244551,0.0,0.7718872076775936,0.0
0.8013349413549279,0.0,0.7719532468750422,0.0
0.8014414165854006,0.0,0.7720750998739329,0.0
0.8016301503413087,0.0,0.772166207954339,0.0
0.8017364266178537,0.0,0.7722573160347451,0.0
0.8018427028943986,0.0,0.7723484241151513,0.0
0.8019489791709437,0.0,0.7724395321955574,0.0
0.8020887392635495,0.0,0.7725425519851078,0.0
0.8022284993561555,0.0,0.7726336600655139,0.0
0.8023682594487613,0.0,0.772822393821422,0.0
0.8024469859622183,0.0,0.7730111275773301,0.0
0.8025532622387633,0.0,0.7731141473668804,0.0
0.802659737469236,0.0,0.7733028811227887,0.0
0.802766013745781,0.0,0.773405900912339,0.0
0.8028771614246633,0.0,0.7734898353279385,0.0
0.8029993123829907,0.0,0.7735721981935426,0.0
0.8031214633413182,0.0,0.7736784744700876,0.0
0.8032436142996456,0.0,0.7737847507466327,0.0
0.8033547619785278,0.0,0.7738910270231777,0.0
0.80346590965741,0.0,0.773973389888782,0.0
0.8035770573362924,0.0,0.7740557527543862,0.0
0.8036882050151746,0.0,0.7741381156199905,0.0
0.8037993526940568,0.0,0.7742443918965355,0.0
0.8039215036523842,0.0,0.7743267547621397,0.0
0.8040493413410423,0.0,0.7744330310386847,0.0
0.8041245477010959,0.0,0.774544178717567,0.0
0.8041997540611494,0.0,0.774682474276171,0.0
0.804274960421203,0.0,0.7747648371417752,0.0
0.8043501667812564,0.0,0.7748195137857332,0.0
0.8044780044699145,0.0,0.7749018766513375,0.0
0.804553210829968,0.0,0.7750119481645463,0.0
0.8046284171900215,0.0,0.7751220196777551,0.0
0.8047356967988436,0.0,0.7752331673566374,0.0
0.8048635344875017,0.0,0.7753443150355196,0.0
0.8049708140963238,0.0,0.7754554627144018,0.0
0.8050986517849817,0.0,0.7755666103932841,0.0
0.8052264894736398,0.0,0.7756777580721663,0.0
0.8053543271622979,0.0,0.7757601209377706,0.0
0.8054821648509559,0.0,0.7758353272978241,0.0
0.8056076014500239,0.0,0.7759105336578777,0.0
0.805735439138682,0.0,0.7759857400179312,0.0
0.8058608757377498,0.0,0.7760609463779847,0.0
0.8059386083055524,0.0,0.7761628337161042,0.0
0.8060163408733552,0.0,0.7762380400761577,0.0
0.8062642834744447,0.0,0.7763399274142773,0.0
0.8065122260755342,0.0,0.7764238618298767,0.0
0.8067601686766236,0.0,0.7764751455027976,0.0
0.8070081112777131,0.0,0.7765264291757186,0.0
0.8072560538788026,0.0,0.7765777128486395,0.0
0.8073214060009541,0.0,0.7766289965215605,0.0
0.8075693486020437,0.0,0.7766802801944813,0.0
0.8078172912031332,0.0,0.7767349153121904,0.0
0.8080652338042227,0.0,0.7767895504298995,0.0
0.8081880735028046,0.0,0.7768914377680189,0.0
0.8082658060706074,0.0,0.7770156093221776,0.0
0.80834353863841,0.0,0.7771397808763363,0.0
0.808478158115243,0.0,0.7771944159940454,0.0
0.808591202138255,0.0,0.7772696223540989,0.0
0.8087070008164768,0.0,0.777376901962921,0.0
0.8088416202933099,0.0,0.777484181571743,0.0
0.8089762397701429,0.0,0.7776083531259016,0.0
0.8091108592469759,0.0,0.7777325246800603,0.0
0.8092239032699878,0.0,0.777865040941793,0.0
0.8093585227468209,0.0,0.7779669282799125,0.0
0.8094931422236539,0.0,0.7780688156180321,0.0
0.8096061862466658,0.0,0.7781846086133122,0.0
0.8097192302696777,0.0,0.7783004016085923,0.0
0.8098293017828866,0.0,0.7784104731218011,0.0
0.8099393732960954,0.0,0.77852054463501,0.0
0.8100494448093043,0.0,0.7786306161482188,0.0
0.8101595163225132,0.0,0.7787406876614277,0.0
0.810269587835722,0.0,0.7789545249161192,0.0
0.8103796593489309,0.0,0.7791683621708105,0.0
0.8105934966036222,0.0,0.779382199425502,0.0
0.8107065406266343,0.0,0.7794840867636216,0.0
0.8109203778813258,0.0,0.7796979240183131,0.0
0.8110364801849366,0.0,0.7799117612730045,0.0
0.811250317439628,0.0,0.780013648611124,0.0
0.811366419743239,0.0,0.7801419515789538,0.0
0.8115802569979305,0.0,0.7802702545467836,0.0
0.8117940942526218,0.0,0.7803985575146134,0.0
0.8119101965562328,0.0,0.7805268604824431,0.0
0.8120427128179655,0.0,0.780655163450273,0.0
0.8121752290796982,0.0,0.7807482990666649,0.0
0.8122913313833091,0.0,0.7808414346830567,0.0
0.8124238476450418,0.0,0.7809345702994486,0.0
0.8125563639067745,0.0,0.7810670865611813,0.0
0.8126888801685073,0.0,0.781199602822914,0.0
0.81282139643024,0.0,0.7812927384393059,0.0
0.8129539126919727,0.0,0.7814252547010386,0.0
0.8130864289537055,0.0,0.7815577709627713,0.0
0.8132025312573163,0.0,0.7816902872245041,0.0
0.8133186335609273,0.0,0.7818228034862368,0.0
0.8134344265562073,0.0,0.7819553197479695,0.0
0.8135502195514875,0.0,0.7819717107693903,0.0
0.8136660125467676,0.0,0.7819881017908112,0.0
0.8137818055420477,0.0,0.782004492812232,0.0
0.8138979078456586,0.0,0.7820208838336529,0.0
0.8140137008409387,0.0,0.7821140194500448,0.0
0.8141294938362189,0.0,0.7822071550664367,0.0
0.814245466060777,0.0,0.7822756320589928,0.0
0.8143614382853351,0.0,0.7823687676753845,0.0
0.8144775405889461,0.0,0.7824200513483055,0.0
0.8145935128135041,0.0,0.7824713350212265,0.0
0.8147094850380623,0.0,0.7825226186941474,0.0
0.8148254572626205,0.0,0.7826384116894275,0.0
0.8149414294871785,0.0,0.7827542046847076,0.0
0.8150575317907894,0.0,0.7828473403010995,0.0
0.8151323711806164,0.0,0.783004805730248,0.0
0.8152072105704434,0.0,0.7831622711593966,0.0
0.8153320163884663,0.0,0.7832761605645839,0.0
0.8154568222064892,0.0,0.7833900499697714,0.0
0.8155816280245122,0.0,0.7834488272809019,0.0
0.815706433842535,0.0,0.7835771302487317,0.0
0.8158220989673796,0.0,0.7836929232440119,0.0
0.8159469047854024,0.0,0.7838087162392919,0.0
0.8160717106034253,0.0,0.7839246884638501,0.0
0.8161873757282698,0.0,0.7840406606884082,0.0
0.8163030408531142,0.0,0.7841566329129663,0.0
0.8164187059779587,0.0,0.7842726051375245,0.0
0.816532595383146,0.0,0.7843885773620826,0.0
0.8166482605079906,0.0,0.7845045495866407,0.0
0.8167639256328351,0.0,0.7845633268977713,0.0
0.8168778150380224,0.0,0.7845797179191921,0.0
0.8169917044432097,0.0,0.784596108940613,0.0
0.8171073695680542,0.0,0.7846124999620339,0.0
0.8172212589732415,0.0,0.7847415321132953,0.0
0.8173351483784289,0.0,0.7848238949788995,0.0
0.8174490377836162,0.0,0.784952927130161,0.0
0.8175780699348777,0.0,0.7850611242494963,0.0
0.8177071020861391,0.0,0.7851693213688314,0.0
0.8178361342374005,0.0,0.7852941271868543,0.0
0.8178853219029582,0.0,0.7854189330048773,0.0
0.8179492095293339,0.0,0.7855437388229002,0.0
0.8180130971557096,0.0,0.7856685446409231,0.0
0.8180769847820853,0.0,0.7857933504589459,0.0
0.8181408724084611,0.0,0.7859181562769689,0.0
0.8182047600348368,0.0,0.7860005191425732,0.0
0.8183204251596813,0.0,0.7861485321662177,0.0
0.8184316216320121,0.0,0.786262421571405,0.0
0.8184955092583879,0.0,0.7863984010976615,0.0
0.8186209458574558,0.0,0.7865343806239179,0.0
0.8187463824565236,0.0,0.7866703601501743,0.0
0.8188718190555915,0.0,0.7867334312593013,0.0
0.8189830155279224,0.0,0.7868694107855577,0.0
0.8191084521269902,0.0,0.7870077063441618,0.0
0.8192374842782517,0.0,0.7871460019027658,0.0
0.8193665164295132,0.0,0.78728429746137,0.0
0.8194883694284039,0.0,0.7874202769876264,0.0
0.8196102224272945,0.0,0.7875585725462304,0.0
0.8197214188996255,0.0,0.7876968681048345,0.0
0.8198432718985161,0.0,0.7878107575100218,0.0
0.8199544683708471,0.0,0.7879246469152091,0.0
0.8200763213697377,0.0,0.7880385363203966,0.0
0.8201875178420687,0.0,0.7881675684716579,0.0
0.8203103575406507,0.0,0.7882966006229194,0.0
0.8204331972392327,0.0,0.7884256327741809,0.0
0.8205560369378148,0.0,0.7885546649254422,0.0
0.8206672334101457,0.0,0.7886906444516987,0.0
0.8207962655614071,0.0,0.7888266239779551,0.0
0.8209044626807424,0.0,0.7889007977755337,0.0
0.8210126598000775,0.0,0.7890367773017901,0.0
0.8211238562724085,0.0,0.7891449744211254,0.0
0.8212320533917437,0.0,0.7892531715404606,0.0
0.821340250511079,0.0,0.7893613686597959,0.0
0.8214484476304141,0.0,0.7894695657791311,0.0
0.8215596441027451,0.0,0.7895714531172506,0.0
0.8216678412220803,0.0,0.7896797175059661,0.0
0.8217677332445398,0.0,0.7897879818946815,0.0
0.8218759976332551,0.0,0.789889869232801,0.0
0.8219842620219706,0.0,0.7899640430303796,0.0
0.82208415404443,0.0,0.7900271141395065,0.0
0.8221840460668896,0.0,0.7900901852486335,0.0
0.8222923104556049,0.0,0.7901920725867531,0.0
0.8224005748443204,0.0,0.7903003369754684,0.0
0.8225004668667799,0.0,0.7904086013641839,0.0
0.8226087312554953,0.0,0.7905168657528994,0.0
0.8227169956442107,0.0,0.7906251301416147,0.0
0.8227748539072909,0.0,0.7906829884046949,0.0
0.8228697243074713,0.0,0.7907632446913051,0.0
0.8229275825705513,0.0,0.7908211029543852,0.0
0.8229854408336315,0.0,0.7908789612174654,0.0
0.8230432990967116,0.0,0.7909368194805454,0.0
0.823138169496892,0.0,0.7910170757671556,0.0
0.8232539681751139,0.0,0.7911102113835475,0.0
0.823311826438194,0.0,0.7911680696466277,0.0
0.8234066968383744,0.0,0.7912392338381304,0.0
0.8234645551014546,0.0,0.7913103980296332,0.0
0.823559425501635,0.0,0.7913514145849211,0.0
0.8236542959018154,0.0,0.7914255883824998,0.0
0.8237156688434769,0.0,0.7915027943225432,0.0
0.8238105392436573,0.0,0.7915800002625868,0.0
0.8239054096438378,0.0,0.7916336260592686,0.0
0.8239667825854994,0.0,0.7917656201869285,0.0
0.824028155527161,0.0,0.7918976143145884,0.0
0.8240895284688226,0.0,0.7919554725776685,0.0
0.8241509014104842,0.0,0.7920326785177121,0.0
0.8242457718106646,0.0,0.7920940514593736,0.0
0.8242993976073464,0.0,0.7921712573994172,0.0
0.8243530234040282,0.0,0.7922326303410788,0.0
0.8244066492007099,0.0,0.7922940032827404,0.0
0.8244602749973917,0.0,0.792355376224402,0.0
0.8245139007940735,0.0,0.7924167491660635,0.0
0.8245675265907553,0.0,0.7924939551061071,0.0
0.824621152387437,0.0,0.7925475809027889,0.0
0.8247369510656589,0.0,0.7926012066994707,0.0
0.8248318214658393,0.0,0.79269070983729,0.0
0.8248854472625211,0.0,0.7927679157773334,0.0
0.8249616137169246,0.0,0.7928113389437543,0.0
0.8250377801713279,0.0,0.7928547621101752,0.0
0.8251535788495498,0.0,0.7929007741028875,0.0
0.8252572203053522,0.0,0.7929467860955998,0.0
0.8253608617611546,0.0,0.7929927980883121,0.0
0.8254645032169571,0.0,0.7930388100810244,0.0
0.8255406696713604,0.0,0.793116016021068,0.0
0.8255814953214311,0.0,0.7932640290447125,0.0
0.8256573409147374,0.0,0.7933050456000005,0.0
0.8257186530684605,0.0,0.7933586713966823,0.0
0.8257944986617668,0.0,0.793412297193364,0.0
0.8258703442550731,0.0,0.7934659229900458,0.0
0.8259111699051438,0.0,0.7935195487867276,0.0
0.8259519955552144,0.0,0.7935731745834094,0.0
0.825992821205285,0.0,0.7936504509358651,0.0
0.8260686667985914,0.0,0.7937277272883209,0.0
0.8261449971663626,0.0,0.7938050036407766,0.0
0.8261858228164333,0.0,0.7939530166644212,0.0
0.8262630991688891,0.0,0.7941104820935697,0.0
0.8263403755213448,0.0,0.7942679475227183,0.0
0.8264162211146511,0.0,0.7944254129518669,0.0
0.8265944317104937,0.0,0.7945015794062703,0.0
0.8267726423063364,0.0,0.7945777458606738,0.0
0.8268484878996426,0.0,0.7946685507149408,0.0
0.8270266984954853,0.0,0.7947593555692078,0.0
0.8271025440887916,0.0,0.7948355220236113,0.0
0.8271783896820979,0.0,0.794876347673682,0.0
0.8272542352754041,0.0,0.794967152527949,0.0
0.8273034229409617,0.0,0.7950579573822162,0.0
0.827379268534268,0.0,0.7951487622364832,0.0
0.8274551141275742,0.0,0.7951874600326309,0.0
0.827532846695377,0.0,0.7952261578287786,0.0
0.8276364881511794,0.0,0.7952649596592865,0.0
0.8277401296069818,0.0,0.7953037614897944,0.0
0.8278174059594375,0.0,0.7953425633203024,0.0
0.8278946823118933,0.0,0.7955148441359968,0.0
0.827971958664349,0.0,0.7955556697860675,0.0
0.8280492350168048,0.0,0.7955964954361382,0.0
0.8281265113692605,0.0,0.7956373210862089,0.0
0.8282037877217163,0.0,0.7958096019019032,0.0
0.828281064074172,0.0,0.7959818827175976,0.0
0.8283197618703197,0.0,0.7960227083676683,0.0
0.8283584596664674,0.0,0.7960999847201241,0.0
0.8284742583446892,0.0,0.7961772610725798,0.0
0.8285129561408369,0.0,0.7962545374250356,0.0
0.8285516539369845,0.0,0.7963318137774913,0.0
0.8285903517331322,0.0,0.7963482047989122,0.0
0.8286939931889347,0.0,0.796364595820333,0.0
0.8287981171426275,0.0,0.7964540989581522,0.0
0.8288368149387751,0.0,0.7965436020959715,0.0
0.8288755127349229,0.0,0.7966331052337907,0.0
0.8289913114131446,0.0,0.79672260837161,0.0
0.8291154156639444,0.0,0.7967998847240658,0.0
0.8292395199147442,0.0,0.7968771610765215,0.0
0.829355318592966,0.0,0.7969158588726691,0.0
0.8294794228437657,0.0,0.7969545566688169,0.0
0.8296035270945655,0.0,0.7971268374845113,0.0
0.8297276313453652,0.0,0.7971655352806589,0.0
0.829851735596165,0.0,0.7972042330768065,0.0
0.8299735885950557,0.0,0.7972429308729543,0.0
0.8300954415939464,0.0,0.7974152116886487,0.0
0.8301995655476393,0.0,0.797587492504343,0.0
0.8303214185465301,0.0,0.7977597733200374,0.0
0.8303602203770379,0.0,0.7978180912642944,0.0
0.8303990222075459,0.0,0.7978568930948023,0.0
0.8304378240380539,0.0,0.7978956949253103,0.0
0.8304766258685619,0.0,0.7979344967558183,0.0
0.8305154276990698,0.0,0.7981067775715127,0.0
0.8305542295295778,0.0,0.7981455794020207,0.0
0.8306583534832707,0.0,0.7982258356886309,0.0
0.8307624774369635,0.0,0.7983099841447118,0.0
0.8308666013906564,0.0,0.7983941326007926,0.0
0.8309054032211644,0.0,0.7984782810568736,0.0
0.8310036308892369,0.0,0.7985624295129544,0.0
0.8310877793453177,0.0,0.7986465779690354,0.0
0.8311719278013987,0.0,0.798719142907979,0.0
0.8312560762574795,0.0,0.7987917078469227,0.0
0.8313402247135604,0.0,0.7988080988683436,0.0
0.8314384523816329,0.0,0.7988714433363105,0.0
0.8315542510598547,0.0,0.7989347878042776,0.0
0.8316383995159357,0.0,0.7989981322722446,0.0
0.8317366271840081,0.0,0.7990614767402117,0.0
0.8317771147245315,0.0,0.7991248212081787,0.0
0.831817602265055,0.0,0.7991881656761457,0.0
0.8318580898055783,0.0,0.7992286532166691,0.0
0.8318985773461017,0.0,0.7992691407571926,0.0
0.8319390648866252,0.0,0.7993096282977159,0.0
0.8319795524271485,0.0,0.7993501158382393,0.0
0.8320200399676719,0.0,0.7993906033787628,0.0
0.8321182676357444,0.0,0.7994310909192861,0.0
0.8322164953038169,0.0,0.7994715784598095,0.0
0.8322569828443404,0.0,0.799512066000333,0.0
0.8322974703848637,0.0,0.7995525535408563,0.0
0.8323557883291207,0.0,0.7996108714851133,0.0
0.8324715870073425,0.0,0.7997195466511261,0.0
0.8325299049515994,0.0,0.7997684637228624,0.0
0.8325882228958564,0.0,0.7998173807945986,0.0
0.8326810208911452,0.0,0.799866297866335,0.0
0.8327738188864339,0.0,0.7999152149380713,0.0
0.8328666168817227,0.0,0.7999641320098075,0.0
0.8329249348259796,0.0,0.8000366969487512,0.0
0.8329832527702365,0.0,0.8002080945724444,0.0
0.8330415707144935,0.0,0.8003794921961376,0.0
0.8331049151824605,0.0,0.8004597484827477,0.0
0.8331682596504276,0.0,0.8005180664270047,0.0
0.8332316041183946,0.0,0.800598322713615,0.0
0.8332949485863617,0.0,0.8006785790002252,0.0
0.8333582930543287,0.0,0.8007368969444821,0.0
0.8334510910496175,0.0,0.8007952148887391,0.0
0.8335144355175844,0.0,0.800853532832996,0.0
0.8335777799855515,0.0,0.8009421827225651,0.0
0.8336411244535186,0.0,0.8010224390091754,0.0
0.8337339224488073,0.0,0.8011026952957856,0.0
0.8337972669167744,0.0,0.8011913451853547,0.0
0.8338389323892516,0.0,0.8012799950749239,0.0
0.8338805978617287,0.0,0.8013433395428908,0.0
0.8339733958570175,0.0,0.8014066840108579,0.0
0.8340150613294948,0.0,0.801470028478825,0.0
0.834056726801972,0.0,0.8015116939513022,0.0
0.8341378020607938,0.0,0.8015533594237794,0.0
0.8342188773196156,0.0,0.8015950248962566,0.0
0.8342999525784375,0.0,0.8016858297505237,0.0
0.8343416180509147,0.0,0.8017937267442785,0.0
0.8344226933097365,0.0,0.8018845315985456,0.0
0.8344643222296007,0.0,0.8019753364528127,0.0
0.8345059511494648,0.0,0.8020639863423817,0.0
0.8345475800693289,0.0,0.8021547911966489,0.0
0.8345892089891931,0.0,0.8022867853243087,0.0
0.8346702842480149,0.0,0.8024187794519687,0.0
0.8348277496771636,0.0,0.8024604449244459,0.0
0.8349088249359854,0.0,0.8025512497787131,0.0
0.8350662903651339,0.0,0.8025929152511903,0.0
0.8351945933329638,0.0,0.8027398247647828,0.0
0.8353228963007935,0.0,0.8027814536846469,0.0
0.8354511992686233,0.0,0.8028230826045111,0.0
0.8355795022364532,0.0,0.8028647115243752,0.0
0.8357078052042829,0.0,0.8029063404442394,0.0
0.8357888804631047,0.0,0.8030532499578318,0.0
0.8358973194684863,0.0,0.8031253776840304,0.0
0.836046450816907,0.0,0.8032722871976229,0.0
0.8361747537847367,0.0,0.8033609370871919,0.0
0.8362163827046009,0.0,0.803449586976761,0.0
0.8363655140530215,0.0,0.8035004770953508,0.0
0.8365146454014422,0.0,0.8035421060152149,0.0
0.8365562743213063,0.0,0.8036901190388595,0.0
0.836600484014504,0.0,0.8038381320625041,0.0
0.8366446937077019,0.0,0.8038797609823682,0.0
0.8366889034008996,0.0,0.803923970675566,0.0
0.8368380347493203,0.0,0.8039681803687638,0.0
0.8369464737547019,0.0,0.8040123900619616,0.0
0.8369906834478996,0.0,0.8040849550009053,0.0
0.8371398147963203,0.0,0.804157519939849,0.0
0.8372889461447409,0.0,0.8042017296330467,0.0
0.8373971203794051,0.0,0.8042742945719904,0.0
0.8375052946140692,0.0,0.8043714415807032,0.0
0.8376134688487334,0.0,0.8044316677234173,0.0
0.8377216430833976,0.0,0.8045540476473811,0.0
0.8378829999090008,0.0,0.8046764275713448,0.0
0.837991174143665,0.0,0.8047489925102885,0.0
0.8381518457373169,0.0,0.8048091912619033,0.0
0.8383125173309689,0.0,0.804881756200847,0.0
0.838420691565633,0.0,0.8049419549524618,0.0
0.838581363159285,0.0,0.8049847539594417,0.0
0.8386895373939492,0.0,0.8050275529664216,0.0
0.8388677479897919,0.0,0.8050769046260466,0.0
0.838975922224456,0.0,0.8051262562856716,0.0
0.839018721231436,0.0,0.8051756079452965,0.0
0.8390615202384158,0.0,0.8052249596049215,0.0
0.8391108718980408,0.0,0.8052743112645464,0.0
0.8391602235576657,0.0,0.8053236629241715,0.0
0.8392095752172908,0.0,0.8053730145837964,0.0
0.8392589268769157,0.0,0.8054223662434213,0.0
0.8393082785365407,0.0,0.8054717179030463,0.0
0.8393576301961656,0.0,0.805522608021636,0.0
0.8394069818557905,0.0,0.8055951729605796,0.0
0.8394563335154156,0.0,0.8057038481265923,0.0
0.8395056851750405,0.0,0.805776413065536,0.0
0.8395565752936301,0.0,0.8058735600742488,0.0
0.8396074654122199,0.0,0.8059707070829616,0.0
0.8396583555308095,0.0,0.8060678540916744,0.0
0.8397665297654736,0.0,0.806165001100387,0.0
0.8398174198840633,0.0,0.8062158912189767,0.0
0.8398683100026529,0.0,0.8062870554104795,0.0
0.8399192001212427,0.0,0.8063379455290691,0.0
0.8399700902398323,0.0,0.8063888356476588,0.0
0.840020980358422,0.0,0.8064397257662484,0.0
0.8400811791100368,0.0,0.8064906158848382,0.0
0.8401413778616517,0.0,0.8065415060034278,0.0
0.8402775626448892,0.0,0.8066017047550427,0.0
0.8403377613965041,0.0,0.8066619035066575,0.0
0.8404739461797416,0.0,0.8067221022582723,0.0
0.8405341449313564,0.0,0.806842282085297,0.0
0.8405943436829713,0.0,0.8069624619123217,0.0
0.8407305284662088,0.0,0.8070826417393463,0.0
0.8408625225938687,0.0,0.8072447921210751,0.0
0.8409945167215286,0.0,0.8074069425028039,0.0
0.8411307015047662,0.0,0.8075690928845327,0.0
0.8412668862880037,0.0,0.8077312432662614,0.0
0.8414030710712412,0.0,0.8078933936479903,0.0
0.8415392558544788,0.0,0.808055544029719,0.0
0.8416184744987947,0.0,0.8082176944114479,0.0
0.8417759399279433,0.0,0.8083798447931766,0.0
0.8419334053570918,0.0,0.808430926657957,0.0
0.8420908707862405,0.0,0.8086023242816501,0.0
0.8422057131417507,0.0,0.8086625504243644,0.0
0.8423205554972611,0.0,0.8087227765670787,0.0
0.8424353978527716,0.0,0.8088494893560775,0.0
0.8425146164970875,0.0,0.8089762021450763,0.0
0.8425656983618679,0.0,0.809102914934075,0.0
0.8426805407173782,0.0,0.8092650653158039,0.0
0.8427953830728886,0.0,0.8093799076713142,0.0
0.842846464937669,0.0,0.8094947500268246,0.0
0.8429043189066877,0.0,0.809609592382335,0.0
0.8429621728757065,0.0,0.8097809900060281,0.0
0.8430200268447253,0.0,0.8099523876297212,0.0
0.8430711087095057,0.0,0.8100672299852316,0.0
0.8431221905742861,0.0,0.810182072340742,0.0
0.8431800445433049,0.0,0.8103534699644351,0.0
0.8432378985123237,0.0,0.8104113239334539,0.0
0.8432957524813425,0.0,0.8104691779024727,0.0
0.8433659232198824,0.0,0.8105270318714914,0.0
0.8434218892545058,0.0,0.8105848858405102,0.0
0.8434778552891291,0.0,0.8106408518751337,0.0
0.8435338213237525,0.0,0.8106968179097571,0.0
0.8436039920622924,0.0,0.8107543065480228,0.0
0.8436741628008324,0.0,0.8108117951862884,0.0
0.8437820597945872,0.0,0.8108692838245541,0.0
0.8438522305331271,0.0,0.8109267724628199,0.0
0.8439309570465842,0.0,0.8109842611010856,0.0
0.8440101756909001,0.0,0.8110354457472607,0.0
0.844089394335216,0.0,0.8110932997162795,0.0
0.844221388462876,0.0,0.8111511536852983,0.0
0.8443533825905359,0.0,0.8112071197199218,0.0
0.8444518730840438,0.0,0.8112630857545452,0.0
0.8445078391186672,0.0,0.8113190517891685,0.0
0.8445638051532905,0.0,0.8114073257381278,0.0
0.8446212937915563,0.0,0.8115340385271266,0.0
0.844678782429822,0.0,0.8116607513161254,0.0
0.8447362710680877,0.0,0.8117490252650846,0.0
0.8447937597063534,0.0,0.8118277517785416,0.0
0.8448512483446191,0.0,0.8118979225170816,0.0
0.8449024329907943,0.0,0.8119680932556215,0.0
0.8450009234843021,0.0,0.8120382639941615,0.0
0.8450521081304774,0.0,0.8121084347327013,0.0
0.8451935112218417,0.0,0.8121967086816606,0.0
0.8453349143132062,0.0,0.8122477905464409,0.0
0.845429324412098,0.0,0.8122988724112213,0.0
0.845771017593528,0.0,0.8123499542760018,0.0
0.846112710774958,0.0,0.8124701341030264,0.0
0.8464544039563879,0.0,0.8125903139300511,0.0
0.8465488140552798,0.0,0.8126785878790104,0.0
0.8468905072367099,0.0,0.812798767706035,0.0
0.8469849173356017,0.0,0.8129189475330597,0.0
0.8470793274344935,0.0,0.8130391273600844,0.0
0.8471737375333854,0.0,0.8130948605002815,0.0
0.847295183373713,0.0,0.8131460451464567,0.0
0.8474166292140405,0.0,0.8131972297926319,0.0
0.8475380750543681,0.0,0.813248414438807,0.0
0.8475892597005433,0.0,0.8132995990849823,0.0
0.8476404443467185,0.0,0.8133507837311574,0.0
0.8476916289928936,0.0,0.8134019683773327,0.0
0.8477860390917855,0.0,0.8134608447449404,0.0
0.8478372237379607,0.0,0.8135197211125481,0.0
0.8478884083841359,0.0,0.8135785974801558,0.0
0.8479472847517436,0.0,0.8136668714291151,0.0
0.8480061611193513,0.0,0.8137551453780743,0.0
0.848065037486959,0.0,0.8138140217456821,0.0
0.8481594475858509,0.0,0.8139022956946412,0.0
0.8482538576847428,0.0,0.8139870722389532,0.0
0.8483482677836346,0.0,0.8140718487832651,0.0
0.8484071441512423,0.0,0.8142262979550026,0.0
0.8484624101731693,0.0,0.8143807471267399,0.0
0.8485176761950961,0.0,0.814536076415404,0.0
0.8485729422170231,0.0,0.8146905255871414,0.0
0.848652160861339,0.0,0.8148449747588787,0.0
0.8487074268832658,0.0,0.8149716875478776,0.0
0.8487626929051928,0.0,0.8150269535698045,0.0
0.8488179589271196,0.0,0.8150822195917313,0.0
0.8488971775714356,0.0,0.8151374856136583,0.0
0.8489763962157515,0.0,0.8152928149023223,0.0
0.8490321293559486,0.0,0.8153480809242493,0.0
0.8491113480002646,0.0,0.8154033469461761,0.0
0.8491670811404617,0.0,0.8154586129681031,0.0
0.8492522290297609,0.0,0.8155632584952198,0.0
0.8493079621699581,0.0,0.8156189916354168,0.0
0.8493636953101552,0.0,0.8157236371625336,0.0
0.8494488431994545,0.0,0.8157709276132566,0.0
0.8495045763396516,0.0,0.815872172133368,0.0
0.8495897242289508,0.0,0.8159244042969044,0.0
0.849645457369148,0.0,0.8160256488170157,0.0
0.849692747819871,0.0,0.816077880980552,0.0
0.8497778957091703,0.0,0.8161301131440883,0.0
0.8498863347145519,0.0,0.8161823453076247,0.0
0.8499336251652749,0.0,0.8162345774711611,0.0
0.8500187730545742,0.0,0.8162868096346975,0.0
0.8500660635052972,0.0,0.8163390417982338,0.0
0.8501512113945966,0.0,0.8163947749384308,0.0
0.8502034435581329,0.0,0.816450508078628,0.0
0.8502885914474322,0.0,0.8165517525987394,0.0
0.8503408236109685,0.0,0.8166074857389364,0.0
0.8504610034379932,0.0,0.8167069097554315,0.0
0.8505811832650179,0.0,0.8167626428956286,0.0
0.8507013630920426,0.0,0.8168805550590202,0.0
0.8508635134737714,0.0,0.8169984672224119,0.0
0.8510256638555002,0.0,0.8171163793858035,0.0
0.851187814237229,0.0,0.8172144581760938,0.0
0.8513499646189577,0.0,0.8173138821925888,0.0
0.8515121150006866,0.0,0.8174329917492489,0.0
0.8516742653824153,0.0,0.8175521013059089,0.0
0.8518364157641442,0.0,0.8176712108625689,0.0
0.8519985661458729,0.0,0.817770634879064,0.0
0.8521121665874909,0.0,0.817889744435724,0.0
0.8522743169692196,0.0,0.8180164572247228,0.0
0.852326549132756,0.0,0.8180637476754459,0.0
0.8523787812962924,0.0,0.818163171691941,0.0
0.8524310134598287,0.0,0.8182625957084361,0.0
0.8524832456233651,0.0,0.8183098861591591,0.0
0.8525354777869014,0.0,0.8183810503506619,0.0
0.8525877099504378,0.0,0.8184989625140535,0.0
0.8526399421139741,0.0,0.8186168746774451,0.0
0.8527578542773657,0.0,0.8186671554725544,0.0
0.8528757664407574,0.0,0.8187383196640572,0.0
0.852993678604149,0.0,0.8187886004591666,0.0
0.8531115907675406,0.0,0.8188388812542758,0.0
0.8532295029309322,0.0,0.8189100454457786,0.0
0.8533474150943239,0.0,0.818960326240888,0.0
0.8534653272577155,0.0,0.8190106070359973,0.0
0.8535789276993335,0.0,0.8190608878311066,0.0
0.8536292084944429,0.0,0.8191320520226094,0.0
0.8537428089360608,0.0,0.8192531358790882,0.0
0.8537930897311702,0.0,0.8193053680426247,0.0
0.8538433705262795,0.0,0.819357600206161,0.0
0.8539569709678975,0.0,0.8194755123695526,0.0
0.8540072517630068,0.0,0.8195934245329443,0.0
0.8540575325581161,0.0,0.8196721510464012,0.0
0.8541078133532255,0.0,0.8197932349028801,0.0
0.8542214137948434,0.0,0.8198719614163371,0.0
0.8543350142364614,0.0,0.8199691084250499,0.0
0.8544486146780794,0.0,0.8200901922815287,0.0
0.8545187616782328,0.0,0.8201873392902415,0.0
0.8545889086783862,0.0,0.8202721158345534,0.0
0.8546590556785396,0.0,0.8203568923788653,0.0
0.854729202678693,0.0,0.8204779762353441,0.0
0.8547993496788464,0.0,0.8205627527796561,0.0
0.8549129501204643,0.0,0.820647529323968,0.0
0.8550265505620823,0.0,0.8207323058682799,0.0
0.8550705802062654,0.0,0.8208170824125919,0.0
0.8551146098504484,0.0,0.8209381662690708,0.0
0.8551586394946314,0.0,0.8210572758257307,0.0
0.8552026691388145,0.0,0.8211751879891224,0.0
0.8552466987829975,0.0,0.8212962718456013,0.0
0.8553126050386858,0.0,0.8213975163657126,0.0
0.855378511294374,0.0,0.821439589383261,0.0
0.8554444175500623,0.0,0.8215097363834144,0.0
0.8555961973531888,0.0,0.8215798833835678,0.0
0.8556621036088771,0.0,0.8216500303837211,0.0
0.8557280098645653,0.0,0.8217201773838745,0.0
0.8557939161202536,0.0,0.8217903243840279,0.0
0.8558598223759418,0.0,0.8218915689041393,0.0
0.8559257286316301,0.0,0.8219355985483223,0.0
0.8559916348873183,0.0,0.8219796281925054,0.0
0.8560575411430066,0.0,0.8220236578366884,0.0
0.8561234473986948,0.0,0.8220676874808714,0.0
0.8561655204162432,0.0,0.8221117171250545,0.0
0.8562075934337916,0.0,0.8221776233807427,0.0
0.856359373236918,0.0,0.8222563498941997,0.0
0.8565111530400445,0.0,0.8223144627853479,0.0
0.856553226057593,0.0,0.8225576941343243,0.0
0.8565952990751413,0.0,0.8228009254833006,0.0
0.8566373720926898,0.0,0.8228668317389889,0.0
0.8567891518958162,0.0,0.8229327379946771,0.0
0.8569483476065723,0.0,0.8231759693436536,0.0
0.8571075433173284,0.0,0.8232418755993418,0.0
0.8571496163348767,0.0,0.8233077818550301,0.0
0.8572910194262412,0.0,0.8233736881107183,0.0
0.8573994584316228,0.0,0.8234395943664066,0.0
0.8575408615229871,0.0,0.8235055006220948,0.0
0.8577000572337432,0.0,0.8235714068777831,0.0
0.8578607288273952,0.0,0.8236373131334713,0.0
0.8580214004210471,0.0,0.8237032193891596,0.0
0.8580592301414788,0.0,0.823745292406708,0.0
0.8582184258522348,0.0,0.8237873654242563,0.0
0.8583776215629909,0.0,0.823862256750564,0.0
0.8584154512834224,0.0,0.8239371480768717,0.0
0.8585746469941786,0.0,0.8241803794258481,0.0
0.858716050085543,0.0,0.8242552707521557,0.0
0.8588427628745418,0.0,0.8243301620784633,0.0
0.8590019585852979,0.0,0.8245733934274397,0.0
0.8591286713742967,0.0,0.8248166247764162,0.0
0.8592553841632955,0.0,0.8248953512898731,0.0
0.8593820969522943,0.0,0.8249374243074216,0.0
0.8595088097412931,0.0,0.8249794973249699,0.0
0.8596289895683177,0.0,0.8252227286739463,0.0
0.8597491693953424,0.0,0.8254659600229226,0.0
0.8599083651060985,0.0,0.8255490062771323,0.0
0.8600285449331232,0.0,0.8255910792946808,0.0
0.8601487247601479,0.0,0.8256491921858289,0.0
0.8602689045871725,0.0,0.8257073050769771,0.0
0.8603270174783207,0.0,0.8257903513311868,0.0
0.860385130369469,0.0,0.825848464222335,0.0
0.8604432432606172,0.0,0.8259251627325989,0.0
0.8604696552206251,0.0,0.8259671330919253,0.0
0.8604960671806332,0.0,0.8260438316021891,0.0
0.8605224791406412,0.0,0.8261205301124529,0.0
0.8605805920317894,0.0,0.8261625004717794,0.0
0.8606070039917973,0.0,0.8262391989820432,0.0
0.8607327461785257,0.0,0.8262811693413696,0.0
0.8607747165378521,0.0,0.8263360833819349,0.0
0.8608831555432337,0.0,0.8264127818921988,0.0
0.8610088977299619,0.0,0.826467695932764,0.0
0.8611346399166903,0.0,0.8267112632803594,0.0
0.8611766102760167,0.0,0.8268159088074761,0.0
0.861302352462745,0.0,0.8268908001337838,0.0
0.8613443228220714,0.0,0.8269656914600915,0.0
0.8613992368626366,0.0,0.8269835145392862,0.0
0.861524979049365,0.0,0.8270013376184809,0.0
0.8615798930899302,0.0,0.8270191606976756,0.0
0.8617056352766586,0.0,0.8270369837768703,0.0
0.8617605493172238,0.0,0.8270757258133176,0.0
0.861815463357789,0.0,0.8271144678497647,0.0
0.8619412055445174,0.0,0.82716938189033,0.0
0.8619961195850826,0.0,0.8272242959308953,0.0
0.8621218617718109,0.0,0.8272792099714605,0.0
0.8621767758123762,0.0,0.8273341240120258,0.0
0.8622316898529415,0.0,0.8273890380525911,0.0
0.8623369062905902,0.0,0.8274942544902399,0.0
0.8624421227282391,0.0,0.8275994709278887,0.0
0.8625473391658879,0.0,0.8277046873655375,0.0
0.8626525556035367,0.0,0.8278099038031863,0.0
0.8627577720411855,0.0,0.8279151202408351,0.0
0.8628835142279139,0.0,0.828091277672239,0.0
0.8629887306655627,0.0,0.8282674351036429,0.0
0.863043760310244,0.0,0.8284435925350466,0.0
0.8630987899549253,0.0,0.8285482380621634,0.0
0.8631538195996066,0.0,0.8287918054097588,0.0
0.8631716426788013,0.0,0.8288964509368755,0.0
0.8632266723234826,0.0,0.8290175347933544,0.0
0.8632444954026773,0.0,0.8291386186498332,0.0
0.8632623184818721,0.0,0.829243835087482,0.0
0.8632801415610668,0.0,0.8293649189439609,0.0
0.8632979646402615,0.0,0.829451967305805,0.0
0.8633157877194562,0.0,0.829539015667649,0.0
0.8633336107986509,0.0,0.8295568387468437,0.0
0.8633723528350982,0.0,0.8296438871086879,0.0
0.8634110948715453,0.0,0.8296617101878825,0.0
0.8634661245162266,0.0,0.8296795332670772,0.0
0.8635048665526739,0.0,0.8297272568530984,0.0
0.863543608589121,0.0,0.8298143052149426,0.0
0.8635823506255682,0.0,0.8299013535767866,0.0
0.8636373802702496,0.0,0.8299400956132339,0.0
0.8636761223066968,0.0,0.8300651863938313,0.0
0.8637148643431439,0.0,0.8301522347556753,0.0
0.8637536063795912,0.0,0.8302773255362728,0.0
0.8638013299656124,0.0,0.8303643738981169,0.0
0.8638490535516337,0.0,0.8304624526884071,0.0
0.863904083196315,0.0,0.8305605314786975,0.0
0.8639391384370745,0.0,0.8306586102689878,0.0
0.8639941680817559,0.0,0.830756689059278,0.0
0.8640491977264372,0.0,0.8308547678495684,0.0
0.8641042273711185,0.0,0.8309418162114124,0.0
0.8641930182129323,0.0,0.8311179736428163,0.0
0.864287056508124,0.0,0.8312941310742201,0.0
0.8643810948033157,0.0,0.8313455545101304,0.0
0.8644694481095865,0.0,0.83142860076434,0.0
0.8645578014158571,0.0,0.8314707053056503,0.0
0.8646518397110489,0.0,0.8315128098469604,0.0
0.8647458780062406,0.0,0.8315549143882707,0.0
0.8648399163014323,0.0,0.8315970189295808,0.0
0.8648876398874537,0.0,0.831639123470891,0.0
0.8649816781826454,0.0,0.8317221697251007,0.0
0.8651361273543827,0.0,0.831760911761548,0.0
0.8652905765261201,0.0,0.8317996537979951,0.0
0.8653846148213118,0.0,0.8318827000522049,0.0
0.8655390639930493,0.0,0.831921442088652,0.0
0.865633102288241,0.0,0.8319601841250992,0.0
0.8657875514599783,0.0,0.8319989261615465,0.0
0.8659142642489771,0.0,0.8320466497475677,0.0
0.8660409770379759,0.0,0.8320943733335889,0.0
0.8661350153331676,0.0,0.8321774195877987,0.0
0.8662290536283593,0.0,0.8322281927473706,0.0
0.8662804770642696,0.0,0.8322789659069426,0.0
0.8663319005001798,0.0,0.8323297390665145,0.0
0.8663833239360901,0.0,0.8323805122260866,0.0
0.8664347473720003,0.0,0.8324635584802963,0.0
0.8664861708079105,0.0,0.8325466047345059,0.0
0.8665375942438207,0.0,0.832597377894078,0.0
0.866589017679731,0.0,0.8326481510536499,0.0
0.8667071598536047,0.0,0.8326989242132219,0.0
0.8668253020274783,0.0,0.8327503476491321,0.0
0.8668674065687885,0.0,0.8328017710850423,0.0
0.8669095111100987,0.0,0.8328531945209525,0.0
0.8669516156514089,0.0,0.8329046179568628,0.0
0.8669937201927191,0.0,0.832956041392773,0.0
0.8670358247340293,0.0,0.8330074648286833,0.0
0.8670779292753396,0.0,0.8330545818392535,0.0
0.8671200338166497,0.0,0.8331376280934633,0.0
0.86716213835796,0.0,0.8331847451040335,0.0
0.8672042428992701,0.0,0.8332318621146038,0.0
0.8672463474405804,0.0,0.833278979125174,0.0
0.8673547864459619,0.0,0.8333260961357444,0.0
0.8674055596055339,0.0,0.8334466930346252,0.0
0.8674563327651058,0.0,0.8334880083351078,0.0
0.8675071059246778,0.0,0.8336433376237719,0.0
0.8675578790842498,0.0,0.8336846529242545,0.0
0.8676760212581235,0.0,0.8337259682247372,0.0
0.8677941634319971,0.0,0.8337680727660475,0.0
0.8678449365915691,0.0,0.8338101773073576,0.0
0.867895709751141,0.0,0.8338522818486679,0.0
0.8679464829107131,0.0,0.833894386389978,0.0
0.867997256070285,0.0,0.8339364909312883,0.0
0.8680443730808554,0.0,0.833977806231771,0.0
0.8680914900914256,0.0,0.8340191215322537,0.0
0.8681386071019959,0.0,0.8341744508209177,0.0
0.8681857241125661,0.0,0.8342157661214004,0.0
0.8683038662864399,0.0,0.8342659560531526,0.0
0.8683509832970101,0.0,0.8343161459849048,0.0
0.8683981003075804,0.0,0.834366335916657,0.0
0.8684452173181507,0.0,0.8344165258484092,0.0
0.868492334328721,0.0,0.8344667157801613,0.0
0.8686104765025946,0.0,0.8345169057119135,0.0
0.8686822443516254,0.0,0.8345670956436657,0.0
0.8687235596521081,0.0,0.8347224249323298,0.0
0.8687953275011389,0.0,0.8347731980919018,0.0
0.8688366428016215,0.0,0.834820315102472,0.0
0.8688779581021042,0.0,0.8348674321130424,0.0
0.8689192734025869,0.0,0.8349145491236126,0.0
0.8689605887030696,0.0,0.8352066070674762,0.0
0.8690323565521003,0.0,0.8354986650113396,0.0
0.869073671852583,0.0,0.8357907229552032,0.0
0.8691149871530657,0.0,0.8359344321146542,0.0
0.8691867550020965,0.0,0.8360781412741053,0.0
0.8692280703025792,0.0,0.8362218504335562,0.0
0.8692782602343313,0.0,0.8363655595930073,0.0
0.8693284501660835,0.0,0.8365092687524582,0.0
0.8693786400978357,0.0,0.8366529779119093,0.0
0.8694288300295879,0.0,0.8367966870713603,0.0
0.8694790199613401,0.0,0.8369403962308113,0.0
0.8695292098930923,0.0,0.8370841053902623,0.0
0.8695793998248446,0.0,0.8372602628216662,0.0
0.8696511676738753,0.0,0.8373015781221489,0.0
0.869722935522906,0.0,0.8373428934226316,0.0
0.8697731254546582,0.0,0.8374982227112956,0.0
0.8698815644600398,0.0,0.8376535519999597,0.0
0.8699275892584839,0.0,0.837686414835714,0.0
0.8699736140569281,0.0,0.8378417441243781,0.0
0.8700196388553723,0.0,0.8378919340561303,0.0
0.8701177176456625,0.0,0.8379686325663941,0.0
0.8701894854946933,0.0,0.8380146573648383,0.0
0.8702612533437241,0.0,0.8380606821632824,0.0
0.8703803629003841,0.0,0.8381067069617265,0.0
0.8704994724570441,0.0,0.8382617745122745,0.0
0.8706185820137041,0.0,0.8384168420628223,0.0
0.8706903498627349,0.0,0.8385719096133701,0.0
0.8707982502118887,0.0,0.838726977163918,0.0
0.8709173597685488,0.0,0.8388036756741818,0.0
0.8710364693252087,0.0,0.8389587432247296,0.0
0.8711443696743626,0.0,0.8392508011685932,0.0
0.8711903944728068,0.0,0.8395428591124567,0.0
0.8712982948219606,0.0,0.8395827499950694,0.0
0.8714061951711146,0.0,0.8396594485053333,0.0
0.8714825255388858,0.0,0.8397099787510025,0.0
0.87152855033733,0.0,0.8397605089966718,0.0
0.8716364506864839,0.0,0.8398110392423409,0.0
0.8716693135222382,0.0,0.8399361300229384,0.0
0.8717772138713921,0.0,0.8400612208035358,0.0
0.8718100767071464,0.0,0.84010724560198,0.0
0.8718429395429007,0.0,0.8401839441122438,0.0
0.8719508398920546,0.0,0.8402606426225077,0.0
0.8720587402412084,0.0,0.8403476909843517,0.0
0.8720916030769628,0.0,0.8403937157827959,0.0
0.8721995034261166,0.0,0.840493174007372,0.0
0.8722979597455222,0.0,0.8405260368431263,0.0
0.8723378506281348,0.0,0.8405588996788806,0.0
0.8723777415107475,0.0,0.840591762514635,0.0
0.8724176323933602,0.0,0.8406403185411848,0.0
0.8724823808792204,0.0,0.8406888745677347,0.0
0.872580837198626,0.0,0.8407374305942845,0.0
0.8726207280812387,0.0,0.8408244789561286,0.0
0.8727191844006442,0.0,0.8408730349826784,0.0
0.8727590752832569,0.0,0.8409215910092283,0.0
0.8728575316026624,0.0,0.8409701470357782,0.0
0.8729080618483317,0.0,0.8410694655823119,0.0
0.8729585920940008,0.0,0.8411687841288455,0.0
0.8730091223396701,0.0,0.8412086750114582,0.0
0.8730596525853394,0.0,0.8412485658940709,0.0
0.8731498557698338,0.0,0.8412884567766836,0.0
0.8732003860155031,0.0,0.8413877753232173,0.0
0.8732509162611722,0.0,0.841487093869751,0.0
0.8733014465068415,0.0,0.8415269847523636,0.0
0.8733519767525108,0.0,0.8416263032988973,0.0
0.87340250699818,0.0,0.8416445614331881,0.0
0.8734530372438493,0.0,0.841662819567479,0.0
0.8735015932703991,0.0,0.8416810777017698,0.0
0.873550149296949,0.0,0.8417803962483035,0.0
0.8735987053234988,0.0,0.8417986543825944,0.0
0.8736472613500487,0.0,0.841897972929128,0.0
0.8737374645345432,0.0,0.8419485890602713,0.0
0.873786020561093,0.0,0.8420425767526472,0.0
0.8738345765876429,0.0,0.8420931069983164,0.0
0.8738831326141927,0.0,0.8421436372439857,0.0
0.8739316886407426,0.0,0.8421941674896549,0.0
0.8739802446672925,0.0,0.8422446977353242,0.0
0.8740288006938424,0.0,0.8422952279809933,0.0
0.8741190038783369,0.0,0.8423457582266626,0.0
0.8742092070628313,0.0,0.8423962884723318,0.0
0.8742274651971221,0.0,0.8424448444988817,0.0
0.874245723331413,0.0,0.842530144256091,0.0
0.8742639814657038,0.0,0.8426154440133001,0.0
0.8743541846501983,0.0,0.8428279329412283,0.0
0.8743724427844891,0.0,0.8430404218691563,0.0
0.8744626459689836,0.0,0.8432529107970843,0.0
0.8745457228380242,0.0,0.8433468984894603,0.0
0.8746310225952335,0.0,0.8436389564333239,0.0
0.8747163223524428,0.0,0.8439310143771874,0.0
0.874766938483586,0.0,0.8442230723210509,0.0
0.8748522382407952,0.0,0.8445151302649144,0.0
0.8749375379980044,0.0,0.844807188208778,0.0
0.8750228377552137,0.0,0.8448557442353278,0.0
0.8750734538863569,0.0,0.8449043002618777,0.0
0.8751587536435661,0.0,0.8449528562884275,0.0
0.8752440534007754,0.0,0.8450734531873083,0.0
0.8752946695319186,0.0,0.8451940500861891,0.0
0.8753452856630618,0.0,0.8453146469850699,0.0
0.8754079849345099,0.0,0.8453898219572765,0.0
0.875470684205958,0.0,0.8454404380884197,0.0
0.8755333834774062,0.0,0.8455156130606263,0.0
0.8755960827488543,0.0,0.8455907880328329,0.0
0.8756587820203023,0.0,0.8456414041639762,0.0
0.8757190081630166,0.0,0.8456920202951194,0.0
0.8757817074344647,0.0,0.8457547195665674,0.0
0.8758444067059129,0.0,0.8458174188380155,0.0
0.875907105977361,0.0,0.8458801181094636,0.0
0.8759698052488091,0.0,0.8459428173809118,0.0
0.8760325045202572,0.0,0.8460055166523599,0.0
0.8760805086516188,0.0,0.846104940668855,0.0
0.8761285127829803,0.0,0.8461676399403031,0.0
0.876176516914342,0.0,0.8462303392117512,0.0
0.8762367430570562,0.0,0.8463038384806768,0.0
0.876313528663286,0.0,0.8463621961163315,0.0
0.8763615327946477,0.0,0.8464205537519862,0.0
0.8764095369260092,0.0,0.846478911387641,0.0
0.8764575410573708,0.0,0.8465416106590891,0.0
0.8765566146342889,0.0,0.8466043099305371,0.0
0.8765826894913694,0.0,0.8466670092019853,0.0
0.8766087643484498,0.0,0.8467150133333469,0.0
0.8767078379253679,0.0,0.8467630174647085,0.0
0.876806911502286,0.0,0.84681102159607,0.0
0.8769059850792041,0.0,0.846905009288446,0.0
0.8770050586561222,0.0,0.846998996980822,0.0
0.8771301494367196,0.0,0.8470470011121836,0.0
0.8772292230136377,0.0,0.8470950052435452,0.0
0.8773277135071456,0.0,0.8471430093749068,0.0
0.8774528042877431,0.0,0.8472369970672827,0.0
0.8775512947812509,0.0,0.8472630719243632,0.0
0.8776493735715412,0.0,0.8473365711932888,0.0
0.8777474523618315,0.0,0.8474100704622144,0.0
0.8778455311521218,0.0,0.8474835697311399,0.0
0.877943609942412,0.0,0.8475570690000656,0.0
0.8780416887327024,0.0,0.8476305682689911,0.0
0.8781401792262102,0.0,0.8477040675379167,0.0
0.878389926080591,0.0,0.8477980552302927,0.0
0.8786396729349717,0.0,0.8478715544992182,0.0
0.8788894197893523,0.0,0.8479450537681439,0.0
0.879139166643733,0.0,0.8479711286252243,0.0
0.8793889134981137,0.0,0.8480651163176003,0.0
0.8796386603524944,0.0,0.8481645745421764,0.0
0.8797274511943082,0.0,0.8481906493992569,0.0
0.8798162420361219,0.0,0.8482167242563374,0.0
0.8799147325296298,0.0,0.8482750818919921,0.0
0.8800035233714436,0.0,0.8483334395276468,0.0
0.8800385786122031,0.0,0.8483917971633016,0.0
0.8800736338529626,0.0,0.8484501547989562,0.0
0.8801086890937221,0.0,0.8485496130235324,0.0
0.8801437443344816,0.0,0.8488313206231242,0.0
0.8801787995752411,0.0,0.849113028222716,0.0
0.8802048744323216,0.0,0.8493947358223077,0.0
0.880230949289402,0.0,0.8495665276501753,0.0
0.8802893069250568,0.0,0.849848235249767,0.0
0.8803476645607116,0.0,0.8500200270776346,0.0
0.8804060221963662,0.0,0.8501918189055021,0.0
0.880464379832021,0.0,0.8504735265050939,0.0
0.8805227374676757,0.0,0.8507552341046857,0.0
0.8805810951033304,0.0,0.8510369417042775,0.0
0.8806394527389851,0.0,0.8512550001529254,0.0
0.880737943232493,0.0,0.8514267919807929,0.0
0.8807624490306435,0.0,0.8515002912497185,0.0
0.8808921648933083,0.0,0.851621365388282,0.0
0.8809166706914588,0.0,0.8517269197783266,0.0
0.8809411764896093,0.0,0.8518479939168901,0.0
0.8809656822877598,0.0,0.852066052365538,0.0
0.8810953981504246,0.0,0.852284110814186,0.0
0.8812251140130893,0.0,0.8523896652042304,0.0
0.8813548298757542,0.0,0.8524141710023809,0.0
0.8814021862834291,0.0,0.8525197253924254,0.0
0.881531902146094,0.0,0.8525442311905759,0.0
0.881579258553769,0.0,0.8525687369887265,0.0
0.881626614961444,0.0,0.852593242786877,0.0
0.8816739713691191,0.0,0.8526927010114531,0.0
0.881721327776794,0.0,0.8527400574191281,0.0
0.8818510436394588,0.0,0.8528152323913347,0.0
0.8819807595021236,0.0,0.8528625887990098,0.0
0.8821104753647884,0.0,0.8529099452066847,0.0
0.8821578317724634,0.0,0.8529577174587344,0.0
0.8822051881801384,0.0,0.8530050738664094,0.0
0.8823349040428032,0.0,0.8530524302740845,0.0
0.8823838834145312,0.0,0.853127605246291,0.0
0.8824328627862592,0.0,0.8532027802184977,0.0
0.8824880195283602,0.0,0.8532779551907043,0.0
0.8825369989000882,0.0,0.8533253115983793,0.0
0.8825921556421892,0.0,0.8533726680060544,0.0
0.882629903868897,0.0,0.8534216473777824,0.0
0.8826850606109979,0.0,0.8534706267495104,0.0
0.8827228088377056,0.0,0.8535761811395548,0.0
0.8827605570644134,0.0,0.8536251605112828,0.0
0.8828157138065144,0.0,0.8536629087379906,0.0
0.8828534620332221,0.0,0.853768463128035,0.0
0.8828912102599299,0.0,0.8538740175180796,0.0
0.8829463670020309,0.0,0.8539950916566431,0.0
0.8829841152287385,0.0,0.8544829622970318,0.0
0.8830392719708395,0.0,0.8545752949451914,0.0
0.8830944287129405,0.0,0.8550631655855799,0.0
0.8831321769396483,0.0,0.8551009138122877,0.0
0.8831873336817493,0.0,0.8551386620389955,0.0
0.883235105933799,0.0,0.855230994687155,0.0
0.8832828781858486,0.0,0.8552687429138628,0.0
0.8833431044177571,0.0,0.8553064911405704,0.0
0.8833908766698068,0.0,0.8553988237887301,0.0
0.8834386489218564,0.0,0.8554365720154378,0.0
0.8834988751537648,0.0,0.8555289046635974,0.0
0.8835591013856733,0.0,0.855621237311757,0.0
0.8836193276175817,0.0,0.8556589855384648,0.0
0.88367955384949,0.0,0.8557584095549597,0.0
0.8837299432788296,0.0,0.8558061818070095,0.0
0.883780332708169,0.0,0.8558539540590592,0.0
0.8839354002587169,0.0,0.8559533780755543,0.0
0.8840223299838438,0.0,0.8560011503276039,0.0
0.8841773975343916,0.0,0.8561729421554715,0.0
0.8842643272595184,0.0,0.856344733983339,0.0
0.8843512569846453,0.0,0.8563951234126784,0.0
0.8845063245351932,0.0,0.8564455128420179,0.0
0.884661392085741,0.0,0.8564959022713574,0.0
0.8847483218108678,0.0,0.8565462917006968,0.0
0.8849033893614158,0.0,0.8565966811300363,0.0
0.8850284801420132,0.0,0.8567684729579038,0.0
0.8851535709226106,0.0,0.8568937833854723,0.0
0.88520396035195,0.0,0.8570190938130408,0.0
0.8852543497812896,0.0,0.8571908856409083,0.0
0.885304739210629,0.0,0.8573161960684768,0.0
0.8853916689357558,0.0,0.8574415064960452,0.0
0.8854450518567609,0.0,0.8575668169236137,0.0
0.8855330065246337,0.0,0.8577533330410662,0.0
0.8855863894456388,0.0,0.8580139335155992,0.0
0.8856743441135116,0.0,0.8582004496330516,0.0
0.8857277270345167,0.0,0.8583869657505041,0.0
0.8858146567596437,0.0,0.8584403486715093,0.0
0.8858471729338304,0.0,0.8587009491460423,0.0
0.8859351276017031,0.0,0.8587543320670474,0.0
0.8859772865939196,0.0,0.8590149325415805,0.0
0.8860652412617924,0.0,0.8590683154625856,0.0
0.8861074002540089,0.0,0.8593289159371186,0.0
0.8861495592462254,0.0,0.8595414509062186,0.0
0.8861820754204122,0.0,0.8597539858753186,0.0
0.8862145915945989,0.0,0.8597961448675351,0.0
0.8862567505868155,0.0,0.8598383038597516,0.0
0.886298909579032,0.0,0.8598804628519681,0.0
0.8863410685712485,0.0,0.8600929978210681,0.0
0.886383227563465,0.0,0.8603055327901681,0.0
0.8864157437376518,0.0,0.8603562716652068,0.0
0.8864641529676163,0.0,0.8604070105402456,0.0
0.8865125621975809,0.0,0.8604577494152843,0.0
0.8865609714275454,0.0,0.8605084882903231,0.0
0.8866093806575099,0.0,0.8605506472825396,0.0
0.8866577898874746,0.0,0.8605928062747561,0.0
0.8867061991174391,0.0,0.8606349652669726,0.0
0.8867546083474037,0.0,0.8606771242591891,0.0
0.8867871245215905,0.0,0.8608823362694609,0.0
0.8868378633966292,0.0,0.8610875482797327,0.0
0.886888602271668,0.0,0.8613000832488326,0.0
0.8869393411467067,0.0,0.8615052952591044,0.0
0.8869900800217455,0.0,0.8617105072693761,0.0
0.8870780346896183,0.0,0.8619157192796478,0.0
0.887128773564657,0.0,0.8621282542487478,0.0
0.8871795124396958,0.0,0.8621789931237867,0.0
0.8872302513147347,0.0,0.8622236147962791,0.0
0.8873253268189919,0.0,0.8622682364687716,0.0
0.8873760656940306,0.0,0.8623128581412641,0.0
0.8874206873665231,0.0,0.8623574798137567,0.0
0.8874653090390157,0.0,0.8624021014862492,0.0
0.8875099307115082,0.0,0.8624467231587417,0.0
0.8875545523840007,0.0,0.8626332392761942,0.0
0.8875991740564932,0.0,0.862753836175075,0.0
0.8876437957289858,0.0,0.8628022454050395,0.0
0.887738871233243,0.0,0.8628506546350041,0.0
0.8878339467375003,0.0,0.8628990638649686,0.0
0.8879290222417575,0.0,0.8629474730949332,0.0
0.88797364391425,0.0,0.8629958823248978,0.0
0.888037000253534,0.0,0.8630442915548623,0.0
0.888100356592818,0.0,0.8630927007848269,0.0
0.888163712932102,0.0,0.8649890071981813,0.0
0.8882587884363593,0.0,0.8651096040970621,0.0
0.8883221447756432,0.0,0.8670059105104163,0.0
0.8883855011149272,0.0,0.8670912102676256,0.0
0.8884488574542112,0.0,0.8671765100248349,0.0
0.8885122137934951,0.0,0.8672618097820441,0.0
0.8886072892977523,0.0,0.8673471095392533,0.0
0.888940303565367,0.0,0.8674324092964626,0.0
0.8892733178329817,0.0,0.8675177090536719,0.0
0.8893683933372389,0.0,0.867603008810881,0.0
0.8897014076048536,0.0,0.8677085632009256,0.0
0.8899511544592343,0.0,0.8677916400699662,0.0
0.890200901313615,0.0,0.8678971944600107,0.0
0.8904506481679957,0.0,0.8679479333350495,0.0
0.8905457236722529,0.0,0.8679986722100882,0.0
0.8906407991765102,0.0,0.868049411085127,0.0
0.8907494626368523,0.0,0.8682031419466246,0.0
0.8909385625305083,0.0,0.8682477636191172,0.0
0.8910472259908504,0.0,0.8683111199584012,0.0
0.8912363258845063,0.0,0.868374476297685,0.0
0.8913449893448484,0.0,0.868437832636969,0.0
0.8915340892385043,0.0,0.8685011889762531,0.0
0.8916427526988465,0.0,0.868564545315537,0.0
0.8917061090381304,0.0,0.868627901654821,0.0
0.8917694653774144,0.0,0.868691257994105,0.0
0.8921268802089456,0.0,0.8688449888556026,0.0
0.8921765821509959,0.0,0.8689987197171002,0.0
0.8922262840930463,0.0,0.8690620760563842,0.0
0.8922759860350966,0.0,0.8691254323956682,0.0
0.892325687977147,0.0,0.8692791632571658,0.0
0.8923753899191973,0.0,0.8711754696705202,0.0
0.8924250918612476,0.0,0.8730717760838745,0.0
0.892474793803298,0.0,0.8731077605217048,0.0
0.8925296358981611,0.0,0.8731437449595352,0.0
0.8926382993585033,0.0,0.8731797293973654,0.0
0.8927469628188454,0.0,0.8732157138351958,0.0
0.8928018049137084,0.0,0.8733694446966934,0.0
0.8928566470085716,0.0,0.8734191466387438,0.0
0.8929114891034347,0.0,0.8734688485807942,0.0
0.8929663311982977,0.0,0.8735185505228446,0.0
0.8930211732931609,0.0,0.8735682524648949,0.0
0.893129836753503,0.0,0.8736179544069452,0.0
0.893184678848366,0.0,0.8736676563489956,0.0
0.8932206632861964,0.0,0.8737173582910459,0.0
0.8932566477240267,0.0,0.873772200385909,0.0
0.8932926321618571,0.0,0.8738270424807721,0.0
0.8933286165996874,0.0,0.8738818845756352,0.0
0.8933646010375177,0.0,0.8739367266704984,0.0
0.8934005854753481,0.0,0.8739831374162867,0.0
0.8934365699131783,0.0,0.8740298529130095,0.0
0.8934725543510087,0.0,0.8740765684097322,0.0
0.8935812178113508,0.0,0.874123283906455,0.0
0.8938629254109426,0.0,0.8741699994031777,0.0
0.8941446330105344,0.0,0.8742167148999005,0.0
0.8944263406101262,0.0,0.8742715569947637,0.0
0.8945350040704683,0.0,0.8743263990896267,0.0
0.89481671167006,0.0,0.8744801299511243,0.0
0.8949143632798237,0.0,0.8745349720459875,0.0
0.8950120148895873,0.0,0.8745709564838178,0.0
0.895293722489179,0.0,0.8746069409216481,0.0
0.8955754300887708,0.0,0.8746429253594785,0.0
0.8958571376883626,0.0,0.8746789097973088,0.0
0.8959547892981263,0.0,0.8747148942351392,0.0
0.8959907737359566,0.0,0.8747508786729694,0.0
0.896026758173787,0.0,0.8749046095344671,0.0
0.8961244097835506,0.0,0.8749331298127551,0.0
0.8961708205293389,0.0,0.8750868606742528,0.0
0.8962172312751274,0.0,0.876983167087607,0.0
0.8962636420209158,0.0,0.8788794735009614,0.0
0.8963612936306795,0.0,0.8807757799143158,0.0
0.8964077043764679,0.0,0.8826720863276701,0.0
0.8964541151222564,0.0,0.8827184970734586,0.0
0.89655176673202,0.0,0.882764907819247,0.0
0.8966494183417836,0.0,0.8828113185650355,0.0
0.8967470699515472,0.0,0.8829650494265331,0.0
0.8967934806973356,0.0,0.8830114601723216,0.0
0.8968401961940583,0.0,0.8830578709181099,0.0
0.8968869116907812,0.0,0.8832116017796077,0.0
0.8969336271875039,0.0,0.8833020509955528,0.0
0.8969803426842267,0.0,0.8833925002114981,0.0
0.8970270581809494,0.0,0.8834392157082208,0.0
0.897124709790713,0.0,0.8834859312049436,0.0
0.8971714252874358,0.0,0.8835326467016663,0.0
0.8972747461454761,0.0,0.8835861112905362,0.0
0.8973780670035165,0.0,0.883639575879406,0.0
0.8974247825002393,0.0,0.8836930404682759,0.0
0.897471497996962,0.0,0.8837465050571458,0.0
0.8975249625858319,0.0,0.8838369542730911,0.0
0.8975784271747017,0.0,0.8838904188619608,0.0
0.8976318917635716,0.0,0.8839438834508307,0.0
0.897735212621612,0.0,0.8839973480397006,0.0
0.8977886772104818,0.0,0.8840508126285704,0.0
0.898146092042013,0.0,0.8840793329068585,0.0
0.8981995566308829,0.0,0.8841078531851465,0.0
0.8982530212197528,0.0,0.8841363734634344,0.0
0.8983064858086226,0.0,0.8842268226793797,0.0
0.8983599503974925,0.0,0.8842813655830774,0.0
0.8984134149863624,0.0,0.8843359084867749,0.0
0.8984589257121862,0.0,0.8843904513904726,0.0
0.8985044364380099,0.0,0.8844449942941701,0.0
0.8985499471638337,0.0,0.8844995371978678,0.0
0.8986532680218741,0.0,0.8845530017867376,0.0
0.8987565888799145,0.0,0.8845985125125614,0.0
0.8988599097379549,0.0,0.8846440232383852,0.0
0.8989054204637786,0.0,0.8846895339642089,0.0
0.8989476981904012,0.0,0.8849501344387419,0.0
0.8989899759170238,0.0,0.8850109239614534,0.0
0.899347390748555,0.0,0.8850564346872772,0.0
0.8993896684751775,0.0,0.8850987124138998,0.0
0.8994929893332179,0.0,0.8851409901405224,0.0
0.8995352670598404,0.0,0.8852017796632339,0.0
0.899577544786463,0.0,0.8852440573898565,0.0
0.8996198225130856,0.0,0.8854492694001281,0.0
0.8997026547098245,0.0,0.8854915471267507,0.0
0.8999078667200962,0.0,0.8855338248533733,0.0
0.9001130787303679,0.0,0.8855761025799959,0.0
0.9001842657003583,0.0,0.885666551795941,0.0
0.90038947771063,0.0,0.8857169273534662,0.0
0.9005946897209017,0.0,0.8857673029109913,0.0
0.9007999017311735,0.0,0.8858176784685164,0.0
0.9008710887011638,0.0,0.8859081276844616,0.0
0.9010576048186163,0.0,0.8859585032419868,0.0
0.9011287917886066,0.0,0.8860088787995118,0.0
0.9013153079060592,0.0,0.886059254357037,0.0
0.9015018240235116,0.0,0.8861497035729822,0.0
0.9016883401409641,0.0,0.8862000791305074,0.0
0.901764946195118,0.0,0.8863220962891116,0.0
0.9018415522492721,0.0,0.886444113447716,0.0
0.9019127392192624,0.0,0.8865345626636612,0.0
0.9019839261892527,0.0,0.8868875506789835,0.0
0.9023169404568674,0.0,0.8869779998949288,0.0
0.9023881274268577,0.0,0.8873309879102511,0.0
0.9024385029843828,0.0,0.8876839759255734,0.0
0.902488878541908,0.0,0.8877744251415186,0.0
0.902539254099433,0.0,0.8878767634707562,0.0
0.9026104410694233,0.0,0.8879168157947844,0.0
0.9026608166269485,0.0,0.8880607431825948,0.0
0.9027111921844736,0.0,0.888204670570405,0.0
0.9027615677419988,0.0,0.8883485979582153,0.0
0.9028327547119891,0.0,0.8884925253460255,0.0
0.9028831302695142,0.0,0.8886364527338358,0.0
0.9029231825935425,0.0,0.8887803801216461,0.0
0.9029943695635329,0.0,0.8889855921319179,0.0
0.9030655565335232,0.0,0.8891908041421897,0.0
0.9031056088575515,0.0,0.8893305642347955,0.0
0.9031456611815799,0.0,0.8895357762450672,0.0
0.9032168481515702,0.0,0.8895758285690956,0.0
0.9032569004755985,0.0,0.8896158808931239,0.0
0.9033559740525166,0.0,0.8897182192223614,0.0
0.9034209744693836,0.0,0.8897582715463898,0.0
0.9035200480463017,0.0,0.8898232719632567,0.0
0.9035850484631687,0.0,0.8899256102924943,0.0
0.9036500488800356,0.0,0.8899906107093613,0.0
0.9037150492969027,0.0,0.8900556111262282,0.0
0.9037800497137697,0.0,0.8901206115430953,0.0
0.9038450501306367,0.0,0.8901856119599623,0.0
0.9039100505475036,0.0,0.8902506123768292,0.0
0.9039474949152186,0.0,0.8903156127936962,0.0
0.9039849392829336,0.0,0.8904553728863022,0.0
0.9040223836506485,0.0,0.8906225314772084,0.0
0.9041214572275665,0.0,0.8909597580193642,0.0
0.9042042894243055,0.0,0.8909972023870791,0.0
0.9042871216210444,0.0,0.8910346467547942,0.0
0.9043699538177833,0.0,0.8910720911225091,0.0
0.9044184097557523,0.0,0.8911744294517466,0.0
0.9044668656937213,0.0,0.8912228853897156,0.0
0.9045153216316902,0.0,0.8912713413276845,0.0
0.9045637775696592,0.0,0.8913197972656535,0.0
0.9046466097663981,0.0,0.8913682532036225,0.0
0.9046950657043671,0.0,0.89147059153286,0.0
0.904795848640493,0.0,0.8916377501237662,0.0
0.9048966315766189,0.0,0.8918049087146726,0.0
0.9049450875145879,0.0,0.8919072470439101,0.0
0.9050326827640056,0.0,0.892047007136516,0.0
0.9051334657001315,0.0,0.8921493454657534,0.0
0.9052210609495493,0.0,0.8921691772227417,0.0
0.9053086561989672,0.0,0.8922333333744839,0.0
0.9054525835867775,0.0,0.8922974895262261,0.0
0.9055965109745877,0.0,0.8923173212832144,0.0
0.9056972939107136,0.0,0.8923657772211834,0.0
0.905841221298524,0.0,0.8923856089781715,0.0
0.9059851486863342,0.0,0.8924054407351598,0.0
0.9060859316224601,0.0,0.8924538966731288,0.0
0.9062298590102704,0.0,0.8925414919225466,0.0
0.9063737863980806,0.0,0.8926290871719644,0.0
0.9064745693342066,0.0,0.8927166824213822,0.0
0.9066797813444784,0.0,0.8927365141783704,0.0
0.90688499335475,0.0,0.8928241094277882,0.0
0.9070902053650218,0.0,0.8928960341311069,0.0
0.9072954173752935,0.0,0.8929679588344254,0.0
0.9073962003114194,0.0,0.8933051853765812,0.0
0.9074837955608372,0.0,0.8936424119187371,0.0
0.9075845784969632,0.0,0.8936950242957079,0.0
0.9076853614330891,0.0,0.8937476366726788,0.0
0.9080225879752449,0.0,0.8938195613759973,0.0
0.9083598145174008,0.0,0.8938721737529681,0.0
0.9086970410595566,0.0,0.8939440984562868,0.0
0.9090342676017125,0.0,0.8940160231596053,0.0
0.9091350505378384,0.0,0.8940879478629239,0.0
0.9094722770799942,0.0,0.8944251744050797,0.0
0.9098095036221501,0.0,0.8947624009472356,0.0
0.9101467301643059,0.0,0.8950996274893914,0.0
0.9102177374972735,0.0,0.8954368540315473,0.0
0.9105549640394294,0.0,0.8955087787348658,0.0
0.9106191201911715,0.0,0.8958460052770216,0.0
0.9106832763429138,0.0,0.8959101614287639,0.0
0.9107542836758814,0.0,0.895974317580506,0.0
0.910825291008849,0.0,0.8960384737322482,0.0
0.9108894471605912,0.0,0.8960992632549597,0.0
0.9109536033123334,0.0,0.896163419406702,0.0
0.9110177594640756,0.0,0.8962004498243561,0.0
0.9110887667970432,0.0,0.8962374802420103,0.0
0.9111529229487854,0.0,0.8962745106596645,0.0
0.9111899533664396,0.0,0.896335300182376,0.0
0.9112269837840938,0.0,0.8963960897050874,0.0
0.911264014201748,0.0,0.8965561106061618,0.0
0.9113350215347156,0.0,0.896593141023816,0.0
0.9114060288676832,0.0,0.8966301714414702,0.0
0.9114770362006508,0.0,0.8967901923425445,0.0
0.911514066618305,0.0,0.8968272227601988,0.0
0.9115850739512726,0.0,0.89692731309099,0.0
0.911684102013689,0.0,0.8970274034217814,0.0
0.9117211324313432,0.0,0.8970800157987523,0.0
0.9118201604937596,0.0,0.8971326281757231,0.0
0.9118571909114138,0.0,0.8972524522370058,0.0
0.9119572812422052,0.0,0.8974013550445242,0.0
0.9120573715729965,0.0,0.8975502578520427,0.0
0.9121574619037879,0.0,0.8977102787531169,0.0
0.9122575522345793,0.0,0.8977628911300878,0.0
0.9123576425653707,0.0,0.8978629814608792,0.0
0.912457732896162,0.0,0.8979630717916706,0.0
0.9125578232269534,0.0,0.8981196786803827,0.0
0.9126579135577448,0.0,0.8982762855690947,0.0
0.9127569416201612,0.0,0.8985181565118711,0.0
0.9128350625223136,0.0,0.8987600274546473,0.0
0.91293409058473,0.0,0.8990018983974237,0.0
0.9130122114868823,0.0,0.8992624988719568,0.0
0.9131112395492987,0.0,0.8995043698147331,0.0
0.913189360451451,0.0,0.8997462407575094,0.0
0.9132883885138674,0.0,0.8999881117002858,0.0
0.9133665094160198,0.0,0.9000662033467562,0.0
0.9134441017706151,0.0,0.9003080742895325,0.0
0.9135222226727674,0.0,0.9004081646203239,0.0
0.9136003435749198,0.0,0.9005082549511153,0.0
0.9136784644770721,0.0,0.9006083452819067,0.0
0.9137565853792246,0.0,0.9007084356126981,0.0
0.9138556134416409,0.0,0.9009690360872311,0.0
0.9139546415040573,0.0,0.9010471569893834,0.0
0.9140536695664737,0.0,0.9011252778915358,0.0
0.9141526976288901,0.0,0.9012033987936882,0.0
0.914224969645743,0.0,0.9014639992682212,0.0
0.9142944927285538,0.0,0.9015421201703736,0.0
0.9143667647454067,0.0,0.9016029096930851,0.0
0.9144362878282174,0.0,0.9016810305952374,0.0
0.9145085598450703,0.0,0.90180085465652,0.0
0.9145780829278811,0.0,0.9019206787178027,0.0
0.914647606010692,0.0,0.9020405027790852,0.0
0.9147256976571624,0.0,0.9021603268403678,0.0
0.9148037893036328,0.0,0.9022211163630793,0.0
0.9148733123864435,0.0,0.9022819058857908,0.0
0.914951404032914,0.0,0.9023600267879431,0.0
0.9150209271157248,0.0,0.9024381476900956,0.0
0.9151172851554398,0.0,0.9025162685922479,0.0
0.9151948775100351,0.0,0.9026153127435904,0.0
0.915309131940167,0.0,0.9026351445005787,0.0
0.915405489979882,0.0,0.902654976257567,0.0
0.9155197444100139,0.0,0.9027272482744197,0.0
0.9156161024497289,0.0,0.9027995202912726,0.0
0.915712460489444,0.0,0.9028557148455616,0.0
0.9158267149195759,0.0,0.9029279868624145,0.0
0.9159409693497078,0.0,0.9029841814167033,0.0
0.9160552237798397,0.0,0.9030622730631738,0.0
0.9161694782099716,0.0,0.9032226417874634,0.0
0.9162658362496866,0.0,0.9032788363417522,0.0
0.9163711167287368,0.0,0.9034192090962482,0.0
0.9164524220999769,0.0,0.903475403650537,0.0
0.916533727471217,0.0,0.903615776405033,0.0
0.9166150328424569,0.0,0.9036719709593218,0.0
0.9167203133215072,0.0,0.9037500626057923,0.0
0.9168255938005573,0.0,0.9038062571600811,0.0
0.9169308742796075,0.0,0.9038624517143701,0.0
0.9170121796508475,0.0,0.903976706144502,0.0
0.9171174601298977,0.0,0.9040909605746339,0.0
0.9172227406089478,0.0,0.9042052150047658,0.0
0.917295237862272,0.0,0.9043194694348977,0.0
0.9173677351155961,0.0,0.9044337238650296,0.0
0.9174402323689201,0.0,0.9045479782951615,0.0
0.9175127296222443,0.0,0.9046380212699692,0.0
0.9176071543914506,0.0,0.9047259479138887,0.0
0.9176796516447746,0.0,0.9048159908886964,0.0
0.9177521488980988,0.0,0.9048972962599364,0.0
0.9178246461514229,0.0,0.9049786016311765,0.0
0.917897143404747,0.0,0.9050599070024166,0.0
0.9179915681739532,0.0,0.9051412123736566,0.0
0.9180859929431595,0.0,0.9052312553484642,0.0
0.9181804177123657,0.0,0.9053212983232718,0.0
0.9182517150325118,0.0,0.9053937955765959,0.0
0.918346139801718,0.0,0.9054662928299201,0.0
0.9184174371218641,0.0,0.9055387900832441,0.0
0.9184887344420102,0.0,0.9056112873365683,0.0
0.9185600317621562,0.0,0.9056937976443536,0.0
0.9186313290823023,0.0,0.9058541663686431,0.0
0.9187026264024484,0.0,0.9060145350929326,0.0
0.9187739237225944,0.0,0.9061749038172222,0.0
0.9188452210427405,0.0,0.906308535736401,0.0
0.9189165183628866,0.0,0.9064189650200968,0.0
0.9190114007745461,0.0,0.9065525969392756,0.0
0.9191058255437524,0.0,0.9066630262229713,0.0
0.919193752187672,0.0,0.9067355234762954,0.0
0.9192816788315916,0.0,0.9068080207296195,0.0
0.9193696054755112,0.0,0.9068805179829437,0.0
0.9194575321194308,0.0,0.9069530152362678,0.0
0.9195454587633505,0.0,0.9070409418801874,0.0
0.91963338540727,0.0,0.907128868524107,0.0
0.9197213120511897,0.0,0.9072167951680266,0.0
0.9198092386951093,0.0,0.9073047218119462,0.0
0.9198971653390289,0.0,0.9073926484558659,0.0
0.9199802543384742,0.0,0.9074805750997854,0.0
0.920099833302721,0.0,0.9075685017437051,0.0
0.9201829223021664,0.0,0.9076564283876246,0.0
0.9202773470713727,0.0,0.90773951738707,0.0
0.9204339539600846,0.0,0.907873149306249,0.0
0.9205905608487968,0.0,0.9079562383056943,0.0
0.9206849856180029,0.0,0.9080393273051396,0.0
0.9209268565607793,0.0,0.908122416304585,0.0
0.9211687275035557,0.0,0.9082055053040303,0.0
0.9212631522727619,0.0,0.9082793713647942,0.0
0.9215050232155383,0.0,0.908353237425558,0.0
0.9215787326258866,0.0,0.9084432804003656,0.0
0.921820603568663,0.0,0.9085687169994334,0.0
0.9220624745114393,0.0,0.9086941535985014,0.0
0.9223043454542157,0.0,0.908784196573309,0.0
0.922546216396992,0.0,0.9089096331723768,0.0
0.9226293053964374,0.0,0.9090350697714447,0.0
0.9227030148067857,0.0,0.9091251127462523,0.0
0.9227767242171341,0.0,0.9092505493453202,0.0
0.9228598132165794,0.0,0.9092980237016433,0.0
0.9229429022160248,0.0,0.9093454980579663,0.0
0.9230166116263732,0.0,0.9093929724142894,0.0
0.9230903210367215,0.0,0.9094404467706124,0.0
0.9231641870974854,0.0,0.9094879211269356,0.0
0.9232380531582491,0.0,0.9095967801518275,0.0
0.9233117625685976,0.0,0.9096706462125914,0.0
0.9233856286293614,0.0,0.9097445122733552,0.0
0.9234594946901252,0.0,0.909837368321295,0.0
0.9235332041004736,0.0,0.909930224369235,0.0
0.9236069135108219,0.0,0.9100230804171748,0.0
0.9236807795715858,0.0,0.9100958315425404,0.0
0.9237544889819341,0.0,0.9102524384312525,0.0
0.9238019633382571,0.0,0.9104090453199645,0.0
0.9238756727486056,0.0,0.9105656522086766,0.0
0.9239231471049286,0.0,0.9107222590973886,0.0
0.9239706214612518,0.0,0.9107861467237643,0.0
0.9240180958175748,0.0,0.9108500343501401,0.0
0.9240655701738978,0.0,0.9109139219765158,0.0
0.9241130445302209,0.0,0.9109778096028915,0.0
0.9241605188865439,0.0,0.9110505607282571,0.0
0.9242079932428671,0.0,0.9111144483546328,0.0
0.9243168522677591,0.0,0.9112398849537007,0.0
0.9244364312320058,0.0,0.9113964918424128,0.0
0.9245172734392498,0.0,0.9115530987311248,0.0
0.9245981156464937,0.0,0.9116258498564904,0.0
0.9247069746713857,0.0,0.9116997159172542,0.0
0.9248158336962777,0.0,0.9117724670426198,0.0
0.9249246927211697,0.0,0.9118199413989428,0.0
0.9250335517460618,0.0,0.9118550701611678,0.0
0.9251143939533057,0.0,0.911902544517491,0.0
0.9251952361605497,0.0,0.911950018873814,0.0
0.9253166400286575,0.0,0.9120325291815994,0.0
0.9254380438967654,0.0,0.9121413882064914,0.0
0.9255188861040095,0.0,0.9122502472313834,0.0
0.9255997283112534,0.0,0.9123591062562754,0.0
0.9257211321793613,0.0,0.9124679652811674,0.0
0.9258425360474691,0.0,0.9125504755889527,0.0
0.925963939915577,0.0,0.9126718794570606,0.0
0.9260447821228209,0.0,0.9127932833251685,0.0
0.9261256243300648,0.0,0.9128757936329538,0.0
0.9262064665373089,0.0,0.9129583039407392,0.0
0.9262873087445528,0.0,0.9130797078088471,0.0
0.9263683824573427,0.0,0.913201111676955,0.0
0.9264494561701325,0.0,0.9133001558282975,0.0
0.9265305298829224,0.0,0.9133930118762373,0.0
0.9266116035957123,0.0,0.913442199541795,0.0
0.9266926773085021,0.0,0.9135060871681707,0.0
0.9267717748696327,0.0,0.9136175591230119,0.0
0.9268528485824226,0.0,0.9137290310778532,0.0
0.9269314693031203,0.0,0.9138405030326944,0.0
0.927010090023818,0.0,0.9139519749875356,0.0
0.9270887107445157,0.0,0.9140733788556434,0.0
0.9271673314652135,0.0,0.9141662349035834,0.0
0.927246429026344,0.0,0.9142998668227622,0.0
0.9273250497470418,0.0,0.9143809405355521,0.0
0.9274041473081723,0.0,0.914462014248342,0.0
0.92748276802887,0.0,0.9145430879611318,0.0
0.9275613887495677,0.0,0.9146241616739217,0.0
0.9276400094702655,0.0,0.9147052353867116,0.0
0.9277514814251067,0.0,0.9148388673058905,0.0
0.927862953379948,0.0,0.9149199410186803,0.0
0.9279744253347891,0.0,0.9149985617393781,0.0
0.9280858972896304,0.0,0.9150771824600759,0.0
0.9281649948507609,0.0,0.9151415174758247,0.0
0.9282764668056022,0.0,0.9152058524915736,0.0
0.9283879387604433,0.0,0.9152742446732329,0.0
0.9284994107152846,0.0,0.9153426368548923,0.0
0.9286108826701258,0.0,0.9154110290365515,0.0
0.9286899802312564,0.0,0.9154896497572492,0.0
0.9288014521860976,0.0,0.915568270477947,0.0
0.9288657872018465,0.0,0.9157019023971259,0.0
0.9289301222175954,0.0,0.9157805231178237,0.0
0.9289944572333444,0.0,0.9158910711996354,0.0
0.9290587922490933,0.0,0.9159696919203332,0.0
0.9291431206904788,0.0,0.9160483126410309,0.0
0.9292949004936053,0.0,0.9161269333617287,0.0
0.9293792289349908,0.0,0.9162384053165699,0.0
0.9294635573763763,0.0,0.9163498772714112,0.0
0.929555109694629,0.0,0.9164613492262523,0.0
0.9296466620128815,0.0,0.916639559822095,0.0
0.9298032689015936,0.0,0.9167250454514229,0.0
0.9299598757903057,0.0,0.9169032560472655,0.0
0.9301164826790177,0.0,0.9170814666431082,0.0
0.9302730895677298,0.0,0.9172596772389509,0.0
0.9304296964564418,0.0,0.9173088649045086,0.0
0.9305863033451539,0.0,0.9173943505338364,0.0
0.9306778556634066,0.0,0.9175058224886776,0.0
0.9307421906791554,0.0,0.9175913081180056,0.0
0.9308617696434022,0.0,0.9177027800728468,0.0
0.9309261046591512,0.0,0.9177671150885958,0.0
0.9309904396749,0.0,0.9178314501043446,0.0
0.9310588318565594,0.0,0.9178957851200936,0.0
0.9311272240382186,0.0,0.9179601201358425,0.0
0.9311956162198779,0.0,0.9180244551515914,0.0
0.9312640084015372,0.0,0.9181099407809193,0.0
0.9313324005831964,0.0,0.9181882098727847,0.0
0.9314007927648558,0.0,0.9182940957507725,0.0
0.9314923450831084,0.0,0.9183624879324318,0.0
0.9315706141749738,0.0,0.9184308801140911,0.0
0.9316488832668391,0.0,0.9184555535887532,0.0
0.9317404355850918,0.0,0.9184802270634154,0.0
0.9318187046769572,0.0,0.9185049005380774,0.0
0.9319102569952097,0.0,0.9185295740127396,0.0
0.931988526087075,0.0,0.9185542474874017,0.0
0.9320667951789404,0.0,0.9185789209620638,0.0
0.9321450642708058,0.0,0.9186644065913918,0.0
0.9322070008940259,0.0,0.9186890800660539,0.0
0.9322852699858912,0.0,0.918713753540716,0.0
0.9323635390777566,0.0,0.9189073887786274,0.0
0.9324694249557444,0.0,0.9191010240165388,0.0
0.9325753108337322,0.0,0.9191865096458667,0.0
0.9326372474569522,0.0,0.9192719952751947,0.0
0.932756826421199,0.0,0.9193574809045225,0.0
0.9328627122991868,0.0,0.9194789267448501,0.0
0.9329822912634336,0.0,0.9196003725851777,0.0
0.9330544189896322,0.0,0.9197218184255053,0.0
0.9331603048676199,0.0,0.9198013969469889,0.0
0.9332826847915836,0.0,0.9198809754684727,0.0
0.9334022637558304,0.0,0.9200746107063841,0.0
0.9335384607883982,0.0,0.9201430028880433,0.0
0.9336608407123619,0.0,0.9202212719799087,0.0
0.9337210668550762,0.0,0.920299541071774,0.0
0.9337830034782961,0.0,0.9203778101636394,0.0
0.9338449401015162,0.0,0.9204560792555049,0.0
0.9339803821692949,0.0,0.9205343483473702,0.0
0.9341158242370737,0.0,0.9206126174392356,0.0
0.9341777608602937,0.0,0.920690886531101,0.0
0.9342583926372957,0.0,0.9208780996031647,0.0
0.9343390244142977,0.0,0.9209839854811526,0.0
0.9344339068259573,0.0,0.921130441633611,0.0
0.9345145386029593,0.0,0.9212363275115988,0.0
0.9345951703799613,0.0,0.9213827836640572,0.0
0.9346758021569633,0.0,0.921488669542045,0.0
0.9347480285064103,0.0,0.9216351256945035,0.0
0.9348286602834123,0.0,0.9217815818469619,0.0
0.9349092920604142,0.0,0.9218538081964088,0.0
0.9349815184098611,0.0,0.9219408752805301,0.0
0.935053744759308,0.0,0.9220131016299771,0.0
0.935125971108755,0.0,0.922085327979424,0.0
0.9351981974582019,0.0,0.9221575543288709,0.0
0.9352739751535216,0.0,0.9223630199903224,0.0
0.9354355386547176,0.0,0.9224500870744438,0.0
0.9355113163500374,0.0,0.9226555527358953,0.0
0.9356728798512335,0.0,0.9227426198200167,0.0
0.9357486575465531,0.0,0.9230843130014467,0.0
0.9358244352418728,0.0,0.9232897786628982,0.0
0.9358491087165349,0.0,0.9234952443243496,0.0
0.9358737821911971,0.0,0.9237007099858011,0.0
0.9358984556658592,0.0,0.9237802885072848,0.0
0.9359742333611788,0.0,0.9238525148567317,0.0
0.935998906835841,0.0,0.9239320933782155,0.0
0.9360235803105031,0.0,0.9240936568794116,0.0
0.9360482537851652,0.0,0.9241732354008952,0.0
0.9361240314804848,0.0,0.9243347989020914,0.0
0.936148704955147,0.0,0.9244143774235751,0.0
0.9362244826504666,0.0,0.9245249255053869,0.0
0.9362491561251288,0.0,0.9247121385774507,0.0
0.9364427913630402,0.0,0.9248993516495145,0.0
0.9365185690583598,0.0,0.9250865647215782,0.0
0.9367122042962712,0.0,0.9252279678129427,0.0
0.9369058395341826,0.0,0.925369370904307,0.0
0.9369821395759421,0.0,0.9255107739956715,0.0
0.9370584396177016,0.0,0.9256979870677352,0.0
0.9372456526897655,0.0,0.925885200139799,0.0
0.9374328657618292,0.0,0.9260724132118628,0.0
0.937620078833893,0.0,0.9261829612936746,0.0
0.9378072919059568,0.0,0.9263701743657384,0.0
0.9379945049780205,0.0,0.9265573874378021,0.0
0.93807080501978,0.0,0.9266756024620616,0.0
0.9382580180918438,0.0,0.926793817486321,0.0
0.9384452311639075,0.0,0.9269120325105804,0.0
0.9385215312056671,0.0,0.9270302475348398,0.0
0.9387087442777309,0.0,0.9273719407162697,0.0
0.9388959573497947,0.0,0.9277136338976998,0.0
0.9389784578717073,0.0,0.9280553270791297,0.0
0.9390609583936199,0.0,0.9281567714196263,0.0
0.9391372584353794,0.0,0.9282503109920864,0.0
0.939219758957292,0.0,0.9283608590738983,0.0
0.9393130669307648,0.0,0.9284790740981577,0.0
0.9393955674526774,0.0,0.9285896221799695,0.0
0.93947806797459,0.0,0.9286721227018822,0.0
0.9395713759480628,0.0,0.9287546232237948,0.0
0.9396293261703139,0.0,0.9288371237457074,0.0
0.9397226341437868,0.0,0.92891962426762,0.0
0.9398159421172595,0.0,0.9290021247895326,0.0
0.9398738923395107,0.0,0.9290600750117838,0.0
0.9399582207808962,0.0,0.9291706230935955,0.0
0.9400161710031473,0.0,0.9292811711754074,0.0
0.9400741212253985,0.0,0.9294225742667718,0.0
0.9401755655658949,0.0,0.9295639773581362,0.0
0.9402770099063914,0.0,0.9296575450734752,0.0
0.9403784542468879,0.0,0.9297233592510669,0.0
0.9404627826882734,0.0,0.9297891734286585,0.0
0.94056422702877,0.0,0.9298549876062503,0.0
0.9406656713692665,0.0,0.929920801783842,0.0
0.9407671157097629,0.0,0.9299787520060931,0.0
0.9408514441511484,0.0,0.930072319721432,0.0
0.9409528884916449,0.0,0.9301302699436832,0.0
0.9410543328321415,0.0,0.9301882201659343,0.0
0.9411478724046016,0.0,0.9302896645064308,0.0
0.9412322008459872,0.0,0.9303911088469273,0.0
0.941351779810234,0.0,0.9304925531874237,0.0
0.9414453193826943,0.0,0.9305861209027627,0.0
0.9415388589551544,0.0,0.9306875652432592,0.0
0.9416231873965399,0.0,0.9307890095837558,0.0
0.9417167269690002,0.0,0.9308904539242522,0.0
0.9418102665414604,0.0,0.9309918982647487,0.0
0.9418633769998144,0.0,0.9310733200131208,0.0
0.9419164874581683,0.0,0.9311668877284598,0.0
0.9420100270306284,0.0,0.9312483094768318,0.0
0.9420631374889824,0.0,0.9313297312252039,0.0
0.9421162479473363,0.0,0.931411152973576,0.0
0.9422344629715956,0.0,0.9314925747219481,0.0
0.9423526779958551,0.0,0.9315739964703202,0.0
0.9424708930201144,0.0,0.9316675641856591,0.0
0.9425891080443739,0.0,0.9317611037581194,0.0
0.9426380251161102,0.0,0.9318546433305795,0.0
0.9427562401403695,0.0,0.9319481829030398,0.0
0.9428051572121059,0.0,0.9320417224755001,0.0
0.9428709713896976,0.0,0.9321321360222791,0.0
0.9429367855672893,0.0,0.9322256755947392,0.0
0.943002599744881,0.0,0.932291489772331,0.0
0.9430684139224726,0.0,0.9323573039499227,0.0
0.9431342281000644,0.0,0.9324477174967016,0.0
0.9432000422776561,0.0,0.9325360708029724,0.0
0.9432853420348654,0.0,0.9326244241092432,0.0
0.943351156212457,0.0,0.9327299955820915,0.0
0.9434169703900488,0.0,0.9328355670549398,0.0
0.9434827845676405,0.0,0.9329411385277881,0.0
0.9435485987452322,0.0,0.9330467100006364,0.0
0.9436338985024414,0.0,0.9333653316280084,0.0
0.9437153202508135,0.0,0.9336839532553802,0.0
0.9437967419991856,0.0,0.9340025748827522,0.0
0.9438702412681113,0.0,0.9340929884295311,0.0
0.9439516630164833,0.0,0.9341588026071229,0.0
0.9440330847648554,0.0,0.9342246167847146,0.0
0.9441145065132275,0.0,0.9342904309623064,0.0
0.9441959282615996,0.0,0.934356245139898,0.0
0.9442773500099717,0.0,0.9344376668882701,0.0
0.9443508492788972,0.0,0.9345280804350491,0.0
0.9444322710272693,0.0,0.9346095021834212,0.0
0.9445057702961949,0.0,0.9346999157302002,0.0
0.9446203754462283,0.0,0.9348145208802335,0.0
0.9446938747151539,0.0,0.9349049344270125,0.0
0.9447673739840795,0.0,0.9349953479737915,0.0
0.944840873253005,0.0,0.9351486015701223,0.0
0.9449143725219307,0.0,0.935301855166453,0.0
0.9449878717908562,0.0,0.9354551087627838,0.0
0.9450613710597818,0.0,0.9356083623591146,0.0
0.9450779347759471,0.0,0.9357616159554454,0.0
0.9450944984921125,0.0,0.9359148695517763,0.0
0.9451110622082779,0.0,0.9360012446251907,0.0
0.9451276259244432,0.0,0.9360876196986053,0.0
0.9451441896406086,0.0,0.936176410540419,0.0
0.9452637686048554,0.0,0.9362668240871981,0.0
0.9453859755516264,0.0,0.9363639514392186,0.0
0.9454025392677918,0.0,0.9364610787912391,0.0
0.9454760385367174,0.0,0.9365582061432596,0.0
0.9455291489950713,0.0,0.9366553334952801,0.0
0.9455822594534252,0.0,0.936745747042059,0.0
0.9455906699507122,0.0,0.9367623107582245,0.0
0.9455990804479991,0.0,0.9367788744743898,0.0
0.9456074909452862,0.0,0.9367954381905552,0.0
0.94566060140364,0.0,0.9368120019067205,0.0
0.945669011900927,0.0,0.9368285656228859,0.0
0.945722122359281,0.0,0.9368983081233113,0.0
0.9457752328176349,0.0,0.9369680506237368,0.0
0.945803823470109,0.0,0.9369846143399021,0.0
0.945812233967396,0.0,0.9370543568403276,0.0
0.945820644464683,0.0,0.937124099340753,0.0
0.9458492351171571,0.0,0.9371938418411784,0.0
0.9459463624691776,0.0,0.9372407836786809,0.0
0.9460434898211981,0.0,0.9373282504290567,0.0
0.9461406171732186,0.0,0.9374157171794324,0.0
0.9462377445252392,0.0,0.9375027842635538,0.0
0.9462663351777133,0.0,0.9375497261010564,0.0
0.9462949258301875,0.0,0.9375966679385589,0.0
0.946392053182208,0.0,0.9376050784358458,0.0
0.9464891805342285,0.0,0.9376134889331328,0.0
0.9466113874809996,0.0,0.9376218994304198,0.0
0.9466583293185021,0.0,0.9377089665145412,0.0
0.9467658609305357,0.0,0.9377173770118281,0.0
0.9468733925425694,0.0,0.9378044440959495,0.0
0.9469019831950436,0.0,0.9378915111800709,0.0
0.9469305738475177,0.0,0.9378999216773579,0.0
0.9469591644999918,0.0,0.9379083321746449,0.0
0.9470192535555414,0.0,0.9380018998899838,0.0
0.9470817431867529,0.0,0.9383433444151066,0.0
0.9471442328179644,0.0,0.9385930912694873,0.0
0.9472804298505322,0.0,0.9388428381238679,0.0
0.9474166268831,0.0,0.9390925849782487,0.0
0.9474791165143115,0.0,0.9393423318326293,0.0
0.947526058351814,0.0,0.93959207868701,0.0
0.9475885479830256,0.0,0.9398418255413906,0.0
0.9477107549297966,0.0,0.9399306163832044,0.0
0.9477732445610081,0.0,0.9400194072250182,0.0
0.9478201863985106,0.0,0.9401129749403572,0.0
0.9478826760297222,0.0,0.940201765782171,0.0
0.9479296178672247,0.0,0.940283646328273,0.0
0.9479921074984362,0.0,0.9403807736802935,0.0
0.948083095905774,0.0,0.940477901032314,0.0
0.9481266038406183,0.0,0.9405597815784161,0.0
0.9482488107873894,0.0,0.9406067234159187,0.0
0.9482923187222336,0.0,0.9406918031778749,0.0
0.9483833071295715,0.0,0.9407768829398313,0.0
0.9484268150644157,0.0,0.9408619627017876,0.0
0.94847032299926,0.0,0.9409054706366319,0.0
0.9485138309341044,0.0,0.9409873511827339,0.0
0.9485573388689487,0.0,0.9410308591175782,0.0
0.9485864107833372,0.0,0.9410743670524225,0.0
0.9486154826977257,0.0,0.9411178749872668,0.0
0.9486445546121142,0.0,0.9411613829221112,0.0
0.9486736265265027,0.0,0.9412048908569555,0.0
0.9487026984408912,0.0,0.941233962771344,0.0
0.9487317703552797,0.0,0.9412630346857325,0.0
0.9487608422696682,0.0,0.941292106600121,0.0
0.9487899141840567,0.0,0.9413211785145095,0.0
0.9488189860984452,0.0,0.941350250428898,0.0
0.9488480580128337,0.0,0.9416916949540207,0.0
0.9488771299272223,0.0,0.9417799447186227,0.0
0.9489993368739933,0.0,0.9418457808846966,0.0
0.9490844166359496,0.0,0.9419116170507705,0.0
0.9491694963979058,0.0,0.9419774532168445,0.0
0.9492604848052437,0.0,0.942006525131233,0.0
0.9493455645672,0.0,0.9420355970456215,0.0
0.9494306443291562,0.0,0.94206466896001,0.0
0.949521632736494,0.0,0.9420937408743985,0.0
0.9496067124984504,0.0,0.942122812788787,0.0
0.9496917922604067,0.0,0.9421518847031755,0.0
0.9497768720223629,0.0,0.9422983408556339,0.0
0.9498619517843193,0.0,0.9423834206175903,0.0
0.9499470315462756,0.0,0.9424685003795465,0.0
0.9500380199536134,0.0,0.942614956532005,0.0
0.9501262697182153,0.0,0.9427000362939613,0.0
0.9502145194828173,0.0,0.9427851160559176,0.0
0.9503055078901551,0.0,0.9428509522219916,0.0
0.9503818382579263,0.0,0.9429349247532254,0.0
0.9505350918542571,0.0,0.9430188972844592,0.0
0.950688345450588,0.0,0.9431028698156931,0.0
0.9508415990469188,0.0,0.943186842346927,0.0
0.9509948526432496,0.0,0.9432708148781608,0.0
0.9511481062395803,0.0,0.9433547874093946,0.0
0.9513013598359111,0.0,0.943439867171351,0.0
0.9513877349093256,0.0,0.9435249469333072,0.0
0.9514741099827402,0.0,0.9436714030857657,0.0
0.951565098390078,0.0,0.9437596528503677,0.0
0.9516560867974158,0.0,0.9438479026149696,0.0
0.9517443365620177,0.0,0.9439943587674281,0.0
0.9518325863266197,0.0,0.9441408149198866,0.0
0.9519208360912217,0.0,0.9442290646844885,0.0
0.9519866722572956,0.0,0.9443173144490904,0.0
0.9520525084233695,0.0,0.9446503287167051,0.0
0.9521183445894434,0.0,0.9449833429843197,0.0
0.9521841807555174,0.0,0.9452330898387005,0.0
0.952268209003365,0.0,0.9454828366930811,0.0
0.9523340451694389,0.0,0.9457325835474618,0.0
0.9524180734172866,0.0,0.9460512051748337,0.0
0.9525021016651342,0.0,0.9463698268022056,0.0
0.9525679378312081,0.0,0.9464633945175446,0.0
0.952633773997282,0.0,0.9467820161449165,0.0
0.9527177465285159,0.0,0.9471006377722884,0.0
0.9528017190597498,0.0,0.9474192593996603,0.0
0.9528857473075975,0.0,0.9474850955657342,0.0
0.9530206347406532,0.0,0.9475786632810732,0.0
0.9530671891357476,0.0,0.9476444994471471,0.0
0.953113743530842,0.0,0.9477380671624861,0.0
0.9531602979259364,0.0,0.94780390332856,0.0
0.9532068523210308,0.0,0.9479571569248908,0.0
0.953253406716125,0.0,0.9481104105212216,0.0
0.9533374349639727,0.0,0.9481943830524554,0.0
0.9535051777680817,0.0,0.9482155024119787,0.0
0.9536127093801154,0.0,0.948236621771502,0.0
0.9536966819113493,0.0,0.9482577411310253,0.0
0.9537806544425831,0.0,0.9482788604905487,0.0
0.953864626973817,0.0,0.948299979850072,0.0
0.9539486552216646,0.0,0.9483210992095953,0.0
0.9540326277528985,0.0,0.9484146669249343,0.0
0.9541166002841324,0.0,0.9484357862844576,0.0
0.9541377196436557,0.0,0.9485055287848829,0.0
0.954158839003179,0.0,0.948579890858575,0.0
0.9541799583627023,0.0,0.948654252932267,0.0
0.9542732663361752,0.0,0.9487239954326925,0.0
0.9542943856956985,0.0,0.9490570097003072,0.0
0.9543155050552218,0.0,0.9491267522007325,0.0
0.954336624414745,0.0,0.9492103920887465,0.0
0.9544299323882178,0.0,0.9495434063563611,0.0
0.9544510517477411,0.0,0.9496308731067369,0.0
0.95452577905025,0.0,0.9497183398571126,0.0
0.9546001411239421,0.0,0.9497927019308047,0.0
0.9546745031976341,0.0,0.9498670640044966,0.0
0.954749230500143,0.0,0.9499740628980847,0.0
0.9548239578026521,0.0,0.9500810617916728,0.0
0.9548983198763441,0.0,0.950188060685261,0.0
0.954973047178853,0.0,0.9502950595788491,0.0
0.955047409252545,0.0,0.9504020584724372,0.0
0.9551217713262371,0.0,0.9505090573660253,0.0
0.9551961333999291,0.0,0.950596524116401,0.0
0.955270860702438,0.0,0.9507035230099892,0.0
0.9553452227761301,0.0,0.9508105219035773,0.0
0.955407429003541,0.0,0.9508946722709614,0.0
0.95548215630605,0.0,0.9510399016725334,0.0
0.955544362533461,0.0,0.9511690857851463,0.0
0.9556044237519403,0.0,0.9512982698977591,0.0
0.9556666299793513,0.0,0.9514515234940899,0.0
0.9557266911978306,0.0,0.951525885567782,0.0
0.9557867524163101,0.0,0.951600247641474,0.0
0.955848958643721,0.0,0.951674609715166,0.0
0.9559090198622003,0.0,0.951736815942577,0.0
0.9559780312933749,0.0,0.951799022169988,0.0
0.9560380925118542,0.0,0.9518864889203638,0.0
0.9560981537303336,0.0,0.9519486951477747,0.0
0.9561582149488129,0.0,0.9520109013751857,0.0
0.9562345453165843,0.0,0.9520799128063603,0.0
0.9562946065350636,0.0,0.9521565188605142,0.0
0.9563546677535429,0.0,0.9522331249146682,0.0
0.9564388181209271,0.0,0.9523178859986604,0.0
0.9565458170145152,0.0,0.9524026470826527,0.0
0.9566528159081032,0.0,0.9524874081666448,0.0
0.9567598148016914,0.0,0.952572169250637,0.0
0.9568668136952795,0.0,0.9527076113184157,0.0
0.9569738125888676,0.0,0.9527950780687915,0.0
0.9570808114824557,0.0,0.9528825448191672,0.0
0.9571310193082538,0.0,0.9529774272308269,0.0
0.957238018201842,0.0,0.9530752398997455,0.0
0.9573450170954301,0.0,0.953173052568664,0.0
0.9574982706917609,0.0,0.9532708652375826,0.0
0.9576515242880916,0.0,0.9533657476492423,0.0
0.9578047778844224,0.0,0.9534635603181608,0.0
0.9578889282518065,0.0,0.9535613729870794,0.0
0.9579730786191907,0.0,0.953659185655998,0.0
0.9580232864449888,0.0,0.9537569983249167,0.0
0.958107436812373,0.0,0.9538309085835066,0.0
0.958157644638171,0.0,0.9539048188420965,0.0
0.9582630004395591,0.0,0.9540901895027614,0.0
0.9583683562409472,0.0,0.9541640997613513,0.0
0.9584737120423353,0.0,0.9542932838739642,0.0
0.9585790678437234,0.0,0.9544224679865771,0.0
0.9586844236451115,0.0,0.9545066183539612,0.0
0.9587897794464996,0.0,0.9545907687213454,0.0
0.9588773612828158,0.0,0.9546749190887296,0.0
0.958964943119132,0.0,0.9548602897493944,0.0
0.9590525249554482,0.0,0.9549656455507824,0.0
0.9591401067917645,0.0,0.9550710013521705,0.0
0.9591903146175625,0.0,0.9551763571535586,0.0
0.9592778964538788,0.0,0.9552817129549467,0.0
0.959365478290195,0.0,0.9553870687563348,0.0
0.9594156861159931,0.0,0.955471829840327,0.0
0.9595609155175651,0.0,0.9558132743654498,0.0
0.9596900996301779,0.0,0.9558993882529024,0.0
0.959740307455976,0.0,0.9559841493368946,0.0
0.9597905152817742,0.0,0.9560689104208868,0.0
0.9598407231075722,0.0,0.9561550243083394,0.0
0.9598909309333703,0.0,0.9562397853923316,0.0
0.9600201150459832,0.0,0.9563451411937197,0.0
0.9600703228717813,0.0,0.9564327230300359,0.0
0.9601995069843942,0.0,0.9565203048663522,0.0
0.960328691097007,0.0,0.9566078867026684,0.0
0.960402601355597,0.0,0.9566954685389846,0.0
0.9604765116141869,0.0,0.9567815824264372,0.0
0.9605504218727768,0.0,0.9568691642627535,0.0
0.9606243321313669,0.0,0.9569567460990697,0.0
0.9607006624991381,0.0,0.9570306563576596,0.0
0.960774572757728,0.0,0.9571045666162495,0.0
0.9608484830163181,0.0,0.9571906805037022,0.0
0.9609158164931211,0.0,0.9572884931726208,0.0
0.9609740200862275,0.0,0.9573624034312107,0.0
0.9610413535630304,0.0,0.9574206070243171,0.0
0.9611086870398335,0.0,0.9575184196932357,0.0
0.9611668906329399,0.0,0.9576181910487491,0.0
0.9612890975797109,0.0,0.9577179624042625,0.0
0.9614113045264819,0.0,0.9578157750731812,0.0
0.9615089695748312,0.0,0.9579155464286946,0.0
0.9615864839397587,0.0,0.9580153177842081,0.0
0.9616639983046861,0.0,0.95816054718578,0.0
0.9617415126696136,0.0,0.9583057765873519,0.0
0.961819027034541,0.0,0.958451005988924,0.0
0.9618965413994685,0.0,0.9585872030214917,0.0
0.9619740557643959,0.0,0.9586850156904103,0.0
0.9620515701293234,0.0,0.9588204577581891,0.0
0.9621864575623792,0.0,0.9588765112540498,0.0
0.9623213449954351,0.0,0.9589325647499105,0.0
0.9624562324284909,0.0,0.9589683476939035,0.0
0.9625235659052939,0.0,0.9590041306378965,0.0
0.9626584533383498,0.0,0.9591493600394685,0.0
0.9627257868151528,0.0,0.9592945894410404,0.0
0.9628383367365398,0.0,0.9594398188426123,0.0
0.9629508866579268,0.0,0.9594980224357187,0.0
0.9630634365793139,0.0,0.9595788462944513,0.0
0.9631856435260849,0.0,0.959659670153184,0.0
0.9632981934474719,0.0,0.9597404940119165,0.0
0.963365526924275,0.0,0.9598530439333036,0.0
0.963487733871046,0.0,0.9599655938546906,0.0
0.9636073716099919,0.0,0.9600781437760777,0.0
0.9637199215313789,0.0,0.9601589676348102,0.0
0.9637872550081819,0.0,0.9602715175561973,0.0
0.9638433085040427,0.0,0.9603316066117469,0.0
0.9639106419808456,0.0,0.9604124304704794,0.0
0.9639666954767064,0.0,0.9605486275030473,0.0
0.9640340289535094,0.0,0.9606848245356151,0.0
0.9640900824493701,0.0,0.9607656483943476,0.0
0.9641461359452309,0.0,0.9608781983157347,0.0
0.9642021894410916,0.0,0.9609590221744673,0.0
0.9642582429369524,0.0,0.9610150756703281,0.0
0.9643142964328131,0.0,0.9610736758291302,0.0
0.9643703499286738,0.0,0.9611297293249909,0.0
0.9644264034245346,0.0,0.9611883294837931,0.0
0.9644621863685275,0.0,0.9612443829796538,0.0
0.9644979693125205,0.0,0.9613004364755144,0.0
0.9645337522565134,0.0,0.9613564899713752,0.0
0.9645695352005064,0.0,0.9614125434672359,0.0
0.9646053181444993,0.0,0.9614685969630967,0.0
0.9646411010884923,0.0,0.9615067880047918,0.0
0.9647084345652954,0.0,0.961544979046487,0.0
0.9647442175092884,0.0,0.9615831700881821,0.0
0.9647901841913713,0.0,0.9616417702469842,0.0
0.9648899555468847,0.0,0.9616775531909771,0.0
0.9649897269023981,0.0,0.9617133361349701,0.0
0.9650568462452783,0.0,0.9617491190789631,0.0
0.9651566176007917,0.0,0.9617849020229561,0.0
0.9652563889563052,0.0,0.9618435021817582,0.0
0.9654016183578771,0.0,0.9618792851257512,0.0
0.9655468477594491,0.0,0.9619252518078341,0.0
0.965692077161021,0.0,0.962008891695848,0.0
0.9658373065625929,0.0,0.9620925315838619,0.0
0.9659825359641648,0.0,0.9622538884094651,0.0
0.9661277653657369,0.0,0.9623375282974791,0.0
0.9661948847086169,0.0,0.962421168185493,0.0
0.966262004051497,0.0,0.9625048080735069,0.0
0.9663291233943772,0.0,0.9625884479615209,0.0
0.9663962427372572,0.0,0.9626389881714511,0.0
0.9664633620801373,0.0,0.9626895283813813,0.0
0.9665533203969524,0.0,0.9627400685913116,0.0
0.9666432787137674,0.0,0.9628237084793255,0.0
0.9667332370305826,0.0,0.962932147484707,0.0
0.9667969792152746,0.0,0.9629826876946372,0.0
0.9668607213999667,0.0,0.9630688015820899,0.0
0.9669506797167817,0.0,0.9631193417920201,0.0
0.9670144219014738,0.0,0.9632093001088352,0.0
0.9670781640861659,0.0,0.9632992584256502,0.0
0.967116355127861,0.0,0.9633892167424654,0.0
0.9671545461695561,0.0,0.9634753306299179,0.0
0.9671927372112513,0.0,0.963565288946733,0.0
0.9672564793959434,0.0,0.9636514028341856,0.0
0.9672946704376385,0.0,0.96369795722928,0.0
0.9673328614793336,0.0,0.9637445116243742,0.0
0.9673966036640257,0.0,0.963795266048927,0.0
0.9674603458487178,0.0,0.9638434468059468,0.0
0.9675327553010172,0.0,0.9640913894070363,0.0
0.9675832955109476,0.0,0.9643393320081257,0.0
0.9676338357208778,0.0,0.9645872746092152,0.0
0.967684375930808,0.0,0.9648352172103047,0.0
0.9677481181155001,0.0,0.9650831598113943,0.0
0.9678118603001922,0.0,0.9651313405684141,0.0
0.9678624005101224,0.0,0.9653792831695036,0.0
0.9679307039351055,0.0,0.9656272257705931,0.0
0.9679812441450357,0.0,0.9658751683716826,0.0
0.9680495475700188,0.0,0.9660365251972859,0.0
0.9681178509950019,0.0,0.966074716238981,0.0
0.9681727802622832,0.0,0.9661129072806761,0.0
0.9682277095295644,0.0,0.9661663174993391,0.0
0.9682826387968457,0.0,0.9662197277180021,0.0
0.968337568064127,0.0,0.9662731379366652,0.0
0.9683924973314082,0.0,0.966321318693685,0.0
0.9684608007563913,0.0,0.9663694994507048,0.0
0.9685157300236726,0.0,0.9664244287179861,0.0
0.9685840334486556,0.0,0.9664793579852674,0.0
0.968638962715937,0.0,0.9666127428621285,0.0
0.9686923729346,0.0,0.9667461277389896,0.0
0.968745783153263,0.0,0.9668795126158507,0.0
0.9687991933719261,0.0,0.9670128974927118,0.0
0.9688526035905891,0.0,0.9671462823695729,0.0
0.9689060138092521,0.0,0.9672323962570255,0.0
0.9689594240279152,0.0,0.9673321676125389,0.0
0.9690128342465782,0.0,0.9674182814999915,0.0
0.9690852436988778,0.0,0.9674648358950859,0.0
0.969243726909756,0.0,0.9675257364220435,0.0
0.9692971371284191,0.0,0.9675866369490013,0.0
0.9693505473470821,0.0,0.9676727508364538,0.0
0.9694188507720652,0.0,0.9676975451330899,0.0
0.9694797512990229,0.0,0.9677973164886033,0.0
0.9695406518259806,0.0,0.9678522457558846,0.0
0.9696015523529383,0.0,0.9679071750231659,0.0
0.9696624528798959,0.0,0.9679621042904472,0.0
0.969730756304879,0.0,0.9680482181778998,0.0
0.9697916568318368,0.0,0.968103147445181,0.0
0.9698525573587944,0.0,0.9681892613326336,0.0
0.9700110405696727,0.0,0.9682441905999148,0.0
0.9701444254465338,0.0,0.9682976008185779,0.0
0.9702778103233949,0.0,0.968351011037241,0.0
0.970411195200256,0.0,0.968404421255904,0.0
0.9705445800771171,0.0,0.968457831474567,0.0
0.9706128835021002,0.0,0.9685927189076229,0.0
0.9706849853704892,0.0,0.9687276063406787,0.0
0.9708183702473503,0.0,0.9688624937737346,0.0
0.9708904721157393,0.0,0.9689210939325367,0.0
0.9709625739841284,0.0,0.9690559813655925,0.0
0.9710623453396419,0.0,0.9691908687986484,0.0
0.9712208285505202,0.0,0.9692374231937427,0.0
0.9712929304189092,0.0,0.9692839775888371,0.0
0.9714925973391642,0.0,0.9693425777476392,0.0
0.9715646992075532,0.0,0.9693959879663022,0.0
0.9717643661278081,0.0,0.9694493981849652,0.0
0.9718364679961972,0.0,0.9695079983437674,0.0
0.9719085698645863,0.0,0.9695688988707251,0.0
0.9719806717329753,0.0,0.9696297993976828,0.0
0.9720527736013643,0.0,0.9696906999246404,0.0
0.9721504386497136,0.0,0.9697516004515981,0.0
0.9722481036980628,0.0,0.9698183657404144,0.0
0.972345768746412,0.0,0.9698851310292307,0.0
0.9724434337947613,0.0,0.9699518963180469,0.0
0.9725410988431105,0.0,0.9700329888550503,0.0
0.9726408701986239,0.0,0.9701140813920536,0.0
0.97266566449526,0.0,0.970195173929057,0.0
0.9727384156206256,0.0,0.970210935443635,0.0
0.9728111667459911,0.0,0.9702920279806384,0.0
0.9728839178713568,0.0,0.9703731205176417,0.0
0.9729949206479676,0.0,0.9703888820322197,0.0
0.9730106821625456,0.0,0.9704699745692231,0.0
0.9731691653734239,0.0,0.9704857360838012,0.0
0.9733276485843021,0.0,0.9705014975983792,0.0
0.9733434100988803,0.0,0.9705172591129573,0.0
0.9734544128754911,0.0,0.9705947734778847,0.0
0.9734701743900691,0.0,0.9706722878428121,0.0
0.9734859359046472,0.0,0.970729408147455,0.0
0.973596938681258,0.0,0.9707865284520978,0.0
0.973612700195836,0.0,0.9708436487567407,0.0
0.9737711834067143,0.0,0.9709007690613835,0.0
0.9737869449212924,0.0,0.9709578893660262,0.0
0.9738501654815925,0.0,0.9710164895248284,0.0
0.9739133860418927,0.0,0.9710322510394065,0.0
0.9740243888185035,0.0,0.9710954715997066,0.0
0.9740876093788037,0.0,0.9711586921600067,0.0
0.9741508299391037,0.0,0.9712219127203069,0.0
0.9742140504994039,0.0,0.9712851332806071,0.0
0.9742772710597041,0.0,0.9713483538409071,0.0
0.9743404916200042,0.0,0.9714115744012073,0.0
0.974451494396615,0.0,0.9714747949615075,0.0
0.9745147149569152,0.0,0.9715255493860601,0.0
0.9745814802457314,0.0,0.9715887699463602,0.0
0.9746482455345478,0.0,0.9716361155870269,0.0
0.974715010823364,0.0,0.9716834612276936,0.0
0.9747966096688491,0.0,0.9717308068683601,0.0
0.9748633749576654,0.0,0.9717781525090268,0.0
0.9749301402464816,0.0,0.9718254981496934,0.0
0.9750411430230924,0.0,0.9718728437903601,0.0
0.9751079083119087,0.0,0.9719201894310266,0.0
0.975174673600725,0.0,0.9719709438555794,0.0
0.9752414388895413,0.0,0.9719997012395318,0.0
0.9753082041783575,0.0,0.9720504556640844,0.0
0.9753653244830004,0.0,0.9721172209529008,0.0
0.9754763272596112,0.0,0.972183986241717,0.0
0.975533447564254,0.0,0.9722507515305333,0.0
0.9756444503408649,0.0,0.9723175168193495,0.0
0.9757015706455077,0.0,0.9723842821081659,0.0
0.9758125734221185,0.0,0.9724510473969821,0.0
0.9758696937267614,0.0,0.9725018018215347,0.0
0.9759268140314041,0.0,0.9727014687417896,0.0
0.975983934336047,0.0,0.9727522231663424,0.0
0.9760410546406898,0.0,0.972802977590895,0.0
0.9760981749453326,0.0,0.9728804919558225,0.0
0.9761552952499755,0.0,0.9729580063207499,0.0
0.9762026408906421,0.0,0.9730355206856773,0.0
0.9762499865313087,0.0,0.9731130350506048,0.0
0.9762973321719753,0.0,0.9731905494155323,0.0
0.976344677812642,0.0,0.9732476697201751,0.0
0.9763920234533087,0.0,0.973304790024818,0.0
0.9764393690939752,0.0,0.9733619103294607,0.0
0.9764867147346419,0.0,0.9734190306341035,0.0
0.9765340603753085,0.0,0.9734663762747702,0.0
0.9765814060159752,0.0,0.9735137219154368,0.0
0.9766287516566418,0.0,0.9735610675561035,0.0
0.976710350502127,0.0,0.973589824940056,0.0
0.9767391078860794,0.0,0.9736185823240084,0.0
0.9767678652700319,0.0,0.9738458194455543,0.0
0.9767966226539844,0.0,0.9738745768295067,0.0
0.9768525606264286,0.0,0.9739033342134592,0.0
0.976881318010381,0.0,0.9739320915974118,0.0
0.9769100753943335,0.0,0.9741593287189576,0.0
0.976938832778286,0.0,0.9741880861029101,0.0
0.9769947707507302,0.0,0.974233215973951,0.0
0.9770235281346826,0.0,0.9742783458449917,0.0
0.9770686580057235,0.0,0.9743234757160326,0.0
0.9771137878767644,0.0,0.9743686055870735,0.0
0.9771589177478053,0.0,0.9744137354581144,0.0
0.977204047618846,0.0,0.9746134023783692,0.0
0.9772491774898869,0.0,0.9748406394999152,0.0
0.9772943073609278,0.0,0.9750403064201701,0.0
0.9773759062064129,0.0,0.9750854362912109,0.0
0.9774318441788571,0.0,0.9753126734127567,0.0
0.977476974049898,0.0,0.9755399105343027,0.0
0.9775221039209387,0.0,0.9755850404053434,0.0
0.9775800010981534,0.0,0.9756301702763843,0.0
0.977637898275368,0.0,0.9758828521620349,0.0
0.9776957954525825,0.0,0.9761355340476853,0.0
0.977753692629797,0.0,0.9763882159333358,0.0
0.9778096306022411,0.0,0.9766408978189863,0.0
0.9778770894180648,0.0,0.9768419154275261,0.0
0.9779445482338885,0.0,0.9770429330360658,0.0
0.9781972301195391,0.0,0.9772439506446056,0.0
0.9784499120051896,0.0,0.9774711877661514,0.0
0.97870259389084,0.0,0.9776984248876972,0.0
0.9789552757764906,0.0,0.977899442496237,0.0
0.9791562933850303,0.0,0.9780848131569017,0.0
0.97935731099357,0.0,0.9781779954345772,0.0
0.9795583286021098,0.0,0.978363366095242,0.0
0.9796399274475949,0.0,0.9784115468522618,0.0
0.9796958654200391,0.0,0.9784597276092817,0.0
0.9798968830285788,0.0,0.9786593945295367,0.0
0.9799528210010229,0.0,0.9787075752865564,0.0
0.9800087589734671,0.0,0.9787557560435762,0.0
0.980100288075756,0.0,0.9788136532207907,0.0
0.9801677468915797,0.0,0.9788715503980053,0.0
0.9802236848640239,0.0,0.9789294475752199,0.0
0.9802920232955881,0.0,0.9789873447524344,0.0
0.9803603617271522,0.0,0.9790548035682581,0.0
0.9804535440048278,0.0,0.9791222623840818,0.0
0.9805467262825033,0.0,0.9791897211999055,0.0
0.9806399085601788,0.0,0.9792571800157293,0.0
0.9807330908378544,0.0,0.979324638831553,0.0
0.9808014292694186,0.0,0.9793920976473767,0.0
0.9808697677009828,0.0,0.9794595564632004,0.0
0.9809612968032717,0.0,0.9795406490002037,0.0
0.9811609637235267,0.0,0.9795881062270021,0.0
0.9813606306437817,0.0,0.9796245524951637,0.0
0.9814289690753458,0.0,0.979705645032167,0.0
0.9814964278911695,0.0,0.9797615454666151,0.0
0.9815638867069932,0.0,0.9798174459010631,0.0
0.981631345522817,0.0,0.9798733463355112,0.0
0.9816988043386407,0.0,0.9799292467699593,0.0
0.9817671427702048,0.0,0.9802677864539091,0.0
0.981835481201769,0.0,0.9803459966606446,0.0
0.9818829384285674,0.0,0.9804242068673801,0.0
0.9819512768601316,0.0,0.9805173891450557,0.0
0.9820196152916958,0.0,0.9806105714227312,0.0
0.98208795372326,0.0,0.9807037537004067,0.0
0.9821562921548241,0.0,0.9807581032481715,0.0
0.9822264118955457,0.0,0.9807976620609552,0.0
0.9822823123299937,0.0,0.980837220873739,0.0
0.9823382127644418,0.0,0.9809154310804745,0.0
0.9823941131988899,0.0,0.9809713315149226,0.0
0.982450013633338,0.0,0.9810272319493706,0.0
0.9825201333740595,0.0,0.9812214137860366,0.0
0.9825760338085076,0.0,0.9814155956227025,0.0
0.9826319342429556,0.0,0.9816097774593685,0.0
0.9827020539836772,0.0,0.9818039592960345,0.0
0.9827721737243986,0.0,0.9819981411327005,0.0
0.9828265232721635,0.0,0.9821923229693663,0.0
0.9828808728199283,0.0,0.9824450048550168,0.0
0.9829509925606498,0.0,0.9825232150617523,0.0
0.9830053421084146,0.0,0.9826014252684878,0.0
0.9831196231863614,0.0,0.9828541071541383,0.0
0.9831739727341261,0.0,0.9829323173608738,0.0
0.9832135315469099,0.0,0.9830018774295265,0.0
0.9832530903596937,0.0,0.983080087636262,0.0
0.9833232101004151,0.0,0.9831496477049146,0.0
0.9833933298411367,0.0,0.9832192077735672,0.0
0.9834328886539204,0.0,0.9832887678422199,0.0
0.9834724474667041,0.0,0.9833669780489553,0.0
0.9835425672074256,0.0,0.9834451882556908,0.0
0.9835962141940896,0.0,0.9837837279396408,0.0
0.9836498611807536,0.0,0.9841222676235906,0.0
0.9837035081674175,0.0,0.9843749495092411,0.0
0.9837571551540815,0.0,0.9844319814989311,0.0
0.9838108021407455,0.0,0.9844863310466959,0.0
0.9840049839774113,0.0,0.9845406805944608,0.0
0.9841991658140773,0.0,0.9845950301422255,0.0
0.9843933476507433,0.0,0.9846520621319156,0.0
0.9845875294874092,0.0,0.9848134189575188,0.0
0.9847817113240752,0.0,0.9849136235587613,0.0
0.9848518310647967,0.0,0.9850742951524133,0.0
0.9849283629603841,0.0,0.985113853965197,0.0
0.98512254479705,0.0,0.9851534127779807,0.0
0.9853752266827005,0.0,0.9852644155545915,0.0
0.9854517585782879,0.0,0.9853180625412555,0.0
0.9855282904738752,0.0,0.9853717095279195,0.0
0.9856048223694626,0.0,0.9854253565145834,0.0
0.9858575042551131,0.0,0.9854790035012474,0.0
0.9861101861407636,0.0,0.9855326504879114,0.0
0.9861638331274275,0.0,0.9855862974745753,0.0
0.9862174801140915,0.0,0.9856399444612393,0.0
0.9862940120096789,0.0,0.9857126955866048,0.0
0.9863540573600937,0.0,0.9858733671802568,0.0
0.9864305892556812,0.0,0.9860340387739087,0.0
0.9865071211512685,0.0,0.9860940841243236,0.0
0.9865671665016834,0.0,0.9861668352496893,0.0
0.9866436983972708,0.0,0.9862268806001042,0.0
0.9867202302928582,0.0,0.9862839125897942,0.0
0.9867810336661473,0.0,0.9863447159630834,0.0
0.9868418370394364,0.0,0.9864055193363724,0.0
0.9869026404127256,0.0,0.9864663227096616,0.0
0.9869634437860147,0.0,0.9865271260829508,0.0
0.9870399756816021,0.0,0.9865879294562399,0.0
0.9873785153655519,0.0,0.986648732829529,0.0
0.9877170550495018,0.0,0.9867095362028182,0.0
0.9877757764189096,0.0,0.9868072012511674,0.0
0.9878734414672588,0.0,0.9869268942140355,0.0
0.9879711065156079,0.0,0.9870465871769036,0.0
0.9880298278850157,0.0,0.9871036191665936,0.0
0.9880885492544235,0.0,0.9871606511562837,0.0
0.9882082422172915,0.0,0.9872583162046329,0.0
0.9883279351801596,0.0,0.9873559812529821,0.0
0.9883866565495674,0.0,0.9874536463013314,0.0
0.9887251962335173,0.0,0.9875513113496805,0.0
0.9887859996068064,0.0,0.9876082029520222,0.0
0.9888447209762141,0.0,0.9876650945543639,0.0
0.9889055243495033,0.0,0.9877219861567056,0.0
0.9889663277227924,0.0,0.9878621151308413,0.0
0.989023219325134,0.0,0.988002244104977,0.0
0.9890801109274757,0.0,0.988059276094667,0.0
0.9891370025298174,0.0,0.9881994050688027,0.0
0.9891957238992252,0.0,0.9883395340429384,0.0
0.9892526155015668,0.0,0.9884796630170741,0.0
0.9893095071039085,0.0,0.9886197919912098,0.0
0.9893663987062502,0.0,0.9887599209653455,0.0
0.9894232903085919,0.0,0.9889541028020115,0.0
0.9894642713051445,0.0,0.9890010339362156,0.0
0.9895052523016971,0.0,0.9891952157728816,0.0
0.9895462332982496,0.0,0.9892522477625717,0.0
0.9896049546676574,0.0,0.9893092797522617,0.0
0.9896636760370651,0.0,0.9893661713546034,0.0
0.9898038050112008,0.0,0.989423062956945,0.0
0.9899439339853365,0.0,0.9894799545592867,0.0
0.9900582150632833,0.0,0.9895368461616284,0.0
0.9901983440374189,0.0,0.989577827158181,0.0
0.9903384730115546,0.0,0.9896188081547336,0.0
0.9904786019856903,0.0,0.9896597891512862,0.0
0.990618730959826,0.0,0.9897168211409761,0.0
0.9907588599339617,0.0,0.9897546508614077,0.0
0.9908175813033694,0.0,0.989852315909757,0.0
0.9908790259316455,0.0,0.9899499809581062,0.0
0.9909404705599214,0.0,0.9900476460064555,0.0
0.9911346523965874,0.0,0.990155177618489,0.0
0.9911960970248633,0.0,0.9902627092305227,0.0
0.9913902788615293,0.0,0.9903702408425563,0.0
0.9914282302810107,0.0,0.9905309124362083,0.0
0.9914692112775633,0.0,0.9906915840298602,0.0
0.9915101922741159,0.0,0.9907294137502919,0.0
0.9915511732706683,0.0,0.9907658600184533,0.0
0.9915891246901497,0.0,0.9908068410150059,0.0
0.9916449627269173,0.0,0.9908478220115585,0.0
0.9917008007636847,0.0,0.9908888030081111,0.0
0.9917387521831661,0.0,0.9909446410448786,0.0
0.9917767036026475,0.0,0.9910004790816461,0.0
0.9918146550221287,0.0,0.9910369253498076,0.0
0.991861586156333,0.0,0.9910838564840119,0.0
0.9919758672342798,0.0,0.9911203027521733,0.0
0.9920227983684841,0.0,0.9911672338863776,0.0
0.9920697295026882,0.0,0.9913190561968888,0.0
0.9921076809221696,0.0,0.9914708785073998,0.0
0.9922219620001164,0.0,0.9916227008179108,0.0
0.9922688931343207,0.0,0.991774523128422,0.0
0.9922851606409536,0.0,0.991926345438933,0.0
0.9923014281475866,0.0,0.9920220820672364,0.0
0.9923176956542195,0.0,0.9920690132014406,0.0
0.9923339631608524,0.0,0.9920852807080736,0.0
0.9923719145803338,0.0,0.9921015482147065,0.0
0.9924861956582806,0.0,0.9921178157213395,0.0
0.9925024631649135,0.0,0.9921340832279725,0.0
0.9925538910010686,0.0,0.9921705294961339,0.0
0.9926053188372237,0.0,0.9922069757642955,0.0
0.9926567466733787,0.0,0.9922232432709285,0.0
0.9927651856787603,0.0,0.9922746711070836,0.0
0.9928736246841419,0.0,0.9924424139111926,0.0
0.9929820636895234,0.0,0.9925029036523583,0.0
0.9931338860000345,0.0,0.9925633933935238,0.0
0.9932857083105455,0.0,0.9926238831346895,0.0
0.9934375306210567,0.0,0.9927348859113004,0.0
0.9935893529315677,0.0,0.992795375652466,0.0
0.9936273043510491,0.0,0.9928558653936317,0.0
0.9936952331903238,0.0,0.9929047236736797,0.0
0.993847055500835,0.0,0.9929535819537275,0.0
0.993998877811346,0.0,0.9930024402337755,0.0
0.9941507001218571,0.0,0.9930538680699306,0.0
0.9943025224323682,0.0,0.9931052959060856,0.0
0.9943514395041044,0.0,0.9932137349114671,0.0
0.9944028673402595,0.0,0.9933221739168487,0.0
0.9944633570814252,0.0,0.9934306129222303,0.0
0.9945238468225909,0.0,0.9935824352327414,0.0
0.9945843365637564,0.0,0.9937342575432524,0.0
0.9946448263049221,0.0,0.9938452603198633,0.0
0.9947053160460878,0.0,0.9939165576400093,0.0
0.9947542331178241,0.0,0.9940275604166202,0.0
0.9948147228589898,0.0,0.9940988577367662,0.0
0.9948752126001554,0.0,0.9941701550569123,0.0
0.9949241296718917,0.0,0.9942414523770584,0.0
0.9949729879519397,0.0,0.9943127496972044,0.0
0.9950218462319875,0.0,0.9943840470173505,0.0
0.9950707045120355,0.0,0.9944553443374966,0.0
0.9951195627920834,0.0,0.9945266416576426,0.0
0.9951874916313582,0.0,0.9945979389777887,0.0
0.9952554204706331,0.0,0.9947497612882997,0.0
0.995323349309908,0.0,0.9948607640649106,0.0
0.9953912781491828,0.0,0.9949121919010657,0.0
0.9954401364292308,0.0,0.9949726816422313,0.0
0.9954889947092787,0.0,0.995033171383397,0.0
0.9955378529893266,0.0,0.995090041940166,0.0
0.995596172373432,0.0,0.995138900220214,0.0
0.9956544917575374,0.0,0.9952499029968248,0.0
0.9957128111416429,0.0,0.9953609057734356,0.0
0.9957807399809178,0.0,0.9954719085500465,0.0
0.9958390593650231,0.0,0.9955829113266573,0.0
0.9958973787491285,0.0,0.9956317696067053,0.0
0.9960116598270753,0.0,0.9956806278867532,0.0
0.9960699792111807,0.0,0.9957294861668011,0.0
0.9961379080504555,0.0,0.9957878055509065,0.0
0.9961838385961648,0.0,0.9958461249350119,0.0
0.9962517674354396,0.0,0.9959044443191173,0.0
0.9962976979811489,0.0,0.9960001809474207,0.0
0.9963656268204237,0.0,0.9960585003315261,0.0
0.996411557366133,0.0,0.9961168197156316,0.0
0.9964794862054078,0.0,0.9962125563439349,0.0
0.9965542456008222,0.0,0.9962751844554388,0.0
0.9966290049962366,0.0,0.9963378125669429,0.0
0.996703764391651,0.0,0.9964004406784468,0.0
0.9967606349484202,0.0,0.9965895405721027,0.0
0.9968175055051892,0.0,0.9966521686836066,0.0
0.9968922649006036,0.0,0.9968412685772626,0.0
0.996967024296018,0.0,0.9970303684709185,0.0
0.9970317727818782,0.0,0.9971031195962841,0.0
0.9971065321772926,0.0,0.9971614389803894,0.0
0.997181291572707,0.0,0.997197885248551,0.0
0.9972560509681214,0.0,0.9972438157942602,0.0
0.9973278334110144,0.0,0.9972897463399695,0.0
0.9973996158539075,0.0,0.9973261926081309,0.0
0.9974713982968004,0.0,0.9973721231538402,0.0
0.9975431807396934,0.0,0.9974085694220017,0.0
0.997612740808346,0.0,0.9974654399787708,0.0
0.997684523251239,0.0,0.9975812386569926,0.0
0.9977540833198917,0.0,0.9976970373352144,0.0
0.9978236433885443,0.0,0.9978128360134363,0.0
0.9978932034571969,0.0,0.9978741481671594,0.0
0.99796498590009,0.0,0.9979471659405669,0.0
0.998021856456859,0.0,0.9980060565749916,0.0
0.998093638899752,0.0,0.9980649472094164,0.0
0.9981654213426451,0.0,0.9981807458876382,0.0
0.998237203785538,0.0,0.99829654456586,0.0
0.9983089862284311,0.0,0.9984123432440819,0.0
0.9983594894015514,0.0,0.9985281419223037,0.0
0.9984099925746718,0.0,0.9986439406005255,0.0
0.9984817750175647,0.0,0.9987597392787473,0.0
0.9985960560955115,0.0,0.9988755379569692,0.0
0.9986820315281557,0.0,0.9989839769623508,0.0
0.9987680069607999,0.0,0.9990924159677322,0.0
0.9988838056390217,0.0,0.9991274712084918,0.0
0.9989426962734465,0.0,0.9991625264492513,0.0
0.9990015869078712,0.0,0.9991975816900108,0.0
0.9990875623405154,0.0,0.9992326369307704,0.0
0.9991464529749401,0.0,0.9993056547041779,0.0
0.9992324284075843,0.0,0.9993625252609469,0.0
0.9992913190420091,0.0,0.9994355430343544,0.0
0.9993502096764338,0.0,0.999508560807762,0.0
0.9994115218301569,0.0,0.9995815785811695,0.0
0.9994728339838801,0.0,0.9996320817542897,0.0
0.9995588094165243,0.0,0.9996825849274101,0.0
0.9996447848491685,0.0,0.9997520177202548,0.0
0.9997307602818127,0.0,0.9998214505130995,0.0
0.9998167357144568,0.0,0.9998565057538589,0.0
0.9998820878366084,0.0,0.9998915609946184,0.0
1.0,0.0,1.0,0.0
