cum_hh_total,oop_share_total,cum_hh_ctp,oop_share_ctp
0.0,4.756014234975665,0.0,7.150912145375478
0.00010274641372093435,4.756014234975665,0.00010274641372093435,7.150912145375478
0.00021329449553277754,4.067630071948666,0.00021329449553277754,7.015060423627259
0.0003321772781842741,3.6591963815964146,0.0003321772781842741,6.498312168048647
0.0005754086271606511,3.0702186264039617,0.00036076793065842636,5.420708325799049
0.0006744822040787374,2.6532806860523586,0.0006039992796348034,5.411518927213709
0.0007439149969233872,2.4472565937063275,0.0006598373164023347,5.18106974922507
0.0007997530336909185,2.423435469352892,0.000765117795452493,4.517431769122766
0.0008355009795974678,2.3352549845776442,0.0008345505882971428,4.477399058961756
0.0009431163916608599,2.1848054047683148,0.0008946118067764913,4.219305124037071
0.001048396870711018,2.0881550320797233,0.00099873576046938,4.187348742745595
0.0011580800750542056,2.041499201642625,0.001106351172532772,4.14840103013054
0.0012519442037978977,1.9238164689416482,0.0012160343768759594,4.0882605080685925
0.0013248790776118544,1.9137133382077378,0.001251782322782509,3.514734042862005
0.0014014851317658307,1.8988590419974207,0.0013728564613461017,3.354402005309341
0.0015056090854587193,1.8221098585381823,0.0014536248243266303,3.340412040817726
0.0016284487840407555,1.8126554089344225,0.0014913156652157308,3.2096483798973163
0.0017495229226043483,1.7890299347581577,0.0015851797939594229,3.174009928388699
0.0018485964995224344,1.5542360119476495,0.001675593340738402,3.082393179624705
0.002009268093174401,1.5533841363317438,0.0018330587698869641,3.0151906689303716
0.0020512384525008392,1.5125221667077227,0.0019558984684690003,3.0093939671728718
0.0021416519992798182,1.4894815622561217,0.0020325045226229767,2.9541307540876516
0.0022091108151035157,1.3633433962105328,0.002160013976800625,2.9080019327900706
0.0023179698399955337,1.2912092701782594,0.0023206855704525917,2.8771259850573343
0.002378530494759599,1.290572230126457,0.0024037624394932337,2.8556669638606427
0.002437251864167345,1.2483762136835224,0.00246248380890098,2.7818329799506123
0.002590853776404833,1.2220537185535338,0.002621679519657086,2.77202653024406
0.0026273051711064215,1.2108760270931789,0.0026762461277624995,2.637092682081714
0.00268736638958577,1.1995745475827546,0.0027968979192729945,2.632476481370523
0.002758663709731836,1.1838876439854848,0.002853124205443407,2.4571609993590413
0.0029033715039012116,1.169434700524516,0.002975963904025443,2.4242627872063633
0.0029864483729418537,1.1667166306933199,0.0030488987778393996,2.39942469669752
0.003015039025416006,1.1628765100718106,0.0032582015547328834,2.3252692324166437
0.0030712653115864182,1.15968606963096,0.0033256603705565805,2.311878705042369
0.0031185557623094914,1.1201483134241303,0.003424733947474667,2.260928810311133
0.0033604267050858345,1.1094398606639688,0.003461185342176255,2.2553463638833318
0.003476219700365957,1.1082684462083008,0.0035547991326658635,2.2191333551178993
0.0035701906921987692,1.0989948256737658,0.0036636581575578814,2.208071486175759
0.0036993748048116597,1.09077128714399,0.0037204528270927276,2.2059361312735097
0.0037818851125969786,1.0773472400281525,0.003781013481856793,2.1711186108147147
0.0038349955709508898,1.0456853284175853,0.003925721276026168,2.170534554707464
0.0038772732975734473,1.0316609986424703,0.00428313610755732,2.093077531853081
0.003946706090418097,1.0119581678732,0.004442449503626357,2.0276728666377077
0.004072622503057187,0.9961456837493475,0.004724157103218144,2.0211238018175934
0.004231818213813293,0.9840480978096398,0.0049520232898833515,1.992749790199208
0.004441120990706776,0.9719801326360247,0.005051096866801438,1.9911699879276503
0.004597727879418836,0.9654361961694,0.005104207325155348,1.990820539623194
0.004617559636407082,0.9638075847184296,0.005195988897863372,1.958058890362385
0.004713844146161899,0.95464547624909,0.005280089673298855,1.9309657236207685
0.004769782118606056,0.9429893585627911,0.005322060032625293,1.8914469240210474
0.00484787376507647,0.9291583610306517,0.005467194072906424,1.8850362111223176
0.004941487555566079,0.907544266676896,0.005572474551956582,1.882452763730014
0.005068997009743727,0.8979039870602863,0.00569998400613423,1.8290045773393837
0.005132739194435803,0.8922216068040216,0.005793954997967043,1.8134083264993892
0.0052602486486134515,0.8900546294855282,0.005877927529200901,1.798297488915493
0.005375300610381698,0.8813305787067719,0.005925217979923974,1.7878751522067555
0.005497317768986031,0.8723601521221728,0.006080285530471832,1.765455195816293
0.0055780861319665595,0.864260644675908,0.006206998319470621,1.7450519536941944
0.00573656934284484,0.8640428503042668,0.006351562145783525,1.7068937085465017
0.005820541874078698,0.8410672201390581,0.006454581935333876,1.6932848742235167
0.005892643742467749,0.8403086219915497,0.006696452878110219,1.6812119330884312
0.005937773613508605,0.837142124988357,0.006767750198256286,1.6782143345669642
0.006045305225542254,0.8367101260175729,0.006889901156583729,1.6641261941307368
0.006088104232522157,0.8219753681675674,0.007023286033444829,1.6516256775818543
0.006206016395913792,0.8181243116743108,0.007145139032335548,1.6165753475952531
0.006282316437673296,0.8114328546693541,0.007303622243213828,1.6021830599233633
0.0063507934302293855,0.8100551687349403,0.0074421270682885135,1.5752661793191305
0.006458626603444574,0.8090442099257029,0.007568043480927602,1.5656092454020967
0.006578500885282248,0.8057924992758094,0.007637476273772252,1.5551248569549616
0.006646839316846431,0.8053184733965979,0.0077666603863851425,1.5534983208682154
0.006684530157735531,0.7970935381772543,0.00786294489613996,1.5403105638359977
0.006747886497019498,0.7938426061330146,0.007905743903119862,1.5348586777536128
0.0068555019090828905,0.792511505196559,0.00806235079183192,1.5003857319421519
0.00694255027092696,0.7904157194939815,0.008119471096474743,1.496644090009712
0.007002749022541794,0.7885850996726412,0.008239345378312416,1.4888580554767705
0.007160214451690356,0.7858526666372725,0.008307822370868507,1.464046330386673
0.007223124824460232,0.7849426450538255,0.008363760343312664,1.4503437465485645
0.007345275782787675,0.7841932002265302,0.008471593516527853,1.446930738131215
0.007399818686485283,0.7695279696062638,0.00852500486923083,1.4441791847033623
0.007520470477995778,0.7663065996874132,0.008617454327751175,1.4202118967907167
0.007653855354856878,0.7660166332441138,0.008791456828435774,1.4087327291688514
0.0077209746977369735,0.7599892441936482,0.008875093276103817,1.402883734647163
0.007778095002379795,0.7582529340717922,0.008982624888137466,1.3974143808609107
0.007866049670252588,0.7533660525862769,0.009032832713935544,1.39024416340247
0.00795364491967039,0.753250235850616,0.00911092436040596,1.3882553013657182
0.008011770153590319,0.7482690326864196,0.009156054231446815,1.374278160292132
0.008063516769645663,0.7477466087363249,0.009224392663010998,1.355199091288261
0.008157487761478475,0.745696128720964,0.009306902970796317,1.3548380994241107
0.00823139802006843,0.7381962015218212,0.00939517691975557,1.3542460367989093
0.008286675259221811,0.7331575678534796,0.009503615925137132,1.351412201153481
0.008447043983511338,0.7309291672076303,0.00957332079837232,1.3486011467623722
0.008505765352919085,0.7297220917504678,0.009632042167780066,1.341482463473623
0.008611315308740004,0.7237191790331373,0.009726013159612879,1.3399723610917151
0.008674225681509879,0.7186484943660749,0.00977744099576795,1.3385428366388377
0.008751431621553408,0.7103880512884818,0.00988588000114951,1.3254391808185728
0.008829164189356082,0.708871570141522,0.010047236826752747,1.3240538937920636
0.008903337986934658,0.7087343357281101,0.010163029822032871,1.3041491854637692
0.009026177685516694,0.7078062257814673,0.010203082146061202,1.2921300822663908
0.009110938769508895,0.7006780110881841,0.010222913903049448,1.2875060798723874
0.009270252165577931,0.6993649967829867,0.0103259336925998,1.2771673170250089
0.009327046835112776,0.6932144796862977,0.010394317549471541,1.271879087225715
0.009367099159141109,0.6927238128067671,0.010468491347050118,1.2638277209671542
0.009416078530869109,0.6864023904916585,0.010538662085590038,1.2494044394538688
0.00948563859952173,0.6825616911345357,0.010616782987742403,1.2278885316632753
0.009533095826320217,0.680243250449283,0.010690185799563297,1.2269178119365078
0.009577717498812728,0.6790983727122027,0.01078422409475502,1.2265161812393321
0.009655927705548236,0.6772961958909032,0.010902817947815877,1.2161148297471762
0.009692650169773304,0.6736556386412823,0.010971829378990446,1.2158623513691793
0.009770771071925668,0.6727991632174204,0.011044101395843334,1.2131688873669817
0.00981178762721362,0.6719005584091158,0.011146847809564268,1.210203169820953
0.009940503513000413,0.6714603095940359,0.011282289877343064,1.196744559624073
0.010062979613744324,0.6705320665925376,0.01143589178958055,1.189737203887161
0.010189692402743113,0.6666216486487432,0.011553803952972185,1.189416095127448
0.010273793178178597,0.665702235715799,0.011603812816347897,1.1886852239856938
0.010348684504486253,0.6606435491720554,0.011729123243916352,1.1832157142140052
0.010461245893692865,0.6601391289007555,0.011834479045304446,1.1790436297924403
0.010564265683243217,0.6594796672616214,0.011908652842883023,1.1781791602004201
0.010677309706255193,0.6589855054143232,0.012028832669907705,1.1683728101179043
0.010730935502936972,0.657440438719867,0.01213347819702444,1.1514750045881448
0.010794677687629048,0.6520540346220363,0.012248530158792686,1.1513754704240722
0.01088392847395478,0.6454622622615074,0.012378526481850977,1.1456543642596269
0.010939894508578182,0.6447312750349501,0.012498316938174865,1.1434576268483407
0.01109650139729024,0.643928994685579,0.012553594177328247,1.1404229949721747
0.011349183282940736,0.6367978451811431,0.012647133749788472,1.1296589516078483
0.011425483324700239,0.6354029151612358,0.012735407698747724,1.125224266729278
0.011493139782023381,0.6348580725775155,0.012777685425370281,1.1250418145927226
0.011534768701887526,0.629593499931769,0.012871224997830506,1.122986258753353
0.011640049180937685,0.6291729246360158,0.013038967801939562,1.119664280697765
0.011793302777268474,0.6278668817070141,0.013129772656206644,1.116886779914955
0.011854352182008343,0.6257291672531341,0.013214634589053696,1.112945297737172
0.01213605978160013,0.6195323410879824,0.013251357053278763,1.1061204436430343
0.012220208237681022,0.6190780139853297,0.013373833154022675,1.1002331748485086
0.012270824368824223,0.6084787199568386,0.013461428403440478,1.0997017551203487
0.012324450165506,0.6073735683555493,0.013525584555182678,1.0963800262369894
0.012417758138978803,0.6031099949578613,0.013778266440833173,1.0928654386508814
0.01250741673795815,0.6024919246502146,0.013871574414305976,1.0885520487939186
0.012595371405830941,0.6008629601290894,0.013928272431358468,1.0719372895330166
0.012689409701022664,0.598914100852732,0.01406445721459601,1.0699355260332526
0.012777813847960211,0.5975727892004902,0.014421872046127162,1.0666152181303987
0.012817704730572905,0.5939876822100483,0.014495782304717117,1.0658017786190184
0.012951089607434005,0.5899901725728744,0.01456840550867894,1.0628550778810413
0.013086531675212799,0.5897162045963558,0.014668495839470323,1.058345266924771
0.01319497068059436,0.5867068879252973,0.014732238024162401,1.0578470386024488
0.01324572510514701,0.5858697405400488,0.0147699288650515,1.0574452991278362
0.01336541806801511,0.5854922175610177,0.01484671447128137,1.0547406526507337
0.013435122941250297,0.5851266726133648,0.014923014513040874,1.047532789925871
0.013485330767048375,0.5844663060748432,0.014999180967444296,1.0432943018185268
0.013554344143504931,0.5800846924658092,0.015115542095495758,1.0374537906298766
0.013628517941083508,0.5800323977369652,0.015234244391656434,1.028480768412162
0.01372182591455631,0.5792316669413916,0.015412454987499094,1.0232502158578476
0.013774663812570196,0.5769268290585726,0.015558911139957542,1.0157535157926791
0.013837574185340071,0.5764825238931248,0.015652439227608825,1.0155243202493396
0.013855168789466363,0.5749917050005058,0.01572145260406538,1.0142704645287333
0.014014482185535401,0.5730477495517113,0.01579629199389236,1.010308363224079
0.014257713534511777,0.5702701355650363,0.01590672127758804,1.0050109447967017
0.01435102150798458,0.5694842053323268,0.016140090148821635,1.0025726178804675
0.014393545822459485,0.5641463132100287,0.016227263798718285,1.0024320059184224
0.014502404847351503,0.5632619960098731,0.016294383141598378,0.9983975297859318
0.014553832683506575,0.5616148066933454,0.016342106727619637,0.9750189207058305
0.014642623525320348,0.5587686754676029,0.01647082261340643,0.9665061148352069
0.014753626301931186,0.5523857340788454,0.016551664820650368,0.9589973221322132
0.014859197774779507,0.5504698478486785,0.01659508798707127,0.9531090590034297
0.0149891940978378,0.5502266542905296,0.016663016826346133,0.9498332162039979
0.015163196598522399,0.5455414359468224,0.016735118694735183,0.9436684071805426
0.01523167359107849,0.5378192299683215,0.016857135853339516,0.9425125318146187
0.01525646788771457,0.5367780677323801,0.016894826694228617,0.9396952868079005
0.015484334074379776,0.5360043498737294,0.016958568878920693,0.936697088000074
0.015592493732171057,0.5359859882824911,0.017094548405177122,0.932198429916528
0.01564288316151053,0.5345141086087155,0.017146295021232466,0.9305943696284587
0.015688013032551386,0.5300909165636615,0.01727003540236429,0.9305327456505421
0.015803985257109517,0.5262150798958454,0.01734487479219127,0.9186144282885174
0.015841429624824467,0.5255689746541384,0.017395415002121512,0.9143653740138651
0.015890408996552467,0.5251917804102924,0.017488722975594315,0.9126191367901817
0.01599884800193403,0.5237269005442551,0.0175800598432484,0.8982180118268046
0.016124158429502485,0.5229989356588389,0.01768560979906932,0.8976571903463457
0.01627865420306078,0.5204654555416913,0.017724658786573262,0.8954153985825518
0.016342989218809698,0.5174688153907234,0.017848835887758725,0.8900241643549495
0.016468905631448788,0.5169370081074878,0.017935884249602792,0.8886888496221712
0.016486500235575078,0.5145619165174976,0.017952447965768156,0.8855058240457779
0.01661649655863337,0.5136458299218122,0.017994972280243063,0.8833389903003988
0.016666505422009082,0.5134034339396414,0.018035988835531015,0.8825308048690661
0.01678614316095489,0.5129575989056474,0.018165172948143904,0.8782555153733503
0.01684905353372477,0.5101326237393989,0.018242378888187437,0.8777679359980586
0.016959482817420445,0.5081235936286881,0.01847024507485264,0.874819650664009
0.01705302238988067,0.5077446629179605,0.01856744582941315,0.8698944073900967
0.01712980799611054,0.5077003128405062,0.018680007218619763,0.8670041440829394
0.017290031274469073,0.5072598569045648,0.0188393206146888,0.8664872787618904
0.017647446106000223,0.5034347403035178,0.018946936026752192,0.8656393231166901
0.017716457537174792,0.5024384726937592,0.019021827353059847,0.8648876719007389
0.017824072949238184,0.5021604799308199,0.01909138742171247,0.8645661221986026
0.017892456806109923,0.5013300008017267,0.01919954707950375,0.8642800057901455
0.017979923556485665,0.5010664986934987,0.019353996251241148,0.8618192576752084
0.018124487382798572,0.5001558872733078,0.01943145666644849,0.8590567998803669
0.01816791054921947,0.49563399278604303,0.019520111474438006,0.8566342013555461
0.01828976354811019,0.49505707229000756,0.01965060138944037,0.8559642672885331
0.018389655570569655,0.4940232627410996,0.01973806813981611,0.8546324827993617
0.01845159219378966,0.4927064802785323,0.019831681930305718,0.8522975867892739
0.018563075463546203,0.49166851715977733,0.0198898855234121,0.8501935266291075
0.018613615673476448,0.4915122029359839,0.0199876981923307,0.8494794953225459
0.0187018896224357,0.48915134060736815,0.02007694897865643,0.8486008358564178
0.018795503412925307,0.488136342387431,0.020192921203214562,0.8460351542197002
0.01889496163750146,0.48771995282135816,0.020239863040717097,0.8451048107963228
0.019062704441610515,0.48703581745868574,0.02040008631907563,0.8441256718525734
0.019147566374457567,0.48652204616386574,0.020461135723815495,0.8437133904809289
0.019235840323416818,0.48565866719746253,0.020530147154990065,0.8432576598825964
0.0192980465508278,0.48562815266185594,0.02061191396580597,0.8415180389228087
0.01934207619501084,0.485294604509821,0.020714660379526902,0.8375009711228576
0.019433413062664925,0.48321371547351044,0.02078715763285102,0.8359472970468705
0.019611623658507587,0.48265635771870935,0.020834631989174082,0.8353161057433931
0.01964937188521533,0.48096257490107897,0.020922586657046875,0.8350850177725043
0.019701984262186174,0.48021950125244467,0.02108260755812121,0.8337679593404368
0.019791235048511904,0.47921954855371507,0.021603594950902652,0.8271144295508444
0.0198926793890084,0.47680020120658073,0.021712371840722437,0.8204463793828405
0.02000057638276322,0.4756217750512921,0.021797148385034368,0.8187218386577197
0.020071762316402442,0.47553383830394663,0.021957517109323893,0.8150249011115179
0.020429177147933592,0.47505083199129367,0.022070507352509382,0.8141506176387449
0.020485230643794324,0.4714550956185336,0.02222711424122144,0.8091223129112702
0.02057877021625455,0.47020793683793166,0.022397305552230976,0.8079118249103664
0.020651393420216373,0.46723885343895105,0.02245750430384581,0.8077504932552955
0.02069984935818535,0.46707874542824335,0.022544552665689877,0.8074594615386682
0.020765888555633917,0.46641495656879844,0.022603152824492007,0.8066062454229925
0.02091479136315235,0.465845640367733,0.0227331491475503,0.8059694144473687
0.020984575699882543,0.4635361459524473,0.022976380496526675,0.8047677511784921
0.021058485958472498,0.4615657728314528,0.023039290869296552,0.8035494931675206
0.021190480086132425,0.46142241467927725,0.023282522218272927,0.8010934278603208
0.0212970741062266,0.4611505073184568,0.023331576343195225,0.8010583318994151
0.021524940292891807,0.4606858092571966,0.02355322619013758,0.7990218705125989
0.02157205730346209,0.460664293187909,0.023593117072750275,0.7973169686608559
0.021726506475199487,0.46030832227930174,0.023647659976447882,0.7957433135924203
0.021785106634001617,0.4598557073105336,0.02371101631573185,0.7939734858892039
0.02187688820670964,0.45956755268807487,0.023778135658611945,0.7925955778043501
0.02197767114283555,0.45777025427123486,0.02393263143217024,0.7918833344513314
0.02205909289120764,0.4576315083191821,0.023977761303211095,0.7917865430153421
0.022164664364055963,0.45663753516064426,0.02408595842254634,0.7904820170660307
0.02224424288553967,0.45631108705034357,0.02415551849119896,0.7892802632025947
0.02229917815856053,0.4539894389335342,0.02420449786292696,0.7867594617574253
0.02237128002694958,0.45331918913405356,0.024304389885386427,0.7867143411390876
0.02247943968474086,0.4531669142300964,0.024382600092121932,0.7866697776665571
0.022617944509815545,0.4525403586044004,0.024420429812553483,0.7791938412790331
0.022654974927469734,0.4521894538295551,0.024519473963895994,0.7782573253915933
0.02274501790227735,0.45108086928424923,0.024633743658969965,0.7766066902509695
0.02279760677021805,0.4489827483355826,0.024742602683861983,0.7752064667307904
0.022910597013403537,0.44780607481254064,0.024781651671365926,0.7740871743665869
0.022982823362850457,0.4453633233108608,0.02488955202051981,0.7739225783544674
0.023010449688499825,0.44527364294408556,0.025117418207185018,0.77389740196435
0.023095226232811752,0.4452510738813414,0.025174906845450717,0.7716919356380801
0.02320058203419985,0.4439202440078722,0.025282803839205534,0.7699853178482237
0.023269059026755936,0.4430512805743836,0.025397525298413496,0.7689852268401554
0.023310374327238623,0.4428820420412669,0.025461860314162414,0.7666491792446603
0.023348204047670174,0.4421734718779253,0.0255093175409609,0.7647375924652317
0.02338202090832467,0.44059905503117436,0.025612638399001283,0.7646825696719938
0.023442824281613806,0.4385053509274259,0.025649668816655473,0.7632925197082825
0.023501407213202524,0.4377975484038223,0.025733817272736364,0.7630585714580145
0.02366276403880576,0.4369665126873957,0.025967186143969957,0.7621107577011494
0.023710238395128827,0.43693514626031277,0.02601604442401788,0.7619402958131345
0.023746021339121796,0.43662661509958395,0.026104448570955424,0.7617421572853449
0.023783712180010897,0.43594077262062414,0.026226828494919127,0.7597558535350887
0.023832691551738897,0.43536804478421753,0.026345711277570624,0.7592761835796861
0.023874661911065336,0.4344722835292558,0.026384760265074567,0.7591907739610952
0.023930856465354235,0.43266402947378496,0.026518145141935668,0.7574652312346257
0.02396990545285818,0.43266165346508045,0.02669753930170576,0.7566229972728902
0.02398646916902354,0.4319794986875723,0.026776757946021697,0.754893439075297
0.024010974967174054,0.43092138261798923,0.026803169906029708,0.7527233574029502
0.02405610483821491,0.4308916257426824,0.026914653175786254,0.7521700729002926
0.024128443241001142,0.4294478229427726,0.026958862868984034,0.7513504751490735
0.024183009849106558,0.4290451969417006,0.027083668687006943,0.7510269467954088
0.024223497389629957,0.42774652844266325,0.027170043760421467,0.7508081795294294
0.02424006110579532,0.42567219579973214,0.027232954133191344,0.7482317130044966
0.024383770265246338,0.42563222497044606,0.027352591872137153,0.7479852001539266
0.024478996906870994,0.42517856224909206,0.02748458599979708,0.7465819116430867
0.024615193939438784,0.4227566753151738,0.027537423897810966,0.7462453850054164
0.02467222592912882,0.4223548679147805,0.027690677494141752,0.7447484465076216
0.024748525970888325,0.4217518950817686,0.027752614117361758,0.7440264589404352
0.0248924533586986,0.4215431244573562,0.028005296003012253,0.740578481586325
0.025017763786267053,0.42131593960466174,0.028118340026024227,0.740089573332931
0.02510954535897508,0.41973518474777505,0.028233061485232188,0.7399105903443937
0.02535141630175142,0.4160967626433329,0.028314366856472248,0.7396903079516615
0.025495125461202434,0.41590505407496786,0.028415149792598158,0.7373339775863066
0.025619302562387897,0.41523604940861986,0.028512277144618674,0.7368215041897769
0.02569146402096536,0.4144569813820628,0.0285704023785386,0.7337440052101833
0.02578011882895487,0.4143110512214667,0.0287519246428248,0.7335640683679925
0.025868392777914126,0.412341705356503,0.02882040163538089,0.7299367964316391
0.02592435881253753,0.41170450041867873,0.028916138263684277,0.7284853574486035
0.02604033103709566,0.4106680379057048,0.028969764060366054,0.725244062826833
0.026114241295685615,0.4104330382818971,0.029014385732858566,0.7252003175731846
0.026357808643280994,0.41029929293731443,0.029071417722548603,0.7242865886211738
0.02643043184724282,0.4102429092969602,0.029127383757172005,0.7238835248395302
0.02649458799898502,0.40917304808138877,0.0292153384250448,0.7233007863170301
0.026575430206228958,0.40886057924339225,0.02929307099284747,0.7232573306147999
0.026626512071009335,0.40875627079814497,0.029412763955715567,0.7230295331817707
0.026679922289672378,0.4082794908667146,0.029534616954606286,0.722782853076141
0.026763894820906235,0.4080283551492852,0.029624275553585634,0.7212378539518189
0.02687267171072602,0.4073565987869413,0.029691394896465727,0.7196950444662674
0.026938710908174585,0.4035911614669241,0.02973794929156009,0.7191024301572381
0.027252766270651593,0.4028370534975367,0.02977539365927504,0.7164596173244525
0.027291815258155536,0.40241843892919577,0.029867175231983064,0.7161726274005319
0.02737358206897144,0.40226750246563775,0.02996648589545261,0.715893758769082
0.027479153541819762,0.40127248548019073,0.03005652887026022,0.7115951322621783
0.02752801182186768,0.40030342749614567,0.03021720046391219,0.7108541603760896
0.027578901940457343,0.40027020644450645,0.03031844498402352,0.7095997253287473
0.02769315637058925,0.4001893262353309,0.03042146477357387,0.7095255069705363
0.02775536259800023,0.4000851451405823,0.030527940004046565,0.7071134405899628
0.02783263895045598,0.3983151153064257,0.030638942780657402,0.706905279229959
0.027892728006005525,0.3966038133797488,0.03071012871429662,0.705960810360193
0.027968894460408945,0.3962874388035058,0.030775942891888335,0.7055225841831368
0.02806602181242946,0.3961976007859401,0.030824922263616335,0.7055070641851988
0.028174218931764704,0.3952399731464465,0.03107760414926683,0.7037643115797129
0.02830621305942463,0.3929505897002054,0.03116587809822608,0.7030755280818128
0.028410858586541365,0.39285557338172394,0.031234216529790266,0.7019366468186292
0.028446663047561736,0.3923844988410435,0.031293107164215,0.7008980113279191
0.02851622311621436,0.3922159895458505,0.03133772883670752,0.7008000985068381
0.028560844788706873,0.39127754131166786,0.031362523133343596,0.7007383176501722
0.028599893776210816,0.3910996083767188,0.03149301304834596,0.6975549393301214
0.028673924710241473,0.39078638969347007,0.031534641968210105,0.6963018513246723
0.028763883027056545,0.3902349932613829,0.031562268293859476,0.6958597088293619
0.028814163822165874,0.389642956254307,0.03162517866662935,0.6943151341957381
0.028865591658320946,0.38766781855287313,0.031687384894040334,0.6927522083376547
0.029039594159005547,0.3874608651709728,0.03178427371541359,0.6923729135733047
0.02915829645516622,0.38697198431844554,0.03188571805591008,0.6920210164070599
0.029228467193706142,0.3866844534764286,0.03196201809766959,0.6910883068639541
0.02942262043727528,0.3848213127357775,0.032026766583529785,0.6865288165792766
0.029556563040923287,0.38464706417414707,0.03207269712923901,0.6851295611280614
0.029757580649463017,0.3844083040569978,0.03215227565072272,0.6839456110425958
0.0298576709802544,0.3832297969774163,0.03216883936688809,0.6837532339268256
0.029983107579322276,0.3831251261120207,0.032347049962730745,0.682714099084558
0.030060621944249733,0.38266077560379613,0.03243181104672294,0.679242253616316
0.030163641733800085,0.3823222059860606,0.032568008079290736,0.6782187890248604
0.030237044545620977,0.3822098368276088,0.03267299317279256,0.6756169872011473
0.03033828906573231,0.38147382971693256,0.03272374759734521,0.674232584612994
0.030479692157096706,0.3798284628985641,0.032767777241528254,0.6738064500664073
0.030566740518940774,0.37925988242185493,0.03288332123221924,0.6725396990556779
0.030674640868094658,0.3781812471029789,0.03312688857981462,0.6695423559090727
0.030749480257921638,0.3778367615557984,0.033269626831186616,0.6687017168757278
0.030828577819052176,0.37757429569974005,0.03337622085128079,0.6686072266522001
0.030890215616377975,0.37668721248116016,0.0334662638260884,0.6678348557223182
0.03102293163053842,0.37599540691401434,0.03354536138721894,0.6670079787369092
0.031204453894824617,0.3755097689046068,0.03363331605509173,0.6668442363268361
0.03129082896823914,0.3750789585255229,0.03367844592613259,0.6667923831488471
0.03134424032094212,0.3748202620544016,0.03387262776279854,0.6662132217444094
0.03141005449853383,0.3744823609845691,0.03394735506530749,0.6659542429379298
0.031456996336036366,0.37443044346158527,0.03405883833506403,0.662870729293912
0.03150727713114569,0.3724816679331776,0.03413991359388587,0.6620105959504
0.031567251096507404,0.37201902415384924,0.0342246901381978,0.6619423493009029
0.031659700555027745,0.3705882206215071,0.03424095764483077,0.6617090025338555
0.03177524454571873,0.37012594279906524,0.03438466680428178,0.6612182694495597
0.03187799095943966,0.37007571525886235,0.03451666093194171,0.6597518927691088
0.031982976052941495,0.3698239760938748,0.03462814420169825,0.6595251562087203
0.03205547330626561,0.3675093878766123,0.034753454629266704,0.6585713164709343
0.0321096430683508,0.36724988756049254,0.03487762618342536,0.657502617454719
0.03220684382291131,0.36660292059209276,0.03497093415689816,0.6557505084996411
0.032307048424153786,0.3657705356159033,0.03507883115065299,0.6533335666435877
0.03239500309202658,0.3630712804019797,0.035227733958171414,0.6528107174884236
0.03245509214757612,0.3615718488695583,0.03534564612156305,0.6512371488853788
0.03250164654267049,0.3615547794166749,0.03538906928798395,0.6509194526179253
0.032547577088379714,0.36100977400036455,0.035442479506646994,0.6504350059541439
0.03260763830685906,0.3608427504310263,0.03556839591928609,0.649337957937898
0.03273812822186142,0.3607622733016271,0.03565604158463663,0.6489045803523716
0.032852849681069385,0.3596447968349718,0.03572990764540046,0.6484960133812695
0.03291105327417577,0.35957153269938574,0.03581708129529711,0.6471564002979898
0.03296775129122826,0.3588788905995462,0.035893381337056614,0.6466001980819504
0.03303487063410836,0.35867314223534397,0.036065173164924136,0.6463205358566504
0.03310320906567254,0.35804353901342906,0.03611110371063336,0.6458372443589264
0.03323809649872837,0.3576302291656863,0.036225251235202746,0.6448841091528814
0.03335445762677983,0.35736170585176136,0.036283608870857464,0.6436793289949435
0.033476837550743536,0.355789398215003,0.03638369920164885,0.640050176120545
0.03354158603660373,0.35473906152318174,0.036503523262931444,0.6396683517374738
0.03359990542070915,0.35390424993660846,0.03654257225043539,0.638642380352714
0.03410979359511625,0.3536914126840525,0.03669790153909946,0.6382646174696879
0.034126061101749205,0.3536543779731909,0.03677714713703875,0.6368026237688658
0.034307583366035406,0.3531438386886936,0.0368546615019662,0.6342036927351751
0.03436175312812059,0.35268534863246126,0.03696023297481453,0.6335970830277798
0.03440904357884367,0.3522362857264616,0.03705376106246581,0.633502049584378
0.03453953349384603,0.35150558048019065,0.037119800259914376,0.6334678541243174
0.03458725707986729,0.35150376422123913,0.037173426056596154,0.6329244878871118
0.03465626851104185,0.35082567162530554,0.037229620610885056,0.6306779910209298
0.034737573882281915,0.3507901773680213,0.03730172247927411,0.6306646121349975
0.03479225052623987,0.3501478020385523,0.037352338610417306,0.6288350357712714
0.03492143463885276,0.3498453742997526,0.03744058837501927,0.6287818731293795
0.035278849470383906,0.3496105238440444,0.0375765679012757,0.6282965115402568
0.03533933921154957,0.3489125374727712,0.03764872935985316,0.6281654320567064
0.03539504021212046,0.3470902482582325,0.0377163858171763,0.6278498951871821
0.03548383105393423,0.3467245049398706,0.037797459529966174,0.6263305625922098
0.03550862535057031,0.3464056938616233,0.038233958993723116,0.6262927443443607
0.035686835946412976,0.34595648260171724,0.03841548125800932,0.6249651772577581
0.03578761888253888,0.3454750398125345,0.03875717443943931,0.6248814301145764
0.03584351931698695,0.34402162534271136,0.038824293782319406,0.6242564962641124
0.03591307938563957,0.343363535944976,0.038885931579645205,0.6217869513812477
0.0359978559299515,0.343307468069217,0.0389665633566472,0.6212567518499844
0.03604835910307184,0.3427531909218653,0.03911049074445748,0.6209738047757262
0.03613229351867129,0.3426116728563438,0.039211273680583386,0.6207416542667127
0.03621707006298322,0.34225739366165525,0.03925116456319608,0.6205889588558205
0.0363368605193071,0.3420326747844298,0.039314074935965955,0.6197631524584393
0.036381990390347965,0.3418407240865132,0.03941353316054211,0.6192873031878555
0.03645029381533104,0.3400970799951794,0.03949460687333198,0.6191430574874606
0.036525133205158024,0.3383788750719021,0.039548776635417164,0.6150666339591278
0.0367748800595387,0.33784191192359,0.03963670327933678,0.6145949695827836
0.03682904982162389,0.33727291413267146,0.03967248622332975,0.6121084833812988
0.036891960194393766,0.3361081311262606,0.03978010163539314,0.6118753363702324
0.03694093956612177,0.33490792373808453,0.0398614070066332,0.6115324333386872
0.037020158210437706,0.33469597541197044,0.039933745409419436,0.6099390583653428
0.03711168731272667,0.3343596499450247,0.040083666593295264,0.6085216595149525
0.03718139218596186,0.3328869188505808,0.040145872820706245,0.6082569055552411
0.03725095225461448,0.32985820425111134,0.04026184504526438,0.6080065450016386
0.03729437542103538,0.3292634146646826,0.040383290885591935,0.6064614337886255
0.03735601321836118,0.32752654714398627,0.04057744412916107,0.6037147639535821
0.03743525881630047,0.32735769182580965,0.04070028382774311,0.603142874785633
0.03750237815918057,0.3272713183716347,0.04076547596956411,0.6024574352850259
0.03759760480080522,0.3262069312990897,0.04082553718804346,0.6006585364400546
0.03767506521601256,0.3256377986409641,0.040968275439415454,0.6003150970203202
0.037761061350194774,0.3252081953230001,0.041056956869735754,0.5992389708956538
0.037906195390475905,0.32342794249459167,0.04111553980132447,0.5987960730141004
0.03796953985844293,0.32273083528996843,0.041176100456088535,0.5980981363358835
0.03804826637189996,0.32243731131448006,0.04125337680854429,0.5970698761642651
0.03808993184437718,0.32221696770161884,0.04132998286269826,0.59655391293502
0.03822591137063361,0.3215996198335161,0.041370470403221664,0.5951066758565632
0.038267540290497754,0.3203477297329386,0.04149590700228954,0.5949264500420597
0.03836763062128914,0.3202691874765697,0.04156569133901974,0.5947125653306881
0.03841492107201221,0.32015768513027265,0.04160149580004011,0.5946378007662084
0.038502516321430015,0.3200321869044601,0.0416190904041664,0.593355354952205
0.038577355711257,0.31933577262612967,0.04167989377745554,0.5925841320020186
0.03862535984261858,0.3185220937156246,0.04176209622100589,0.5921919951449619
0.03867644170739895,0.31848040921727433,0.041894812235166334,0.591844874294366
0.038748780110185184,0.3176109635218938,0.04198406302149207,0.5903859679608525
0.03891034361138129,0.3170563648589277,0.0422446634960251,0.5900648344015902
0.03905505140555067,0.3165700969241585,0.04230488972793352,0.5895714675136914
0.039136356776790726,0.31626969773501484,0.042478892228618115,0.5894357944421013
0.03919000376345468,0.3154184783554806,0.042584172707668275,0.5893188297083926
0.039314809581477594,0.31488727471167743,0.042646378935079256,0.5889604213777434
0.03956749146712809,0.3146456504048022,0.04269560966442308,0.5886994980648378
0.03961672219647191,0.31400490047032387,0.04274255150192561,0.5869822380096853
0.039682761393920477,0.31397451733898907,0.042800040140191314,0.5841983096166052
0.0397411190295752,0.3138096342284686,0.042888830982005084,0.5839330832345043
0.03985971288263606,0.3135480487588423,0.04299471685999288,0.5832166902889817
0.03990392257583384,0.3122509099692626,0.04305292045309926,0.5825754475583864
0.03996714313613398,0.3122298697544499,0.04311895965054783,0.5817014986960568
0.04000359453083557,0.3121903680114101,0.0432293889342435,0.579741573729605
0.040067336715527646,0.31173584810331145,0.043287592527349886,0.5796713832197158
0.04019107709665947,0.3110681479390954,0.04364500735888104,0.5791783645811196
0.04033381534803147,0.310161804019572,0.04369759622682174,0.5790569023478451
0.040391303986297165,0.3101405626094941,0.0438280861418241,0.5789855555880782
0.0404510906991545,0.3094768837888857,0.043896389566807185,0.5788993967552591
0.04052829663919803,0.3094638116815282,0.043968799019106726,0.5788816247791176
0.0405950619280143,0.30940094340671864,0.04408490132271762,0.5781868328250783
0.04070295892176912,0.30922633204238903,0.04412687168204406,0.5777443497004676
0.040790007283613185,0.30910617799762397,0.04423699472398887,0.5765831371462673
0.04089589316160098,0.3073334662247823,0.044295314108094286,0.5759200014716737
0.0409542507972557,0.30729117138353995,0.04439995963521102,0.5753164429733377
0.04114076691470819,0.3053607894940461,0.044542697886583014,0.5731292051029387
0.04123080988951581,0.3052310822331219,0.044648269359431336,0.5726878447180268
0.041283647787529694,0.30508139169875337,0.04479219674724161,0.5717685116011589
0.041413582345761195,0.30501745098842076,0.044880851555231124,0.5716675746873019
0.041490188399915175,0.3040203206993263,0.04508186916377086,0.5705976039720496
0.04160061768361085,0.30317738594569976,0.04511568602442535,0.5698729093676753
0.04166117833837492,0.3029833826111604,0.045199620440024804,0.5693243088213054
0.04172439889867506,0.30298005029734987,0.045338125265099484,0.5676307228092949
0.04178023693544259,0.3025303588794954,0.045400331492510465,0.5663257194569135
0.041845429077263595,0.3024040385532119,0.04554411195631523,0.5651384487415162
0.041894346148999895,0.3018984725880448,0.04556170656044152,0.5639147950350605
0.041975419861789764,0.30182721709277044,0.045703109651805914,0.5637716168107092
0.04209499882603656,0.3013538366721208,0.04575083323782717,0.5622527388903963
0.042159747311896756,0.30057511108390084,0.04580679927245057,0.5619911248293031
0.04222474772876375,0.2994885369689273,0.045895203419388124,0.5615580521790123
0.04247449458314443,0.2990032883061829,0.045958423979688266,0.5613604128872696
0.042534555801623776,0.29871559939145387,0.04607267840982017,0.5607287321123013
0.04259343216923149,0.2982644702168109,0.046153310186822165,0.5588072129395737
0.04269807769634823,0.2977381636924844,0.046282494299435054,0.5586434252523097
0.042749159561128604,0.2977092035762483,0.04636646683066892,0.5582894596110969
0.0430908527425586,0.29733862306891234,0.04644049776469957,0.5577913640147149
0.04317194527956194,0.29706017778332044,0.04650950919587414,0.5560840072565333
0.04326275013382903,0.29705961619256394,0.04659171163942449,0.5526307801800788
0.04332297636573744,0.2964496635438768,0.046621202838533535,0.5519373999227603
0.04343412404461968,0.29625612040226934,0.04669342918798045,0.551053799441361
0.04357805143242995,0.2958214022390142,0.04671793498613096,0.5495006579754772
0.04363494303477163,0.2947879303179705,0.046772501594236376,0.5490549583869971
0.04368711995739633,0.29427328109111045,0.04680755683499589,0.548772781295854
0.04375729069593625,0.29400370919448526,0.04686361033085663,0.5482517775365859
0.04381751683865052,0.2939127410373618,0.04703380164186616,0.548166861234224
0.04387640747307526,0.2936817772540726,0.04715291119852617,0.5476023343298276
0.04394593055588607,0.2934300725964374,0.04723374752745074,0.5467325705036251
0.04406831047984977,0.29307526618592933,0.04728122188377381,0.5466937317527482
0.04410997595232699,0.29302571897478685,0.04733230374855418,0.5460537014442471
0.044164611070036046,0.292560607472564,0.047413609119794246,0.5453339619487945
0.04420450195264874,0.2923880751016849,0.04761907478124573,0.5450829635892682
0.04441699088057679,0.2922346363479771,0.047685840070062,0.5443713802590076
0.044522346681964885,0.2918111233385394,0.04772164453108237,0.5441449752803863
0.04461159746829061,0.2917322027105951,0.047803066279454465,0.5426364407645585
0.04473048025094211,0.29143133804787247,0.04790295830191393,0.5423569110369073
0.04478653374680284,0.2913398371482717,0.04841284647632103,0.5409002417761327
0.044834008103125905,0.29132597431565554,0.04850184980408959,0.5399915318001856
0.04486008296020636,0.2911478795921702,0.04863673723714543,0.5366718770588114
0.04491083738475901,0.2910728005962115,0.048710647495735386,0.534747659912603
0.04508102869576854,0.2900786922545079,0.04880638412403877,0.5345199352193548
0.04517791751714181,0.2890866811954015,0.04893012450517059,0.5327223005880612
0.04551936204226459,0.28833760926418545,0.048956536465178606,0.5317934057847553
0.045617174711183185,0.28832669940758887,0.04897765582470191,0.5316577087999531
0.04570542447578515,0.28795589705959757,0.04902459766220445,0.5307403671720551
0.045793828622722695,0.28738293102004675,0.04911425626118379,0.5305793502957116
0.04587446039972469,0.28737912502546786,0.04927427716225813,0.5287768915557414
0.04603581722532792,0.2873090432990441,0.04930933240301765,0.5282809185082504
0.046257467072270284,0.28716291076257155,0.049413244915601534,0.5275707396634598
0.046325049358284784,0.2871626618814294,0.049529270818049975,0.5270128817010177
0.04643258097031844,0.28697243421764146,0.04977114176082632,0.5269788621282717
0.04650499042261798,0.2866778740690497,0.04982203187941598,0.5263087378055212
0.04653351070090597,0.2863840237331214,0.05019471392958441,0.5261684146773401
0.04668857825145383,0.28632156232994077,0.050235201470107814,0.5260194986000333
0.04675705524400992,0.28628322175177995,0.050341676700580505,0.5237665525407738
0.04679710756803825,0.2857127205842162,0.05040844198939677,0.5231987032721235
0.04689063565568954,0.28483533128552674,0.05045918086443554,0.5211748803018258
0.04695897408725372,0.28464837711391944,0.05054883946341489,0.5211654801545431
0.047000289387736406,0.2844375224290838,0.05062909575002512,0.5203335180853446
0.047087337749580474,0.283822343209166,0.05069883825045055,0.520130080194575
0.04714227302260133,0.28376509404914,0.050804409723298874,0.5199586547408878
0.04719800616279843,0.2831484356846142,0.050983803883068966,0.5196984369991845
0.04731055608418547,0.282844134452408,0.05107903052469362,0.5193636426967664
0.04735961020910776,0.2822227773338465,0.051196906279881764,0.5192079970024054
0.04756507587055925,0.28107550810383913,0.05130506593767304,0.5177246725414321
0.04758619523008256,0.28084232638627543,0.05148658820195924,0.5173340369664022
0.04763419936144414,0.2801081234739206,0.05164725979561121,0.5164447661402377
0.04797273904539399,0.27909981545895024,0.051781202399259214,0.5154284393643715
0.04803494527280497,0.2790472840528129,0.05188909939301403,0.5142985229730198
0.048095171415519236,0.27870367889649716,0.0519889914154735,0.5137913248373097
0.04813022665627876,0.2782160786246125,0.05205373990133369,0.5136701825235533
0.048223754743930036,0.27819551480903526,0.052142093207604434,0.5136315759989409
0.04830008511170132,0.277918677176174,0.0521979936420525,0.5134337165008473
0.04838848925863887,0.2755130086807938,0.05228398977623471,0.5132104316113099
0.048487517321055246,0.27543868956160655,0.05239188676998953,0.511286130306554
0.04852800486157865,0.2747082401985273,0.052440342707958505,0.5108908588579806
0.04860461091573262,0.27445499001900736,0.052501980505284304,0.5103698106635188
0.048692537559652235,0.27430825685329135,0.052663337330887544,0.5102190800366845
0.048808898687703696,0.2741094785583061,0.0527473098621214,0.5093597053255885
0.048969570281355665,0.27384269825955526,0.05282652850643734,0.5086531664536388
0.04902844664896338,0.2733247972526902,0.05288974906673748,0.5079068932268054
0.049105961013890836,0.27305971700300014,0.0530334582261885,0.5076359260710612
0.04917808874008937,0.27300204355205854,0.05306990962089009,0.5074355536119863
0.04928851802378505,0.2727537420930744,0.05314381987948004,0.5072640008520191
0.04934683740789046,0.27269833574028685,0.053217222691300935,0.5066942631327596
0.04942313744964996,0.2726276924613731,0.053293389145704355,0.5066099165073712
0.04949292178638016,0.2721458303932724,0.05336551687190289,0.5065261661425878
0.04965359338003213,0.27192034016644356,0.053428144983406846,0.5055761030628438
0.049721522219306986,0.27186950174708957,0.053498315721946764,0.5045116608789773
0.04983451246249247,0.27173233664400576,0.0535704434481453,0.5035888635591779
0.04994452686595981,0.27171494294445137,0.05389837432865412,0.5035251167811955
0.04997958210671932,0.27135458566195236,0.053945305462858376,0.5027087779982667
0.050038303476127075,0.2702282300167409,0.054014865531511,0.5020672138169708
0.050106641907691256,0.2695678652585495,0.05414535544651336,0.5020223216830294
0.050217071191386936,0.2692063778002104,0.05417014974314944,0.5017686121672307
0.05034117544218668,0.2683395338851324,0.054246449784908946,0.5014127643844831
0.050415349239765254,0.2682585929729332,0.054366028749155734,0.49883295376879094
0.0505313751422137,0.268115430618644,0.05442176188935284,0.49872216675939035
0.05060350286841223,0.26778718251213735,0.05447925052761854,0.49845752504640967
0.050733992783414596,0.26721583662436826,0.05453000495217119,0.4983579626831861
0.05096185897007981,0.26696665143848575,0.054621341819825274,0.4977906788173561
0.0510432807184519,0.2660946532754039,0.054731771103520954,0.49771943640543453
0.051079085179472274,0.26605453657520783,0.054823300205809916,0.49720278091428344
0.051129293005270346,0.26589205829561874,0.05534428759859136,0.4965746211081732
0.05124947283229503,0.26527872005580555,0.05541912698841834,0.49639072681663515
0.05133711849764558,0.2651180154939322,0.05547921604396788,0.49637850082493096
0.05142822657805171,0.26486891119822437,0.055542560511934916,0.49514294557704913
0.05152140885572724,0.26485962817076636,0.05564791631332301,0.4947222679645809
0.05168915165983629,0.2644402652057502,0.05572053951728483,0.49378481942345914
0.051814953096965745,0.2643059890866038,0.0558780049464334,0.49211210502405234
0.05187551375172981,0.26368321759283525,0.05595273224894234,0.49202392925318467
0.05193371734483619,0.2634612408816329,0.05599786211998319,0.49173041284122304
0.05205241964099687,0.26318664953415055,0.056120242043946895,0.491618632227467
0.05216031663475169,0.2628905135315765,0.05619258044673313,0.49136665171592475
0.0522313150610461,0.2622795872796805,0.0562796288085772,0.4910455652077694
0.052347287285604234,0.2621359684408762,0.05632780956559701,0.4906818401703618
0.052475659077340864,0.2619031430282864,0.0564000815824499,0.48977177643666525
0.052586088361036544,0.26154389989118765,0.05656164508364601,0.48903710965888275
0.052646877883748035,0.2614549679164036,0.05662170630212535,0.48703767029568873
0.05277606199636093,0.2613755819872138,0.056676548396988456,0.4870135626154641
0.052822073989073216,0.26136662895895996,0.056990603759465464,0.48687604395065515
0.0528508313730257,0.26135652206597404,0.0570539482274325,0.48665103511415436
0.05302262320089323,0.2601360885932543,0.057106560604403334,0.48609384162872343
0.053090926625876306,0.25993007867345663,0.057173894081206364,0.4860138890407571
0.05314928426153103,0.2597822261647824,0.05730424743571424,0.485249190999778
0.053222219135344986,0.2597100146520679,0.05735892407967219,0.48495704442482496
0.05339401096321251,0.25950028821685905,0.05742568936848846,0.48439451329510214
0.0535472645595433,0.25949678298942774,0.0575093258161565,0.4841463882375442
0.053646338136461386,0.2593155231816247,0.057585492270559924,0.4839676998319363
0.053714815129017476,0.25900332813485927,0.057635700096357996,0.4826277012880532
0.05396749701466797,0.25860867406682964,0.057696189837523656,0.4823376088989475
0.054030125126171925,0.2584764757432331,0.05784089763169303,0.48099759223964994
0.05420951928594202,0.2584028290075023,0.05796463801282485,0.47895936656570953
0.05430338341468571,0.25834152700721263,0.05802838019751693,0.4781039830613463
0.054457879188244004,0.2580357985811569,0.05809671862908111,0.4779902084133138
0.0545420276443249,0.25748597821676944,0.058173924569124645,0.477205928656723
0.0545979936789483,0.25619527216802235,0.05822982500357271,0.47663493775406157
0.054650582546889,0.2549324988410094,0.058285725438020776,0.4765154701640529
0.05472674900129242,0.2547592072341541,0.05834145857821788,0.4755033051114902
0.05479256317888414,0.254510935088602,0.05849058992663851,0.4749384083084369
0.05490684425683087,0.2543888085360986,0.058634299086089525,0.4749072106682059
0.05499839657508348,0.2536796084834669,0.05869904757194972,0.4745463141573205
0.055331410842698124,0.2536081574934504,0.058787002239822514,0.472695788127813
0.0553793273471761,0.25310005778427724,0.05883371773654527,0.47084029870883687
0.05556960317653577,0.2530089604541972,0.05902399356590494,0.47082489330041905
0.05565825798452528,0.25282170377999286,0.05908286993351265,0.4705754223554539
0.05570168115094618,0.2523593592472763,0.05914265664636999,0.4705262539506188
0.055789635818818975,0.25228514353094095,0.05918432211884721,0.4701629354805594
0.05596363831950357,0.25185294112596496,0.059705309511628654,0.4697657540254379
0.05603211531205966,0.2512133677482184,0.05985856310795944,0.46971838287006173
0.05609888060087593,0.2511419181437085,0.05999194798482054,0.46857060226837544
0.0562292339553838,0.2504000080028,0.060097228463870694,0.46742696363565933
0.05629771094793989,0.250173558315826,0.06014750925898003,0.46722700057142674
0.05632720214704893,0.25012793212631856,0.060239061577232626,0.466489515439801
0.056383102581497,0.24960984545605633,0.060410853405100155,0.46616287303481013
0.056456037455310956,0.24872175580379896,0.060479330397656246,0.4654474557914382
0.056514395090965674,0.24850712161591212,0.06054772257931553,0.4649235435946179
0.05658652281716421,0.2483556650297237,0.060678212494317894,0.46481099491549077
0.056644726410270595,0.2478549868221801,0.06084595529842695,0.4642174684653136
0.05669201686099366,0.24751557207909958,0.06091547838123776,0.4629502979412708
0.056795036650544015,0.24736493821548206,0.060968316279251644,0.46025473667133504
0.056884695249523366,0.24735834294021508,0.061057107121065414,0.4598926053926359
0.05693508467886284,0.24730676319236816,0.06119935344545085,0.4598733770111346
0.05699092271563037,0.2472874241386959,0.06123815527595881,0.459774486625569
0.057096472671451286,0.24720833761620345,0.06130758806880345,0.4596251804340633
0.05716839737476986,0.24651534792752858,0.06138842439772803,0.4592664196950845
0.05729888728977221,0.24578730700396506,0.06149849591093686,0.4586132917215959
0.05739313816436022,0.24537074484011642,0.061549923747091936,0.45860233178534276
0.05755380975801219,0.2450335022694086,0.061598903118819937,0.4582361407369305
0.05758886499877171,0.2449073851553535,0.061654741155587466,0.4581996268414448
0.05766273105953554,0.24456284725416583,0.06174860528433116,0.4581378764838552
0.05779544707369598,0.24451259894991925,0.062087144968281,0.4576569676773867
0.057883851220633525,0.2442852907397331,0.06214711893364271,0.45603793937227244
0.05796294878176406,0.2442179100887541,0.06222129273122129,0.45595742921447235
0.05797951249792943,0.24417798399475207,0.0623386060790532,0.4556784211438119
0.05805772270466494,0.24407836125415736,0.06239883222176747,0.45512005213147727
0.05813256209449191,0.24388658722127257,0.06264857907614814,0.45489449220557854
0.05824403404933314,0.24388271161689423,0.06270274883823333,0.45465650601423024
0.05830694442210302,0.24312440393329005,0.06282522493897724,0.4546465137599418
0.0583804436910286,0.24289070661810533,0.06289492981221244,0.45431699770236167
0.05861381256226219,0.24243094037460217,0.06294754218918328,0.45430144469531003
0.05880799439892815,0.24240768669028154,0.0630266397503138,0.4542458658578232
0.05885599853028973,0.24231241872522954,0.06312299779002883,0.45363226348769436
0.05895530919375928,0.2421108261046267,0.06333553275912883,0.45323885253182067
0.05909908965756403,0.24187459374874462,0.06337719823160605,0.4530933342672676
0.05914602079176829,0.24145555289459367,0.06349274222229703,0.4530262094318979
0.05921503222294286,0.24101908770372676,0.06358781772655431,0.4527157921913935
0.05934496678117436,0.24033745462605385,0.06362287296731384,0.4526860739110403
0.05946907103197411,0.23995629958364242,0.06372987186090194,0.4526513782471
0.05957566505206829,0.2396432811582556,0.06394236078882999,0.4515371988246453
0.05963787127947926,0.23961833070624822,0.06398241311285832,0.4510954183691736
0.059691518266143224,0.2394165623800121,0.06404563367315846,0.4507557891295868
0.059761078334795846,0.23922953626467947,0.06414466173557484,0.4506218216662574
0.059835805637304784,0.2388161756793084,0.06422770798978454,0.45028726300483884
0.059886345847235026,0.23863369151516037,0.06427798878489388,0.4498169753496808
0.05995367932403806,0.23828681498530097,0.06433686515250159,0.44977068090279043
0.06011114475318662,0.23824675317866967,0.06456410227404742,0.4494905272841266
0.060167371039357036,0.23799718696039557,0.06466874780116416,0.4489584907170312
0.06027526803311185,0.23767514999162848,0.0647284851811606,0.4488023242854895
0.06033116846755992,0.2376550427338093,0.06477898835428095,0.4467423726825739
0.06041952177383066,0.23742021588448411,0.0648975822073418,0.4463384106679979
0.060598915933600755,0.23699909275672226,0.06499198793147286,0.44600856431988894
0.06067262534394913,0.23691567245025286,0.0650297361581806,0.4458134165223553
0.060753700602770966,0.23677419543027728,0.0650786532299169,0.4457875149719295
0.06079114497048592,0.23654967044964192,0.06516700653618765,0.44536108372431066
0.060886220474743194,0.2362976762390702,0.06525855885444025,0.44516148358771784
0.06095122089161019,0.2362702845422726,0.06531687823854566,0.4450162169546849
0.061095928685779566,0.23605767260938157,0.06540683655536074,0.44491626630438363
0.0612138044409677,0.23604132064224836,0.06554836852802784,0.44489926799874946
0.06123627992961908,0.2354149614623752,0.06562049625422638,0.44423317888062125
0.06129718045657677,0.2350523272463225,0.06571557175848365,0.44323640924136787
0.061343111002286,0.23479784833712267,0.06586487131858082,0.44277937192994965
0.06140123623620592,0.23469110363599108,0.06600140549654956,0.44274556477547045
0.06145402692502921,0.2346668593396847,0.06625115235093025,0.44248205850133226
0.06169725827400559,0.23425257973360605,0.06637300534982096,0.441798900481113
0.06178443192390223,0.23420197997755793,0.06644201678099554,0.4417822743888982
0.061873113354222534,0.23375862077846699,0.0664929068995852,0.4417601967976865
0.06193060199248823,0.23362923329638338,0.06655346755434927,0.44133944770355193
0.062036487870476026,0.23351068590246798,0.0667127809504183,0.44097475732416475
0.06214655938368486,0.23340516718779203,0.06677113858607302,0.44096685818646353
0.062216730122224784,0.2332223242298102,0.06684923023254344,0.44093892750262587
0.06226801379514572,0.23304369756756604,0.06689085915240758,0.43909656247297074
0.06235636710141646,0.23272540246131113,0.06702079371063908,0.43900259337525865
0.062432212694722725,0.23266316749125915,0.06706791072120936,0.4387370473592793
0.06252582648521234,0.2325568984330018,0.06712813686392363,0.43772504585897465
0.06257133721103611,0.23244523522019223,0.06725393830105308,0.43757727821676934
0.06262992014262483,0.23199455815993686,0.06746647327015308,0.43728529461257404
0.06270254334658665,0.23165561304946475,0.06752220641035019,0.4369015679727005
0.06275533403540993,0.2314599293133959,0.06759163920319483,0.4366032934217323
0.06289570678990584,0.23141065843923433,0.0676798889677968,0.4355546058747534
0.06296513958275049,0.2312809025077283,0.06773482424081766,0.43545641413571123
0.06331812759807282,0.2311395832574255,0.0677897595138385,0.43544256517641033
0.0634272083256487,0.2309808578297586,0.06784765669105307,0.4347492285235178
0.0635887718268448,0.2307723290263616,0.06797183379223852,0.4344589860719669
0.063770294091131,0.23058968130042032,0.0681590468643023,0.43439865179891674
0.06383462910687991,0.2305861420219584,0.06829941961879821,0.4337181180596971
0.06393961420038174,0.23025578630026242,0.06837425900862519,0.4332170000426485
0.06402826900837126,0.22989847192962046,0.06843261664427991,0.43314770933579827
0.06414809306965386,0.2298681867699935,0.06849097427993464,0.4327673973951929
0.064211313629954,0.22985380136244943,0.06854969564934238,0.43234902128696523
0.06426220374854366,0.22968463918101892,0.06863734131469293,0.432148597637902
0.06431259317788314,0.22951616439951983,0.06879869814029617,0.43199271488896984
0.06436726982184109,0.22911487061424676,0.06887342544280511,0.4307406326709102
0.06441420095604534,0.22889234685394616,0.06892142957416669,0.4300947651822569
0.06451324510738786,0.22886450719963258,0.06898990656672278,0.4300931584677831
0.06456499172344321,0.22877920658519893,0.06913197676238883,0.42984009751356456
0.06485704966730674,0.2282568765410966,0.06922308484279496,0.42905157396005844
0.06495607772972312,0.22824796511008735,0.06929658411172054,0.428801414973458
0.06503192332302937,0.22772184507016624,0.06937740797045315,0.42839090487425946
0.06508335115918445,0.22770289619627573,0.06940348282753361,0.42834859234648565
0.06513443302396482,0.22725627105468565,0.0695579786010919,0.4272724173446511
0.06520665937341175,0.227207753048527,0.06963138141291281,0.42659720299842496
0.06532457153680338,0.22648746731738054,0.06969400952441676,0.4265144312031915
0.06544601737713093,0.22612639214513008,0.06975288589202447,0.42573219341229745
0.06552220819427995,0.22607328480701938,0.06982949194617845,0.4249537665650389
0.06562210021673942,0.2259638290963788,0.06991137249228054,0.4229263126318503
0.06566904205424194,0.22564582880281442,0.06996707349285143,0.4218860192121326
0.06586319529781108,0.2256072049276036,0.07009117774365119,0.42182916642654045
0.06607568422573913,0.22527889378540797,0.07018479153414078,0.42108203772933683
0.06618670717721775,0.22522201225802585,0.07024314916979552,0.42107153311871426
0.06642007604845135,0.22452847366299636,0.07029911520441891,0.42103790726999585
0.06652667006854553,0.22450437030946754,0.07036386369027911,0.42079306558598556
0.06655308202855353,0.22434210087419873,0.07044750013794715,0.420777208683713
0.06664025567845018,0.2242892842736339,0.07048255537870667,0.4206171750195985
0.0666784467201453,0.2240842109596525,0.07057015062812447,0.42040086699911833
0.06676152358918595,0.22386172925948947,0.070617092465627,0.42025019857610174
0.06681725672938305,0.22374159026622836,0.0707703460619578,0.4195370828405505
0.066854701097098,0.22275600897761963,0.07082399304862175,0.41952311828266897
0.06690242468311926,0.22274080896314094,0.07087128349934482,0.41903035597435023
0.06702490078386317,0.2220894149738015,0.07113188397387786,0.41878532127492707
0.06710553256086516,0.2217707288464972,0.07125319961622711,0.4183789006114045
0.06725507617315234,0.22175717410502868,0.07131368935739277,0.4181747171492336
0.06740420752157297,0.2217360940563845,0.07139001972516405,0.41810691257464805
0.06751569079132952,0.22142436195471799,0.07145713906804414,0.4178956013711229
0.06756504245095449,0.22053946724070553,0.07158551085978078,0.4174983233195542
0.06790358213490433,0.2204229940216003,0.07164573700249505,0.41531083425365745
0.06814714948249971,0.22039473788049194,0.07171823425581916,0.4151848465582475
0.06825047034054009,0.219885559645848,0.07180748504214489,0.4151424846471882
0.06830750233023013,0.21943841428744446,0.07187587722380417,0.41429175653620237
0.06832509693435643,0.21940232033322235,0.0719402122395531,0.4133892893027311
0.06836706729368286,0.2188185361430315,0.07214951501644658,0.4130390685551107
0.06850360147165162,0.21873119315911793,0.07225704662848023,0.4128231784639896
0.06862777857283707,0.21835035988400633,0.07240659024076741,0.4125715496424313
0.06878217635175339,0.2181274992323109,0.0725226925443783,0.41192115766043275
0.06888682187887013,0.2179037934601211,0.07287568055970063,0.4110670545848432
0.06900292418248101,0.21754617571043594,0.07292465993142863,0.41100583962276127
0.0690638247094387,0.21752953555077625,0.0729633577275763,0.41021823464609003
0.06913773496802865,0.2170330453885594,0.0731373602282609,0.4094449054497903
0.06919396125419906,0.21692145293922896,0.07322284585758881,0.4093041812552681
0.06931813835538453,0.21680205376526107,0.07333920698564028,0.4091731628445585
0.06967555318691568,0.21658612876597713,0.07341154538842652,0.4090535260803485
0.06982547437079151,0.21646108567789818,0.07349859375027058,0.4088777846133283
0.06986649092607947,0.2161919451793682,0.07362269800107032,0.40814404446248814
0.06994712270308145,0.2161142091303529,0.07368851217866204,0.4073079527812961
0.06996959819173283,0.21597346530721892,0.07372949317521461,0.4070252825650925
0.07000540265275321,0.21590807840070728,0.07382471981683927,0.4065613004006535
0.07017559396376274,0.21589086695583928,0.07390581235384262,0.4060237408579492
0.0702577964073131,0.21574931976904058,0.07396590140939216,0.4046495883910323
0.07030525363411158,0.21560764391888357,0.07407498213696803,0.40434463683965316
0.07040843833940216,0.2155390197645799,0.07414838494878893,0.4037932698151523
0.07053029133829289,0.21481452298950585,0.07422311225129788,0.40342270567925476
0.07060241906449143,0.21468857648563702,0.07443560117922593,0.4030261900667894
0.0706626452072057,0.21412009475086355,0.07451780362277627,0.4025856332649001
0.07072868440465425,0.21393953085740247,0.07472326928422776,0.40243410611063296
0.070817037710925,0.21391183203539332,0.07480469103259986,0.4022667422005925
0.07092571287693777,0.21372733363283447,0.0748644777454572,0.4019494560526043
0.07104786383526521,0.2135839919465486,0.07499916942708014,0.40193906128799317
0.07115539544729886,0.21356533868270683,0.07509819748949652,0.40156202195797125
0.07127557527432354,0.213340091971904,0.0752015183475369,0.401427080118278
0.07132607844744389,0.21314996490882898,0.07528024486099393,0.40069376982211047
0.07139211764489245,0.21277628125700265,0.07535851395285931,0.4004457205525321
0.07173381082632245,0.21242548320266696,0.07546966163174154,0.40028659066024486
0.07187649678443715,0.21230841641888976,0.07571289298071791,0.40013087459588553
0.07193106339254257,0.2120208929496387,0.07579352475771992,0.3999657480872779
0.07198942102819729,0.21196043311774435,0.07590836711323029,0.3989304646776921
0.07213166735258272,0.21173830914759784,0.07599672041950103,0.39849553795100245
0.07217394507920528,0.2115626758095002,0.07608539274352312,0.3983920156737173
0.07223083668154696,0.21143783080087408,0.07616158356067214,0.3983808226482998
0.07228102661329916,0.2110701845809451,0.07624998770760968,0.3983460960036314
0.07263844144483031,0.21097367367131997,0.07634154002586228,0.397162110990464
0.07282754133848623,0.2107697162755185,0.07646013387892314,0.3967732263071835
0.07287791689601135,0.2106378841106549,0.07654808854679594,0.3960021473875349
0.07291372135703172,0.21058750528505651,0.07663459454023666,0.39597186894997743
0.07300860376869132,0.21041917671151544,0.07667039900125702,0.39570162262286723
0.07311442581764481,0.20994155581362522,0.07674333387507098,0.39567542231088626
0.07316570949056574,0.20947175553679334,0.07689134689871557,0.39555733979040403
0.07321965074997479,0.2094458661726381,0.07701117095999817,0.395276614525403
0.07332493122902495,0.20938379181022035,0.0770670089967657,0.3950978002594423
0.0733447629860132,0.20935626366564325,0.0771104321631866,0.39488729489612034
0.07343794526368873,0.20926804359377388,0.0771539400980309,0.3948804971987363
0.0735466204297015,0.20896219131271654,0.07724234424496844,0.39429303377091396
0.07365390003852355,0.20857973147978373,0.07736104654112912,0.39427359958982783
0.07378878747157938,0.2085178812952681,0.07744519499721,0.39391798578126136
0.07395014429718262,0.2083188120051706,0.07760675849840612,0.3936656013102924
0.07400273316512333,0.20828563963981586,0.07766272453302951,0.3936147489691491
0.07409199974306135,0.2079309242796233,0.07776931855312369,0.3934213496297635
0.07414342317897157,0.20786432200192462,0.07782621015546537,0.393076154805229
0.07423177648524232,0.20765577368868743,0.07786783907532951,0.39149616337093257
0.07427818723103076,0.20729836572113228,0.0780532097359943,0.3914387005363391
0.07441855998552667,0.20673077379522883,0.0781373581920752,0.39122899033681147
0.07450363974748296,0.2067119107805043,0.07828004415018991,0.3910197849884574
0.07454714768232726,0.20652079245081492,0.07838502924369174,0.39101695094541256
0.07458812867887984,0.2060622019994516,0.07849545852738742,0.39085482604832505
0.07469825172082466,0.20556611598695915,0.0785862633816545,0.390250425599043
0.07474670765879363,0.205559056056843,0.07872279755962325,0.3900920753416148
0.07483466232666643,0.20519905814334155,0.07877696732170844,0.3899422772891402
0.0748948884693807,0.20491039693482535,0.07910998158932309,0.3897544053253055
0.07503033053715949,0.20478485382950037,0.07922297183250858,0.3892753679284635
0.07517186250982659,0.20443932312035104,0.07930485237861067,0.3880283931639137
0.07537732817127808,0.20427720723437515,0.07935276888308863,0.38769837134787977
0.07544478698710178,0.20407195588629268,0.07941567925585852,0.38756361736479494
0.07552157259333164,0.20393877476644656,0.07951513748043466,0.3873470821586102
0.07561599736253789,0.20374267523931266,0.0796602715207158,0.3873309448078241
0.07565950529738219,0.20354909159073253,0.0797695706295552,0.3863566244166984
0.07585365854095132,0.2034228816251431,0.07984179697900211,0.3862161921063259
0.07589162319514592,0.20332180959912197,0.07989544396566607,0.3855838627518819
0.07593980395216574,0.2032202260897594,0.0800376902900515,0.38553702397632444
0.0760540736472397,0.20311995440644245,0.08010599371503459,0.38484807092699624
0.0761188221330999,0.203094136172835,0.08049124408771764,0.3841991091512667
0.07623703715735929,0.20296918586221713,0.08065126498879198,0.38401011684573566
0.07630415650023939,0.20296096949562323,0.08072711058209824,0.3839851104327632
0.07641830402480876,0.20281994649599835,0.08078653472497387,0.383897457572281
0.07650985634306137,0.202791069724802,0.0809567260359834,0.3838880127224333
0.0766844402876827,0.20265149676334648,0.0810664092403266,0.38374158492350724
0.07682559405166008,0.20237771950592523,0.08114861168387694,0.3832013950665387
0.07687633292669885,0.20200729463032993,0.08121708867643303,0.3828427590772016
0.07694860494355173,0.2015724809254592,0.08134539164426283,0.38243470372773974
0.07705488122009674,0.20141717443868537,0.08144027405592243,0.38235171812341495
0.07715061784840013,0.2014065207959204,0.08146903143987491,0.38138464491575025
0.07720949421600784,0.20124432872256667,0.08155210830891556,0.38112030417353654
0.0773336657701665,0.2012262123324332,0.08162444671170178,0.38070252009003996
0.07740661237513516,0.20119628372423262,0.08168546561204158,0.38039875852405036
0.07746805700341114,0.20079487685722044,0.08176419212549861,0.3803517022246012
0.07754039540619738,0.20074400137752824,0.08188836922668406,0.38019213838849375
0.07759869230063439,0.20055746771936458,0.08194845828223361,0.3798473942479594
0.0776412166151093,0.20053923871952867,0.08205888756592929,0.379535752138734
0.0776971826497327,0.20050227821245123,0.08213259697627766,0.3790328346936941
0.07778272187200413,0.2004425495737827,0.08222125178426717,0.37865562653020873
0.07794988046291039,0.2003071617735899,0.08225000916821966,0.3783398409766547
0.07802860697636742,0.20019854546178592,0.08234314478461152,0.37830543328407606
0.07812806520094356,0.199977621411519,0.08242422004343336,0.3781583088333267
0.07824770293988938,0.19984233041690982,0.08253004209238685,0.37781586081642615
0.07833736153886872,0.19979019066989545,0.08263704098597495,0.37778999016807313
0.07871004358903716,0.19975276370747838,0.08279237027463902,0.3770367813898168
0.07877479207489735,0.19925050534305325,0.08288957102919953,0.37655228261842133
0.07886304183949931,0.19910059904803717,0.08297033990186092,0.37640475365950316
0.07893278433992475,0.19896743843536474,0.08304327477567489,0.3761966702769488
0.07904145950593751,0.19896582702757548,0.08312504158649078,0.37607352109640735
0.07909600240963512,0.19858323943604517,0.08320897600209023,0.37602650621016964
0.0791207967062712,0.19851356083748248,0.08326235892309534,0.3755247824365046
0.07922727193674389,0.19837528850767147,0.08334713546740727,0.3753779968480108
0.07938729283781823,0.1983064310440879,0.08343430911730391,0.37510501643467564
0.0794503639469452,0.19813617055308144,0.08357699507541863,0.37474340773118753
0.07953143765973507,0.19792706812966643,0.0836399054481885,0.3742833928159982
0.07973690332118656,0.19762451170543452,0.08369780262540306,0.37389444184592907
0.07985363112215073,0.19761561356598517,0.08377887633819293,0.37286760891241516
0.07992656599596469,0.19752852581017305,0.08383105326081763,0.37205371142590515
0.07996231394187124,0.19752613993602275,0.08392239012847172,0.37203283182043545
0.08004646239795213,0.19746779488813393,0.08397293033840196,0.3718955593958165
0.0801628235260036,0.19745488483227125,0.0840246769544573,0.371855162762945
0.08022958881481985,0.19739384125883816,0.08417864155560202,0.37173435608620675
0.0802715591741463,0.1973614262207929,0.08438385356587377,0.3715877027269523
0.0803664415858059,0.19731232440386226,0.08447149923122432,0.37122087392278474
0.08044260804020932,0.1971427071697032,0.08451805362631869,0.3711996350859287
0.0804977647823103,0.19690240949081098,0.08503904101910012,0.3707875993986591
0.08057585642878072,0.19687729969572038,0.08536697189960894,0.3698400017110265
0.08066420973505146,0.19687586142201635,0.08556988937757111,0.36958626860275334
0.08072004777181899,0.1968449298865704,0.08567577525555889,0.3695222922898087
0.08086475556598836,0.1967437860569478,0.08573397884866528,0.3693657279150917
0.08095983107024564,0.19668539286695533,0.08581812921604944,0.3693636251066186
0.08101925521312128,0.19653955209844698,0.08602359487750091,0.369312070329273
0.08116448461469322,0.1963953601125318,0.08617777432612181,0.36926545598816823
0.08124863307077411,0.19624367245622804,0.08632290836640294,0.3690792561822838
0.08134491758052893,0.19610997747943754,0.08637433180231316,0.3684742588943392
0.081435722434796,0.1959304195667265,0.08652882757587145,0.36834846287939427
0.08149594857751027,0.19579473115359552,0.08654539129203682,0.3683371635509327
0.0816069715289889,0.19518839683996841,0.08667810730619727,0.36800427989820894
0.08169532483525964,0.19517168402633084,0.08671893295626794,0.3679313420211958
0.08184857843159042,0.19501770777989597,0.08682898675806654,0.367663345502034
0.08192330573409937,0.19492346549626235,0.0869896583517185,0.3674755611144018
0.08204910717122882,0.19465916729596003,0.08704988449443277,0.3673169857040928
0.08217813932249025,0.19462146427394153,0.08755977266883987,0.36695612322407156
0.08228146018053063,0.19456418452733915,0.08768513604375607,0.36664600351761134
0.08229785120195149,0.1942133316833939,0.08791850491498965,0.3660798525112118
0.08238710198827721,0.19365322533077786,0.08803486604304112,0.36557757326254625
0.08248135286286522,0.19323564269580462,0.08809166071257596,0.3646303842304114
0.08253884150113092,0.19292172387869921,0.088146295830285,0.36420173140907336
0.08259230609000079,0.19271670705217914,0.08823930197924115,0.36351053266732875
0.08267092681069853,0.19259265111341514,0.08832416391208821,0.363396527921576
0.08279922977852833,0.1925166009489226,0.08841180957743876,0.3631646561049959
0.08285931883407786,0.19234351710652342,0.088573166403042,0.3627373611437765
0.08289801663022553,0.19202078528990368,0.08866952444275703,0.36272474748276584
0.08300903958170415,0.19197580807554512,0.08876377531734503,0.36208629145925164
0.08307392345154549,0.19166311738370145,0.08881149890336629,0.3619974080672405
0.08318092234513359,0.19153542422715386,0.08895672830493823,0.3618988456596821
0.0832543251569545,0.19149632504520184,0.08901979941406521,0.3616292196144496
0.08333539886974436,0.19136228785005072,0.08909739176866048,0.36089897275338967
0.08350719069761188,0.19126473154241408,0.0891683901949549,0.3607098538411444
0.08362863653793944,0.19091191335168273,0.08924416789027458,0.36046448204794324
0.08373491281448445,0.19070283882733405,0.08932547326151463,0.3603295485942794
0.08381598652727432,0.190662319898426,0.08941972496858139,0.36012458874562076
0.0839315305179653,0.19054857376139273,0.08948806340014558,0.35999628913573234
0.08401555876581296,0.1904704205682535,0.08957599004406519,0.35981997240983193
0.0841008585230222,0.1901687494682121,0.08971626730985006,0.35963077109433766
0.08417319692580842,0.19015755518013983,0.08976734917463043,0.3596011934222418
0.08436193068171656,0.1897643261410525,0.08987362545117544,0.3595554126302243
0.08444792681589876,0.1895588390459434,0.08994210244373153,0.3591332618865488
0.0844984299890191,0.1895422096032743,0.09002370128921666,0.3580503439043376
0.08457973536025917,0.18936823471311517,0.09008460181617434,0.3579422007073735
0.08464407037600809,0.18932850157376963,0.09016322253687208,0.3575036691192787
0.08468190009643964,0.18925065389718504,0.09019608537262638,0.3574517889056701
0.08477543966889986,0.18905759515002046,0.09028604368944144,0.35720841493421096
0.0848879895902869,0.18895786219005892,0.0904537864935505,0.3570870474020318
0.08495273807614709,0.18892791643371942,0.09053130085847796,0.35646222973823105
0.08510670267729181,0.18883860274928896,0.09059209038118946,0.3558163442837924
0.08528491327313448,0.18819823954924256,0.09071424133951689,0.3553034287715478
0.08534500232868401,0.1881299874349745,0.09082978533020787,0.3552207581199332
0.08545615000756625,0.18797611405026196,0.09098725075935644,0.35519764375800084
0.08550035970076404,0.1878413967835677,0.09102494160024555,0.3539390546857076
0.08555144156554441,0.18751480026376532,0.09104961507490766,0.3537808439443851
0.08564651706980168,0.187331101686712,0.09139105960003045,0.35354256814586243
0.08571864479600022,0.18730714132073867,0.09150360952141748,0.35317893347431745
0.08575462923383055,0.18715334698904038,0.09172166797006537,0.3530210492516026
0.0858888095186577,0.18696015487126355,0.09177601751783018,0.3525850905514555
0.08609402152892945,0.18684510774418298,0.09184359980384468,0.35239857149639653
0.0861545112700951,0.18681677403895888,0.09202181039968735,0.3520530192214823
0.08622560043657378,0.18681084998480402,0.09209137046833997,0.3519891726857063
0.08627231593329653,0.18673910836699306,0.0921439828453108,0.3519101622586806
0.08632625719270558,0.186738111171702,0.09221507201178948,0.3516742253234124
0.08643161299409367,0.1863874342431183,0.09229683882260539,0.3515983815655676
0.08649424110559763,0.186230701671777,0.09242101592379084,0.35100559626848826
0.08657084715975161,0.18586642982249088,0.09253681460201267,0.35067505626349654
0.08667061851526504,0.18567448133618658,0.09260698534055259,0.35049858077675355
0.08676966266660756,0.18567312278008882,0.09275499836419718,0.350465027347234
0.08685142947742347,0.1856397969421272,0.09288961784103018,0.35012816535356195
0.08688721242141643,0.18528213447985967,0.09293633333775295,0.3501019767728993
0.0869601472952304,0.1852135011860005,0.09308104113192231,0.3495684458474075
0.08710288554660238,0.18491500042175454,0.09317870618027153,0.3491283170631883
0.08712739134475289,0.1843672367045006,0.093278598202731,0.3486074238463938
0.08737062269372928,0.18431148164548586,0.09366384857541406,0.3483633315918052
0.08744076969388266,0.18403372759846875,0.09372243150700278,0.34824785444860556
0.08750680889133122,0.18396639996148337,0.09383915930796695,0.34824511915233536
0.08760955530505217,0.18366959083212805,0.09395513153252508,0.3481021027998579
0.08767546156074042,0.1834501217108988,0.09399710189185152,0.3480391741028251
0.08774279503754345,0.1833706479071872,0.09412703645008302,0.34771849110572695
0.0878251579031477,0.182897561663019,0.09421179753407523,0.34727673740119197
0.08808575837768073,0.18287969245583385,0.09425311283455791,0.34699545278101346
0.08812480736518467,0.18239455713970112,0.09441467633575401,0.34688306147624626
0.08819597155668744,0.18231897411650472,0.09446488416155209,0.3468783045122863
0.0882347733871954,0.18215453948221583,0.09454618953279215,0.3468759396635843
0.08828527656031573,0.18201720121327852,0.09462795634360806,0.34675003910834085
0.08850333500896362,0.18200704524306566,0.0947223811128143,0.34669001490566764
0.08853585118315038,0.18172062369547956,0.09490889723026678,0.34634157029988355
0.0885850819124942,0.1816865010281789,0.09500397273452407,0.3460796141595157
0.08866638728373427,0.1816274535097559,0.0950737152349495,0.3459335158008523
0.08873861363318118,0.18145428000456262,0.09519516107527705,0.34546957164116754
0.08878633721920244,0.18139843318583276,0.09527262149048439,0.345428227323683
0.08887111376351436,0.18138943539691002,0.09537406583098089,0.34515854011237024
0.08905832683557816,0.1813374477000083,0.09727037224433524,0.3435521895573141
0.0892708157635062,0.18128369776842007,0.09749760936588107,0.3427568136644455
0.08934200169714543,0.18087817145929241,0.09764482146001685,0.34239448883462165
0.08986298908992686,0.18082379302731874,0.09772845790768489,0.34231513941395164
0.0899547706626349,0.18075116209954217,0.09782164018536042,0.3422019420021838
0.09003781691684459,0.18074756498600456,0.09790384262891078,0.34195017820017604
0.0902857595179341,0.1807070889733038,0.0979624427877129,0.34181348572219983
0.0903186223536884,0.180681004814185,0.09818409263465526,0.3418036195167385
0.09040620419000464,0.1806069380902211,0.09835183543876432,0.34175038444668127
0.09054845051439006,0.18053293256741285,0.09846113454760372,0.34167518625187676
0.09056471802102303,0.1803195438637788,0.09852846802440675,0.3416619654271139
0.09066596254113436,0.18010105368815602,0.09859802809305937,0.3413441447281268
0.09087845146906241,0.17981265137231295,0.09879218133662851,0.3411797334320258
0.09098850527086101,0.1797747070081986,0.09891236116365319,0.3406385172711401
0.09113221443031203,0.17956795043383225,0.09899599761132123,0.3405973910155056
0.09123585588611445,0.17952882883390547,0.09904518527687886,0.3405081402808393
0.09133860229983538,0.1795093260868256,0.0991100691467202,0.3402579147548506
0.09145967643839897,0.17930297718624486,0.0993627510323707,0.34021263588329714
0.09165382968196811,0.1791563798254353,0.09947142619838348,0.33952169943107485
0.09171986887941667,0.17910279853183095,0.09954437280335213,0.3393706249193149
0.09180902735404213,0.17902636116650766,0.09962945256530842,0.33932931111462167
0.09188115508024067,0.17880800784678455,0.09968822987643902,0.33893514319222146
0.09191022699462917,0.1787996208734157,0.09977255831782454,0.33858642604712197
0.0920993268882851,0.17825846631196998,0.09987574302311512,0.3385280384595775
0.09221605468924926,0.17823788803150073,0.0999447544542897,0.3382443234699111
0.09238321328015553,0.17819344931612355,0.10008988849457083,0.33780080969098925
0.0925030875619932,0.17804944826370814,0.10021409030678381,0.33730186488302155
0.09257074401931635,0.1778351599454578,0.10032199065593769,0.3371699615588365
0.09263574443618335,0.17782001147478513,0.10040973609131859,0.3368093685776004
0.09271091940838995,0.17780298889086849,0.10047194231872957,0.3364562505524589
0.09275442734323425,0.1775307726591109,0.10061915441286534,0.33643319651458686
0.09286204275529764,0.17746573262859391,0.10070794525467912,0.3362575372963468
0.09292578493998971,0.1774153487750959,0.10081547686671277,0.335891365552665
0.09297631518565894,0.1773739893173823,0.10093157917032365,0.33530307818109495
0.09309618946749662,0.17722511426384396,0.10097259572561161,0.3346552441579772
0.09314410597197459,0.17722310097625996,0.10103581628591175,0.3344520002149006
0.09326269982503545,0.17708219296746583,0.10112968041465545,0.3339248166640236
0.0933569515321022,0.17699438922730865,0.10121981218436533,0.33364764637549793
0.09340613919765983,0.17695107328628998,0.10127240105230603,0.3333057168841721
0.0935843497935025,0.17683380018419567,0.10132348291708641,0.33318742519164274
0.09369535257011334,0.1768289998575723,0.10136699085193071,0.33254587505359084
0.09379439672145584,0.17662571480912678,0.10145877242463873,0.3324804489921309
0.09430428489586294,0.17653985424228402,0.10154113529024297,0.33246049005212436
0.094376386764252,0.17642517034129213,0.10162938505484494,0.3324176573169571
0.09453705835790396,0.1763713417943855,0.10173302651064736,0.3323759083354898
0.0946068008583294,0.17622353491088985,0.10180014585352747,0.3322483529356722
0.09466207809748278,0.17553447319181698,0.10190003787598692,0.33174673394691406
0.09474683918147497,0.1753723333629888,0.10199908202732944,0.33132723881553694
0.09490819600707821,0.1753072376945348,0.10205191992534332,0.33109797759908843
0.09497793850750365,0.17509946788796557,0.10220698747589119,0.33087744585292833
0.09503813725911849,0.1750575087465368,0.1022653451115459,0.3305567606176683
0.09513238813370649,0.17493952191513362,0.10237193913164008,0.33052065284031906
0.09520917373993636,0.17489960024972626,0.10248985129503171,0.33047876736612664
0.0952680643743611,0.17478442855539691,0.10253083229158429,0.32997795064839053
0.09548059934346109,0.17471123256327808,0.10254709979821726,0.32962044854717054
0.09556423579112913,0.17468346418042052,0.10290451462974841,0.3295749661079065
0.09561117762863167,0.17458831551574522,0.10305891240866472,0.3294482713408955
0.09572218040524251,0.17438771388153257,0.10313009834230394,0.3286915762203854
0.09575798486626289,0.1742452760787767,0.10323134286241527,0.3285813327278165
0.09580639409622745,0.17422034583593835,0.10336552314724241,0.32853842353025386
0.09592621815751004,0.1740984375215161,0.10349061392783986,0.32839069704216106
0.09601500899932382,0.17399009312766467,0.10373418127543524,0.3283721894449598
0.0961181937046144,0.17379299083870087,0.10383407329789471,0.32824250105928016
0.096209746022867,0.1737275460843417,0.1039538973591773,0.32817808497677986
0.09636721145201557,0.17366051425962428,0.10403989349335951,0.3280284494592063
0.0964684559721269,0.1736518942391242,0.10406896540774802,0.3277686266102803
0.09655005481761203,0.1735656406590707,0.10424835956751811,0.3276486587283607
0.09661524695943303,0.17306555607149954,0.10438305124914106,0.3276171982628416
0.09672368596481459,0.17290483988561153,0.1044527937495665,0.3275331834388726
0.09683470891629321,0.17267871792511041,0.1045250200990134,0.32749575592705543
0.0968868858389179,0.1726075786125019,0.10462626461912473,0.32740577384149144
0.09697588916668647,0.17260397628271734,0.10466968778554564,0.3273105474305369
0.09706767073939448,0.17256917767187935,0.10471569977825793,0.327226910290634
0.09712046142821777,0.17252206288061997,0.104762990228981,0.32679271612136224
0.09723518288742573,0.1721295507531151,0.10486423474909233,0.32632559741632494
0.0973191554186596,0.17180626117634645,0.10500894254326171,0.3261924567073597
0.09749055304235274,0.17175043488319164,0.10512805209992172,0.32614411283186007
0.09757162830117458,0.1717018962543544,0.10515255789807224,0.3261143094324172
0.09764010529373067,0.17122103350478057,0.10522478424751915,0.32580944770125386
0.09772845860000141,0.1710108349590777,0.10534151204848331,0.3256446263260928
0.09779611505732455,0.17091048894610153,0.10545298400332455,0.32553427231774723
0.0978466182304449,0.17071264209059525,0.10557209355998456,0.32546939313754525
0.0979415006421045,0.17068450080932837,0.1056291255496746,0.32465929833801516
0.09801164764225788,0.1706260539890269,0.10569516474712316,0.3243136136208804
0.09804016792054589,0.17062395070029923,0.10577177080127714,0.3243005848133821
0.09808817205190747,0.1706102301565803,0.10585814587469167,0.3236582751272721
0.09815995449480047,0.17056349591299114,0.10595581092304089,0.3236267170553518
0.09819764533568957,0.1704119410724962,0.10601048756699884,0.32360042551885604
0.09829050138362945,0.17039326961376108,0.10616003117928602,0.3233229567149099
0.09843771347776523,0.17005902091493055,0.1062080353106476,0.3225883662956759
0.09851517389297257,0.16998206228045623,0.10629638861691834,0.3225612433903491
0.09859177994712655,0.16985367363067286,0.10642056571810381,0.322285408950869
0.09872796473036409,0.169783697154758,0.10648076446971864,0.32216808288220844
0.09884095497354958,0.16977275182149942,0.10651654741371161,0.32190802196435636
0.09905479222824104,0.1697524394622673,0.10667677069207014,0.32185997210728046
0.09911912724398995,0.16955716972964413,0.1067142150597851,0.32178263289703773
0.09924057308431751,0.16954982766521737,0.1067406270197931,0.321762686908229
0.09930035979717484,0.16933926222503898,0.10683967117113562,0.3217578096595885
0.09938753344707149,0.169091473811313,0.10689313576000549,0.3214992895219936
0.09945696623991615,0.16899510014710448,0.10699972978009967,0.32121811992624144
0.09948337819992416,0.16897450133485334,0.10710600605664468,0.32119446217102654
0.09952553719214066,0.1689514411311816,0.107216020460112,0.3210054687037369
0.09956764173345085,0.16891664827646796,0.10728441264177128,0.3208642656647465
0.09962553891066542,0.16885766299250754,0.10739801308338927,0.3207324704178814
0.09970305327559287,0.16867611792485634,0.10752016404171671,0.3204575148088981
0.09977539167837911,0.1685209592612331,0.10774740116326255,0.3200573043413874
0.10010332255888792,0.1684207441064439,0.10783499641268035,0.32004478912159323
0.10015079691521099,0.16825617996178233,0.10788618105885554,0.3200336491601432
0.1002444107057006,0.16791587330789337,0.10796981750652358,0.3199498648708841
0.1003018993439663,0.16770926644420295,0.10805908408446162,0.319460874175765
0.10038622778535182,0.16767449496255338,0.10843176613463004,0.3187120086224685
0.10048611980781129,0.16766038772889624,0.10848487659298396,0.3182082161220212
0.10057376547316184,0.16747596027283648,0.10860218994081587,0.3181870023315515
0.10067318948965691,0.16742200483587488,0.10872206422265354,0.31806140464355864
0.10076198033147069,0.1672993405159546,0.10885109637391498,0.31782724003277024
0.10086250293959745,0.16729926153975694,0.1089621193253936,0.31779335308405754
0.10092040011681201,0.16713493370281435,0.10906232392663608,0.31778953391439296
0.10097532938409327,0.16662671193397577,0.10930589127423146,0.3166299160659818
0.10100384966238128,0.1664666511197102,0.10939065235822365,0.31649954304789346
0.10105990315824201,0.16641902268694805,0.10946299076100989,0.31631698703747463
0.10122764596235106,0.16635407640427669,0.10967552573010989,0.3159908565806266
0.10130637247580809,0.16619937552442934,0.10977871043540047,0.31575730219055403
0.10137864449266097,0.16613887235383767,0.10983325333909807,0.3157291197137952
0.10151840458526686,0.1658714649338856,0.10991388511610008,0.3156478255717318
0.10160836290208193,0.16570121114898853,0.11000223842237082,0.315262833359099
0.10169140915629163,0.1656982357423572,0.11006111478997854,0.3152320283489465
0.10172522601694613,0.16558113818692016,0.11013089912670873,0.31481381380558143
0.10178829712607311,0.16555859781823715,0.11018709368099763,0.31459705911298086
0.10187049956962345,0.16520657506227762,0.11042046255223123,0.31456576999045854
0.10189901984791146,0.1651225689966867,0.11049630814553749,0.3143683175598473
0.1019826562955795,0.16507204259805655,0.11062969302239858,0.31412485761464004
0.10200047937477422,0.16474224365255208,0.11080109064609173,0.31358359339721326
0.1020533172727881,0.16472197823817436,0.11084900715056971,0.31327602352262096
0.10211209458391869,0.16467678126425783,0.1109350032847519,0.3128203902273012
0.10220595871266239,0.16458007555838539,0.11100713101095044,0.31265056765962423
0.10230585073512184,0.16427551898760062,0.1111742896018567,0.3125745534803335
0.10235931532399171,0.1640530377125089,0.11125605641267261,0.3124561799886376
0.10244798764801381,0.1638381585606267,0.11130377999869387,0.3122930698742963
0.1025163798296731,0.16364998988044144,0.11135520783484894,0.31162631072348584
0.1025752561972808,0.16350777565602753,0.11142733556104747,0.3116249486572662
0.10262960574504562,0.1634926585935353,0.11154547773492116,0.3115991561543849
0.10267632124176838,0.16326158680340602,0.11161740243823971,0.31158315111509105
0.10274748543327114,0.1632075311289487,0.11172468204706178,0.31150403917321495
0.10282621194672817,0.16316023891446624,0.11177403370668673,0.31034394202928994
0.10293374355876182,0.16313716218211946,0.11182797496609578,0.31012978856272266
0.10329115839029297,0.16308971150601623,0.11189543378191949,0.309739546153779
0.10338514608266897,0.1629314531972967,0.11194140046400242,0.3096715455853569
0.10346645145390902,0.16282952884653,0.11203055893862786,0.3096503002373856
0.10380499113785888,0.16273077694240778,0.11237225212005786,0.3095353708589565
0.10390306992814917,0.16254170701643916,0.11239739418257004,0.309381147136912
0.10398066228274445,0.16248248216886724,0.11258767001192971,0.3091240752609066
0.1040355975557653,0.1623760842500483,0.11272804276642562,0.3087882428143511
0.1045454857301724,0.16237297106088558,0.11284231246149959,0.3085634794731306
0.10464782405940992,0.16227236452894017,0.11289910713103443,0.3085237224198054
0.10471725685225458,0.16217667486341938,0.11297144553382066,0.30849192585541946
0.1047898800562164,0.16205563617312288,0.11308559305839004,0.30772165886352665
0.1048458460908398,0.16199313220451655,0.11319987413633678,0.3077059549318848
0.10488987573502284,0.16194012322615847,0.11329768680525538,0.30757891228667633
0.10490614324165581,0.16190990977196665,0.11358974474911891,0.3075372068529761
0.1050001309340318,0.161746094767233,0.11370705809695082,0.30740707169923365
0.10508320780307244,0.16153531241351565,0.1137629585313989,0.307353243767444
0.10519469107282899,0.16150208157959603,0.11382729354714781,0.3073029039147206
0.10539435799308394,0.16148278624775375,0.11403978247507586,0.30726287298697413
0.10545323436069166,0.16141228539234412,0.1141503305568877,0.30717594614123317
0.105518118230533,0.1613326754220403,0.11419956128623153,0.3071331212150077
0.10566325227081413,0.16123330890835055,0.11429858934864791,0.3071128998139945
0.10581774804437243,0.1612006757716645,0.11439172496503976,0.3068892833154625
0.10588614022603171,0.16089787903941696,0.11449076911638227,0.3068142410263864
0.10600829118435916,0.16084576312139937,0.11456289684258081,0.306596757718899
0.10608892296136116,0.1606369832267764,0.11458537233123219,0.30657094492031384
0.10614687318361228,0.16062013957963325,0.11470351450510587,0.30630682430137657
0.10616314069024524,0.1603173581348358,0.11472110910923215,0.3061716195675372
0.1062344380103913,0.16028910837147087,0.11484098339106984,0.3059966305858595
0.10638976729905537,0.16023477238341588,0.11493943971047536,0.3055345195242897
0.1064808753794615,0.15994958508088358,0.11502251657951601,0.305332317466783
0.10656862081484239,0.15949372882271584,0.11509368077101878,0.30529993559294216
0.10664439851016207,0.15941171285995775,0.11517672702522848,0.3047918680262232
0.10697741277777671,0.15936408432346813,0.11521577601273243,0.3043866205449506
0.10711339230403315,0.15929196298090156,0.11528168226842068,0.3040654920723305
0.10721059305859365,0.15857629760621042,0.11539268504503152,0.303832987273604
0.10728237550148666,0.15857003278899637,0.11544873854089224,0.30362213779326963
0.107442396402561,0.15818964966753501,0.11554502305064707,0.3035519538283834
0.10751452412875953,0.15778175756653134,0.1157196069952684,0.3029871464673282
0.10764921581038248,0.15777404467161985,0.1158003758679298,0.30252683279535025
0.10770591382743497,0.15763287504645537,0.11588754951782644,0.3023897191182897
0.10778811627098532,0.15733985657166394,0.11608598997601406,0.30233673844545983
0.10784601344819988,0.15728792180931764,0.11613741781216913,0.3018441071521057
0.10795644273189556,0.15720331849494723,0.11651009986233757,0.3008652014818403
0.1080646398512308,0.15713345885193206,0.11653524192484974,0.3008524154342907
0.10813045402882251,0.15704607489929334,0.11666104336197919,0.3006011344031829
0.10819379849678955,0.15704420628796167,0.11672604377884618,0.30047148766157566
0.10826654962215511,0.15681238987939145,0.1168195833513064,0.3003007721220711
0.10832848624537511,0.15657844411122337,0.11692758516093218,0.3001635533296086
0.10843726313519489,0.15657824854077607,0.1170106314151419,0.2998668062872989
0.10851764599255456,0.15657197272529824,0.11707902359680118,0.29977865274130877
0.10856365798526685,0.15649494888558615,0.11726812349045711,0.2996622369421687
0.10863849737509383,0.1564743041235171,0.11734105836427106,0.29963091848214035
0.10875671239935322,0.15641320733329003,0.11758428971324744,0.29910170783261153
0.10884511654629077,0.15640487224790328,0.11763775430211731,0.29898856675575697
0.10889619841107115,0.15637341161951,0.11769398058828773,0.29867876878064653
0.10894930886942505,0.1562199184547178,0.1178411926824235,0.298092448843177
0.10899351856262283,0.1561096415682702,0.11789822467211354,0.29728260481337715
0.10913202338769752,0.15610220470195305,0.11797573903704099,0.29694450683971246
0.10930818081910136,0.15605479204264613,0.11831427872099085,0.29667635689727473
0.10942428312271225,0.1560242621529026,0.11846382233327803,0.2963412717519521
0.10952985459556057,0.15598837228550527,0.11851500697945322,0.29630462422916937
0.10961471652840762,0.15598129102200628,0.1186535118045279,0.29534928808780425
0.10968811934022853,0.15591321632317864,0.11876356560632649,0.29494589033114393
0.1097629587300555,0.1558418018360298,0.11885073925622315,0.29465419011819155
0.10986831453144359,0.15581083563341463,0.11895941442223591,0.2942832717431956
0.11001105278281559,0.15580295443847728,0.11904344267008357,0.29416001123052415
0.11022911123146348,0.15576933038031224,0.11909623335890686,0.29410307832306926
0.11027012778675142,0.15560433293945286,0.11918194559234967,0.29392066209982387
0.11040778369586338,0.155510744155544,0.11928203592314106,0.29386068818125655
0.11047490303874347,0.1553991159715649,0.11933514638149496,0.29384158804528326
0.11054435561570057,0.1551749495919634,0.1194452178947038,0.29371358944735665
0.11057817247635505,0.15511926400299714,0.11951640382834303,0.2935917598826789
0.11068822627815365,0.15503564177158824,0.11959717219132356,0.29348570995306755
0.11075661845981294,0.15500305875019868,0.11966939854077048,0.29341329467238114
0.11080254900552218,0.15495221911571735,0.11972048040555085,0.29337061803368103
0.11087088743708635,0.15484456888697887,0.11977843062780197,0.29319648458120895
0.11091889156844793,0.15483202784273892,0.11985234088639192,0.2928806335521184
0.11099239083737351,0.1547212299958972,0.11995508730011285,0.2926897955265113
0.11104500321434436,0.1545918812078272,0.12007330232437226,0.2926666051780291
0.11120636003994759,0.15438976928554754,0.12020818975742809,0.2926389788939745
0.11131690812175944,0.15405896628502105,0.12028222069145875,0.29250578311496034
0.11137485834401056,0.15398516482861857,0.12036928777558012,0.2923384045313593
0.11150357422979736,0.15398206520256025,0.12045764108185086,0.29232991759099397
0.11162148639318899,0.15393419381945345,0.12049269632261038,0.29224491872368447
0.1122436884217934,0.153774240636406,0.12051720212076089,0.29216848082276614
0.11236652812037544,0.15375610064972797,0.12056141181395867,0.29203064684948454
0.11250114759720845,0.15358934237046443,0.120914399829281,0.29160373185881766
0.11264916062085303,0.15350605625844735,0.12099024542258725,0.29159685130861546
0.11268167679503979,0.15343750109384155,0.12108713424396052,0.29107155645933686
0.11272570643922283,0.1532406057631829,0.1211959111337803,0.29051959994679705
0.11277263757342709,0.15318777407496853,0.12124193593222446,0.28941571360430013
0.11289637795455891,0.1530456725814266,0.12130797512967302,0.2891657725333335
0.1131018436160104,0.15304311793347117,0.12137975757256603,0.288647364161136
0.1136117317904175,0.15237030791744366,0.12147742262091525,0.28862771194431597
0.11366688853251848,0.15207858208525896,0.12160510718445054,0.2885504237252628
0.11378503070639216,0.1519785274921079,0.12171440629328995,0.28827407286025153
0.11383995997367344,0.15192835874004254,0.12180367287122797,0.2878720221917143
0.11391114590731266,0.15165585421461295,0.12183618904541473,0.28786173141760807
0.11397119125772757,0.15157636272646047,0.12186470932370272,0.28753163030248596
0.11409655463264377,0.15149693510061857,0.12194691176725307,0.28730562802401566
0.11420302986311646,0.15120738974467465,0.12196330278867393,0.2872334538796013
0.11424465878298061,0.150931003845127,0.12205089803809173,0.2870690705475185
0.11432292787484598,0.15083048201352664,0.12221021143416076,0.2868805744563833
0.11436635104126688,0.15035151610974923,0.1223695248302298,0.28651344255121786
0.11444515664870028,0.1503142110137708,0.12243452524709679,0.28647692946737713
0.11447278297434965,0.1502057897763328,0.12249201388536249,0.2862884770675885
0.11455754405834186,0.1498823173878734,0.12266341150905563,0.2855035376077691
0.11466544440749574,0.14979750245645637,0.12276053886107616,0.28546116645562913
0.11470418644394294,0.14971304406403346,0.12288032931740003,0.2847819033522216
0.11479345302188096,0.14939733349678677,0.12300020359923772,0.28461294617971045
0.11489111807023018,0.14935189600391008,0.12315460137815402,0.2843895511045381
0.11513434941920657,0.14922897263885143,0.12329733962952602,0.28432879545520706
0.1152569580964395,0.14913928224762968,0.12334389402462038,0.28426363799730997
0.11533216445649302,0.1491016411615938,0.12341290545579496,0.28415312440335005
0.11535042259078387,0.14899463149167708,0.12350512842063126,0.28372687947859143
0.11546953214744389,0.14894213816069013,0.1235491580648143,0.2835096276947015
0.11556238819538375,0.14888687721435911,0.12364823164173239,0.2834868505223053
0.11561316135495572,0.14876882559379281,0.12375925459321101,0.28345812188464325
0.11569887358839855,0.14876357095090642,0.12391365237212731,0.2834375826799667
0.11579040269068751,0.14874086323779018,0.12396384230387951,0.2833844273432553
0.1159102267519701,0.14863534750341473,0.12401434547699985,0.2833323740321642
0.11596612718641817,0.14836755720042363,0.12406950221910083,0.28330397626626086
0.11601341763714125,0.14832635967542349,0.12412229290792412,0.2828619781283851
0.11607730526351698,0.1481687714461877,0.12417813094469166,0.282620504528829
0.11618121777610087,0.14795887422960627,0.12423435723086207,0.28245495852861446
0.11623538753818605,0.14790020659321257,0.1243151255938426,0.28241194343808745
0.11639674436378929,0.1478296779467266,0.12439263995877005,0.28226601813825025
0.11650202484283945,0.14739022232254378,0.12445752382861139,0.2819505094499635
0.11657041702449873,0.147330719528341,0.12457770365563607,0.2818921519817054
0.11665405691251265,0.1471465314727662,0.12466134354365,0.28142804913989117
0.11672306834368722,0.14714173101546982,0.12474642330560629,0.2812390283622354
0.11724405573646866,0.1470670910710065,0.12486621376193018,0.28123333346873736
0.11730696610923853,0.14702118667329048,0.12511415636301967,0.2811472525186568
0.1173837517154684,0.14702071428572197,0.12523832791717834,0.2809086278880346
0.11742255354597636,0.14690699754592002,0.12535053029567467,0.28040314719761256
0.11754673064716183,0.14678962534292178,0.1254018139685956,0.28020660031893857
0.11766252364244195,0.14669477975357267,0.12550763601754908,0.28014849953703336
0.1179955379100566,0.14649192735265723,0.1255752924748722,0.2798395691835274
0.11811375293431599,0.1464636753477844,0.1256454394750256,0.2795974699681714
0.11818351696026351,0.1464540090043281,0.12578921993883035,0.2795195995381085
0.1182519091419228,0.14633320363553373,0.12584734517275029,0.2793288942340012
0.11836291191853363,0.14632515825555228,0.1259271587845354,0.2790991990594893
0.11845591806748977,0.1462389708170079,0.12597387428125814,0.27877628399988236
0.11854978219623347,0.14616661854847518,0.12603275064886585,0.27862286962470806
0.11861227182744499,0.14590620496518542,0.12610176208004042,0.2784520175013891
0.11882480679654497,0.1457568494540761,0.12621020108542197,0.27834627795564965
0.1188906429626189,0.14568104356765896,0.12628747743787774,0.27823737798415993
0.11900795631045082,0.14562438235536285,0.12638593375728327,0.27774522327354556
0.11909433138386534,0.14547991904297933,0.12647319108828411,0.2770947006555647
0.11913713039084524,0.14540939499500993,0.1268584414609672,0.2769406547911709
0.11918790355041721,0.14540349244326645,0.12695821281648062,0.276852693680943
0.11931783810864871,0.14526922130587339,0.12700929468126101,0.2766109835982332
0.11936439250374307,0.14526271822699358,0.12705676903758406,0.2763753677119767
0.1194147680612682,0.1451382622903295,0.1271288967637826,0.2762462530087178
0.11951112610098322,0.1449983964105905,0.12725469820091206,0.27623782998314533
0.11960039267892125,0.14490912089186694,0.127305981873833,0.2760229150982577
0.11972008564178935,0.1448863241009435,0.12737031688958192,0.27582334672597403
0.11974475911645147,0.14471399180137906,0.1274851592450923,0.275276853231561
0.11982221953165882,0.1446728951606102,0.12762060131287106,0.27518970636897894
0.11986824433010297,0.14443767120337755,0.12766270585418127,0.2750783679320485
0.11998803478642685,0.14442922723458895,0.12775695672876927,0.2750741559003267
0.12006026113587377,0.14442721420809654,0.12787755362765005,0.2748148792274239
0.12018856410370357,0.14440023202466093,0.12799546579104168,0.2746105866628923
0.12033125006181827,0.14433839085242056,0.12806380422260588,0.27434390002158043
0.1203804377273759,0.14425773511242643,0.12819298833521878,0.27428780317726353
0.12044048307779083,0.14418243758482308,0.128238918880928,0.27416651400995606
0.12049868667089722,0.14415068715558388,0.1283444688367489,0.27356849040878944
0.12053951232096789,0.14411457895968746,0.12850193426589748,0.27342204462919034
0.12076116216791025,0.14410685149031877,0.12854421199252003,0.2733840043989147
0.12082279996523605,0.14394829364625714,0.12858972271834382,0.2730532896344441
0.12103210274212953,0.14394683971881084,0.12866556831165007,0.27277784028781177
0.12123054320031715,0.14383673827049195,0.12870137277267044,0.2727108330754934
0.12135072302734183,0.1437970608856045,0.12878896802208825,0.27267773308356763
0.12144806939772695,0.14371697407772463,0.1289489889231626,0.27229165481153683
0.1233443758110813,0.14370605880571502,0.12910830231923162,0.2719941126975153
0.12343755808875682,0.14351181880978578,0.12932079124715967,0.27177869693755813
0.12354344396674462,0.14344099457726858,0.1294319389260419,0.27146918031381906
0.12359567613028097,0.1433889794525232,0.12948417108957827,0.2713055437073073
0.12363820044475587,0.14335154489651952,0.12959284625559103,0.2712374810886895
0.12374934812363811,0.1433490478591661,0.12967043861018632,0.2711499491239773
0.12382960441024835,0.14322043459296574,0.12975643474436852,0.2711368281412314
0.1238922325217523,0.14309497909077767,0.1298379127954874,0.2708139711907759
0.12397443496530265,0.1429618732147407,0.1299127521853144,0.2707248178810008
0.12404666131474956,0.14283879712288275,0.12997879138276294,0.2707195897124317
0.12411844375764257,0.14269396188996225,0.13002608183348602,0.2706531207515883
0.12422255884288833,0.14220012819330446,0.130106713610488,0.2705126092356345
0.124283459369846,0.1420281838351473,0.1302539257046238,0.27011297360024045
0.12434667993014614,0.14200172515103682,0.13033946492689522,0.2700018791378276
0.12441917718347026,0.14195525007762919,0.13042166737044558,0.2699646631875684
0.12451491381177365,0.1419404180498603,0.1304817127208605,0.2698704066308626
0.12456634164792872,0.14187718741185784,0.1305917665226591,0.2697623944040114
0.12467025415201792,0.14186786509368035,0.13065780572010766,0.26972556134619213
0.12478605283023975,0.14167968071566958,0.13080049167822239,0.26967183880783907
0.12489333243906181,0.14154575951184065,0.13087342655203632,0.2696391900877045
0.12496350317760173,0.14154473718535235,0.13093285069491195,0.26929370897526383
0.12502292732047735,0.14139065402724804,0.1309925880749084,0.26906724611597305
0.1252239449290171,0.14123096410662736,0.1310360960097527,0.2690515253831374
0.12529295636019167,0.1412042946223264,0.13111693233867727,0.2687178919591377
0.12537068892799433,0.1409542411987759,0.13132509083104904,0.26840077956405706
0.12548171187947293,0.14090322272129174,0.13138506479641077,0.267571156276699
0.12554671229633993,0.1408890571663575,0.13153436435650792,0.26756052175915723
0.1255927370947841,0.14082210888701407,0.1315896415956613,0.2673593045444769
0.12568574324374024,0.1407349404536036,0.13170469355742956,0.266976402644001
0.1257856352661997,0.14072572007519216,0.13188408771719964,0.26661279709470287
0.12589818518758675,0.14071424155262693,0.13198231538527214,0.266592938791166
0.12598469118102745,0.14068020917033602,0.13203031951663372,0.2664676926577939
0.12605587711466668,0.14063712004895854,0.13208160318955464,0.2662828915308722
0.1261535421630159,0.14060921647752017,0.1321888827983767,0.2662337086470598
0.12620099938981438,0.1405823064815928,0.1323088378136642,0.2661348443873679
0.12634613343009551,0.14053925276122423,0.13236888316407913,0.2660694650733467
0.12640362206836123,0.1405376047236246,0.1324326253487712,0.2660017230559357
0.12652942350549068,0.14049936105217342,0.13247903609455966,0.26588001207846823
0.12659264406579082,0.1404728927782561,0.1325085272936687,0.26587575162661303
0.12675010949493937,0.14034448982220335,0.1325867375004042,0.2656494357610638
0.12679652024072782,0.14032005996193936,0.1326848162906945,0.26541566797021793
0.12693140767378364,0.14028027785012742,0.13271733246488124,0.2651867564585828
0.12698358459640835,0.1401923662003239,0.13277422406722292,0.2651178450563064
0.1270644209253329,0.14004291544996436,0.13293558089282617,0.2649843558221048
0.12711136276283544,0.13998163021054458,0.13299721869015196,0.26454949437081154
0.12724530536648346,0.13995565510899355,0.13310257449154006,0.2645335311723271
0.12732149618363248,0.13986906507146,0.13312504998019145,0.26431178900470503
0.12746795233609093,0.13981827593383916,0.13315357025847943,0.26424583722885564
0.127567025913009,0.13963661532078422,0.13324115209479567,0.26411374732427334
0.12768299813756714,0.13959601863179966,0.1333493492141309,0.26406935987252367
0.12775316887610705,0.13955939884816201,0.13350117152464197,0.26397462468030175
0.12790977576481913,0.1394912552484798,0.13363882743375394,0.26397073427146756
0.12797313210410308,0.13934414723906755,0.1337994990274059,0.2634327558791274
0.12802839812602998,0.13915924927659531,0.13386783745897007,0.2633916535617259
0.12810599048062526,0.13911570036336643,0.13395541929528632,0.26313534657730614
0.12816596444598696,0.13904372791992842,0.13402125546136023,0.263076835325852
0.12826285326736023,0.13895946171484513,0.13411303703406827,0.26299719478716266
0.12878384066014167,0.13892292404186612,0.13414809227482777,0.2629717029397294
0.12882935138596546,0.13875119896115404,0.1342444503145428,0.26292979843706743
0.12887151037818195,0.1387333765129262,0.13442266091038546,0.26289232648303834
0.12889630467481802,0.1385601218946383,0.13463196368727895,0.262857161834295
0.12895224264726218,0.13838940008475706,0.13485982987394415,0.2628237328030487
0.1290105620313676,0.1383864054652044,0.1349177800961953,0.26269557124243165
0.12909891533763834,0.13822630338951858,0.13501600776426775,0.26212189136009684
0.12918818191557638,0.1382059347920159,0.13511408655455806,0.26184821108807377
0.12924840805829063,0.13812579628486538,0.13519516026734793,0.26113329453411327
0.12939731086580908,0.1381153821162453,0.13523768458182284,0.2611106279962653
0.12943309380980206,0.13808905339751076,0.13528119251666712,0.2610708340305111
0.12952640178327485,0.13805850330691413,0.13536595360065934,0.2610502026636859
0.1300473891760563,0.1380484904691276,0.1357233684321905,0.26064347807019966
0.1300685085355796,0.1377421969301588,0.13581825084385007,0.2606048659324682
0.13014323583808854,0.13765509982325336,0.13593297230305804,0.26051814412963287
0.13021807522791554,0.13761290731701598,0.13599878648064975,0.26009511143181235
0.13024659550620352,0.13748722392352283,0.13609567530202302,0.2596256293650991
0.1303614378617139,0.13730533187600713,0.13616171449947156,0.2595927992527696
0.1304490331111317,0.1372614637560669,0.13619915886718653,0.25958987081118223
0.1305405854293843,0.1372469349625133,0.13631030654606877,0.25936067713217853
0.13062658156356652,0.13720268586728096,0.13640316259400864,0.25918890746470924
0.13067313595866087,0.13713157100123455,0.1365335159485165,0.25884669818778294
0.1307081911994204,0.13707954418640994,0.13659141312573106,0.2586304291515398
0.13080137347709592,0.1369677928084988,0.13670601827576442,0.25835433034162764
0.13085969286120133,0.1368256709797828,0.13675652144888478,0.2582414410994723
0.1309068098717716,0.13669756196296526,0.1368675444003634,0.2580797494409755
0.1309718102886386,0.13668867178221034,0.13694527696816608,0.2580312787356734
0.1310597649565114,0.1366870451227089,0.13698407879867402,0.25799964828162775
0.1311281571381707,0.13656867646860413,0.1371462291804028,0.25793186661805484
0.13121003768427278,0.13645149374677412,0.1376561173548099,0.25791833777232703
0.13130811647456309,0.13629600231486014,0.1377327234089639,0.25783142839418527
0.13145018667022912,0.13610858222523023,0.13778781257587616,0.2575331670210528
0.131503024568243,0.1360220105952869,0.13789064895676537,0.2573871927908389
0.13158365634524502,0.13592362425595422,0.13814333084241587,0.25726026024411996
0.13164135855253734,0.13591666061278132,0.1382483159359177,0.25722349283833573
0.1318091013566464,0.13574953661110167,0.13830501395297018,0.25693996346405845
0.13186990472993554,0.13559247898518906,0.138401298462725,0.25691948007670634
0.13192018552504486,0.1355917761685318,0.13854354478711042,0.25677618450814177
0.13198602169111878,0.13546219601902343,0.1386820496121851,0.2565144133408566
0.13207552482893803,0.1353246766067638,0.1387387476292376,0.25610025126647445
0.1321651834279174,0.13529390259875865,0.13893290087280674,0.2560321209018764
0.1322842929845774,0.13519798144603284,0.1390159898722521,0.2559880482223466
0.132345665926239,0.13510999914811955,0.13906637930159158,0.2557839907477934
0.13258923327383437,0.13481834502019704,0.13915553777621703,0.255761561378633
0.1329619153240028,0.13478228242525686,0.13928472188882993,0.2556859408234991
0.13305632542289467,0.13455494698046166,0.13934094817500034,0.2556284472549608
0.13313883573067997,0.13453846759773708,0.13939621419692724,0.2555681412877
0.1335115177808484,0.13445766965083764,0.13945114946994808,0.2555134504722227
0.13355845961835094,0.1343901466824688,0.13956936449420748,0.2555050215351543
0.13384016721794273,0.13427732757705158,0.1396970946062232,0.2548192671683871
0.13395807938133436,0.13423964534908234,0.13979416749034806,0.2547755489222157
0.1340578507368478,0.1340701798244806,0.13984109862455232,0.2547269038927445
0.1341178247022095,0.1340670093130869,0.1399094908062116,0.25464713595140065
0.1341633354280333,0.13388760723794615,0.1399620796741523,0.2544783227764188
0.13420431642458588,0.13383909691110898,0.14002097030857705,0.25396328558177217
0.13431231823421166,0.13379205787545814,0.14011863535692629,0.2539517364526789
0.1345152357121738,0.1337743157589992,0.14019614972185374,0.25390305139320946
0.1346040265539876,0.13374288587339453,0.1402465391511932,0.25386074471895265
0.13475357016627476,0.13372519885826736,0.14031772508483242,0.2538337591306224
0.1348962561243895,0.13362728501053112,0.1403786256117901,0.2537288179026129
0.1350453874728101,0.133566992090121,0.1404335548790714,0.2537188702242265
0.13512123306611637,0.1334620375058589,0.14055487052142063,0.2535518078772529
0.1354742210814387,0.13344074508523876,0.1406606925703741,0.25353943605866386
0.13557188612978793,0.1334273740809429,0.14074904587664486,0.2534966850106003
0.13575128028955802,0.13326556695121564,0.1408565774886785,0.253376665370219
0.1358363600515143,0.1332209244825804,0.1409764015499611,0.25266761718326775
0.13612841799537784,0.13315878538628256,0.14105256800436453,0.2526384901238093
0.13621251877081333,0.13311286641333098,0.14116988135219644,0.2525711053735874
0.13629781852802259,0.13303782755840107,0.1413025973663569,0.2524949474854109
0.13632261282465866,0.1330167782263346,0.14151190014325035,0.2523395547157258
0.1364001271895861,0.13300694678644676,0.1417129177517901,0.25211837059462316
0.13643525595181116,0.13284907995398187,0.141768183773717,0.25192462270176424
0.1365235057164131,0.13282454405481425,0.14185685609773907,0.25192166357251455
0.1365700601115075,0.13273427590237197,0.14193346215189306,0.25189334122520635
0.136594565909658,0.1327164471870404,0.14198264981745068,0.25158784604969037
0.1366801051319294,0.1325882897702855,0.14208800561883878,0.25155707645301395
0.13671884716837662,0.1325673128517276,0.14221584330749684,0.25101671201026104
0.13680659260375752,0.13252565466314004,0.1423041966137676,0.2507293339342921
0.1369221365944485,0.1325175904289641,0.14233997955776057,0.2505837881143537
0.1369931350207429,0.1324052894117833,0.1423840092019436,0.2504414958415051
0.1371145388888508,0.13223045577098397,0.14249655912333065,0.25037073021549217
0.13730327264475892,0.13222393532499063,0.14254473988035044,0.25019714839357027
0.13735550480829528,0.13220172600731697,0.1426015345498853,0.25016878064269055
0.13746312022035867,0.13189210449870795,0.14267770100428873,0.25009459136374207
0.1375810323837503,0.13180386811780706,0.14272820417740906,0.25004929644780327
0.13768337071298783,0.13118950723925976,0.1429506915489467,0.24995955659276747
0.1379014291616357,0.13111583999011253,0.14303152787787127,0.24985165768209958
0.13797546009566636,0.13102462242826057,0.14308569763995646,0.24970891515244054
0.138048406700635,0.13095630141851694,0.14318512165645153,0.24939338372646835
0.13813681084757257,0.13091096457227136,0.14321371230892568,0.24923355752982793
0.1381951684832273,0.1308747662447251,0.14328136876624883,0.24889523853783954
0.13828802453116715,0.13060697813824765,0.14330120052323708,0.24857230604330088
0.13840766227011297,0.130463787884239,0.14334541021643485,0.24845294476004706
0.13855487436424874,0.1304504260252731,0.14341252955931497,0.24844472106859503
0.13868949384108176,0.13040609879856963,0.1435738863849182,0.24828699395910628
0.1387362093378045,0.13030850812659214,0.14364791731894885,0.24824147356994558
0.13877403905823607,0.13014251021607967,0.14385722009584234,0.24799860179163175
0.13883239669389077,0.1301097714367651,0.14392900253873533,0.24755014509457124
0.1389085631482942,0.1299404448583983,0.14405184223731737,0.24716057294528204
0.13902340550380457,0.12975456325690377,0.14411659072317756,0.2471587796830291
0.13908794203462754,0.12961222374805953,0.14419008999210314,0.2470486263416795
0.13921567214664327,0.12950821507614954,0.14424757863036886,0.24693728786041225
0.13939506630641338,0.12935687409792865,0.1443701873076018,0.24692101084739151
0.13947569808341537,0.12924214997797,0.14443507117744314,0.24685405121978213
0.13955154367672162,0.12919854318362006,0.14450524191598305,0.2467708279624152
0.1396137499041326,0.12903261461358495,0.1445631390931976,0.24675817049506296
0.1396827613353072,0.12902841664012102,0.14462256323607323,0.24657323676109835
0.13973802735723406,0.12894690577973358,0.14473224644041643,0.2464900333139697
0.13982310711919038,0.1288920458720293,0.14479054333485344,0.24567551350422115
0.1399646390918575,0.12876576825143182,0.14490664563846434,0.2456744599116159
0.14002771020098445,0.12863904414571362,0.14500151603864475,0.24559316677260326
0.14008187996306964,0.12858313092791465,0.145091019176464,0.24556901413630206
0.14011063734702214,0.1285703804234219,0.14513795031066826,0.2454640862675003
0.14023572812761959,0.12850538899829048,0.14517498072832247,0.24537260390932614
0.14029358209663836,0.1284223081397273,0.14530892333197046,0.24451068794102118
0.14036620530060018,0.12838058707356378,0.145411261661208,0.24434431141067603
0.14042410247781473,0.1283318402400074,0.14554588113804098,0.24403093425837039
0.14052233014588722,0.12820422829256242,0.1456745970238278,0.24400729379391192
0.14061411171859525,0.1281853518738913,0.14572171403439807,0.24377320996345325
0.14073142506642716,0.1280556303858182,0.1458091807847738,0.243743112012366
0.140839539175738,0.12796454958779727,0.14587935152331372,0.243621861529283
0.14091713153033328,0.1279516721989373,0.14593908890331017,0.2435550771776132
0.1410764449264023,0.12792787727062288,0.1461281887969661,0.24336505566482297
0.14119751906496592,0.12789652794722808,0.1462224396715541,0.24317375297802618
0.14134642187248433,0.12761170310977757,0.14634065469581348,0.24310557181365547
0.14168786639760714,0.1274662261651699,0.14642981317043893,0.24304298528576312
0.14177736953542638,0.12746127295327228,0.14652701392499945,0.24284372129822185
0.1419050996474421,0.12735161768044131,0.1465628183860198,0.2428002105853239
0.1419670362706621,0.12726410589527612,0.14660413368650252,0.2427256470992261
0.14212100087180685,0.12724098990025198,0.14669591525921052,0.2427084539984334
0.14223068407615003,0.12713726611882853,0.14680127106059862,0.242362967984434
0.1423610374306579,0.12712225058674786,0.14688967520753618,0.24235001735724562
0.1424260378475249,0.1270936779105349,0.146962298411498,0.24221506758829212
0.14247657805745514,0.12709123737400377,0.14699088906397215,0.2421209951350156
0.14257346687882838,0.1270881400026823,0.14706961557742917,0.24205330361489832
0.1426309555170941,0.12706136594901743,0.1471271042156949,0.24194622737378074
0.142696791683168,0.12698707388281075,0.14717928113831957,0.24193564415804159
0.14277151898567694,0.12696893550975305,0.14723977087948523,0.24176999024051188
0.1428598722919477,0.1268977070274238,0.14732341076749914,0.2412571875326733
0.14288846294442184,0.12681724893230473,0.1474911535716082,0.2411220742013185
0.14294105181236255,0.12674637186251636,0.1476093685958676,0.2411004426852779
0.14304656203006497,0.12664050632495125,0.14767838002704217,0.24087260051615914
0.14311673276860487,0.12661820402653506,0.14773939892738194,0.24080243257998976
0.14316791741478008,0.12643505211437714,0.1478217617929862,0.24062490396039402
0.14324875962202402,0.1264174131528691,0.14789386366137525,0.24060809162227836
0.14330880497243892,0.12635571662064346,0.14798112099237612,0.24044848701017624
0.1433622695613088,0.12633092929691475,0.14806505540797554,0.24032597662340902
0.14341896757836128,0.12625444010271983,0.1481503551651848,0.24022096650405117
0.1434770804695095,0.12611910962821704,0.14817514946182087,0.2402147828711359
0.14358709487297683,0.1260849997901234,0.14828103533980866,0.2401655433926786
0.14368422222499733,0.1260730641890646,0.14836280215062458,0.24015713725378107
0.1437664246685477,0.12600778393396536,0.14845435446887717,0.23999258847940785
0.1438764784703463,0.12585557006361967,0.1486904204863291,0.2399811118664595
0.1440119205381251,0.1258373499216373,0.14877967127265482,0.2396365830230603
0.14405542847296937,0.12573476299930264,0.14886660099778168,0.2395104476199935
0.1441807389005378,0.1256271915007436,0.14899709091278404,0.2395080390305403
0.14424562277037917,0.12560475432701323,0.14912539388061383,0.2393736615561218
0.1442806780111387,0.1254897822752905,0.14917311746663509,0.23919481195840736
0.14443250032164975,0.12547534241556485,0.14922057469343358,0.23907271962787702
0.14449665647339197,0.12547491404033045,0.14929000748627821,0.23906605256658692
0.14460483070805613,0.12543229536680672,0.14938399517865422,0.2389370011016269
0.14472900780924158,0.12534005283035685,0.14947092490378106,0.23870865905641256
0.144838306918081,0.12517719119364465,0.14982833973531223,0.238511426295764
0.14487710874858895,0.12512560075684678,0.14991022028141432,0.2383134713465703
0.14500254534765683,0.12509065407655293,0.1500182220910401,0.2382323274124649
0.14503203654676586,0.12505275570614813,0.15011395871934347,0.23783018946006176
0.14519360004796197,0.12500559333760478,0.15045249840329333,0.23773683758912711
0.14528673566435382,0.12486583780687592,0.15054176498123134,0.2377333260963507
0.1453504778490459,0.12486253209254093,0.15062481123544105,0.2376793357051795
0.1454016624952211,0.12472539706281435,0.1506717530729436,0.23767451570448556
0.14547400089800733,0.12462693503622764,0.1507773245457919,0.23762913025172153
0.14563615127973611,0.12450727126579518,0.15085025941960586,0.2375557603028219
0.14575835822650715,0.12447707358809532,0.1509612621962167,0.2375063004606836
0.14580681416447613,0.12441359994855532,0.15107723442077484,0.23747346886746643
0.14601611694136962,0.12425207798193957,0.15115645306509076,0.23737118968947366
0.14612618845457845,0.12424990011677513,0.15125044075746677,0.23732909060010174
0.1461859258345749,0.12411835946088921,0.15136146370894538,0.23729570939478453
0.14632620310035976,0.1240844836114038,0.15146674418799552,0.23706088090507152
0.14637649856578347,0.12394926596339788,0.15155514833493308,0.23665589595357653
0.14649464073965715,0.12388210810987399,0.15170236042906887,0.2364479831992483
0.1465822864050077,0.1238492806998596,0.15182343456763245,0.2363035405557202
0.14663737557191997,0.12369236603080566,0.1519315486769433,0.23612243529199203
0.1466998652031315,0.12364939823135199,0.15198519566360727,0.23591221138521443
0.14674084619968408,0.12333006218007861,0.152063816384305,0.235635182951615
0.1468733624614168,0.12311257101381483,0.152090228344313,0.23554782668647342
0.1469879676114502,0.12310361109171226,0.15217787400966354,0.23534574223486035
0.14705775194818038,0.1230478235286875,0.15224626619132284,0.2351156255555236
0.14708022743683175,0.12303952525829023,0.1523339118566734,0.2349997055770885
0.1471541376954217,0.12290686621382517,0.15244805938124276,0.23497869393076165
0.14731570119661783,0.12268563744795516,0.15253216015667825,0.23496600704267048
0.14745794752100325,0.12261104217519295,0.15258433707930294,0.23491710069286423
0.14757526086883516,0.12231633198161028,0.15264182571756865,0.23485724105332212
0.1476864085477174,0.1220448490293513,0.15270327034584463,0.23480257082221095
0.14777238398036158,0.12190611030651667,0.15280738543109038,0.23476592924094583
0.14789207694322967,0.12170251068397102,0.15288417103732024,0.2347462122645641
0.14797069766392743,0.12164534953332382,0.15316587863691203,0.23450354792433534
0.1480352341947504,0.1214863832320701,0.15368686602969348,0.23415840037387062
0.14815738515307783,0.12133795293453745,0.15381357881869226,0.23398436723065474
0.14821049561143176,0.12132987812802619,0.15390153348656507,0.2339618994812543
0.1483850795560531,0.12103718172366745,0.1539887071364617,0.2339132107481861
0.14846168561020706,0.12101409531157589,0.15402252399711622,0.23333805448545744
0.1485205762446318,0.12099258536011141,0.15409930960334609,0.23316620324479922
0.14870967613828773,0.12091679264167707,0.15420481982104847,0.2331313845882255
0.14886407391720405,0.12086733061771164,0.15433845174022737,0.23312196663391507
0.14892026847149295,0.12067180287991366,0.1543843822859366,0.23311819330662603
0.14899239619769147,0.12061711644420452,0.15447671493409618,0.23306871022630707
0.14909899021778567,0.12059418622674187,0.15452022286894046,0.23294978847628925
0.14924167617590037,0.1205620923185451,0.154582712500152,0.2329012092584721
0.14935210545959604,0.12052246212247725,0.15466296878676222,0.2327780172523117
0.1494489942809693,0.12051027723062979,0.1547204574250279,0.23267532572662708
0.14953912605067918,0.1201767092480358,0.15486936023254635,0.23254701255974275
0.14964448185206727,0.12014674009134862,0.15497697564460974,0.23254034594500306
0.14979893102380468,0.12003680955386035,0.1550544900095372,0.23220079114901326
0.14983773285431265,0.12001924738668736,0.1555643781839443,0.23218852148489635
0.1499724245359356,0.1199570473549194,0.15561040298238846,0.23210552273604507
0.1501138276273,0.11992694429950806,0.155731848822716,0.23205592557076832
0.15034106474884582,0.11987385962198453,0.15583712930176616,0.2319111877340097
0.1504665013479137,0.11984871160060152,0.15590087148645823,0.23190753782481982
0.15057870372641002,0.1198094083414161,0.15623809802861408,0.23164126182063557
0.1507569143222527,0.11965603253106837,0.15641630862445674,0.23103792809288212
0.15081394631194273,0.11964269234573802,0.1566301458791482,0.23090128667035106
0.15093254016500357,0.11949019872174277,0.1566776031059467,0.22989502131582187
0.15101013251959886,0.1194639629181786,0.15678342515490018,0.22989028608832812
0.1510892300807294,0.11935714845091573,0.15692735254271045,0.2295793425532192
0.151201791469936,0.11932684798435289,0.15700659814064974,0.22925312832892072
0.15125232171560524,0.11923299221220693,0.15714933639202172,0.2292210610232612
0.15133596160361915,0.11918271235128437,0.15719149538423824,0.22907220722359276
0.15154526438051263,0.1191775757004505,0.15727582382562375,0.22903436465905258
0.1516215947482839,0.1191607625108945,0.15733672435258145,0.22895149046199223
0.15166164707231225,0.11905525751200753,0.15739028098981647,0.22888454225561924
0.1517338085308897,0.11894976102338328,0.15750849601407585,0.22886629336040715
0.15182259937270348,0.11885567312185867,0.1576305131726802,0.22882221807778502
0.15190966645682485,0.11885111370265465,0.157692150970006,0.22879148095913343
0.15214303532805845,0.11882393450097795,0.1583143529986104,0.22847956357424193
0.15222852095738637,0.11879589594050852,0.1584086038731984,0.22840972464716422
0.15230603532231382,0.11879366631982421,0.15846732524260615,0.22840376224202572
0.15238853584422643,0.11855511142354011,0.15852329127722956,0.22838450657591539
0.15247263661966193,0.1185431721405607,0.15858620164999945,0.22833789057069226
0.15256188740598764,0.11848472980025987,0.15869627316320828,0.228317839322211
0.15263818744774715,0.1183309432290635,0.15881911286179032,0.22824180482948922
0.15278211483555743,0.11833031256508106,0.1590006351260765,0.22791256132232385
0.1528820068580169,0.11824501055564778,0.1590691121186326,0.2279062580811323
0.15293709602492916,0.11817950372679634,0.1591914920425963,0.22768019496220943
0.1530648261369449,0.11815874700887326,0.15931729347972576,0.22763624586635522
0.15317141556991123,0.11815302498563761,0.15937220752029102,0.2275964533645284
0.15336505080782262,0.11810548308843719,0.15945985318564157,0.22759309057976806
0.15341763967576333,0.11804859120946973,0.1595720555641379,0.22743315461966507
0.1535064305175771,0.11799767916206899,0.1596501472106083,0.22731968954371753
0.1535674494179169,0.11796893521538585,0.15970052276813343,0.22725438612424315
0.15361536592239486,0.11793288236298613,0.15983303902986618,0.22702930438720476
0.15366313817444455,0.11772423852295048,0.15995541895382986,0.2265579933327936
0.15397719353692155,0.11748811324047569,0.16002307541115302,0.22624339573261062
0.15413137298554241,0.11742935589076875,0.16010543827675724,0.22621451496687198
0.1542265996271671,0.11742220381068465,0.16022432105940876,0.2258380948541175
0.15430964588137677,0.11740356198356024,0.16072099929104308,0.22579947967146102
0.154412482262266,0.11726370208189062,0.16078574777690327,0.2256855444912233
0.15442824377684405,0.11710769019529935,0.1608775293496113,0.22559726832196325
0.15447710205689197,0.11695937719646389,0.1609154940038059,0.22535401597668955
0.1545820871503938,0.11695460326841138,0.1610581799619206,0.22515918534077875
0.15462981073641505,0.116942497964686,0.1611520440906643,0.2251206258319979
0.15469693007929514,0.11688444277993745,0.16122460902960797,0.22493829743740487
0.15477213643934867,0.11679609763470888,0.16127579367578318,0.2247921323267714
0.15486493443463742,0.11675791211151523,0.16132722151193823,0.2246762693775683
0.15497461763898063,0.11672785766041636,0.16152137475550737,0.224413653772919
0.15512994692764467,0.1165166471996968,0.16158160089822166,0.22438305603423928
0.15519895835881925,0.11649353694899853,0.1619146151658363,0.2243062579351719
0.15534850197110645,0.11643504346820943,0.16200542002010337,0.22424068307666342
0.1554262345389091,0.11639394962961452,0.16212096401079437,0.22422617200973494
0.15546497657535632,0.11628037207262758,0.1622881226017006,0.22414620642302294
0.15552502192577122,0.11626603857825807,0.16243725395012126,0.22409732451208597
0.15563758331497785,0.11624484426019419,0.1626154645459639,0.22408216513559248
0.15570770305569936,0.11623640740169576,0.1627699137177013,0.22392975149682537
0.15575425745079371,0.116229737624644,0.1628250704598023,0.22374330886650856
0.15583840781817787,0.11621289828035833,0.16288829102010244,0.2235731516023961
0.15609900829271092,0.11618146165218823,0.16301666281183907,0.22354944161534387
0.1563425756403063,0.1161431665443,0.16323831265878141,0.22351764624066453
0.15642179428462222,0.11613609735783263,0.1633260580941623,0.22331108005717604
0.15644162604161047,0.11603895424168403,0.1633694812605832,0.2232990649195239
0.1565327341220166,0.11600599760674793,0.16345424234457542,0.22328420393164042
0.15658801136116998,0.11595628723816748,0.16351014277902348,0.2232764333609516
0.15665275984703017,0.11583120108159307,0.16358498216885048,0.22319418560823998
0.15684303567638985,0.11574227741886572,0.16369541145254615,0.22313940977295077
0.15694070072473906,0.11571250231464562,0.16375034071982741,0.22290223085993618
0.15701326566368276,0.11569935022150209,0.1638561627687809,0.22287557418067178
0.1572551366064591,0.11558614904878459,0.1639386632906935,0.2228006617483443
0.15736095865541258,0.11557934734571416,0.16404867769416084,0.22269208189163953
0.15741907154656076,0.11552298292547254,0.1641235170839878,0.2225969832161609
0.15743533905319373,0.1153723361985566,0.1642371175256058,0.2224599625614469
0.15754893949481172,0.11536982610506549,0.16433012367456193,0.2220812991508426
0.15762086419813026,0.11529942502235824,0.16439092704785108,0.22196328104553775
0.15768135393929592,0.115279742271674,0.16450553219788447,0.2217981286695718
0.1578994123879438,0.11524071339163414,0.16459030874219638,0.22168030595707602
0.1580008567284403,0.11522570325528189,0.16467584796446783,0.22125951749648984
0.1580951076030283,0.11516175463733272,0.1648205557586372,0.2212327940500952
0.15812892446368282,0.11511931805034782,0.16494824032217248,0.22121661559141448
0.15818286572309187,0.11506889179495547,0.16504109637011236,0.22121366383173655
0.15823624864409697,0.11499765185675763,0.16514393275100156,0.22119576434870067
0.1584414606543687,0.11495242065002213,0.16528546472366867,0.22087807747451818
0.15858524111817346,0.11494433963963074,0.16545946722435328,0.22075731778604046
0.15869391628418625,0.11491062339857112,0.1656482009802614,0.2207375798795352
0.15879516080429756,0.11487979500887274,0.16575832402220622,0.22073139277732964
0.15891660664462512,0.11484920870999558,0.16586420990019402,0.22059746694988974
0.15903898656858884,0.11484394997559295,0.1659852840387576,0.22045030434375112
0.15923865348884378,0.11480471523066194,0.1660527428545813,0.2202207723537279
0.15931535199910762,0.11472694105542172,0.16610668411399035,0.22019275826581927
0.15940228172423446,0.11448251660814861,0.16622152646950072,0.2201664106826926
0.1595910154801426,0.11444233124000873,0.1664340614386007,0.2201537258504293
0.15970031458898198,0.11438598589242736,0.16649384815145804,0.22003137129080244
0.1597546641367468,0.1140791183247738,0.16657799660753894,0.21985258493484686
0.1598361421878657,0.11405718348816578,0.16659911596706226,0.21964089982985494
0.15992360081732623,0.11401008536605185,0.16681717441571015,0.21958158495916616
0.15997005027337677,0.11398273257774379,0.166938258272189,0.21949313177497087
0.160057632109693,0.11396181880438867,0.1670108814761508,0.2194305136305728
0.16014456183481984,0.11383985998501564,0.1670642928288538,0.21939384802360648
0.16022819828248788,0.11378119501307861,0.16713704395421936,0.21931648102375037
0.1605811862978102,0.11377879747605128,0.16723129482880736,0.21918819739549786
0.16065735275221363,0.11377553449506149,0.16733052430860898,0.2191677046786299
0.16099879727733643,0.11373322223045321,0.16744479400368295,0.21899454633120613
0.16108428290666435,0.11365758168655674,0.16749398166924057,0.21896992610794744
0.16117853378125235,0.113651864665879,0.1676827154251487,0.21895769673691656
0.16122903695437268,0.11363457361604566,0.16773530429308942,0.21888580531783958
0.16127933241979642,0.1134768708266459,0.16782575350903461,0.21873222448134255
0.16138749207758768,0.11339609121274827,0.16787693815520982,0.21862640041018488
0.1615073161388703,0.11335821061704181,0.1679249422865714,0.21862606744972218
0.16162120554405762,0.1131923013358382,0.16799333446823067,0.21861602439334382
0.16172043502385924,0.1131171953436023,0.16803530482755713,0.21857009227234186
0.16184880681559585,0.11294731683138953,0.16815389868061797,0.21838966844046617
0.162037540571504,0.11288683750596779,0.1682649014572288,0.21835154220128863
0.16208447170570825,0.11284436760341042,0.16835643055951777,0.2181267666879699
0.16212657624701846,0.11279725002821595,0.16847787639984532,0.21809853400652146
0.162214221912369,0.11272328093889879,0.16853918855356848,0.21807750333733975
0.16226937865447,0.11254343788464025,0.16859427772048075,0.21798342369852503
0.1626420607046384,0.11248238937588555,0.16870530067195938,0.21777695464284896
0.16273046485157597,0.11246727222775417,0.1687855569585696,0.2177767302277372
0.16283330123246517,0.11236816657246322,0.1688742292825917,0.21774718198039422
0.16286616406821947,0.11229833592440967,0.16891167365030663,0.2177198706831342
0.16288728342774278,0.11221098118287823,0.16897361027352664,0.21760858092586788
0.16293462906840941,0.11218805803698596,0.16902161440488822,0.21736364412604758
0.16304090534495444,0.11217777001613977,0.16910996771115896,0.2173328358011977
0.16320127406924395,0.11217449896218139,0.16921388021524816,0.2171324113907232
0.16328560251062949,0.11212999536851728,0.16927525315690975,0.21701551701124427
0.16335398636750123,0.11212864678813213,0.16936605801117685,0.21687009090455103
0.16348670238166166,0.11182042782994168,0.169450208378561,0.21668311319761954
0.1635464397616581,0.11175569080307542,0.1695319751893769,0.216487862076414
0.16362803860714323,0.11166076980244304,0.16961612555676106,0.21638766661799122
0.1638277055273982,0.11165887727098307,0.1697043995057203,0.2163310178962101
0.16389618251995428,0.11157373196197937,0.169842904330795,0.2163010639399356
0.16405685411360624,0.11154873219597908,0.17001469615866252,0.2162883985470147
0.164180958364406,0.11151182390095193,0.1700760691003241,0.2160978207003404
0.16439479561909745,0.11141933971695729,0.17016155472965203,0.2160523618612002
0.1644439832846551,0.11134880850554152,0.17024237858838465,0.21602367503883743
0.16453348642247434,0.11129070710763964,0.17035340153986328,0.21578875557799707
0.16463171409054683,0.11120898486666393,0.17043018714609315,0.21573972725416085
0.16471051969798023,0.1111064505420417,0.17053252547533065,0.21540909032367878
0.16508320174814864,0.11108655777052799,0.1706298718457158,0.21536435724147826
0.16521683366732753,0.11103858883197262,0.17074030112941146,0.21526707923913566
0.16527478388957867,0.1110242026117589,0.17084874013479304,0.21522230781541019
0.16532789434793257,0.11099321432867633,0.17088472457262335,0.2151796209466278
0.16552891195647232,0.11098157272371019,0.17095007669477483,0.21512299101007076
0.1655902848981339,0.11095238279029053,0.17109281494614684,0.2150077659236821
0.16570035641134273,0.11092593684925096,0.17119405946625815,0.21499110247081551
0.16575253333396744,0.11085328523012063,0.1712914058366433,0.21495252710105087
0.1658736171904463,0.11080455402230088,0.17141280970475117,0.21474236706337477
0.16590940013443925,0.11074846432610726,0.17153698125890984,0.214643360066568
0.16598069745458532,0.1107214505089986,0.17165667422177794,0.21463916691681212
0.16602762858878958,0.11071693278242926,0.1717443198871285,0.21463104158947421
0.16609596702035376,0.11061795556476726,0.17180951202894948,0.2143083622298498
0.16617634987771343,0.11056375556485867,0.17196457957949735,0.21429993381254814
0.16625355581775697,0.11055715572883903,0.1720246686350469,0.21403140030283402
0.16638227170354375,0.11041164994608026,0.17206341067149408,0.21393837966736595
0.16642972893034225,0.11035498999868133,0.17210762036469188,0.21393200336259716
0.16654990875736692,0.11024965074122481,0.17222359258925,0.2139112020284151
0.1666971208515027,0.1101051032295023,0.17230889234645924,0.21387705706445975
0.1669151793001506,0.11004401531354176,0.1725030741831252,0.21386492892785686
0.16700282496550115,0.10991946563324302,0.17252290594011344,0.21356760149627363
0.16705248932283465,0.10977884906009751,0.1726377482956238,0.2135392599712422
0.16710049345419623,0.10967415473487868,0.17266537462127318,0.21347639036015617
0.16725227325732273,0.10965526387728873,0.17277327497042708,0.2133982114301257
0.16740117606484117,0.10963921553001174,0.17281982936552143,0.21337645548521364
0.16761501331953263,0.10962204445410792,0.17287814874962684,0.21336654716367578
0.16775725964391805,0.10957648679699945,0.17303211335077157,0.2133529448435976
0.16780746746971614,0.10942710187830706,0.17313034101884406,0.21313162731688684
0.16786744143507784,0.10942465486127281,0.17325444526964381,0.21310589030075358
0.16798655099173784,0.10940627072031966,0.17331878028539272,0.21296648763207648
0.16802997415815876,0.10930303039408996,0.1734348825890036,0.21259141145171934
0.16811074303082016,0.109153080141953,0.1735043351659607,0.21251671178080847
0.16816761358758922,0.10906211499924552,0.17366094205467275,0.2123575472407297
0.16827079829287983,0.10902814870085067,0.17370939799264173,0.21217078395103015
0.16831681028559212,0.10887808193293465,0.1737451809366347,0.2120602928788375
0.16837678425095381,0.10884883032303609,0.1739785498078683,0.21204813327577135
0.16850441844102976,0.10881685042497662,0.17408246232045219,0.2118515470471871
0.1685645074965793,0.10876742424940093,0.174175770293925,0.21182047833955875
0.16868433155786192,0.1086735266056608,0.1742582708158376,0.2117513538791485
0.16876826597346137,0.10860234174174462,0.17445279588859092,0.21174230174748684
0.1688895816158106,0.10857963610037645,0.17450329906171125,0.21171690593774153
0.16901102745613816,0.1085775331911255,0.17465259862180843,0.21164881049357878
0.16912586981164854,0.10852100225655856,0.17471508825301996,0.211216787263443
0.16925161199837682,0.10836193508043468,0.1747538900835279,0.2111739406509988
0.16933854172350368,0.10832411441145186,0.17483496379631777,0.21107123745570153
0.16942451715614787,0.10824813965607537,0.17495050778700874,0.2110375490226607
0.16955500707115023,0.10823382583611443,0.17504103421960582,0.21069204414617596
0.16969537982564614,0.10823051176545066,0.17515158230141764,0.2106258546083982
0.16976878263746706,0.108190985656071,0.1752283679076475,0.21037774202962065
0.1698617887864232,0.10813352603769844,0.1753538045067154,0.21033565417211642
0.17000294255040058,0.10803722627933886,0.17542675111168404,0.21021924912006754
0.17008657899806862,0.10798565870699006,0.17547986157003795,0.21021881968828018
0.17023612261035578,0.10796557002395116,0.17560769925869602,0.21009352180556576
0.17032723069076192,0.10795321593899872,0.17570195096576277,0.2100133721534819
0.1703882800955018,0.10791359695521786,0.17579513324343832,0.20997524090949884
0.17047221451110123,0.10789969418270197,0.17589490459895174,0.2099185886400694
0.17060493052526168,0.10779405989906991,0.1760371509233372,0.20989203682037588
0.17072307269913536,0.10778768320922735,0.1760932044191979,0.2098472094846688
0.17081540534729495,0.10775620707453488,0.1761698104733519,0.20974213265306985
0.17089622920602754,0.10774305675519108,0.17631503987492383,0.20968663384957664
0.17101220143058568,0.10771186579780574,0.17642724225342016,0.20952778229613536
0.17109327668940752,0.10759857320732202,0.17652546992149265,0.20945150730654077
0.17116988274356149,0.10752660969332943,0.1766142607633064,0.20941465038793583
0.17125295961260215,0.10751443189491292,0.17712414893771353,0.20940361435503346
0.17129040398031709,0.1074575570553049,0.17721694693300227,0.2092700970827024
0.17136513128282604,0.10732766391616831,0.1772763710758779,0.20921595155856995
0.17149350307456265,0.1072982952436288,0.1773323371105013,0.20879225415597416
0.17156295565151977,0.10726568901822803,0.17741106362395834,0.20848038606249325
0.1719994551152767,0.10719423146698084,0.17750531449854634,0.20842484812987633
0.17203728483570827,0.10711047611786292,0.17763299906208163,0.20841922444058406
0.1721494872142046,0.10710842505639778,0.17776293362031312,0.20820055757553138
0.17217589917421258,0.10709237544221349,0.17788311344733782,0.20794457832681648
0.1722739779645029,0.10701570146955702,0.177952897784068,0.20785124968397461
0.17233146660276857,0.10695816993481853,0.17806869646228984,0.20780891860510425
0.17247524706657336,0.10689254954598135,0.17810251332294433,0.2075457621007647
0.17252653073949428,0.10687615914712155,0.17819217192192366,0.207407638861793
0.17259492292115355,0.10679518693536173,0.17829608442601289,0.2073091503320049
0.17267575925007814,0.10677929593164165,0.17834647385535235,0.20696639648388698
0.17288122491152963,0.106709165342866,0.17841477728033542,0.20695753517162246
0.17293606700639272,0.1065144716885533,0.17848494801887535,0.20687985115806784
0.1729874948425478,0.10645664676208311,0.17870300646752324,0.20672315117505932
0.17303668250810542,0.10632583655017383,0.17882674684865507,0.206656812710914
0.17309504014376015,0.10628667818391166,0.17892162926031466,0.20657261883618094
0.17314646357967037,0.10623360023119087,0.17901970805060496,0.20653445232421055
0.1731998465006755,0.10623277121883108,0.17913191042910126,0.206112409246268
0.1732625457721236,0.10610087157184468,0.17919526676838524,0.20582673513551544
0.1733192437891761,0.10607812583047758,0.17929939072207812,0.20581082203516932
0.17356718639026558,0.10603243001926282,0.1793502808406678,0.20580554822481317
0.1735962583046541,0.1060163911184647,0.17936654834730076,0.20572338582832037
0.17375132585520195,0.10595857873983924,0.1794923497844302,0.20570649963362628
0.1737799165076761,0.1059254159336716,0.17954409640048555,0.20556416296134236
0.1738997907895138,0.10591550454875998,0.17962842484187108,0.20548731596143968
0.1739471471971888,0.1058971372301869,0.17967734191360737,0.20541786167069065
0.17404537486526128,0.10584162541663868,0.17980265234117582,0.2054025932588524
0.1741997726441776,0.10579181481849156,0.17985721894928125,0.20534931031930823
0.174269919644331,0.10560774647965725,0.1801902332168959,0.2053095444358049
0.17431832887429555,0.10560450333537089,0.1802916775573924,0.20520530693458827
0.1743660524603168,0.10559898997936265,0.18042439357155282,0.2048207924850226
0.1744573893279709,0.10558319537862354,0.18048058812584172,0.20481129732362968
0.17454485607834663,0.10553109290858713,0.18062436858964648,0.2043326315701474
0.17462567993707925,0.10548412018919977,0.18070745758909185,0.20425528565199222
0.17468255049384834,0.1054432739330673,0.18074619962553903,0.20409469280881723
0.17480735631187125,0.10541349293598484,0.18088757606908862,0.20358947446733758
0.17487752705041115,0.10526087092350382,0.1809397529917133,0.2034901686050094
0.17498758085220975,0.10524163703272882,0.18108199931609872,0.20347291294972017
0.17503797028154924,0.10511473604338004,0.18116284152334267,0.2034680789415915
0.17512017272509958,0.10509679849935008,0.18125538028644617,0.20335754728032768
0.1752186290445051,0.10506471743695157,0.18137556011347084,0.20308020026114224
0.17526574605507542,0.10496695742124679,0.18153558101454517,0.20305934394461533
0.17529523725418444,0.10490776666282921,0.18164319642660856,0.20298367350045843
0.17535687505151024,0.1048400986263058,0.1821398746582429,0.20297814613866721
0.17544392341335432,0.10481689135996168,0.18222914123618092,0.20292494965260638
0.1755494778033988,0.10479664574754964,0.18227964440930128,0.20277551819258846
0.17563255467243943,0.10472059473145218,0.18249348166399273,0.20271685836302067
0.17572050934031225,0.10466642671227942,0.18257411344099472,0.2025950235214858
0.17581686738002728,0.10465500591123592,0.1828176807885901,0.20253514644188755
0.17590731659597247,0.1045970792656177,0.18291534583693933,0.2025323275801978
0.17639518723636108,0.10454832650151341,0.18297950198868151,0.20216337301561704
0.17647239317640462,0.10451116207107779,0.1830976441625552,0.2021392560871601
0.17666654641997376,0.10447277465090135,0.1832494239656817,0.20210294343434582
0.1767636934286865,0.10441345789624114,0.18334367567274845,0.20207279394599337
0.17684732987635454,0.10435246595759745,0.18346941785947676,0.2020704810362486
0.17691955622580147,0.10433089358014842,0.18361057162345412,0.2017604269143008
0.17704015312468224,0.10431959697723275,0.18368069136417564,0.20175899231750918
0.1771012025294221,0.10431374669352438,0.18373504091194046,0.20167155803809736
0.1772492155530667,0.10428688621963676,0.1837939315463652,0.2015905445643368
0.17732155395585292,0.10425372512198865,0.1838230034607537,0.20116874392363085
0.17737966684700113,0.10416223951646036,0.18396813750103483,0.20113555922938245
0.17757384868366707,0.1040969385739519,0.1840161416323964,0.20103130673902292
0.1776202594294555,0.10395568725467198,0.18406307276660067,0.20100760035175969
0.17771760579984064,0.10394050476043959,0.18414614963564133,0.20086740727965602
0.1777986795126305,0.10393668853257185,0.1842280301817434,0.2004152341981997
0.1778466836439921,0.10387008902282352,0.18434059157095,0.20038062697396394
0.1779069098759005,0.10371616103254576,0.18442670545840262,0.20016447713841526
0.17807710118691003,0.1036633397434311,0.18453772840988122,0.19994687589086965
0.17815469354150532,0.10340653048743079,0.18458810396740635,0.19988357155758454
0.17824337497182563,0.10318150000067278,0.18462976943988357,0.19982853444656778
0.17839777275074195,0.1030877478137131,0.1847510850822328,0.19978568098217983
0.17848876115807974,0.10307205287287097,0.1848063623213862,0.1996095246759994
0.17857308959946527,0.10300921113549039,0.18494860864577164,0.19956518528568828
0.17866670338995488,0.10297714966698211,0.18504191661924443,0.19954635351279595
0.17878649384627876,0.10291420091704706,0.18520123001531347,0.19931333624421727
0.17886630745806387,0.10284207802892723,0.1853996704735011,0.19904271499367385
0.17894612106984895,0.1027371702999346,0.18552182143182852,0.19896540393264892
0.17903166029212036,0.10271936174794412,0.18559812147358803,0.19872046976919802
0.17913310463261686,0.10270386088771769,0.18580358713503953,0.19863827104865892
0.17925548455658058,0.10266977112792282,0.18587375787357943,0.19853045754781762
0.17930913154324454,0.10260880154156274,0.18600837735041245,0.1985214406147556
0.17950328478681368,0.1023935773213516,0.186096023015763,0.19834961806157883
0.17958814671966072,0.10235276209561904,0.18615434239986842,0.19828425545168402
0.17965770678831333,0.10224311845379944,0.1862711518432133,0.19826741249513546
0.17975485379702608,0.10224245847196299,0.18640164175821566,0.1981918331780301
0.17988823867388717,0.10223382736249488,0.18648959642608845,0.1980711125514265
0.17997588433923772,0.10215109830236374,0.18673282777506484,0.1978792426071362
0.1800701360463045,0.10204361147719113,0.18677535208953974,0.1977767373093522
0.18017549184769258,0.10201297368779834,0.1868917132175912,0.19773493389856714
0.1803570141119788,0.10200406658746693,0.18696688818979781,0.19772250368220812
0.18056954908107878,0.10198690002172402,0.18709466057134705,0.19767841488330676
0.18065719474642933,0.10198238582293011,0.18719154939272029,0.19767415404890695
0.180777069028267,0.10188530042959294,0.18728207582531733,0.19761613276886097
0.1808319111231301,0.10184504707459144,0.18739786882059747,0.19739187646752712
0.18090824149090137,0.10178123073943378,0.18743432021529907,0.1973143962644148
0.1810134579285502,0.1017780422624727,0.1875522323786907,0.1972900278639257
0.18107116013584254,0.10174631765805824,0.187585095214445,0.19713074580174084
0.18119879432591848,0.10172464995762612,0.18777537104380465,0.19705761614125977
0.18139981193445823,0.10169462616787148,0.18790408692959146,0.19698706350964043
0.18143855397090541,0.10158338864425392,0.18795156128591453,0.1969275114079611
0.18152720386047455,0.10156676556987798,0.18804081207224024,0.19684810231757355
0.1817396927884026,0.10154582515394954,0.18810186147698013,0.1967105938822791
0.1818522541776092,0.10151460451302909,0.18821441139836714,0.19668739574381983
0.18207949129915504,0.10149626004393401,0.1882523628178485,0.19665674851786918
0.18222089439051944,0.1014809074234993,0.18849593016544386,0.1965923902671723
0.18230504284660032,0.10144883761427105,0.18856607716559726,0.1962324904501927
0.18241293984035514,0.10143630986397925,0.18861263156069163,0.19622110695253006
0.18245509883257166,0.10139425550845418,0.18865046128112317,0.19609475599643839
0.18249305025205298,0.10123682127308739,0.1887222437240162,0.19584790499469834
0.18260171371239511,0.101231343901641,0.1887994496640597,0.19579069758132314
0.18265755174916265,0.10108570309679052,0.18890811312440184,0.1957729877807094
0.18276544874291745,0.10108493054883932,0.18898918838322368,0.19575196453058696
0.182846217105898,0.10106352628294125,0.1890801767905615,0.19569171261638063
0.182940467980486,0.10105778736236593,0.18916325365960213,0.19556126781536853
0.1830143340412498,0.1010453703903638,0.1892430672713872,0.19536397005688436
0.18309684434903514,0.10100887216028126,0.18930311262180213,0.19515468387076795
0.18323909067342056,0.10085515278853437,0.18936333885371057,0.19511768154784653
0.18343753113160818,0.10083930497066573,0.18942640996283755,0.19510822396599964
0.18349170089369338,0.10082910225134926,0.18949056611457973,0.19443713261787973
0.18362714296147217,0.10070270325800536,0.18958167419498587,0.19440441750263213
0.18376367713944092,0.10052255522309736,0.18963676336189814,0.19436964236052695
0.18387482481832315,0.10048383608944057,0.18967256782291853,0.19419538378430656
0.18393055795852026,0.10042091132285846,0.1898465703236031,0.19404273883739792
0.1839937785188204,0.10030815668463372,0.18990240836037064,0.19402476085433448
0.18409679830837075,0.1002241363274973,0.18997474676315687,0.19398470227252965
0.1841644547656939,0.10020963400303375,0.19005838321082494,0.19390609037287582
0.1842833375483454,0.10020698529492482,0.19015199700131452,0.19380413205901134
0.1843766455218182,0.1001808366475114,0.19019073903776174,0.19376430302228076
0.1844366194871799,0.10012634148506395,0.19027833428717952,0.19374122633843407
0.1845266624619875,0.10012309564647301,0.19036341404913584,0.19367789118137185
0.1846345628111414,0.10007528235373975,0.19044518085995174,0.19366983312619815
0.1847377266789791,0.10005185490502573,0.19051617928624615,0.19353638256029654
0.18485339180382354,0.09997265449239186,0.19066572289853334,0.19345147451382852
0.1849634633170324,0.09988293628434232,0.19077361989228817,0.193408313026286
0.18505063696692903,0.09967652257842106,0.1908620240392257,0.1930234522509679
0.18510531361088697,0.09967205533727017,0.19100658786553862,0.1928911515667083
0.18523782987261972,0.099605900861097,0.1910715882824056,0.1927031587041502
0.18536157025375152,0.09956129576541696,0.19115556081363946,0.19265957100015588
0.18550310222641864,0.09954807981276242,0.19127621260514996,0.19248741706957104
0.18564160705149332,0.0995394444697383,0.1914089286193104,0.19234595718447056
0.18573313615378229,0.09951439946829611,0.19146067523536575,0.19195285871593448
0.18578993082331713,0.09948563837104868,0.19159918006044044,0.19171811426957536
0.18588621533307195,0.0994603212020531,0.19162867125954947,0.191677445095795
0.1859874598531833,0.09943658414606245,0.19167147026652936,0.19156374828840741
0.18609158380687618,0.09940729909176152,0.19179897972070703,0.1913076053298261
0.18642459807449083,0.0993774325100822,0.19201703816935492,0.19126377753963758
0.1865459137168401,0.0993706983046231,0.19210881974206293,0.19105167472572132
0.1866036159241324,0.09933933797633723,0.19223026558239048,0.19099160749064037
0.18665620479207312,0.09929623245754843,0.19231772421185103,0.19078299082861924
0.18677411695546475,0.09926115914959559,0.19238717678880812,0.19074475758478743
0.18685284346892178,0.09923709306511073,0.1925014464838821,0.19070549807779769
0.18689705316211958,0.09923499334789011,0.1927293126705473,0.19060758552080975
0.18697743601947925,0.099216130393679,0.19287821547806575,0.19057066490512284
0.18701388228764074,0.09913643836274237,0.19296459055148027,0.19037390733026727
0.1871030407622662,0.09912386230180137,0.19303588787162632,0.19019560524421816
0.1871412318039613,0.09905410649262768,0.19305414600591717,0.19004570334236445
0.18722311235006342,0.09903696564414247,0.1931173665662173,0.19002671898690585
0.18734595204864543,0.0990090157104216,0.19314499289186668,0.18993475275245048
0.18747630540315333,0.09884443474009387,0.19321615708336945,0.18969668758159772
0.18754388768916783,0.09880523063055008,0.19327809370658944,0.18948358348020672
0.18758791733335087,0.09879404714879812,0.19342083195796145,0.18939060282453707
0.18765808807189077,0.09871642252044695,0.19349910104982682,0.18931546708175162
0.1876845000318988,0.09867969337940176,0.19353784308627403,0.18930885759769644
0.1877847046331413,0.09858988630281638,0.19357885964156196,0.18927758544957404
0.187835000098565,0.09844799436263581,0.19365748036225972,0.18923643101018034
0.18786262642421436,0.09839984431944115,0.19370441149646397,0.18914815640580349
0.1880219398202834,0.09838716449829817,0.1938028678158695,0.18895807170763446
0.18813493006346887,0.09837977094840308,0.19393059792788522,0.1889313441598749
0.18818522552889258,0.09837949449517053,0.19407212990055234,0.18891344225225318
0.18832498562149846,0.09837769733024128,0.19410594676120685,0.18862120382844536
0.18844630126384773,0.09835610785944233,0.19423424972903663,0.18843040655499624
0.18851220751953598,0.09831836118854098,0.19430674698236075,0.188377877139046
0.18862704987504636,0.09821069458417958,0.1943955378241745,0.18806741276351382
0.18871572219906843,0.09820879040577195,0.19447804813195985,0.18802255344114
0.18875152666008882,0.09817384916930737,0.1945709041798997,0.1878811196240486
0.1888493393290074,0.09813572656272539,0.19465848601621594,0.18786589982956634
0.18890876347188304,0.09808243991126257,0.19483248851690055,0.18779473665401858
0.18899623022225878,0.09806597331218682,0.19488532641491443,0.18774719546358692
0.18908618853907386,0.09805786495652428,0.19500323857830607,0.1875597819983306
0.18915571162188466,0.09798719311041794,0.19510688003410848,0.18751897237177195
0.18926360861563948,0.09795828112766407,0.19522290593655695,0.1874557905099641
0.18934611892342482,0.09780916759206248,0.19556435046167972,0.1874459308799122
0.18947029047758346,0.09777439923674985,0.1956556873293338,0.18737988777910913
0.18981198365901344,0.0977548827570407,0.19570535168666733,0.1871818466752158
0.18992300661049208,0.0977456026448525,0.19590636929520705,0.18709293511241343
0.1900448596093828,0.09771790941814264,0.1959830678054709,0.1868723955294605
0.19014984470288462,0.09771198685396772,0.1960430417708326,0.1865116428827664
0.19022865031031802,0.0977069560277841,0.1961088779369065,0.1864698068341663
0.19030674195678843,0.09768411155963988,0.19612514544353948,0.1864543707867933
0.19041776490826706,0.09761473365693142,0.19628445883960852,0.18633455103406302
0.19047035377620775,0.09752630007879565,0.19639548179108712,0.18629443335176668
0.19053342488533473,0.0975037809339324,0.196613540239735,0.18622029708994922
0.1906476945804087,0.09749483903059368,0.19672143723348984,0.18615250029775957
0.1907187837468874,0.09737344230878044,0.19675912807437893,0.18614646589547612
0.19077137261482807,0.09736854033837467,0.1968367204289742,0.18597484474839346
0.19082166808025178,0.09736737226617344,0.19692322642241494,0.1859268309143357
0.19088480470885463,0.09729513763601215,0.1970629865150208,0.1858414049513667
0.19098195171756738,0.09727464871513576,0.1972109995386654,0.18581180528468122
0.19106845771100808,0.09712634987652262,0.1972357938353015,0.18576984634826246
0.19125382837167287,0.09709660028094699,0.19733881362485184,0.18564455544621614
0.19130837127537048,0.09703637890329274,0.1973867301293298,0.18558069383977385
0.1913664841665187,0.09700296195232729,0.19747958617726966,0.1853562289297996
0.19148063169108806,0.09692417905253663,0.19782127935869967,0.18528835943610164
0.19169446894577952,0.09686514918993824,0.197931293762167,0.18528269866707286
0.19175466769739435,0.09684276920099358,0.1979896513978217,0.18518179797613937
0.19186250087060955,0.09681071295696439,0.1980518576252327,0.1851778665914485
0.19192683588635848,0.09680637746291167,0.19809283862178528,0.18489004525477545
0.1920488530449628,0.09677412988089976,0.1987153860781048,0.18485755567726656
0.19209962620453477,0.09675733729050567,0.19876089680392858,0.184776735004152
0.1921867998544314,0.09673054014674454,0.19883198597040724,0.18464225269953016
0.1923069796814561,0.09652534925871117,0.19884980904960195,0.18451177498564938
0.1924071842826986,0.09643276653897895,0.19890259973842525,0.18449558987072656
0.19243232634521076,0.0964104286165489,0.1989896481002693,0.18443166978546535
0.19277401952664075,0.09633991186878545,0.19908283037794483,0.18431460135105415
0.19285706578085046,0.09628858717481391,0.1991659193773902,0.1842662115815175
0.19296288782980395,0.09627205329000783,0.19925542251520945,0.18404315335036217
0.19301550020677477,0.09625851317263011,0.19960841053053177,0.18397703922571768
0.1930856709453147,0.09623951693987988,0.19971657018832303,0.1839693053877143
0.1931264965953854,0.09618455247929926,0.19981530758823382,0.18372260534246654
0.19331301271283788,0.0961159190190318,0.20002346608060562,0.1836317375900113
0.19348701521352246,0.09610698616227956,0.20008595571181712,0.18346964407100852
0.193571343654908,0.09589789102234214,0.20015434789347641,0.1833802689817081
0.19367978266028954,0.09587914485260195,0.20022193017949091,0.18336745714783168
0.1938337472614343,0.09581203665701996,0.2003250940473286,0.18328584383379157
0.1939279981360223,0.09569291382759093,0.20035116890440904,0.183184447577943
0.19398193939543135,0.09557992107774511,0.20048605633746489,0.18311171213384872
0.19409830052348281,0.09555198276424051,0.20053406046882646,0.1830273367578081
0.19416731389993935,0.09554123277798113,0.20065465736770724,0.18295077438055835
0.19421011290691925,0.09553015816209763,0.2008039569278044,0.1829324791096358
0.19432993696820186,0.09537027179835603,0.20098768792812038,0.18291902345731545
0.19447923652829902,0.09533795088465401,0.20104628808692251,0.18279881228700934
0.19453781945988774,0.09531024302248355,0.201193197600515,0.18268593138745873
0.19459365749665528,0.09509216193561618,0.20127065801572233,0.182596674386659
0.19470791192678719,0.09502968826141203,0.20138034122006554,0.18257081733618774
0.19475682899852348,0.09498187821277786,0.2015186367786696,0.18254946958360313
0.19480721842786294,0.09491577362406023,0.20161671556895988,0.18254203127876484
0.19501652120475643,0.09482548166055545,0.20170621870677913,0.1824729716291104
0.19512754415623504,0.09458375409898856,0.20174196665268568,0.18240351597827933
0.1952454199114232,0.09451430841869946,0.20188026221128974,0.1824010109266736
0.19536144581387163,0.09447493313959544,0.20194275184250127,0.18236999997044706
0.19541976519797705,0.0943375009219478,0.20197656870315575,0.1823265364984644
0.19547918934085268,0.09432907907729178,0.20205468960530812,0.18223383491860612
0.19557927967164407,0.09429751845578381,0.20210142144579746,0.18194874200339858
0.1956171093920756,0.09428414600504016,0.2021647777850814,0.1819430611350627
0.19579326682347944,0.0942758206275633,0.20225313109135215,0.1818865897930501
0.19588612287141932,0.09419835595519034,0.20237372799023293,0.18170600971790035
0.1959363128031715,0.09410127620444855,0.2024821669956145,0.18157107749821513
0.1960139051577668,0.09409872887264957,0.2025106872739025,0.18154030419041245
0.19611293322018317,0.09403237126382975,0.2026207410757011,0.18143465250976323
0.1964315548475551,0.0940244667648947,0.20267248769175644,0.18101924978962258
0.19647752152963802,0.0939731130648689,0.20272918570880893,0.1810084149324765
0.19672108887723339,0.09390814328499611,0.20278335547089413,0.18096657409774017
0.19676571054972591,0.09389661280858738,0.2028275651640919,0.1809255032535605
0.19681212129551434,0.09384471715564328,0.20289231364995208,0.18090731260749243
0.19686703533607963,0.0937949794192618,0.20296752001000562,0.18075189015002635
0.1969571671057895,0.0936462170277754,0.2030152922620553,0.18064668969150047
0.1970782412443531,0.09364357500605294,0.20314366405379194,0.1806236118331727
0.1971512590177606,0.09363557440850268,0.20334468166233166,0.18056312407468733
0.19722804462399046,0.09361919764628855,0.20342545053499309,0.18051956997748453
0.19735224643620344,0.09359798693057876,0.20352265128955357,0.18037744132131356
0.19750584834844093,0.09342568629340024,0.20361230988853293,0.1803514748961411
0.19758566196022603,0.09340555686140085,0.2037377464876008,0.18019238425589462
0.1976384526490493,0.09337484704462745,0.2038921956593382,0.18012098190082557
0.19771216205939768,0.09334478805689089,0.20395985211666134,0.18008233985102912
0.19774861345409928,0.09334282864188259,0.20402832910921742,0.18002684426909948
0.19776620805822556,0.09323706817823728,0.20413840062242627,0.17998272910330668
0.19788442308248497,0.09316330156628724,0.20421062697187317,0.17992288084494779
0.19795744085589245,0.09311027768396117,0.20438521091649453,0.179821665910572
0.19797991634454382,0.09309816134363921,0.20445621824946214,0.17974672056693328
0.19807390403691982,0.09296557293170102,0.2045401526650616,0.17974515898481067
0.19818143564895346,0.09288407539475385,0.20459530940716256,0.1796557754039527
0.19843411753460397,0.09284383138966308,0.20472566276167045,0.17964948884958892
0.19855300031725545,0.09271835777256421,0.20475045705830652,0.17961125494152302
0.1986366402052694,0.09260907002405988,0.2048408706050855,0.17947421930428115
0.1986880636411796,0.09259400936327698,0.20497286473274542,0.1794576374556456
0.19879861172299146,0.09258050842752442,0.20505764127705736,0.17940856126210242
0.19885444975975897,0.09256827270963126,0.2051387165358792,0.17938813105844245
0.19905991542121046,0.0924423068974422,0.20526644664789492,0.17938159683249144
0.19920462321537985,0.09242911433840494,0.20533621067384245,0.17924065557896474
0.19924628868785707,0.09241187284375116,0.20554551345073593,0.1792009694671763
0.19929970004056005,0.09239274931117795,0.20562984189212144,0.179199204644757
0.19952693716210587,0.09233304029626813,0.2057551523196899,0.17913817229448148
0.19958749781686994,0.09227286536381792,0.20587081744453437,0.17903488282898944
0.19963683185003148,0.09224459919981985,0.20603238094573048,0.17888071323076285
0.1996815000436454,0.09210947794278006,0.20612663182031848,0.17884460000721547
0.19976326685446133,0.09207418343767373,0.20616543365082643,0.17865436667781504
0.199839044549781,0.09197724843469594,0.20624160010522988,0.17863580953593375
0.19992515843723357,0.09182587085256064,0.2066142821553983,0.17838822803366977
0.19999051055938505,0.09180945861651729,0.20672994728024277,0.1781100479009821
0.2001232265735455,0.09178488528296516,0.2068168770053696,0.17804944392395308
0.200275006376672,0.0917501229508394,0.2068944693599649,0.17786691754551
0.20066025674935506,0.09165744364878296,0.20694088010575332,0.17772902851700256
0.20078263667331875,0.09161647388234175,0.20700107885736815,0.1776336258725249
0.2008681223026467,0.09158026541311354,0.20711406910055363,0.17755012246030719
0.20104633289848933,0.0915580797874422,0.2072362200588811,0.17751982827231783
0.20115024540257856,0.09150220985950745,0.20729929116800808,0.17749369982707217
0.20120380203981358,0.09142292236534753,0.20739315529675176,0.17732732306720217
0.20135886959036142,0.09141000376022208,0.20749324562754315,0.17728909949049135
0.20141492308622216,0.09139461496610621,0.20761562555150684,0.17724229731516067
0.20145593964151012,0.09138866642890758,0.20767274585614967,0.17722127957135098
0.2015107817363732,0.09131504009683124,0.2078216486636681,0.17713390608812524
0.20160798249093373,0.0912900281155513,0.20797119227595529,0.1769442718647788
0.20164594714512832,0.09125920907810652,0.20809083001490108,0.17692943945627446
0.2018552499220218,0.09119247893900001,0.2081987270086559,0.17682668264546073
0.20196342415668597,0.09118462876198832,0.20827681865512632,0.17678641845888424
0.20210192898176066,0.09100795709302452,0.20839813429747558,0.176737468176604
0.20219291738909848,0.09091240644880572,0.20847005900079416,0.17661354927397713
0.20233432048046288,0.09089747537510992,0.20856787775190447,0.17656479945536005
0.20241110608669274,0.09074151475670315,0.20866041651500794,0.17635839688834434
0.20251426995453042,0.09069365543318582,0.20873626210831422,0.17633133787103664
0.20284728422214507,0.09068876099159331,0.20879220008075838,0.17620324209149327
0.2029097738533566,0.09067751279918111,0.20903407102353472,0.17612189650615934
0.2029792264303137,0.09067554676035225,0.2092277062614461,0.17608549723307143
0.20308675804234733,0.09066016376412347,0.20929993261089302,0.17606108231437925
0.20321255947947678,0.09057970016723965,0.20938300947993366,0.17597847774293415
0.2033225738829441,0.09054179782551179,0.20945202285639022,0.17594483487671553
0.20341682559001087,0.09047125456148619,0.20950914316103303,0.1758953050498737
0.20349455815781353,0.09043346206559398,0.20957762015358913,0.1758000879219239
0.20366683897350793,0.09032809768731835,0.20963735753358556,0.17578075934377954
0.20371276951921716,0.09027422558112809,0.2096962339011933,0.17553761115256586
0.20386206907931434,0.09025705741258448,0.20977435480334564,0.17541293883886175
0.2039512275539398,0.0902268920933335,0.20988197021540905,0.17535949148315694
0.20403104116572487,0.09021902844653276,0.20996704997736534,0.17533450610757087
0.20415319212405234,0.09002155399483974,0.21002159288106295,0.1753264977886444
0.20427736367821098,0.08998019114210816,0.2101414671629006,0.17519763653784315
0.20435658232252693,0.08994727389956239,0.21021765798004963,0.17515809378642463
0.20440009025737121,0.08985917774127566,0.21025147484070414,0.1748335901215173
0.20449262902047471,0.08984949571715223,0.2103338377063084,0.17475796363911622
0.20456021130648921,0.0897043471642887,0.21043919350769646,0.17470192697815537
0.20469786721560115,0.0895948958327238,0.210610985335564,0.1746711660810787
0.20499761875822176,0.08950073791382823,0.21065103765959234,0.17464907857556497
0.2050350631259367,0.0894883310416142,0.21074599205518016,0.1746465070286379
0.20507734085255924,0.08945180646190094,0.21080384602419894,0.17452294335641824
0.2052386976781625,0.08942868331069505,0.21085119166486557,0.17450880874525754
0.20535296737323647,0.08933556306461496,0.21092759569851197,0.17441971765127168
0.20543348103169679,0.08929014385275388,0.2109790191344222,0.17434860177376657
0.20548522764775212,0.08922038434872552,0.2110845735244667,0.1743373372278173
0.20562796589912413,0.08919638315190997,0.21122286908307075,0.1742863481480979
0.20567024362574668,0.08916878382961224,0.21132842347311523,0.17401519287880085
0.2057875569735786,0.08916146493028289,0.211428946081242,0.17399640985360065
0.2058387416197538,0.0891565498315913,0.21155943599624435,0.17394673024066473
0.20593581450387863,0.08915355006540539,0.21180266734522074,0.17383385566919415
0.2060048259350532,0.08903842337233395,0.2119173888044287,0.17352823168425527
0.20605085073349735,0.08902254613612222,0.21197232407744956,0.1734369147320894
0.20609814118422043,0.08896504091665157,0.21204448553602703,0.173406099739879
0.20620396323317391,0.08890436385422246,0.2121128777176863,0.17340275274155229
0.20632680293175595,0.08890198557025383,0.2122851585333807,0.1733446258709526
0.20642583099417233,0.08888102714878635,0.21244435424413682,0.1732813379442142
0.20646835530864724,0.08886441155851721,0.21275840960661382,0.173158739520844
0.2065451409148771,0.08883206072567948,0.2128057000573369,0.1731567155694584
0.20659632556105229,0.08880324181688962,0.21330237828897122,0.17311515649396889
0.20674586917333948,0.08871233701363351,0.21335631954838027,0.17307935154222456
0.20686001669790885,0.08868552511632678,0.2133945105900754,0.1730730796238012
0.20698770126144414,0.08861530642699324,0.21341698607872678,0.17290619821610678
0.20703191095464193,0.08852872646884914,0.21346921824226311,0.17259236482212936
0.20714696291641016,0.08851098087886587,0.21357240294755372,0.172563296758028
0.20724121462347694,0.08846092444050266,0.21361643259173677,0.17243246984085214
0.2073188069780722,0.08843488953944312,0.21373531537438825,0.172066091175487
0.20743844471701803,0.08834864906253609,0.2138244738490137,0.17196946337205804
0.207553988707709,0.08830044148069605,0.21392160120103423,0.17178490833562168
0.20762639816000855,0.0881098374112612,0.2139784717578033,0.17178457505878858
0.2077187308081681,0.08808841860984269,0.21411697658287798,0.1717204059447304
0.20777357290303122,0.08802459283016285,0.21419524567474335,0.1716376339627517
0.20790260505429264,0.08797425141317451,0.21423030091550288,0.1716355375903852
0.20800134245420343,0.08791600875539854,0.21429052705821716,0.17161893339832346
0.2081266528817719,0.08791372220501677,0.21434126593325592,0.17155541119170592
0.2082388552602682,0.08770005507555366,0.21442048457757185,0.1714402502820834
0.20830651171759135,0.08766655773233765,0.21449626227289154,0.17143632858807367
0.20835962217594525,0.08765484774562725,0.21457990216090544,0.17142660878098084
0.20850102526730965,0.087599966237513,0.21467244092400892,0.1713732809109205
0.20855593930787494,0.08739902300390862,0.21474477932679517,0.17121478329032858
0.2085917437688953,0.08734968320625737,0.21478693831901166,0.1711961806014361
0.20864797005506572,0.08724782368585254,0.21487698129381927,0.17114932459678175
0.20877306083566316,0.08705586065706007,0.21495048056274485,0.17114507608593385
0.2088454702879627,0.08702781998519238,0.21507155470130845,0.1710468405569392
0.2088944496596907,0.08697275797541798,0.21509606049945895,0.17096378037309157
0.20893349864719465,0.08695628126869857,0.21517486610689238,0.170946626886196
0.20901713853520856,0.08680564263238734,0.21522516157231608,0.17073213281966756
0.2090760291696333,0.08679090173805144,0.2153301466658179,0.17049605720550903
0.2091454817465904,0.08677802925723357,0.21540031740435783,0.17034370747599872
0.20935797067451845,0.08674520584675652,0.21546743674723792,0.17033029450097456
0.2094531973161431,0.08654918226416514,0.2155898166712016,0.17031914975421514
0.20951114753839423,0.08649825922322409,0.21567232697898694,0.17026423484063136
0.2095586218947173,0.0864600173313255,0.21586685205174025,0.17015796729889163
0.2096349219364768,0.08644072536261982,0.21591286404445253,0.1701521357113693
0.2096726127773659,0.08643614840268976,0.21596314483956186,0.17004702237429106
0.20973093216147132,0.08641864260246268,0.21601993950909673,0.1700068677835411
0.2098007164982015,0.08640223920686657,0.2161600684832324,0.1699208927056398
0.2099299006108144,0.08637070137889605,0.2162376608378277,0.1698451472762774
0.2100498556261019,0.08633886689923667,0.2163502222270343,0.1698182967549863
0.21009586761881419,0.0863000031615242,0.21645839646169848,0.16973570539552194
0.2101287304545685,0.0862822536206544,0.2165232803315398,0.16948578727918504
0.21016471489239882,0.08627883965004066,0.2166854307132686,0.16929804764108689
0.21033650672026635,0.08618501233307971,0.21681514657593337,0.16923817963162832
0.2104623081573958,0.08613378202929273,0.21693497063721598,0.16918213870303306
0.21057810683561762,0.08609395041939921,0.21699267284450832,0.1691326267014205
0.21070048675958133,0.08609275874720336,0.21705530095601228,0.16897273633871432
0.2108006913608238,0.08607602819276844,0.21710924221542133,0.16868963377355795
0.21088484172820796,0.08606653564434724,0.217227944511582,0.16857466504322735
0.21095901552578655,0.08604950539192474,0.2174640105290339,0.1685305743516275
0.2110107621418419,0.08600324729009406,0.21760914456931504,0.16852296805130315
0.21109101842845213,0.08597843121615872,0.21775188282068705,0.16850016395579862
0.21115364653995608,0.0859001036310847,0.21791323964629028,0.16838037846828688
0.2112119434343931,0.08585192311777143,0.21808343095729982,0.16801700603347938
0.21126127746755463,0.08582763792408724,0.21831129714396502,0.16783144646601247
0.2113191314365734,0.08579019543867372,0.2184966678046298,0.16776183912488737
0.21136731219359323,0.0857797220533941,0.21856619088744061,0.16762709100254164
0.211494024982592,0.08574465863650489,0.21866106128762103,0.16762285219962192
0.21160886733810239,0.08572966185777425,0.2187505644254403,0.1674869810854825
0.21164268419875687,0.08569527743056064,0.21918706388919723,0.16748063372324345
0.2116987376946176,0.08563812343002566,0.21923611801411955,0.1674713016667466
0.21188246869493357,0.08561238278409623,0.21930874121808136,0.16747012975658568
0.2120424895960079,0.08553791506747066,0.2193712308492929,0.16740408128609655
0.2121275693579642,0.08550074246697295,0.21944093572252807,0.16739707377523166
0.2122314818620534,0.08543482034386514,0.21947345189671483,0.16726107503219717
0.21233464572989108,0.08525996167521623,0.2195818909020964,0.16725045081269022
0.21238320175644096,0.08522770779414046,0.21967903791080914,0.1672422026936364
0.21255094456055001,0.08520416871140053,0.21972873985285948,0.16693772398654813
0.21261416512085016,0.08517909793366789,0.21980633220745477,0.16687950883654873
0.2126659117369055,0.08515708586988023,0.21994177427523356,0.1668510948211276
0.21273195093435407,0.08514121072861265,0.21999285614001393,0.16683823815978938
0.21276047121264205,0.0851074439924035,0.22005308237192234,0.16680134629311824
0.21284098487110237,0.08510231120116409,0.22017277533479046,0.16667394334608193
0.21301498737178698,0.08509088004600432,0.22021557434177036,0.1665703767882366
0.21314960684861997,0.08492730340125,0.22026154102385329,0.16650184176218508
0.2133257642800238,0.08482765494654797,0.22031571078593848,0.16644073361381287
0.21343691195890604,0.08473658266848687,0.22036610021527794,0.16599539451806886
0.21349287799352945,0.08466345526323182,0.2204551035430465,0.16598927221533605
0.21352960045775454,0.08457405655188038,0.22064420343670244,0.16590848760596638
0.21358078510392972,0.08456923405365321,0.22076207919189056,0.16590383099662692
0.21359860818312443,0.08445976046373753,0.22080980277791182,0.1657256577508443
0.21373405025090322,0.08443772384105258,0.22087117571957343,0.16568830579718977
0.21389033140257113,0.08436503134263948,0.22099355564353712,0.1655713497437675
0.21401810378412037,0.08428546186680672,0.22113392839803303,0.16553598219881932
0.21413631880837977,0.08426301948349037,0.2212262610461926,0.16550615138389893
0.21429076798011715,0.08417652361518992,0.22124202256077066,0.16548275461614215
0.21443590202039828,0.08407778873851306,0.22127453873495742,0.16533229320887705
0.21453015372746506,0.08405595025231151,0.22129565809448073,0.16525446014624282
0.21460735966750857,0.08404068099305967,0.22137849029121962,0.16510444283405132
0.21468972253311283,0.0840220586435687,0.22186636093160825,0.16504261955025246
0.21500834416048475,0.08398844957317822,0.22192943204073523,0.16499212028895804
0.2151325157146434,0.0839773210190783,0.22202054012114136,0.16495863034564442
0.215252339775926,0.08393882939477817,0.22209574648119487,0.1648220549524636
0.21529400524840323,0.08391575380221085,0.22222110985611107,0.16475462957170298
0.21535079991793807,0.0837759084461103,0.22228564638693404,0.16469620295324847
0.2154470844276929,0.0837720315433175,0.22240048874244442,0.16468387993455083
0.21549485667974258,0.08370124833811779,0.22245078420786812,0.1643228173121304
0.2155531535741796,0.08360624185015696,0.2224967962005804,0.1642825525341898
0.2156339219371601,0.0835714614315228,0.22269646312083538,0.16415710732113864
0.21579527876276336,0.08357050825237233,0.2227562005008318,0.16412647433842278
0.2158676882150629,0.08353916974451203,0.22283696886381235,0.1641039016413014
0.21596002086322247,0.08350204580176686,0.2228809985079954,0.16392349226689473
0.21658256831954198,0.08343298885354926,0.22306636916866018,0.16391130310760274
0.21662354931609457,0.08337441203563782,0.22317320643394967,0.16384249250535537
0.2167288297951447,0.08336033036880718,0.2232695644736647,0.16375954270155996
0.2168571327629745,0.0833057978022832,0.22335239667040357,0.16358481856226056
0.2169975055174704,0.08322845684616831,0.22368962321255942,0.16345366944438824
0.21706166166921262,0.08320606680568246,0.22375545937863334,0.16326532375124952
0.2174031061943354,0.08315902620417175,0.22389090144641213,0.16326170831739403
0.2175086776671837,0.08305531261838668,0.22396391921981965,0.16324077439566836
0.21756846438004107,0.08301649640689471,0.22403370355654983,0.16320815222474874
0.2176734494735429,0.08300833031797444,0.22424300633344332,0.16317769934406506
0.21773156236469107,0.08297086505579615,0.22436264407238912,0.16316136300863338
0.2177940519959026,0.08291647415268996,0.2244539809400432,0.1631249936912694
0.2178374751623235,0.08289209189385191,0.22453474930302375,0.1630804771797637
0.2178856559193433,0.0828761869341679,0.22465885355382348,0.16290676520044878
0.21803495547944046,0.0828292207960871,0.22482100393555227,0.1627955983647152
0.2180951817113489,0.0827430196564237,0.22491234080320635,0.16274335041124918
0.21815655465301048,0.08273739987328178,0.22497979961903006,0.16265186930005673
0.2182055340247385,0.08272414311232368,0.22505366567979387,0.1626084537254523
0.2183252269876066,0.08271517265527423,0.22523739668010984,0.16239257226496276
0.21838836361620942,0.08268391993756143,0.2253449282921435,0.16235958753805033
0.21851587307038708,0.0826817252130074,0.22542895653999115,0.16234028667782005
0.21864981567403508,0.08265137469477181,0.22546714758168626,0.16220221469690804
0.21876280591722058,0.08264770449098678,0.22559822632250331,0.16217942134241897
0.218911708724739,0.08262298485086057,0.22572106602108535,0.16209972285461088
0.21898588252231757,0.08258119516980955,0.22574958629937333,0.1619863412756966
0.21903696438709797,0.08249744217969543,0.2258534988119572,0.1619811906500777
0.21908408139766825,0.08249415403243993,0.22591098745022292,0.16198079698285475
0.2194414962291994,0.0824466074941721,0.22603284044911365,0.1618121059994894
0.21955610137923276,0.08241205324253316,0.2261204222854299,0.16158252249233102
0.21968141180680123,0.08235723709854413,0.22623912458159054,0.16153439475325107
0.21980110476966933,0.08231826469153614,0.22635396693710091,0.16151409445689022
0.21986215417440919,0.08227739903791965,0.22642767634744929,0.16140706215933412
0.22004588517472515,0.08224993735483857,0.22655544872899852,0.1613712152661402
0.220119751235489,0.0821803523709042,0.22670727103950958,0.16135566292576822
0.2201622755499639,0.08209066649564445,0.22684867413087398,0.16133610011841343
0.22019609241061838,0.08200224667709582,0.2269890468853699,0.16133270341993444
0.22033889812674823,0.08197771083011073,0.2270372276423897,0.16108543820585036
0.22042649337616604,0.08196222262886275,0.22713023379134586,0.16107930770772055
0.22052035750490973,0.08194266723291002,0.22721107012027042,0.16103716839982696
0.22064018156619233,0.08188677683781163,0.2272644814729734,0.16101362538658712
0.22066870184448031,0.08186981469973043,0.22736839398555728,0.16097110393884428
0.2207239790836337,0.08183779772933282,0.22744312128806624,0.16091195943878053
0.22080634194923796,0.0818236025073193,0.2275400101094395,0.16085148971957494
0.22084841496678634,0.08182206485614396,0.22761670861970332,0.16081819472426176
0.2208949693618807,0.08180775937854792,0.22766929748764403,0.160804465936997
0.22094388643361698,0.08178746400345213,0.22772397413160197,0.16080304817158658
0.22100178361083156,0.08176191325564999,0.22783822856173389,0.1606715912586132
0.2211470130124035,0.08174613379395435,0.227945227455322,0.1605115168859711
0.22120450165066918,0.08164911852610426,0.22799363668528655,0.16049113410182617
0.22169237229105782,0.08156269114018345,0.2280620205421583,0.1604571759306182
0.2217863599834338,0.08154953355394856,0.22814028963402366,0.16033343038560927
0.2219155440960467,0.08152924972656876,0.2284323475778872,0.16022259708355874
0.221983936277706,0.08148490850391829,0.2284823564412629,0.16020509063761845
0.22202038254586748,0.08146123343275977,0.2285473568581299,0.16017501522068922
0.22210063883247771,0.08141971905977237,0.22868873330167946,0.159828119642264
0.22215743350201256,0.0813811539116689,0.22880172354486497,0.15982194238626662
0.222283234939142,0.08136697455492609,0.22885451423368824,0.1598194863174518
0.2224304470332778,0.08133342782978571,0.22899217014280018,0.15979646557385632
0.22253633291126557,0.08125625661669936,0.22904563473167006,0.15974173563381722
0.22265420866645372,0.08110104943471495,0.2291331014820458,0.15972802011736076
0.22274256197272446,0.08109035148504247,0.22922145478831654,0.1596508723526443
0.22280744584256582,0.08098727342846125,0.22930509467633048,0.15961158970658346
0.22285663350812343,0.08091054344179786,0.2294271118349348,0.15954032642694102
0.22297242650340357,0.08088177603701413,0.22951348690834933,0.15953096289266228
0.22306955385542407,0.08080466430651623,0.22968367821935887,0.15948656174689163
0.22314248872923803,0.08079670429310919,0.2297468148479617,0.15936693197524437
0.22322158629036856,0.08079358733383339,0.2298193121012858,0.15925380930711402
0.2232762629343265,0.08079256844791897,0.22994511353841526,0.15924761820537825
0.22339051736445842,0.08077721452739435,0.23001463662122607,0.15916087722618522
0.22349929425427822,0.08074903841184848,0.23012578430010833,0.15913496377196637
0.22359247653195374,0.08072571851544227,0.23028600757846684,0.15913383651267243
0.22381412637889608,0.08071111502943222,0.2303437097857592,0.15910224808289272
0.22392527405777835,0.08061323818870582,0.230448694879261,0.15904373638642447
0.2240083630572237,0.08060385679896369,0.23064836179951598,0.15900664439677442
0.22408077250952324,0.0805449848103537,0.23077253335367462,0.15889771843107808
0.22414565637936457,0.08054142355484341,0.23090302326867698,0.15882002358404604
0.2242027766840074,0.08052373156864229,0.230929435228685,0.15862128834869624
0.2243304612475427,0.08048741869544003,0.23100156295488353,0.15857925581737137
0.22445186511565057,0.08035621566180362,0.23105511959211858,0.1584869401272681
0.22450856313270307,0.08030690969687596,0.23116517339391718,0.158311441973637
0.22462964698918192,0.08027073458556044,0.23127977854395054,0.15821003501590655
0.22470177471538044,0.0802313318906997,0.2313740302510173,0.1581742877052641
0.22478814978879497,0.08023033504850971,0.23145951588034522,0.15807582948582322
0.22483470418388934,0.08005753976089502,0.23165795633853284,0.15806228784827808
0.22492867517572215,0.08000328600989945,0.23175194403090885,0.15805134870396909
0.2250724556395269,0.07999385647548674,0.2318179832283574,0.15794406970042124
0.22523176903559594,0.07998031540280355,0.23194575560990663,0.1579120953541669
0.22557321356071872,0.07990264861049917,0.23213448936581477,0.157802407415752
0.2256660696086586,0.07986140285557118,0.23223750915536512,0.15780212506742528
0.22574690593758318,0.0798207604453277,0.2323572021182332,0.15778629129299956
0.22590140171114145,0.07980618486086441,0.23239464648594815,0.1577304423921524
0.2259260751858036,0.07979551063619014,0.232451441155483,0.1577303090037168
0.22598630132851785,0.07978565441467117,0.23252953280195343,0.1577179910759791
0.22649618950292497,0.07973539007021026,0.2325773050540031,0.1575987344859073
0.22658218563710716,0.0797262767560305,0.2326392416772231,0.1575596906288516
0.2267141797647671,0.07969576486983106,0.23281539910862695,0.15754262141614375
0.226757602931188,0.07968677494470368,0.23286798797656766,0.15751849111797092
0.22681782916309642,0.07963918547692192,0.2329711518444053,0.15751774979487881
0.22690090603213706,0.07963184208607554,0.2330361522612723,0.15748626318387757
0.22704811812627285,0.07957624790028163,0.23324864118920038,0.1574326555296749
0.22719790930754805,0.07957193938985763,0.23329466598764453,0.15723651075901524
0.22730490820113614,0.07954051339192461,0.23332074084472498,0.1569403760883103
0.22749400809479206,0.079455693422887,0.23344181498328856,0.15688859273725445
0.22769244855297968,0.07944358339330013,0.2335018603337035,0.15675047013723437
0.22782293846798204,0.07942001755725035,0.23368007092954615,0.1566495353578098
0.22787367734302083,0.07933178417719658,0.2337603272161564,0.15655264821150092
0.22795843842701302,0.07930641787444807,0.23389651199939393,0.15636103571551785
0.22803705914771075,0.07930518745039503,0.23401438775458205,0.1562159776046519
0.2280752501894059,0.07923255479480014,0.23420891282733539,0.15620544104248102
0.2281631768333255,0.0791858359800271,0.23428650518193067,0.15618090854064523
0.22821535375595017,0.0791679711558955,0.2344141393720066,0.15613634772879403
0.22825491256873393,0.07916666235442009,0.23446347340516815,0.15592857581654998
0.2283168491919539,0.07912879147911642,0.23459741600881615,0.1556499469328519
0.22844193997255136,0.07908113386031942,0.23466453535169624,0.15564175531478835
0.22858418629693678,0.07904348204902062,0.23472842297807198,0.15546114456116675
0.22867176813325302,0.07894239674350466,0.23478864920998038,0.1554537467608847
0.2287284661503055,0.07883882293252407,0.23487860752679546,0.15542995559834905
0.22881324269461745,0.07882253529022103,0.23494379966861648,0.15533889282991759
0.2289969736949334,0.07876593996865168,0.23507797995344362,0.15524650403715862
0.22905891031815342,0.07872521322823094,0.23514531343024664,0.1552250626230254
0.2291644647081979,0.07870645445401982,0.23519133822869082,0.15514024218847325
0.2293319133924661,0.07870644572419448,0.23528656487031546,0.15500623318715911
0.22965053501983804,0.07869807644790422,0.23540788051266473,0.15484416453590155
0.2298098484159071,0.07865890393703748,0.23546617740710174,0.1547695445325285
0.22993245709314003,0.0786251159562466,0.23558405316228986,0.15464739975451425
0.23002686281727108,0.07857600762160567,0.2356552390959291,0.15463521841484748
0.23006482747146567,0.07854307109259764,0.2358021486095216,0.15434156818308167
0.23011374454320196,0.07854194304113217,0.235872295609675,0.15430127965544047
0.2301335763001902,0.07846488384812733,0.2359503872561454,0.15424905835061706
0.230239462178178,0.07844433161423352,0.2360542997687293,0.15414427080911725
0.23026895337728706,0.07841128162333827,0.2361074102270832,0.1540367224773571
0.23033229784525408,0.07832535321186275,0.23618603094778093,0.1538992442749454
0.23036804579116063,0.07828641627368585,0.2363046248008418,0.15388506270129115
0.2304239462256087,0.07826840066660223,0.23638877325692267,0.15362652085207887
0.2304577630862632,0.07820645238447449,0.2365087282722102,0.153482670050584
0.2305962679113379,0.0781503391863369,0.23655991291838538,0.15325851245680827
0.2306701339721017,0.07813821976523869,0.2366509013257232,0.15320771087943208
0.23069125333162502,0.07810885107071801,0.23668734759388468,0.15311058373146702
0.23077376363941032,0.07805170014479947,0.2367943464874728,0.15307933370873567
0.23094516126310347,0.07804168231972353,0.23692406235013758,0.15304994715944073
0.23097767743729022,0.07802861488068424,0.2369883973658865,0.15302933474630015
0.23129629906466215,0.0780216885929277,0.23704848642143603,0.1528816323336152
0.23140537979223805,0.07801919275221408,0.23742116847160447,0.1527134813671811
0.23152507275510614,0.07801735861577412,0.237532651741361,0.1526160477635263
0.23161729571994244,0.07800834701265548,0.23764996508919292,0.15255865145954367
0.23169348653709146,0.07798474740191987,0.23775495018269474,0.15225289695804184
0.2318535074381658,0.07790702376777121,0.2378825843727707,0.1520702425825271
0.23199488388171535,0.07787597780972266,0.23808779638304245,0.15204779226741227
0.23210249929377874,0.07781547194133293,0.23813921981895267,0.15193891865236364
0.23219563491017062,0.07779619298567748,0.23826690438248796,0.15186668039092
0.23225542162302795,0.07776799717256992,0.238389111329259,0.15180404824207777
0.2323767372653772,0.07776318953477175,0.23853135765364444,0.15161599809281226
0.23247302177513202,0.07774761614200759,0.23860437542705193,0.15160138438413412
0.23254035525193506,0.07773194067811627,0.23869184217742767,0.1514970373427113
0.23270780393620327,0.07765724617220585,0.23881328801775523,0.15129695442525637
0.23283543812627921,0.07760444620137039,0.23892334181955382,0.15128395474781603
0.2328817728149398,0.07751126076884862,0.23905605783371428,0.15120709714639743
0.23311783883239173,0.07749910089027603,0.23917588189499686,0.15116123381777086
0.23324777339062322,0.0774754013597787,0.2395088961626115,0.15083739595656037
0.23335404966716825,0.07735577623903243,0.23956392580729283,0.15079419393530238
0.23339620865938474,0.07730238815620853,0.23961048020238718,0.15074689585271367
0.23346379094539924,0.07726463453888362,0.23971349999193753,0.15062393025152507
0.2335581966695303,0.0772603955751916,0.2398555701876036,0.15058203046838178
0.2335920135301848,0.07722606219231677,0.2399677725660999,0.15057820045463585
0.23368642362907666,0.07714941192878023,0.24003678594255648,0.1504731457802127
0.2338278000726262,0.07713024805359799,0.24009169998312174,0.15044895811358272
0.2339537164852653,0.07692833458920782,0.24021650580114465,0.15037942569971594
0.2340734094481334,0.07689536979033071,0.24034321859014343,0.15033346167833286
0.23412924748490094,0.07684977732989655,0.24047429733096046,0.15032991217411049
0.23416669185261588,0.07683632404223617,0.24056027276360467,0.15028555267821378
0.23428884281094334,0.07677395747215218,0.24066654904014967,0.15019974495972813
0.23436320488463536,0.07674752777285765,0.24074636265193478,0.1500421873843318
0.23470464940975816,0.0767331143020334,0.24085295667202894,0.1500187495797683
0.2347775842835721,0.07672429458516102,0.24097206622868897,0.14995616120154392
0.23481044711932642,0.07670708906572156,0.2411271337792368,0.14993058404002327
0.23486187055523663,0.07670519236282705,0.24120949664484106,0.14990165733869262
0.23492522689452058,0.0766227993039474,0.24128830225227446,0.14978002321192224
0.2354351150689277,0.07655688272944165,0.2413935186899233,0.149769812335755
0.2355167139144128,0.07655394337735424,0.24148220012024357,0.1496744747426185
0.23560536872240234,0.0765345129828662,0.24200318751302502,0.14967053100496994
0.235665858463568,0.07650615085312754,0.2421065083710654,0.14964161174469942
0.2357353110405251,0.07649682902661885,0.2421990471341689,0.14937270581733814
0.23582572458730408,0.07636189969083954,0.2423133015643008,0.1493202126952016
0.23590048398271848,0.0763508757463343,0.2423629659216343,0.14929959359541764
0.23602309265995142,0.0762852567887863,0.24248557459886724,0.14908975311625225
0.23606712230413446,0.07626861392757851,0.24255569433958876,0.14903256257114073
0.23614539139599983,0.07625357028848591,0.24271014351132617,0.14888048031694173
0.23622902784366787,0.07619091939470728,0.24284013983438446,0.14882119561293536
0.2363185309814871,0.07611548577800949,0.2429474194432065,0.14879018906874272
0.2363992998541485,0.07611524514122776,0.24308717953581238,0.14867560215913386
0.23654154617853396,0.07610896045669453,0.2431731756699946,0.148489470877156
0.23669044898605238,0.07609732407370995,0.24324447299014065,0.14847047936155303
0.2367523856092724,0.07608518257055252,0.24332850123798833,0.1483071676406258
0.23679118743978034,0.07605660314756187,0.2434699043293527,0.14821687871119874
0.2369075485678318,0.07596215208583945,0.24349597918643318,0.14796301481206633
0.23715111591542717,0.07588433516205556,0.24362361337650912,0.1479000379072722
0.2372272823698306,0.07586864030073324,0.24377989452817703,0.14784006213071332
0.23732250901145527,0.07582488516178923,0.2438524594671207,0.14774889429563773
0.23746391210281967,0.07581408707672381,0.24389408838698484,0.14751738229335865
0.2375236494828161,0.07573552303865233,0.24422201926749368,0.1474514202177639
0.2376337032846147,0.07573147301611664,0.24434711004809112,0.14741439182249533
0.23778695688094548,0.07570217712101467,0.2444049640171099,0.14738643067815987
0.23784525377538251,0.07569833233469228,0.24446717024452086,0.1473840051701986
0.2378954437071347,0.07569377310070714,0.2445248724518132,0.14736427918385142
0.2379858929230799,0.0756772341866694,0.24456270217224477,0.1473206209552488
0.23827795086694345,0.07567490988134237,0.24490414669736754,0.147219541888871
0.23837048963004692,0.0756695147101842,0.24502146004519945,0.14698657107996016
0.23846571627167157,0.07563354518955338,0.24515194996020181,0.14697494675259778
0.23857439143768436,0.07560073779454006,0.24524347906249078,0.1468320405337516
0.23863958357950535,0.07556419576820751,0.24543221281839891,0.14664695708653058
0.23876629636850413,0.07556094750049677,0.2455129816910603,0.14620982689841838
0.2388466792258638,0.07554201058945555,0.24559713205844447,0.14615877261885304
0.23898497478446787,0.07549565290580813,0.24565524494959265,0.14608790168830485
0.23921834365570147,0.07547878098477982,0.24571831605871963,0.1460870971445357
0.23931187174335275,0.075449549490306,0.24576974389487471,0.1459077960794347
0.23979974238374135,0.07540899988452565,0.24581619335092522,0.14584465273281347
0.23987652798997122,0.0753412447269697,0.2458646492888942,0.145841529113033
0.23993650195533295,0.07533909316527024,0.24596367735131058,0.14538177504187252
0.2400173382842575,0.07533642756585351,0.2460219742457476,0.14532981364889772
0.2400847971000812,0.07524076642877585,0.24625804026319953,0.14529982584925114
0.24020475211536874,0.07505573010840162,0.24641840898748904,0.14524217246732654
0.2402955569696358,0.07494958798489011,0.2465398548278166,0.14520769182729135
0.24038733854234384,0.07483879596668523,0.24658918886097814,0.1450198750788795
0.24064002042799432,0.07480316544550887,0.24671133981930557,0.14500816129166247
0.24084293790595648,0.07480212603867123,0.24673896614495494,0.14500298793306662
0.24095904020956738,0.07479458212303619,0.24681669871275763,0.1448996661093061
0.2410176231411561,0.07477405860852913,0.24694178949335507,0.14472046662074706
0.24106562727251768,0.07468991407293832,0.24703223870930027,0.14471395221161903
0.2411464511312503,0.07461309250795706,0.24707006842973184,0.14453801175088313
0.24120334273359195,0.07457968978195513,0.24722446620864813,0.144515205862016
0.24130725524617586,0.074541118510475,0.2472710206037425,0.14444446754860263
0.2413450849666074,0.07453759373853307,0.2473958264217654,0.14444049088967492
0.24147259442078506,0.0745174470392657,0.24748153865520822,0.14441796897126993
0.24160036680233427,0.07451244957735283,0.24781455292282287,0.14438145222844895
0.24179400204024565,0.0744712479729058,0.2478619093304979,0.1443730696053849
0.2418811756901423,0.07445626618746504,0.24795509160817342,0.14437289795086686
0.24196224940293218,0.07441058523420255,0.24820777349382392,0.14415563109715818
0.24205478816603565,0.07437294765064563,0.24843563968048912,0.14405799713667772
0.24217586230459925,0.07435436881680009,0.2484829301312122,0.14402600787952446
0.24222614309970858,0.07431654046160655,0.24858609399904988,0.14399196642016304
0.24224440123399943,0.07427365697434622,0.24862122276127493,0.14398494580992527
0.24229373526716097,0.07422349350646085,0.2486838508727789,0.1438953281296457
0.2423748278041643,0.07416702727032393,0.24874054888983138,0.1438591010647359
0.24253484870523864,0.07413489833520574,0.24886037295111396,0.14383098917262085
0.24268032681408588,0.07406596339943304,0.24890670763977454,0.14375416731169194
0.24273175465024094,0.07406315691207166,0.24900578121669265,0.1437075697748816
0.24279710677239244,0.07403221205992126,0.24910073561228047,0.143654302999229
0.24283216201315194,0.07402772220199634,0.24919359166022034,0.14363888714890788
0.24301867813060446,0.07398786671221083,0.24924418202699555,0.14361850284455416
0.243087689561779,0.07395649156942857,0.2492882116711786,0.14345966621488893
0.24320732730072483,0.07393363150648435,0.24934404970794613,0.14329200716353785
0.24353525818123364,0.07388605181682496,0.24941360977659874,0.1432714688137004
0.24356377845952165,0.07386365811267159,0.24960724501451012,0.14318273586723265
0.243613480401572,0.07362905102004293,0.24969032188355078,0.1430547148343142
0.24374251255283344,0.07358446605048916,0.2497694194446813,0.1430133257466126
0.24383217115181277,0.0735292074831833,0.24986303323517092,0.1429913181169847
0.24397254390630868,0.07351121093515452,0.24994523567872126,0.14285924488973029
0.2440185105883916,0.0734147257519739,0.2500436919981268,0.14263830458381954
0.2441703328989027,0.07336325989545045,0.2500811363658418,0.1425962156829694
0.2443201240801779,0.07334099552482634,0.2502087705559177,0.14259496091808074
0.24433651510159873,0.07332252768889369,0.2503188243577163,0.1425304838985643
0.24447627519420462,0.07332002148932988,0.2504065697930972,0.14252075592164853
0.24454393165152777,0.07330129642297899,0.25045402701989566,0.14246211187216806
0.24462152400612303,0.07321406530683972,0.25054755510754695,0.14238317387471683
0.2446990383710505,0.0731849565195718,0.25060093802855204,0.14235293288437778
0.24474306801523354,0.07311590037040036,0.25072225367090134,0.14225544364071127
0.24484229749503514,0.07310093845616017,0.2507801076399201,0.14220497589454897
0.24507016368170034,0.07301398194474842,0.2508247758335341,0.142092055699435
0.24513118258204014,0.07295050569594509,0.25088614877519566,0.1420592846197847
0.24522963890144567,0.07291066415904054,0.25099242505174063,0.14203790698536217
0.24535747659010373,0.07286000279868673,0.2511177354793091,0.1419891136329833
0.2454143471468728,0.07285293674953175,0.2512319743641745,0.14186824846784796
0.24548821320763664,0.0727432661750953,0.25129788061986275,0.14180874855955108
0.24597608384802525,0.07271806903365244,0.2513880123895726,0.14174585198434278
0.2460657424470046,0.07271210506972199,0.25144139531057774,0.14174373773329554
0.24609181730408505,0.07269286176886486,0.25154530781466694,0.14164329586218508
0.24616020948574435,0.07269082199758602,0.251633957704236,0.14161551852256915
0.24624046577235456,0.07260869163796844,0.25170831977792807,0.14157663806663567
0.2463583415275427,0.07257034749444398,0.2517881333897132,0.14135750203461236
0.24648314734556562,0.07252958607674066,0.25183065770418805,0.1413493071195046
0.24657492891827365,0.07252232175629611,0.25206402657542165,0.14130924983860527
0.24669903316907338,0.0724644510635019,0.25216959804827,0.14128241476476525
0.24683241804593448,0.0724120544052756,0.25222639271780484,0.14126543761554972
0.24688465020947084,0.07237979405416507,0.2523542304064629,0.14116482282848936
0.24700703013343453,0.07237234732389589,0.2525127136173412,0.14101643043415768
0.2471143097422566,0.0723510059619729,0.2526067013097172,0.1409964158457818
0.2471938882637403,0.07235066908749832,0.25274943956108914,0.14098937144744145
0.24724882353676117,0.07233052859808678,0.2528191820615146,0.14090303462557763
0.2473250143539102,0.07230731102221168,0.25287915602687633,0.14085747430072518
0.24738098038853357,0.07228893304286775,0.2529372689180245,0.14079429602340654
0.24745825674098934,0.07225562674626065,0.25295353642465745,0.14057431058987424
0.24756832825419817,0.072197977668533,0.2530677753095228,0.1403531280709171
0.24768977409452572,0.07216294910439816,0.2532195976200339,0.14035250862482923
0.24778743914287493,0.07213693307899112,0.2532984032274673,0.14030295445226898
0.2479449045720235,0.0721314270482524,0.2533678558044244,0.14022162350819284
0.2479624991761498,0.07211798612397126,0.25349536525860206,0.14021039962700418
0.2481094086897423,0.07211769022454277,0.2536338700836767,0.14020985137623537
0.24817415717560248,0.07211137566162118,0.25370773614444053,0.14017735696187458
0.24826162392597823,0.07210466541257718,0.25385464565803306,0.14014277373763256
0.24838126166492405,0.07208351553208706,0.25396053153602083,0.1400865660916032
0.24842476959976834,0.07204091625237061,0.2541137851323516,0.1400631945572044
0.24851497278426282,0.0720193142412158,0.2542048720694963,0.14004111143906123
0.24865765874237752,0.0719800936819118,0.2543184725111143,0.13990270451868658
0.2487335043356838,0.07189896442657966,0.25436900275678354,0.13984351663791036
0.2488634388939153,0.07189860164843226,0.2545252839084514,0.13968151094091613
0.24894594920170063,0.07189499409055561,0.25460158395021093,0.13966287313121667
0.249087102965678,0.0718299868692836,0.2546951120378622,0.13956814450854127
0.24919554197105956,0.0716043170092734,0.25477731448141255,0.13952173775802326
0.24932337965971763,0.07159695142069235,0.2549021202994355,0.1394609070190046
0.24966060620187347,0.07159333846155523,0.2549533049456107,0.1393931910393104
0.24976990531071286,0.07154838579825153,0.2550472926379867,0.1393800050079893
0.24981242962518777,0.07153493235856125,0.25520796423163866,0.1393672059964036
0.2498910503458855,0.07152965958670289,0.25531911191052087,0.13935435284689998
0.24998793916725875,0.07144944740478598,0.2554576167355956,0.13925299926168802
0.2500641056216622,0.0714140215470038,0.25552261715246255,0.13924503357945817
0.25016801813424605,0.0714130323762858,0.25555168906685105,0.13924389545962418
0.2502985080492484,0.07139367731965769,0.25563683695615036,0.13918367278436536
0.25046007155044453,0.07136076962136428,0.25572549176413983,0.13912200172619327
0.25060280980181654,0.07134370187280306,0.2558574858917998,0.1391185327056889
0.2506525117438669,0.07133874248478658,0.2559066735573574,0.1390961186067531
0.2507350122657795,0.07130056657350682,0.2559698941176576,0.13907634311071607
0.25093467918603446,0.07129886960488298,0.25606893826900007,0.1390232895253946
0.25100584337753723,0.07125116286739455,0.2561633630382063,0.1390204834979556
0.2511048875288797,0.07123248700538358,0.2563311058423154,0.1388474746969408
0.2511211550355127,0.0712116059624532,0.25645874003239133,0.13880861564966135
0.25120841736988075,0.07118785573141016,0.25651097219592767,0.13866604968282065
0.2512360436955301,0.0711791295967686,0.25663927516375745,0.1385818663906548
0.25128201037761305,0.07115997970947834,0.2571271458041461,0.13854671979738153
0.25145601287829766,0.07115026332950011,0.2571688112766233,0.13826448934570953
0.251527199848288,0.07114500050330604,0.25724743199732103,0.13820666730470035
0.25162117084012076,0.07110083329719173,0.25732489241252837,0.13815186767811494
0.25170424770916144,0.07109883027937076,0.2574172250606879,0.13814826762857324
0.25176562065082303,0.07103211095007984,0.2574772862791673,0.13804417851000417
0.25212303548235415,0.07103121185498476,0.2575514600767459,0.13804238332440996
0.2522011563845065,0.07102903006526166,0.2577192028808549,0.13803688281516494
0.25227060896146364,0.07102667092185479,0.257787506305838,0.1376911320094487
0.25232809759972935,0.0709778493865887,0.25790952346444235,0.13768947394952116
0.2524153549307302,0.07096661026032854,0.2580515936601084,0.13766198023203258
0.2525017300041447,0.07090689210718214,0.25815949065386323,0.1375992942606835
0.252607301476993,0.07084276592923805,0.25819954297789155,0.13759274398282112
0.25266442178163584,0.07083841723017212,0.25834228122926356,0.137502438692221
0.25271968780356274,0.07083204776356236,0.2583971233241266,0.13748983692168412
0.2528538680883899,0.07078989196890645,0.2584942703328394,0.13746230951993965
0.2529751837307392,0.07075599042482661,0.2585562069560594,0.1374540130743116
0.2530634576796984,0.07074415166916088,0.2586357854775431,0.13732272178897761
0.25316902915254674,0.07074047533549466,0.2587514506023876,0.1372754703606325
0.2532832680374121,0.07072803514649204,0.25886699459307855,0.13726347960622534
0.2533486201595636,0.07071007285177722,0.25893234671523,0.13717459590078784
0.25353513627701607,0.07068736391665861,0.25898807985542716,0.13715144095259613
0.25367343183562013,0.07068598654210055,0.25908233073001513,0.13713616465924072
0.25376208172518927,0.07067498860878386,0.25942377525513793,0.13709665253716874
0.25387939507302115,0.07066212958289757,0.25955629151687065,0.13698600483070408
0.25397048201016587,0.0706233811411539,0.2596142417391218,0.13694526893383313
0.2540055372509254,0.07059217449227574,0.25969507806804637,0.1369371720024241
0.2540465538062133,0.07058719276398268,0.25973787707502627,0.13693248033387578
0.2541612752654213,0.07058616214341694,0.2597745995392513,0.13692537762073612
0.2542722780420321,0.07055105013934507,0.25985542339798395,0.13674332647221843
0.25436546031970764,0.07053803425404905,0.2601971165794139,0.136698133973154
0.2544251976997041,0.07053728469401838,0.26024352732520234,0.13662348176741287
0.2544963836333433,0.07053125900214888,0.2603686181057998,0.13659073259237295
0.2545547015776003,0.07037142498412577,0.26049076906412727,0.13650440088993865
0.25463612332597235,0.07035700223997211,0.2606330153885127,0.1364071727186476
0.2547189555227113,0.07035052365995631,0.260738586861361,0.13633997872893522
0.25482938480640693,0.07033908752252363,0.2608584109226436,0.13632575979123718
0.25492880882290203,0.07033844145602491,0.26093950345964695,0.13627640301731597
0.2550388626247006,0.07032709801448077,0.2609783052901549,0.13625020023984197
0.2551303917269896,0.07021020254422797,0.2611386740144444,0.1362265029078294
0.2552235740046651,0.06995251098910228,0.261237903494246,0.13610508626818496
0.25528366306021466,0.0699160085470397,0.2613266943360598,0.13607643601944208
0.2553821193796202,0.06985190937992804,0.2613552146143478,0.13601849176162184
0.25550432632639125,0.06984730388251821,0.26143681345983294,0.13582167810651713
0.25556821395276696,0.06982985428642235,0.26151321749347933,0.13581910932727295
0.2556216785416368,0.06980001583357763,0.2616630086747545,0.1358024079559357
0.2556946251466055,0.06977172442729046,0.2617853885987182,0.13579122831545842
0.2558046789484041,0.06969733730175016,0.26189328559247305,0.1357679755757763
0.25585809030110707,0.06968308026216952,0.26196447256246336,0.13568987908677627
0.25602024068283585,0.06965091395229958,0.2620252759357525,0.13567683671228487
0.2560988614035336,0.06961276727675235,0.26220900693606847,0.13556826178186274
0.2561405268760108,0.06959829635757911,0.2622664955743342,0.1355537429503696
0.25617304305019756,0.06954765583898988,0.2627763837487413,0.135535154073207
0.2562809400439524,0.06945532244527745,0.2628921767440214,0.1354350617083552
0.25637519175101914,0.0694296594023606,0.2629447656119621,0.13543370193454118
0.25644277403703364,0.06933602615198901,0.2630228572584325,0.13537990257500304
0.2565682106361015,0.0693260906641959,0.2630918686896071,0.13536048063103256
0.25667687409644363,0.06922947389900044,0.2631400494466269,0.1353508367679082
0.25678503375423495,0.06920992635366328,0.2632335775342782,0.13532578915881513
0.25690568554574544,0.0692044260440119,0.2633009110110812,0.1351660158345976
0.2569793949560938,0.06919324450439969,0.2634548756122259,0.1350428357188416
0.2570432825824695,0.06917970950585331,0.26355789540177627,0.13500031791577738
0.2571498720154359,0.06915913896301315,0.2636096420178316,0.13489784440322336
0.2572610196943181,0.06912825365933893,0.2636979159667909,0.13485527094570934
0.2573691939289823,0.06908384125371314,0.2640509039821132,0.13484286092250328
0.2575579276848904,0.06907790496326596,0.26409493362629627,0.1347255413101358
0.2575827219815265,0.06902653520672888,0.26415351655788494,0.134656937910316
0.25764984132440655,0.06902254610393442,0.2642716587317586,0.13463069049172438
0.25769450951802053,0.0690199571668335,0.2643011499308677,0.13455337202493162
0.2577792706020127,0.06900907680282332,0.2643955747000739,0.13454893743787363
0.2578725785754855,0.0689839121658938,0.2644751532215576,0.13436376722331111
0.2579780887931879,0.06891858181350226,0.26464534453256716,0.13429493392566727
0.2580521197272186,0.06891397007445844,0.26472010392798156,0.13429487017444597
0.25817271662609936,0.06885283476633296,0.2648427126052145,0.1342666034785853
0.2582534849890799,0.06884840367082727,0.2649152098585386,0.13421052958290158
0.2583506319977926,0.06880948275905836,0.26507149101020655,0.13417778443001427
0.2584414368520597,0.06875324841363283,0.2653712425528271,0.13417644492088146
0.25849607196976876,0.06874276546157505,0.2654218329196023,0.13414507696460679
0.25855467212857086,0.06873977718423509,0.26549157542002777,0.13414015562037127
0.258743405884479,0.06873022215720548,0.2655515493853895,0.1340133762430227
0.25885595580586607,0.06865961071924111,0.265629759592125,0.13395355409545226
0.25894750812411865,0.06864544110346182,0.26572131191037757,0.13394692833989155
0.2590298709897229,0.0686235112359188,0.2658711030916528,0.13393496899686577
0.25915118663207215,0.06861447208378577,0.265896245154165,0.13387900158208713
0.25927887119560744,0.06859748601246528,0.26594175587998875,0.13368431720530594
0.25934633001143115,0.06854091132609325,0.2660198767821411,0.1335443397029911
0.25941589008008376,0.06853516777319807,0.26606906444769873,0.13344933075660595
0.25946707472625896,0.0685316466323072,0.2661854255757502,0.13343780700725713
0.25971975661190944,0.06850164709506913,0.2662423171780919,0.1333407188088306
0.25982943981625267,0.0684284215203477,0.26633330558542967,0.13329881117063344
0.25993603383634684,0.06841246174170156,0.2664196806588442,0.13323302686818014
0.26002018420373096,0.06839552049870423,0.26651680801086475,0.13322292283293663
0.2600903039444525,0.06839011223434849,0.26667427344001327,0.1330066289469284
0.260114809742603,0.06836946740848951,0.26672504659958524,0.1329782613292287
0.2601873069959271,0.06836179782152071,0.2668540787508467,0.13284639461968248
0.26026688551741084,0.06835651844282153,0.2669595889685491,0.13281782935078748
0.2603252049015162,0.06832444168679044,0.2670816061271534,0.1326641522649274
0.2603919701903325,0.06831446189316576,0.26711955754663474,0.1326515849347618
0.2605757011906485,0.06830032208998718,0.26723925050950287,0.13245018443686027
0.260648452316014,0.0682811230899054,0.2674066991937711,0.13226039829968933
0.26077046947461835,0.06821084081099267,0.2674924114272139,0.132240059032185
0.2609150333009313,0.06820788275802288,0.26754725352207703,0.13223783209840656
0.2610122340554918,0.06816441298207566,0.2676505743801174,0.13223377121669155
0.26110536967188364,0.06810960728821172,0.2677882302892293,0.13218001838147692
0.26118951812796454,0.0680760227549555,0.26783033483053953,0.13173510299143934
0.26124737209698334,0.06806802548200402,0.26794076411423523,0.1316662695047176
0.2613168951797941,0.06803370937633864,0.2680580774620671,0.13162357921320492
0.26135472490022565,0.06803035665175783,0.26815615625235745,0.13153876068254955
0.261432845802378,0.06800957018049711,0.2682069294119294,0.13151081448904992
0.2615080207745846,0.0680047582787691,0.268326753473212,0.13129122606499638
0.2616308604731667,0.0679995286599954,0.26845593758582487,0.13125999379048853
0.26171394947261206,0.06797398359326562,0.2685571821059362,0.1312154137868002
0.2618675513848495,0.0679723526533354,0.26860269283175997,0.13104677485916935
0.2619372562580847,0.06793259037027827,0.2686384407776665,0.13097350768731353
0.2620620620761076,0.06792952379739622,0.26876837533589804,0.1309087105005447
0.26212038146021305,0.06790748314702644,0.2688851031368622,0.1308546451863544
0.2621683855915746,0.06785929659463619,0.2690265062282266,0.13085110706755892
0.2622234152362559,0.06785699589928723,0.2692871067027596,0.13070003724110033
0.26232892545395836,0.06783669582759687,0.2693638923089895,0.13067357283304934
0.26248823885002737,0.0677028480846711,0.2694540240786994,0.13065336220458149
0.26260308120553777,0.0676146414162277,0.26947041510012026,0.13059871995021727
0.2626291560626182,0.06759005989858904,0.26952498170822564,0.13058639296634594
0.26269816943907476,0.06750715661287361,0.26960370822168267,0.13056075627405758
0.26288190043939075,0.06743777620602574,0.26965990277597157,0.13045675436869258
0.2629729873765354,0.06739874008078636,0.26978526615088777,0.1303670630330091
0.26308051898856905,0.06729196719556028,0.2701131970313966,0.13018988282900823
0.2635771972202034,0.06726397923512235,0.27018952739916785,0.13018912818443024
0.2636489796630964,0.06722617082815771,0.2702852640274713,0.13009520139511874
0.26372644007830376,0.06718246351421957,0.2703692365587051,0.13007739915439506
0.2637922762443777,0.06716201217789827,0.27042759419435985,0.13006161841409722
0.2639052664875632,0.06715841233595099,0.2705116949697953,0.1300182130953401
0.26397876575648876,0.06693269738116525,0.27056055324984324,0.1300141361010909
0.2640710984046483,0.06690303835340027,0.2707123330529697,0.1299403458932197
0.26417666987749666,0.06689195762329024,0.27085878920542816,0.1298994917087255
0.264294884901756,0.06688103222813083,0.2708952354735897,0.12984747885316092
0.26440495641496486,0.06686520081490921,0.270955022186447,0.1297928567634615
0.2644925516643827,0.06686260458706812,0.27102519292498695,0.1297515306713163
0.2645820548022019,0.06684698809838002,0.27110667097610586,0.12973874903476396
0.26465951521740927,0.06683365230316114,0.2711939333104739,0.1297327563790249
0.2647832555985411,0.06675967636490049,0.2713875685483853,0.12960748410838235
0.2649372201996858,0.06675246134925289,0.2714930787660877,0.12954291253244826
0.2649832321923981,0.06669844316598465,0.2715436189760179,0.12944896537557657
0.2650932859941967,0.06669359743213871,0.27162666523022766,0.1294006131259869
0.2651476355419615,0.06667328253081549,0.27211453587061624,0.1293377147813386
0.26519366034040565,0.06667153881313914,0.27224847847426425,0.12917280818530136
0.26533639859177766,0.06666769665460887,0.2724349945917168,0.12915360867034575
0.2654154961529082,0.06664459460130576,0.27256091100435587,0.1289654018577372
0.26550275348390906,0.06660295535771237,0.272630615877591,0.12888744583095585
0.2655866878995085,0.06659294580657717,0.27268893526169646,0.12884435640046152
0.26560651965649673,0.06652888514694576,0.27279861846603964,0.12869398591377465
0.2656995258054529,0.06641013235640483,0.2728930241901707,0.12860223252462785
0.26574793503541744,0.06640408236510137,0.27297340704753037,0.12852935119371003
0.2658092471891406,0.0662975171190341,0.2730665426639222,0.1284766894229903
0.2658910139999565,0.06628909121543207,0.2731218199030756,0.12844312947803088
0.2659369806820394,0.06626734032146787,0.27317405206661194,0.1284164189450212
0.266045419687421,0.06623901869707367,0.27326583363931994,0.12825525460621884
0.26610033372798625,0.06622872410290287,0.27344956463963593,0.12822751985374298
0.2662190360241469,0.06619107102745837,0.27351410117045893,0.1280999492276425
0.2663291590660918,0.06618896436290989,0.27360127482035557,0.1280731855083502
0.2664113615096421,0.06611097303059613,0.27370059336688923,0.12806629341204356
0.26654407752380255,0.06610012827204699,0.2738728741825836,0.12804672218199625
0.26664230519187504,0.06605485990288869,0.2739138907378716,0.12800819882661726
0.2667297719422508,0.0660206497404779,0.27395269256837956,0.12799379915115003
0.2668548627228482,0.06599796835779667,0.27402245659432706,0.12786975414185284
0.2669533190422538,0.06594069679139739,0.27406596452917137,0.12786513911856598
0.26732600109242216,0.06592374649786864,0.27410848884364625,0.12783456304048327
0.2673554922915312,0.06589644255216244,0.27431395450509777,0.12778235630870943
0.26741527900438855,0.06584065133849368,0.2743549355016503,0.1277664504977705
0.26753491674333435,0.0658404574877671,0.27441325488575574,0.12773937978584646
0.2676428137370892,0.0658120553187395,0.2745319571819164,0.1277267013755376
0.2676901701447642,0.065800747775906,0.2745753803483373,0.12765344962285582
0.26776116857105864,0.06579830467840725,0.27471303625744925,0.12760552591254617
0.2678125964072137,0.06575892653276802,0.27489955237490177,0.1275830180892956
0.2678940744583326,0.06572630767289558,0.274943060309746,0.12756805129183865
0.26796516362481126,0.06572315601255305,0.2751216647529865,0.12756562518286532
0.2680187202620463,0.06562944035809803,0.2751683965934758,0.12755852214507182
0.26805450320603924,0.06562441765356983,0.27527203804927824,0.1274584842163112
0.2681450296386363,0.06561836908288099,0.2753907403454389,0.12743768372563422
0.26823468823761565,0.0655707103949887,0.27546847291324156,0.12741548569350664
0.26845274668626357,0.0655510034635036,0.27552952231798145,0.12731334556614934
0.2685422498240828,0.06552583792743753,0.2756680271430561,0.12723833058321263
0.2685965993718476,0.06552494517641738,0.27581071310117083,0.12706417049726934
0.2686443716238973,0.06551319538425074,0.27593551891919377,0.1269825817642116
0.2687261384347132,0.06548551028015571,0.2759981470306977,0.1269491293681622
0.268834140244339,0.06541331844873714,0.27611546037852963,0.12690564334148727
0.2688800707900482,0.06540399140222974,0.27618932643929345,0.12686028662540483
0.2689471901329283,0.06537748070939814,0.2762434962013786,0.12679282471501885
0.2690534664094733,0.0653617309533693,0.2762610908055049,0.12670951804787775
0.2690825383238618,0.0653331812610265,0.2763568274338083,0.12667869609656437
0.2694155525914765,0.0652850552863532,0.27637930292245966,0.12661387590713563
0.2697685406067988,0.06521980957690673,0.27645171237475924,0.1266125702814937
0.269788372363787,0.06521877951564423,0.27663323463904543,0.12659952230378257
0.270130065545217,0.06521749099140947,0.2766901051958145,0.12653673651050107
0.27046729208737286,0.06521544811319521,0.27683533459738646,0.126473048643181
0.2705356759442446,0.06521336973937629,0.27696310697893567,0.12630302576619523
0.2706524853875895,0.06519334076493401,0.27709359689393803,0.12609793116833193
0.2707802577691387,0.06516746621981245,0.27715170978508624,0.12601559871062798
0.27098572343059024,0.06514131184217968,0.2772256200436762,0.12595068425452216
0.2711254835231961,0.0651313683961112,0.2772837329348244,0.12587741063859398
0.2712376859016924,0.06509752296459807,0.2774095343719538,0.1258531466629252
0.27131595499355776,0.06508925981633504,0.2777374652524626,0.12572637370418704
0.27136436422352234,0.065046435984375,0.27783592157186815,0.1257101159145679
0.271435453390001,0.06503588467890523,0.2778557533288564,0.1257019641985964
0.2715476557684973,0.0650339202893322,0.2779972853015235,0.1256351846304298
0.27160274493540965,0.06494367862712636,0.27805212739638663,0.12550950156795782
0.27166283399095914,0.06493523160579869,0.2781362777637708,0.12526774982124353
0.271739532501223,0.06489703866835839,0.2783227938812233,0.12525345941955837
0.27184255229077336,0.06485278533838318,0.2783754062581941,0.12522861638160315
0.27193120709876284,0.06484949293083722,0.278485477771403,0.12516546828194342
0.2724521944915443,0.06482723990753807,0.27859309318346637,0.1251266733401469
0.27249426750909267,0.06482697690867507,0.27867724163954727,0.1250951385967767
0.27258353408703073,0.06477705459849105,0.2788372625406216,0.12504998386355567
0.2726903713523202,0.06474058503214061,0.2789519839998295,0.1250258061992914
0.2727763674865024,0.06473570670954021,0.27905755547267785,0.12481719398467932
0.2728309103902,0.0647261097249373,0.2791913005579993,0.12475178802366423
0.2729132732558043,0.06470773621397177,0.2792651666187631,0.12471149352121451
0.2729972457870381,0.0646940523094832,0.2793538389427852,0.12468289599576714
0.27315385267575015,0.06468820872226966,0.2793867017785395,0.12467220834268752
0.2732884721525832,0.06468404486067997,0.2794344740305892,0.12455952680876577
0.27345621495669226,0.06463146837850836,0.2795431374909313,0.12447457823957898
0.27380920297201455,0.06455666405225294,0.27969204029844974,0.12442597959361643
0.2738988615709939,0.06455488194941425,0.2798195497526274,0.12434858894693993
0.27393987812628184,0.06454830217169592,0.2799607035166048,0.12432583914727333
0.2740391887897514,0.06449531331121101,0.28005020665442404,0.12396191914805983
0.2740897791565266,0.06447844611630087,0.2801583663122153,0.12393932277075836
0.2742112249968542,0.064403194423799,0.2802471571540291,0.12383541750559572
0.2743194221161894,0.06439642622161336,0.2803415672529209,0.12375385525110823
0.2744033565317889,0.06436274236963659,0.28045376963141727,0.12374611941982902
0.27445594539972956,0.06430845253917894,0.28048228990970525,0.12374290863238638
0.2745134340379953,0.06430677179418233,0.2805391604664743,0.1237100911227866
0.27461151282828555,0.06428070236857936,0.2806649026532026,0.12356229214425916
0.27465233847835624,0.06418576262315427,0.28074400021433316,0.12351192946649207
0.2747262487369462,0.06415569568945764,0.2808418128832518,0.12331766156965597
0.2748807445105045,0.06413298860175844,0.280987290992099,0.12320965033658482
0.2749490479354876,0.06410224266839647,0.2811160068778858,0.12318132966845892
0.2751164966197558,0.06399901126327524,0.28118439905954506,0.12312709912950273
0.2752307355046211,0.06397925425181211,0.2812755071399512,0.12308961661711686
0.27547396685359754,0.06396159995131712,0.281391305818173,0.1230725087734985
0.2756302480052654,0.06390213644443718,0.2815431281286841,0.1230694176702096
0.2757142205364993,0.0638976990738084,0.2816089423062758,0.12303634587055985
0.27605276022044917,0.06388564416456506,0.2817535061325887,0.1229157571643593
0.2761555066341701,0.0638579232667372,0.28189619209070343,0.12279606849506847
0.2762743894168216,0.0638195723043523,0.2819433091012737,0.12278916483622762
0.27634655087539906,0.06371407529062662,0.28199473253718393,0.12266698862595453
0.2764792668895595,0.06370852240035323,0.2821013219701503,0.12245955021223845
0.276565641962974,0.06368606228707385,0.28215221208874,0.12234907728835619
0.27665514510079325,0.06355178694157616,0.282311525484809,0.122301286316211
0.2767652166140021,0.06353804715762422,0.2823805369159835,0.12222038632826511
0.276807740928477,0.06352279787458272,0.282466076138255,0.1221723317163103
0.2768735551060687,0.0635051189517668,0.2825107443318689,0.12209253333919295
0.27694988547384,0.06348384576147559,0.28266256664238,0.1219227535656217
0.27704997580463137,0.06342833985707104,0.28269205784148904,0.12177927261526861
0.27715552576045227,0.0633852205066461,0.2827731503784924,0.12175345748415221
0.2772360394189126,0.06337136795138933,0.2831458324286608,0.12160525397376175
0.27742255553636513,0.06330881663001271,0.28319502009421843,0.12157762700501196
0.27749646579495507,0.0632406016296836,0.2833022997030405,0.12151774237204718
0.27759275030470987,0.06321713942480868,0.2833608826346292,0.12147766658534043
0.27773104586331393,0.06319107603170954,0.2834776104355934,0.12134070411855963
0.2778587304268492,0.06313219882433817,0.2835901718248,0.12132597423644458
0.27795360082702963,0.06310108247236935,0.28368150447059753,0.12129937936913095
0.27804848323868925,0.06309918394377982,0.283723663462814,0.12120936143772666
0.2781087648346822,0.06306008451874093,0.2838113091281646,0.12112459107000408
0.2782030157092702,0.06301332527528557,0.2838787679439883,0.12090188612497169
0.278290970377143,0.06299476250896238,0.28397807860745783,0.1208894098210565
0.27841860456721895,0.0629817718000242,0.28431952313258063,0.12078202969825824
0.27853967870578256,0.0629728935058887,0.28440315958024864,0.12067910519577124
0.27861777035225294,0.06295442585251837,0.2844918094698178,0.12063116617742323
0.27871175804462894,0.06292533975475037,0.28458279787715557,0.12048649407828159
0.27883423414537284,0.06290025054524236,0.2847038817336344,0.12044433611541662
0.27889042869966174,0.0628958510925389,0.2848249655901133,0.12043913498778613
0.27894662325395064,0.06289197643916856,0.2849011320445167,0.1201638852653825
0.2791069919782402,0.06286246397377938,0.28511496929920815,0.1201151583712334
0.279192704211683,0.06282794384559175,0.28517601870394804,0.12005475443676263
0.27932242007434777,0.06282222676901342,0.28531742179531244,0.1199780235840556
0.279410001910664,0.06279113685996793,0.285409754443472,0.11992555821614631
0.2794688782782717,0.06278954405110208,0.2854780578684551,0.11987630828736397
0.2795066265049795,0.06275715493546356,0.28559266301848846,0.11982634732498659
0.2795923387384223,0.06269639738666423,0.2856735052257324,0.11981891810418885
0.2796476047603492,0.06261178005135286,0.28575481059697244,0.11974628340478147
0.2797903430117212,0.06259580953647065,0.28587546238848294,0.11971539809205557
0.27987467145310674,0.06259027726729001,0.2859596127558671,0.11970292588200357
0.27993409559598237,0.0625779457441338,0.2861267713467734,0.1197006916208526
0.2800115560111897,0.06254046769407239,0.28623544651278615,0.1195663679603889
0.28005756800390197,0.062474970964757244,0.28639392972366445,0.11947815046878688
0.28008519432955137,0.062451690510508244,0.2864137614806527,0.11935528072779757
0.2801440849639761,0.06240387061567592,0.28643359323764095,0.11925107987086277
0.28018288679448405,0.06231402609798643,0.28652756422947373,0.11917482921843536
0.28025929082813045,0.062280342912881204,0.2866219743283656,0.11916537227431957
0.2803598134362572,0.0622529593933585,0.2867486871173644,0.11913620110839593
0.28047408313133115,0.06211214498690488,0.28676495462399737,0.11913549072438602
0.2806454807550243,0.06210271416175445,0.28687955977403073,0.11908830022479361
0.28069722737107966,0.06205732946704176,0.2870037615862437,0.11907252690839741
0.2808158212241405,0.06201641308280489,0.28750043981787804,0.11902617116651365
0.2809743044350188,0.06194823780988288,0.28764998343016523,0.11897633484065022
0.2811868394041188,0.06192502223773509,0.2877484739236731,0.11897039355864351
0.28136544384735923,0.06179073548565507,0.28794265576033906,0.11893193610246967
0.28141189330340977,0.06173116338107388,0.28803690746740584,0.11892036887791373
0.28154583590705773,0.061726936646985,0.2882234235848583,0.11884402779906801
0.281639363994709,0.06172347877422378,0.2883081846688505,0.11879674277158146
0.28174904719905225,0.061717466415525064,0.28839784326782986,0.1187237805585726
0.28183669286440277,0.061715783076425335,0.28855632647870816,0.11871078156293667
0.2819015767342441,0.06170870156733539,0.28865506387861894,0.1185933115626584
0.282018386177589,0.0616937619373551,0.2887129610558335,0.11853188207930102
0.2821212225584782,0.06165661996525485,0.2888142055759448,0.11844390403374011
0.28226500302228297,0.06165507720686491,0.2889488250527778,0.11834811502714405
0.2823236031810851,0.061627996750014284,0.28905541907287197,0.11833375263993855
0.28243957540564324,0.061561700467535174,0.2891751120357401,0.11825239170433341
0.282547577215269,0.061514428073770805,0.2893034838274767,0.11818594752656586
0.2826033103554661,0.0615084715585842,0.2894389258952555,0.11813751362650264
0.2826536997848056,0.0614710939234393,0.2896373663534431,0.11799751412844292
0.28279220460988025,0.06144714778236253,0.28995142171592014,0.11792784544916506
0.28291422176848463,0.06143790529095894,0.2899872261769405,0.11787076512229933
0.28304259356022127,0.061409266405579664,0.2900282427322285,0.11766824648240962
0.2830891479553156,0.06140128930796855,0.29008821669759016,0.11765687494731872
0.2831893525565581,0.0613590911197075,0.2901687303560505,0.11763205850586171
0.28333215827268793,0.06135461412959889,0.29021567219355304,0.11761300905449008
0.28345499797127,0.06131602223020958,0.2903498524783802,0.11756418682193044
0.2835358401785139,0.06114430228641032,0.2904551329574303,0.1175263051871525
0.2835907542190792,0.06111519232774777,0.2905757847489408,0.11739248302033808
0.28364045616112954,0.0611010012977691,0.2906229017595111,0.11736025772427826
0.28372193421224845,0.061081999109845006,0.2907234243676379,0.11735360203497924
0.2837606320083961,0.061068349228276766,0.2908312575408531,0.11719539142078919
0.2838335786133647,0.06106171688346535,0.29085639960336523,0.11718546005954404
0.2839139614707244,0.061007074807328636,0.2909639312153989,0.11712114527381048
0.2840761118524532,0.06094777375235323,0.29102082281774055,0.11710423973311712
0.2841578786632691,0.06092669875320575,0.2910675383144633,0.11687292791447786
0.2842634501361174,0.060910686942611196,0.29111350499654626,0.11681681578470043
0.2843357885389037,0.06090150272905097,0.29119765345262716,0.11678479698453724
0.28441099489895716,0.060875099100378464,0.291328006807135,0.11673292430673321
0.2844834921522813,0.06084493085975373,0.29143553841916864,0.1167231228531943
0.2846780172250346,0.06080213354998433,0.2914706671813937,0.1166775450744275
0.28475418367943806,0.060786598280325344,0.29155637941483653,0.11666764295244772
0.28491455240372754,0.060769534722889956,0.2916709845648699,0.11664258552008062
0.2850050788363246,0.06076635740883161,0.2917255274685675,0.11648369150652584
0.2850505895621484,0.060751346322428956,0.2918233401374861,0.11637923854778337
0.2850980639184715,0.06073769367362498,0.29183910165206417,0.11634163719217364
0.28520170537427386,0.06069549529152733,0.2919039855219055,0.11624120073648934
0.28535352768478495,0.060634446981642574,0.2919832311198448,0.11621082505152991
0.28547590760874864,0.060591321607594624,0.2924931192942519,0.1161722711980799
0.28552765422480403,0.060542139407535986,0.2925498173113044,0.11613828935586179
0.28560254555111164,0.0605326923309494,0.29266769306649254,0.11606231777207551
0.2857807561469543,0.060525299599729264,0.29268752482348076,0.11591866100293031
0.2858335940449682,0.0605189292418126,0.29276564572563313,0.11591681808087714
0.28598541635547925,0.06050756198414027,0.29281157627134236,0.11575542037730348
0.28633531818517505,0.06048860520500992,0.29285027406749004,0.11573436555925126
0.2865206888458398,0.06041614869783627,0.2928919395399673,0.11567969421800026
0.28657755940260893,0.06037958396690683,0.2929529889447071,0.11546948180201201
0.2866665627303775,0.06024937748054432,0.29299081866513865,0.11546029492305225
0.2867053645608854,0.060205625651028036,0.29313222175650305,0.1153901936459703
0.28678819675762435,0.060198080350104384,0.2932437050262596,0.11538295262859949
0.28687007730372643,0.06018689894059627,0.29334219551976753,0.11532497147366191
0.2869209674223161,0.060178023745153596,0.29347327426058456,0.11532173554214804
0.2869934646756402,0.06011285735530958,0.2935226259202095,0.115288527191523
0.28727517227523197,0.06005660828657009,0.2935988167373585,0.11525910457882921
0.2874844750521255,0.060028815586688704,0.29368847533633785,0.11512297419371859
0.28752850469630853,0.06000273103156129,0.2941763459767265,0.1150675000984315
0.28760143957012246,0.059980117528228724,0.29423690663149055,0.11498555567374302
0.2877339558318552,0.059965724102193155,0.29439050854372806,0.11489894888480559
0.2878766940832272,0.059948697744673235,0.2947479233752592,0.11485324804126612
0.2879405817096029,0.05986527492310954,0.29479813120105725,0.11483792212816163
0.2880146126436336,0.05986238191105299,0.294848426666481,0.11469266647846399
0.28813520954251437,0.059859070498077496,0.29489443865919324,0.11447402765408922
0.2882163020795177,0.059850767034337955,0.2950548073834828,0.11435861508190509
0.28829290813367164,0.05982982813148661,0.2951976130996126,0.11435141171651658
0.2883086696482497,0.05981663743956198,0.29528372698706523,0.11433912106297459
0.28839260406384915,0.05978009973235467,0.29534315112994086,0.11432441675355644
0.2884713305773062,0.05974274676162481,0.29546422526850447,0.11429192474968278
0.2885255003393914,0.05968815754219139,0.2955767751898915,0.11428623877953657
0.28863369745872663,0.059651120286971435,0.29567118091402256,0.11428592349261471
0.28874196184744205,0.059651005057816474,0.2957606840518418,0.11427593607482711
0.2888638148463328,0.059650191180495006,0.2957994858823497,0.11419225583545407
0.28894193574848515,0.05964358791402644,0.2959155117847982,0.11412261071411224
0.28906300988704875,0.05963382224163911,0.29604314597487413,0.11410102622393727
0.28929637875828235,0.05962226202996277,0.2961487174477225,0.1140946656407729
0.28937547631941285,0.059617410641374595,0.29622683834987484,0.11403766001777371
0.2895031105094888,0.05958343162060068,0.2963414434999082,0.11400775808032487
0.28964535683387427,0.059564068750587715,0.2964734376275681,0.1140074257352151
0.28976773675783796,0.05949755937642452,0.2966549598918543,0.11397933544900113
0.2898111599242588,0.05948744621782976,0.2967317454980842,0.11390712978631962
0.29029903056464745,0.05940404568631592,0.29686077764934565,0.11389408779839223
0.2903385893774312,0.05935478873079129,0.2969373837034996,0.11388836429403869
0.2903781481902149,0.059354108771336636,0.297078786794864,0.11387197566104482
0.29050645115804474,0.05933042729063747,0.29715986050765386,0.1137364475090273
0.29061173163709486,0.059313749454294386,0.2971978251618485,0.11370646533394414
0.2906898232835653,0.0592621909029131,0.2973064886221906,0.11363253020374177
0.29089798177593706,0.05920160608053534,0.29736627533504795,0.11345495010080899
0.2909784954343974,0.05919462130058267,0.2974546794819855,0.11342692659443286
0.29113697864527566,0.0591024779749435,0.2975288532795641,0.11340409339739775
0.29138672549965633,0.059078798514526985,0.29761994021670873,0.11338667003778388
0.29150654956093897,0.05906176136749852,0.2976490121310973,0.11338411089171649
0.2915840099761463,0.05903604141708104,0.2977686498700431,0.11335508648150797
0.2917402911278142,0.05901071681270105,0.297862217585382,0.11330092123557786
0.29212554150049724,0.05900179902119069,0.2980882768004581,0.11323864584973288
0.29216975119369504,0.05898394276227037,0.29815842380061147,0.11322147900670732
0.2922208330584754,0.05897324535150301,0.2982129904087169,0.1131649590256819
0.29230486130632305,0.05893997513792126,0.29843547778025453,0.11313948494957561
0.2924332330980597,0.058872975119614125,0.2984854866436302,0.113116042702597
0.29278622111338204,0.058867815915561734,0.298621683676198,0.11302763375198015
0.2928460078262394,0.05884707728110087,0.2987761794497563,0.11299374120402554
0.29292777463705527,0.05884021329568563,0.2988296440386262,0.11292915077971118
0.2929656043574868,0.05867944082233711,0.29890335344897456,0.11290185731008653
0.29301589982291054,0.05866705158771069,0.2989963595979307,0.11289311381952562
0.2930636234089318,0.05864335695272543,0.29906579239077535,0.1128009991723503
0.29313192683391487,0.05864203894875336,0.2991589280071672,0.11277822357454408
0.29321607528999577,0.0586379161206327,0.29920826204032874,0.11272345523409508
0.2932883016394427,0.05861678776228602,0.2992265201746196,0.11270665283347016
0.2933634766116493,0.05859778771059309,0.29925527755857206,0.11269673388273119
0.2934934111698808,0.058587883255251126,0.29935459610510573,0.11265250190994863
0.293544001536656,0.058574157698459944,0.29943874456118663,0.11264940104359664
0.29358627926327857,0.05855324792175996,0.2995350290709415,0.11256213857185969
0.2936297871981229,0.05852792733721621,0.2996578687695235,0.11254998743002423
0.293671416117987,0.05851491908459197,0.29972122510880744,0.11251978809506669
0.293736608259808,0.058499503185243024,0.2997888815661306,0.11247380684234308
0.2937800314262289,0.058476338074631866,0.29983962044116935,0.11244067837561743
0.29381883325673686,0.05845748292313147,0.2999493036455126,0.11239045739707894
0.2938546377177572,0.05842546598545541,0.30002347744309116,0.11238086093261584
0.29395183847231776,0.05840559885457234,0.3000964240480598,0.11228529741752341
0.2940270448323713,0.058388370453464095,0.3001563980134215,0.11227556748744912
0.2940872709750855,0.05838114001832733,0.30025485433282706,0.11224169616837912
0.2942176243295934,0.05832205501329762,0.30029281898702165,0.11221588828621441
0.2942527530918185,0.058296534110052145,0.30061144061439354,0.11215497491489893
0.2942937696471064,0.05822880559299808,0.3007828382380867,0.11212844754057794
0.29437104599956215,0.05821186501504388,0.3010645458376785,0.11211967320495923
0.2945030401272221,0.05817534311222613,0.30115565391808463,0.11208728978198525
0.2946229951425096,0.058075360907799335,0.3012461803506817,0.11208182154452277
0.294737600292543,0.058068977752662766,0.3013252779118122,0.11204417571036593
0.29482675876716846,0.05806783088800358,0.3013431009910069,0.11203105056050244
0.2949572486821708,0.05801705999868345,0.3014541037676178,0.11198146918336412
0.29504033768161614,0.05796980842341167,0.301612586978496,0.11197678007313053
0.2950887936195851,0.05796745913504053,0.30166623396516,0.11197392334976243
0.29521878994264344,0.05794177657481407,0.30171395755118124,0.11195750825318117
0.2953045021760862,0.05792980224542248,0.3017624134891502,0.11194762103151616
0.2953227603103771,0.05788088616337413,0.30180842548186254,0.11193388256362859
0.29554881952545314,0.05786581702999621,0.30183309895652466,0.11188744397903116
0.295632792056687,0.05783205118244452,0.30190043243332765,0.11180555416869864
0.2956907422789381,0.05782613575387112,0.30194125808339833,0.11177637428256379
0.29573063316155085,0.057817559267495086,0.302002158610356,0.11169763789184328
0.2958167470490034,0.05778869632136153,0.30204558177677693,0.11168183925783186
0.2959031221224179,0.057786900272679007,0.302102452333546,0.1116354027216776
0.2960428822150238,0.057771511164129756,0.30242107396091794,0.1115495808106588
0.296079912632678,0.0577393177399604,0.30249348341321747,0.11146868262674853
0.29623839584355627,0.05771868181731761,0.3026044861898283,0.1113569315284787
0.2963374399948988,0.05763568519547872,0.30266243641207946,0.11135255213851124
0.29667888452002156,0.05762240121690603,0.3027146685756158,0.11133921109294843
0.2967413741512331,0.05755291445545392,0.30285604501916535,0.11128187364983125
0.2968195843579686,0.05751103395970666,0.30289832274578793,0.11112182019232174
0.2969283612477884,0.057428339326664864,0.3030207988465318,0.11110588515770466
0.29697964492070933,0.05737918252775202,0.30324803596807764,0.11090606912297084
0.297040545447667,0.05734682916219123,0.3033918164318824,0.11087185642527946
0.29710390178695095,0.057234424078219465,0.3034501343761394,0.1107512170188224
0.2971909688710723,0.05720137938871918,0.30355404688872323,0.11073652306096173
0.29731577468909526,0.05719207772086105,0.3036122504818296,0.11066508481961836
0.297657219214218,0.057171275081917786,0.30375505619795945,0.1106224664230773
0.29772455269102105,0.05714407156067258,0.3038181928265623,0.1105379360373964
0.2977924815302959,0.05713660254255894,0.30394582701663825,0.1105149994836733
0.29786639178888585,0.0571266701903458,0.3041252211764084,0.11048947831804071
0.2979264371393008,0.05706129068956758,0.3041766490125634,0.11043988002773747
0.2980425394429117,0.05704038651818755,0.3042478132040662,0.11036853951076339
0.2981787364754795,0.057029203503018884,0.30433707978200425,0.11035965912398658
0.29825783403661,0.05702457762417386,0.304445856671824,0.11033152325240583
0.2983341340783695,0.05701865035108245,0.3045393847594753,0.11030593758642307
0.29838986721856664,0.057017589322765114,0.3045853153051845,0.11024881993863904
0.2985416470216931,0.057015898716108106,0.304690869695229,0.11013786196649974
0.2985826280182457,0.05700779083406675,0.30480447013684697,0.11007262597135081
0.29868537443196663,0.056932326716206384,0.3048840486583307,0.10988069205549529
0.2987308851577904,0.056909183634766505,0.3049879611709146,0.10985062360861153
0.2988911084361489,0.056906967290160274,0.3053453760024457,0.109826506955327
0.2989311607601773,0.056890664455836834,0.30556343445109363,0.1095405788412693
0.29899451709946123,0.05688565283214863,0.305614516315874,0.10951457301051228
0.2991199536985291,0.05688428603460992,0.3057313257592189,0.10946287107925523
0.2992170810505496,0.05687939892001759,0.30582098435819827,0.10941260679541542
0.2993147326603132,0.05684620353784361,0.3058596821543459,0.10940943340235976
0.2995425988469784,0.05680247029638767,0.30596794654306136,0.10934333676442944
0.2996456186365288,0.05679328166404009,0.3060650935517741,0.10923235481190414
0.29969362276789036,0.056742045432828375,0.30620162772974285,0.10908694997034979
0.2997223801518429,0.05672499374547412,0.3063608234404989,0.10894846398212837
0.2998054570208835,0.05669104325864563,0.30643518551419097,0.1088969390718381
0.299926108812394,0.05669053397936704,0.3065840883217094,0.10889194191872767
0.30002106320798183,0.056689378066588775,0.3066166044958962,0.10885157245600692
0.30006358752245677,0.05663782701578338,0.30672568522347204,0.10875031991018774
0.3001357152486553,0.05662925838966759,0.30677360172795,0.10868198473329847
0.3002504367078632,0.05659380061779836,0.3069023176137368,0.10861976320930994
0.3003345851639441,0.05659157858257101,0.30696017158275557,0.1085941222515338
0.3004340091804392,0.05652475680748887,0.3070657430556039,0.10855430396809346
0.30048319684599684,0.05650402731645723,0.30716210109531894,0.10853837424444916
0.3005056723346482,0.05649506335812617,0.3071897274209683,0.1084949640677837
0.3006243746308089,0.05643827175367579,0.3072343490934608,0.1084820176640701
0.30076808379025993,0.056435111070135366,0.3073183216246947,0.10842172523501026
0.30082276043421785,0.05633962293588006,0.3075662642257842,0.10831581184636736
0.30092858248317134,0.056322659789829865,0.3076219973659813,0.10830365583488716
0.3009745491652543,0.05625614279721751,0.3076801102571295,0.1082078806551996
0.3010442916656797,0.0562167938068057,0.3077347869010874,0.10819073511594982
0.3011021456346985,0.05618495224301188,0.3077910131872578,0.10810891358644253
0.30122624988549823,0.05614406108996324,0.30788835955764293,0.10809660939742227
0.30144008714018966,0.05614342868335227,0.30800976342575087,0.10809418465205411
0.3015072064830698,0.05611727305886151,0.30814314830261197,0.10807917514193166
0.3015546637098683,0.056109223709733445,0.3082170143633758,0.10804927799658481
0.30161773481899523,0.05609545502543422,0.30826960323131647,0.107888153129116
0.30173233996902865,0.056092522002669905,0.3083892961941846,0.10788637168320715
0.30179708845488884,0.05606146115392601,0.3084631622549484,0.10782072760672537
0.30189065617022776,0.05605520458482166,0.30857132191273967,0.1078003063327782
0.30205839897433684,0.056051906615681796,0.308729805123618,0.10775041022855704
0.3021757123221687,0.05602126759540137,0.30882884927496046,0.10773779906846678
0.30223906866145267,0.05599850543343072,0.3089193757075575,0.10770986355277924
0.30225890041844095,0.05599499354303904,0.3090868243918257,0.10770652510147033
0.3023430507858251,0.0559786040365176,0.3091332351376142,0.10763130101352979
0.3023992770719955,0.055944678901774625,0.3092400724029037,0.10761419228579307
0.30248035078478536,0.05591024292228468,0.30928214542045207,0.10740586547190617
0.30258861517350083,0.055900914684617185,0.3095093825419979,0.10733207915911294
0.3026445812081242,0.055879769701994625,0.30960627136337115,0.1072240837997811
0.3027861131807913,0.05586719791141516,0.3096580179794265,0.10720128912952692
0.30283256263684183,0.055829046806258664,0.3098320204801111,0.10706231084702969
0.30299293136113137,0.05582848285779801,0.30995965467018705,0.10689861211989184
0.303191371819319,0.05578892991035269,0.3100923706843475,0.10680604105381171
0.3033359356456319,0.055706801056150716,0.3101641531272405,0.10677774190129719
0.3035099381463165,0.05566892456836292,0.3102882573780402,0.10673352122772084
0.30355771039836615,0.05566392745110122,0.31042801747064613,0.10670979402660025
0.30364247148235834,0.05565306516865234,0.3105360192802719,0.10669573825376863
0.30368668117555614,0.05560824985688496,0.3106388556611611,0.10665191604455528
0.3037710096169417,0.05559205560531185,0.3107002286028227,0.10664483773555951
0.3039162390185136,0.05559051515158079,0.3107554946247496,0.10655593859235422
0.30405041930334076,0.055460877852139136,0.3108362629877301,0.10652718636931775
0.30417622074047024,0.055435058022365105,0.3109226380611446,0.10647724166259992
0.3042917647311612,0.0554078526632275,0.31108420156234073,0.10646991042289716
0.3043439416537859,0.05540475454817353,0.3112306577147992,0.10643447246791288
0.3045002228054538,0.055385404906225094,0.3113474671581441,0.10636544539013038
0.3046198605443996,0.05538181293331782,0.3113870259709278,0.10633520082086267
0.3048379189930475,0.05537058914647874,0.31147988201886767,0.10624356995283066
0.3049229987550038,0.055277253714393335,0.3115673487692434,0.10622219385211581
0.30501742352421,0.05523623463877233,0.31162564566368045,0.10609853717311607
0.30514222934223295,0.055194912758467635,0.3116890020029644,0.10602198201788471
0.3056389075738673,0.055167607299464724,0.311810076141528,0.10601230742270011
0.305728158360193,0.0551596589145033,0.3118653533806814,0.10601061783364446
0.3058732924004741,0.05514959006179598,0.3119382882544954,0.10600236112434647
0.30592023423797665,0.0551178741932575,0.31198629238585696,0.10598437335120114
0.30595897627442387,0.0551162668916158,0.31202845137807345,0.1059381370375903
0.3060351670915729,0.05509791992151175,0.3121087076646837,0.10588123776251002
0.30622932033514205,0.05508295567876108,0.31216088458730834,0.1058152674224766
0.30630652627518556,0.055080923995556766,0.312252436905561,0.10577369251054418
0.3064657219859417,0.05502950066130448,0.31236212010990416,0.10570098986919524
0.3065848315426017,0.05501186264780623,0.31246859534037685,0.10562040963125559
0.30673396289102234,0.05500265426480569,0.3124868534746677,0.10561422304486169
0.3068615970810983,0.054972076898251,0.312646874375742,0.10557901107483256
0.3069229092348214,0.054955988959742956,0.3127914382020549,0.10556651664841214
0.30696757742843533,0.05493167514798539,0.3128322638521256,0.10556640986799289
0.30702700157131096,0.05492625262699737,0.3129186389255401,0.105538399134963
0.307071031215494,0.05491178876387789,0.31297298847330496,0.10553758493473663
0.30716810409961887,0.054909768117431514,0.3130545873187901,0.10552186393233759
0.3072604367477785,0.05487129612945501,0.31309556831534263,0.10551845058198994
0.30735396483542976,0.054849677197751405,0.3132238712831724,0.10541971904327051
0.30742129831223275,0.05480691269251099,0.31331497936357855,0.10538783201498542
0.3074910623381803,0.054735866800724266,0.3133879259685472,0.1053856465476902
0.30750682385275835,0.054696193906125457,0.3134484157097129,0.10531942938088168
0.30759702703725283,0.05468823523619456,0.31352136231468153,0.10531673435554186
0.30764343778304126,0.05468516765783095,0.31365680438246035,0.10520261856673292
0.3077810936921532,0.054645543732160996,0.3137065063245107,0.10519867996774478
0.3078448358768453,0.05461393760028079,0.31382039572969805,0.10519720929761035
0.3079759146176623,0.054593819931235195,0.3138635419185447,0.10515506512272836
0.30801386603714365,0.05448801428582309,0.3139824247011962,0.10513743100516773
0.30806529387329873,0.05447768762951583,0.3140711061315165,0.10513672427825624
0.3080815613799317,0.05444681200325286,0.3142598398874246,0.10513583076367898
0.3081973600581535,0.05443822668685211,0.3143521725355842,0.10511442313220419
0.3082683673911211,0.05439119170004692,0.31439638222878197,0.10499458324246182
0.3084068722161958,0.05431855780230586,0.31445687196994765,0.10492119997610343
0.30858508281203845,0.05429631859012866,0.31452805893993796,0.10486652660402487
0.3086359729306281,0.054264641695642775,0.31457085794691786,0.10474414745241764
0.3087081343892056,0.054249670143224606,0.3146568333795621,0.10473786005869735
0.3087615173102107,0.054224789755557126,0.3147258448107366,0.1046017791415481
0.3089151192224482,0.05420653220637325,0.31478526895361225,0.10455339958265296
0.3089656223955685,0.05415993727736402,0.3148615993213835,0.10454074342087769
0.3090737820533598,0.054156425122154885,0.31491945329040233,0.10452724006604916
0.30915031394894715,0.0540954905432458,0.31497564784469123,0.10452017200959682
0.3092670417499113,0.05408994355483893,0.3150656061615063,0.10451258953055073
0.3093175719955806,0.05404940289805031,0.3151390089733272,0.10450634315001038
0.3093722071132896,0.05404676348662746,0.31548045349845,0.10449285606197953
0.30943986357061276,0.05402116190389116,0.31568591915990146,0.104491476017903
0.3098251139432958,0.054005722424998404,0.3157217236209218,0.10446906175358973
0.3099419233866407,0.05400386076184755,0.3158470340484903,0.10443454565166063
0.3099921312124388,0.05393465883107102,0.31592449446369764,0.10440399590793352
0.31014103401995724,0.053931485616536295,0.31599394704065475,0.10439284644322094
0.31021330603681013,0.05391377456230494,0.3160164225293061,0.104235952380035
0.31025933083525425,0.053904155747993,0.3160885839878836,0.1041690202301084
0.31042089433645037,0.053876901925148005,0.31620531178884775,0.10416019635736345
0.3105258794299522,0.05387215910019853,0.3163067561293442,0.10413570978207784
0.31066725587350175,0.05387135468177619,0.3164267111446317,0.10405163142130712
0.3107095336001243,0.053765217502472866,0.3164942934306463,0.10404041197433661
0.31082100555496556,0.053757925656362185,0.3165911822520195,0.10391791411338935
0.31093105935676413,0.05371890215493611,0.3166343284408662,0.10385169217934784
0.3109993627817472,0.053717786006789246,0.31669739954999315,0.10383874222668138
0.3110670192390704,0.053691805475081913,0.31676074401796017,0.10373633046750323
0.3111800094822559,0.053682313498751036,0.31684262456406226,0.10364859847622136
0.31127099788959367,0.053676882385808096,0.31692988189506316,0.10364024840147337
0.3113694542089992,0.05366230243162108,0.31699258116651124,0.10363827232817252
0.31144064014263845,0.053649432061384,0.31708126259683156,0.10362611866299794
0.3115135867476071,0.0535158337204423,0.3171413079472465,0.10361034172046663
0.3115669696686122,0.05349761564031749,0.31720969180411823,0.10336569641913625
0.31172443509776077,0.05349444559515225,0.3172656578387416,0.10334327788415829
0.3117857472514839,0.053456670865961946,0.3173592716292312,0.10332266275623857
0.31183648612652265,0.053449000239580366,0.3173883435436197,0.10324229765960588
0.3118991853979708,0.053444954542376,0.3175645009750236,0.10319537211658208
0.3119902934783769,0.05344322070213536,0.3175939921741326,0.10305037394636277
0.31209303989209786,0.053424582163504715,0.31766157446014714,0.1030502951673229
0.31222175577788464,0.053411107270685064,0.3177422062371491,0.10302762614172295
0.3122688727884549,0.05337647687963452,0.3177912603620714,0.10301234620594386
0.3123965069785309,0.05335974877163448,0.31784593700602937,0.10294835978272346
0.31246629131526105,0.05321969099953917,0.31790425639013475,0.10294386696314187
0.3125470596782416,0.053218259226548374,0.31805875216369306,0.10293991724154679
0.31258284262223457,0.05319787356573152,0.318192384082872,0.1029386986940373
0.31307952085386886,0.053172543056838224,0.3183598327671402,0.10290625470912743
0.3131357471400393,0.05317240034820288,0.31847282301032565,0.10289767549995299
0.3132342376335472,0.053149010810662776,0.3186219543587463,0.10287964998220743
0.313310936143811,0.05311467678363499,0.3186942263755992,0.10285153244781829
0.31342095054727837,0.05308956568118,0.31904412820529493,0.10284540173922646
0.313559455372353,0.053034128812193854,0.3191343313897894,0.10282136406573943
0.313605422054436,0.05303034136812258,0.3192747041442853,0.10277883271526274
0.3136531456404572,0.0530199883327517,0.3196599545169684,0.1027715463202565
0.31372152949732895,0.05301695885190116,0.319788326308705,0.10273174503031313
0.31377058362225124,0.05300296072948471,0.3199597239323982,0.10272573003912557
0.313924548223396,0.05298499130189715,0.32002242320384633,0.10266691870350624
0.3139831483821981,0.05294887837090373,0.3201406382281057,0.10266599977716535
0.3142972037446751,0.052896783015009406,0.3202346092199385,0.10264064298135515
0.31433539478637024,0.05288893141595264,0.3202771335344134,0.10262380517572865
0.3144095685839488,0.05287420239988569,0.3203226442602372,0.10256759508485928
0.3145083059838596,0.05287294690989343,0.320375256637208,0.10251417743147997
0.31460353262548424,0.05285409388144534,0.3204274335598327,0.10250046343367755
0.314662253994892,0.052832308530629,0.32058103547207023,0.10239263803854991
0.31480603445869676,0.05282690841635959,0.3206958778275806,0.10238583975089538
0.31492417663257044,0.05281811713243011,0.3207617139936545,0.10228794105083704
0.3150232502094885,0.05280532212168387,0.32079966541313587,0.10228418331762648
0.3151145870771426,0.05280092662986188,0.3208545794537011,0.10228311560772185
0.3151725372993937,0.05279704186147881,0.3209957332176785,0.10228137438062584
0.3157947393279981,0.05279374664714472,0.3210428502282488,0.1022785688349726
0.31585611226965976,0.05278256365617195,0.3211014503870509,0.10224029297635706
0.31592044728540863,0.052781817714485424,0.32130436786501304,0.10223544682789007
0.31600912871572895,0.05277425208694477,0.3213811534712429,0.10204156374679876
0.3160967743810795,0.05276233209614122,0.32143935706434934,0.10201036855691539
0.3162004158368819,0.052720282007453156,0.3214853690570616,0.10200523020496709
0.31629948941380004,0.05269526424753106,0.32160752001538906,0.10187596510439047
0.31644878897389717,0.0526360730695392,0.3216257781496799,0.1018469519192411
0.31664242421180855,0.05260820325586297,0.32174001703454524,0.10181457104515065
0.31672757210110786,0.05258653590817575,0.32195255200364525,0.10180460650138355
0.3167739828468963,0.05256659081866398,0.3219965816478283,0.10175253982627203
0.31681268064304396,0.05256628658130194,0.3220177010073516,0.10150660902301771
0.3168878870030975,0.05254286801563414,0.3221167745842697,0.10143937259489313
0.31697008944664784,0.05254090388444362,0.32218893604284715,0.10141724189404437
0.31702868960544994,0.05253789127534093,0.3222647816361534,0.10139226745868055
0.3170984536313975,0.05251407839745426,0.32234205798860915,0.10126383039037727
0.31721144387458294,0.05247921026884175,0.32243201630542423,0.10124834412072396
0.31723391936323436,0.052471802416886884,0.3224869515784451,0.10121979877762122
0.3172843087925738,0.052336093899493404,0.32300793897122654,0.10113926456496919
0.3173567182448733,0.05230595235532169,0.3231155543832899,0.10111314468073973
0.3174709571297387,0.052265226228108946,0.323187656251679,0.1010941036201864
0.31760089168797023,0.052244592110321175,0.32331529044175494,0.10103667918983114
0.31767207865796054,0.05221446157410744,0.32336996708571286,0.10101223905546679
0.3177835506128018,0.052199812934578295,0.3234309859860527,0.10100192809273567
0.31784575684021277,0.05216173883940753,0.3235032580029055,0.10090345015073329
0.31790396043331914,0.05214067722914617,0.3235836408602652,0.10087572223910536
0.31798015125046813,0.05212876054798819,0.3236370522129682,0.10085999936980879
0.3180383548435745,0.05207521699356106,0.32366312707004863,0.10080941085732026
0.31815943870005337,0.05206428427078463,0.3237283192118697,0.10077859005966236
0.31821633030239505,0.05203335614200036,0.3238747753643281,0.10073433970352078
0.31826568196202004,0.05199866305458725,0.3240313822530402,0.1006736898728763
0.3183235359310388,0.05196435525781298,0.3241624609938572,0.10051875430174251
0.3183962870564044,0.05195930833070694,0.3242824160091447,0.10047193901529974
0.31847449726313987,0.05195443735465353,0.3243498748249684,0.10046345252061246
0.3186192050573093,0.05195433141232831,0.32445992862676704,0.10043483629369417
0.31870788648762954,0.05194316626608059,0.3245096305688174,0.10042764690751807
0.3188167455125216,0.051937854489538075,0.32459001342617705,0.10040123087879108
0.319010380750433,0.05193309293221733,0.3246377370121983,0.10031510476291948
0.3190714301551728,0.05192130039709249,0.32471426890778565,0.10023366314682466
0.319096572217685,0.05188011809807224,0.32485700715915766,0.10023192496432515
0.3191454304977329,0.05184171564973771,0.32510675401353833,0.10012805233621916
0.31919572596315665,0.051803839116413064,0.3251744104708615,0.10010636804668592
0.31927855815989553,0.0518021072851462,0.3252454996373401,0.10009811803101239
0.31937491619961056,0.0517980638989819,0.3253661514288506,0.1000494383861759
0.31946196456145465,0.051796621847395065,0.3254267120836147,0.09989855538147935
0.3195314171384117,0.05179105902097124,0.3254649031253098,0.09988584318962236
0.3196213754552268,0.05177946330667867,0.32562492402638415,0.09988044513352536
0.319715800224433,0.05177808278210043,0.32571537324232935,0.09986992525811106
0.319753244592148,0.05175479709266014,0.3257742638767541,0.09986738200840083
0.3198503719441685,0.05163449569113846,0.3258302299113775,0.09979642110514256
0.319896821400219,0.05163101000664843,0.3258939720960696,0.09973722801310128
0.3200448344238636,0.051630382211882764,0.3259753938444417,0.09973193600469044
0.32056582181664506,0.05161478951511417,0.3260800393715584,0.09971085173892681
0.32067881205983056,0.05157327640760305,0.3263236067191538,0.09969199201447425
0.32078642747189395,0.05155657202279046,0.3264573518044752,0.09965833243035502
0.3208755859465194,0.051544336302586403,0.3265207081437592,0.09958922705284759
0.3209666940269255,0.051519952661098496,0.32662345455748015,0.09957240392629892
0.32107257990491334,0.05149168739297869,0.3266737353525895,0.09945663917609339
0.32129863911998935,0.05143075800551131,0.32672018480864,0.09941454049320052
0.3214340811877682,0.05140383689298518,0.3268805535329295,0.09934002030970024
0.32148998162221626,0.05138840054134563,0.32703986692899856,0.09928372678904984
0.3215848640338758,0.051354044421826166,0.32707564987299154,0.09927234791363476
0.3216773134923962,0.05135108423008128,0.3271278267956162,0.09927108097506625
0.32177751809363864,0.051348037069854705,0.32720271812192386,0.0992204399920913
0.321908008008641,0.05131816430668312,0.3272789089390729,0.09913997869899206
0.32203331843620947,0.05131507894357641,0.32740674662773095,0.09910281584793726
0.3220804354467798,0.05130568994138154,0.3275421886955098,0.09892272817932259
0.32221587751455855,0.05125404072291702,0.32759110576724604,0.09888174211903958
0.32234418048238833,0.051241935347980105,0.3276469438040136,0.09885483105297536
0.3224171153562023,0.05121369853765746,0.32773847290630254,0.09884654977640489
0.3225204362142427,0.051178524251938876,0.3277807506329251,0.09880156240947685
0.32262861044890684,0.05116842376836718,0.3278312808785943,0.09865630545432368
0.32272259814128285,0.05115782298577578,0.3279394551132585,0.09853887829205632
0.3227793928108177,0.05101704889015238,0.328059410128546,0.0985222673434097
0.32288692442285133,0.051009124761969594,0.32822076695414926,0.09848307541247038
0.32301465453486705,0.050932197014088805,0.32843460420884074,0.09848237323580851
0.32323271298351497,0.05092881322552377,0.32851181014888425,0.09845665486271826
0.3233676004165708,0.05089868516002248,0.3285941730144885,0.09843960942624985
0.3235563341724789,0.05086862334649925,0.32870889447369644,0.09831218837664979
0.32364558495880463,0.0508401080364041,0.3287479434612004,0.09825245581966587
0.3237613779540848,0.050833147502638634,0.328845595070964,0.09820217780810252
0.3238394696005552,0.050750077465476884,0.3289449057344336,0.09817824428922708
0.3239561974015194,0.05073689119509607,0.3290289339822812,0.09813719443675328
0.32407080255155274,0.05067812554030427,0.32904532500370204,0.09796922424516943
0.32416258412426074,0.05064373218824648,0.32912782552561465,0.09794749085714517
0.3243411885675012,0.050637546227407515,0.3292227799212025,0.09794728473664706
0.3243846117339221,0.05058935167677567,0.3293046604673046,0.09793996263878045
0.3244777473503139,0.05056242543982073,0.3293535775390409,0.09780180838658535
0.3245887501269248,0.05051996584278703,0.32940941557580844,0.09777750774721482
0.32462387888914984,0.0505029195687387,0.3295611953789349,0.09776697361721313
0.3246617086095814,0.05049470842741233,0.3296583227309554,0.09763401594880203
0.3247588359616019,0.05048780232490752,0.3297533982352127,0.0975778568049215
0.32489222083846303,0.05047444998889989,0.3298036937006364,0.09756824529593656
0.324957412980284,0.050422813804138863,0.3299031177171315,0.09756345057116096
0.3250160131390861,0.050415478686304964,0.33001179288314425,0.09746407350392731
0.32535770632051614,0.050411051086989116,0.33019716354380907,0.09745835867735356
0.3254224489153149,0.05040295847758579,0.3303059404336288,0.09736693200331487
0.32544695471346546,0.050390615081192865,0.3304845448768693,0.09735865383335988
0.32562847697775166,0.05037412292753877,0.3306447681552278,0.09734881517016084
0.3257033683040593,0.05036287236360124,0.3307438123065703,0.09731893745830753
0.3258063880936097,0.05030457638766981,0.33082127272177764,0.09731872479517333
0.3258563969569854,0.05030230569907798,0.3309974301531815,0.09729704714638181
0.32600821926749646,0.05027814378488309,0.33113106207236037,0.09724214547920439
0.32610542002205695,0.05025100655857751,0.3312115757308207,0.0972296512105233
0.3261748528149016,0.05023362278435164,0.33125113454360444,0.09722797467907497
0.32625721568050586,0.05021631825493065,0.33134431682127996,0.09722198607916248
0.3263786615208334,0.050161463453780614,0.33139087121637434,0.09719287083557543
0.32650617097501106,0.050127944555343626,0.33143367022335424,0.09705781290362783
0.32662487327117173,0.050071168565947205,0.3315193824567971,0.09701920759655955
0.32675686739883164,0.05005505251612642,0.3315782730912218,0.09700269626000643
0.32683834544995055,0.05003494202432106,0.3316950825345667,0.09695068116413876
0.3269166145418159,0.04996157214387386,0.33177254294977404,0.09694437513308415
0.3270197992471065,0.049960772045382094,0.3319062880350955,0.09693403254618543
0.3271073944965243,0.04995701508643849,0.3319814630073021,0.09690266237768043
0.32715962666006065,0.04995364753021656,0.332121835761798,0.09688983844365236
0.3273016968557267,0.0499338640455403,0.3321613945745817,0.09687180648079934
0.3273827721145485,0.04981859644856771,0.33225905962293095,0.09686042080488759
0.3274438215192884,0.049814756100338115,0.33241323907155185,0.09685837746856235
0.32759295286770906,0.049809962482786255,0.3327546835966746,0.09684970328294973
0.3277631441787186,0.049794372069808725,0.33282684505525206,0.0968370830818504
0.32787134129805384,0.04978250849402846,0.33288211107717897,0.09677653581749282
0.32794110532400134,0.04973472151950877,0.33299325875606123,0.09671231911883536
0.328063485247965,0.04972823383834045,0.3330499567731137,0.09669403912617654
0.3281409996128925,0.04972606223104804,0.3331557788220672,0.09660842258429035
0.3282129243162111,0.049725740630121584,0.3332201138378161,0.09654850853675778
0.32835430075976063,0.04966858003981791,0.33336236016220155,0.09650396093769352
0.3283828210380486,0.049660138146989156,0.33345956091676204,0.09649727569075237
0.32841231223715767,0.04965643687643161,0.3335335918507927,0.09644813734543911
0.3285371180551806,0.04965498551415039,0.3336288184924173,0.09633734387224067
0.3286031572526291,0.049635781083386746,0.33381418915308214,0.09626493541820874
0.3286441738079171,0.04960027371911052,0.3338647795198573,0.09622696602485112
0.3287641288232046,0.04958865142531945,0.3339862253601849,0.0961644636210421
0.32887560077804584,0.049545281841984125,0.3340977086299414,0.09615111514921561
0.32919422240541774,0.049525269978819564,0.33415565885219256,0.09613768603027689
0.32981642443402215,0.04949239883655562,0.33424718795448155,0.0961344742596
0.32988620877075236,0.04947676636815573,0.3343988053562934,0.09613371496391658
0.32992417342494695,0.04945019162045591,0.33442732563458144,0.09610626866977331
0.32999265041750303,0.0494334467239695,0.3345428696252724,0.0960411408909362
0.33015184612825915,0.04941675109600983,0.3345888363073553,0.09603111956396836
0.330286733561315,0.049353461063927136,0.33463972642594497,0.09601836170006914
0.33040275946376346,0.049352957519996764,0.334688705797673,0.0959893665882811
0.33047250196418887,0.04934530859753839,0.33493057674044935,0.09589479412731088
0.3305505936106593,0.049344484015931674,0.3350745041282596,0.09582257581384067
0.330588341837367,0.04933663188965738,0.3352296701831303,0.09582038701920485
0.3308217107086006,0.04927132855970901,0.3353493079220761,0.09579976749940983
0.33091269911593846,0.0492438657624928,0.3354160732108924,0.09577683354651367
0.3309925127277235,0.04923866913334619,0.33555025349571954,0.09573222771202258
0.33105225010771994,0.04921800888207002,0.3360469317273539,0.0957035368534995
0.331219992911829,0.04918931725317145,0.3361027697641214,0.09568229599675161
0.33126771649785025,0.04914313440601468,0.3361318416785099,0.09566736260531436
0.33138452594119516,0.04913864268723018,0.33802814809186427,0.0955746146575342
0.3314781397316848,0.04912508918357174,0.33815062419260816,0.09557032212274853
0.33177019767554833,0.049104260345193745,0.33829863721625275,0.09548908090343895
0.33182384466221226,0.0490908789809069,0.33835695660035814,0.09540043405996688
0.3319411580100442,0.04909064909874266,0.33846539560573974,0.09538211643561632
0.3320825611014086,0.04908719476417435,0.33858327136092786,0.09535080145382421
0.3321799074717937,0.04906462385922919,0.33863404452049983,0.09534133227369311
0.33223454258950275,0.04906164004543322,0.33869892839034116,0.09533741267789661
0.3323218049238708,0.049040375639127866,0.3387884315281604,0.09528113167851937
0.3323975826191905,0.04896449168713606,0.33887236594375986,0.0952717782655648
0.3324973539747039,0.04896330667346439,0.33901212603636577,0.09521971143107227
0.33254797010584713,0.04894877607047646,0.33908157861332283,0.09518788144850521
0.33258442150054873,0.04893136081980542,0.33918432502704376,0.09511590407162127
0.33266112001081255,0.04892992112391593,0.3392828155205517,0.09504686251027056
0.3327006788235963,0.04889764711398319,0.3393238320758396,0.09485097750992898
0.3327863910570391,0.04885070608117032,0.3394036456876247,0.0948456360244521
0.3328422290938066,0.04884631308971146,0.3395328298002376,0.09482236377802843
0.33289260465133175,0.04884592011816201,0.33965863123736706,0.09462902848224389
0.3330209764430684,0.048839605704682924,0.3397338375974206,0.09458663123939869
0.3331120845234745,0.048836160237977266,0.3397807687316248,0.09456728493613323
0.3333399507101397,0.04881805430427601,0.3398757231272127,0.09451906855622395
0.3335185551533802,0.04880730183070116,0.33994813257951223,0.09442994904226612
0.3335798673071033,0.04879109184003398,0.3400692164359911,0.09437610439101318
0.33370750149717926,0.0487154897258604,0.3401803641148733,0.09433064564719075
0.3338185244486579,0.04869824646938671,0.34022638891331747,0.09424535683864921
0.3338832729345181,0.04868328298642904,0.3403364604265263,0.09415823714012045
0.33394113119759816,0.048576922364882195,0.3404571122180368,0.09414015359608027
0.33408228496157555,0.04855966833222305,0.34055533988610925,0.09412284815867751
0.334128695707364,0.04855139849659209,0.34064449836073474,0.09405352397461766
0.33442075365122753,0.04854757833098665,0.3407914078743272,0.09403281548799201
0.3345013854282295,0.048474401441983395,0.3408662992006349,0.09401166522656543
0.3345593356504806,0.0484731440617618,0.3408908049987854,0.09400463972773163
0.3346411024612965,0.048467630810073555,0.3409487552210365,0.09396354750685226
0.33475931748555593,0.04846293612088322,0.34106734907409736,0.09387765925700957
0.33485836163689847,0.048457252704173316,0.34116755367533985,0.09387362511951407
0.3349313082418671,0.04841527712465251,0.3412178491407636,0.09382993770289251
0.33507587206818,0.048393082186217226,0.3413027110736106,0.0937997109998885
0.3352612427288448,0.04834507726772393,0.3413449888002332,0.09378984558037598
0.3354557678015981,0.04834190301882516,0.34142782099697205,0.09376070169092256
0.3356012459104454,0.04830946352415436,0.34152802559821455,0.0937105206115096
0.33570992107645814,0.0482752252053399,0.34163814864015934,0.09366248915490145
0.33578973468824325,0.04826555604008131,0.3418323018837285,0.09365219098728879
0.3358622996271869,0.048245589972326156,0.3419323922145199,0.09360683268601667
0.335955305776143,0.048175329621235934,0.3420224351893275,0.09351831059911155
0.33601300798343536,0.04815869131671454,0.34206585835574843,0.09348139302213007
0.3360760790925624,0.048133123811140634,0.34217313796457044,0.0933287361003999
0.3361653298788881,0.048058791432030824,0.3422364824325375,0.09319878818550466
0.33625368318515886,0.048044747655087865,0.342301834554689,0.0931574099399733
0.33634208733209636,0.04802904196094774,0.3424517557385648,0.09310711446708073
0.3366026878066294,0.048012562994282415,0.3425212083155219,0.09307551958173015
0.33676291108498796,0.04800411527124871,0.3425975083572814,0.09305423433327413
0.3368759013281734,0.04797176873449945,0.3426403073642613,0.09304501874360631
0.33694428518504516,0.04796112425428704,0.34297332163187594,0.09300077399054622
0.3369968740529859,0.04795770881763169,0.3430238518775452,0.09295675793857049
0.3370690017791844,0.0479441366905316,0.34310899976684445,0.09291380100938282
0.3371506006246695,0.04792481346204301,0.34319007502566634,0.09289888679291058
0.33726280300316586,0.04790089303305812,0.34327483610965853,0.0928520516390175
0.3373125049452162,0.04789554480589759,0.3433554678866605,0.09274516263750805
0.33735944678271873,0.04787865405847864,0.3434391077746744,0.09272119069339917
0.3374660362156851,0.04785032526711224,0.34392697841506303,0.09267842830217735
0.33758805337428943,0.04784886611660373,0.34395177271169913,0.09251672052329347
0.3376063115085803,0.0478478895654095,0.34401592886344134,0.09248946113444277
0.3376827155422266,0.04783422421773152,0.3440584531779162,0.09243687322977356
0.33774268950758835,0.04779042327090782,0.34409628289834776,0.09242015918588456
0.3378731794225907,0.04776763861567438,0.34426402570245684,0.09233754244426823
0.3379346240508667,0.047765744444590294,0.34441584801296793,0.09232153690193716
0.3379954135735782,0.04775119076781155,0.3444704146210733,0.09229801279269553
0.3380535388074981,0.04773163669924305,0.3445042314817278,0.09222448846853604
0.33811040936426723,0.04772360727968732,0.34455117331923035,0.09217754434000161
0.33819881351120473,0.0476947623149064,0.34464542419381833,0.09212014412993653
0.338326585892754,0.04769283842292742,0.3447565718727006,0.09208953786287385
0.3383768813581777,0.047680282599197286,0.34480512789925044,0.09206685792491927
0.3384228119038869,0.04765089481180773,0.3448653540419647,0.09202287025697602
0.3385779779587576,0.04763193098216122,0.3449206312811181,0.09202085463608733
0.3386425144895806,0.04762849955761462,0.3449756818269624,0.09201910609607294
0.3387969122684969,0.04755904381527469,0.3451202456532753,0.09198374121188371
0.33895131004741325,0.04752946118568977,0.34523036869522017,0.09197173079357239
0.33918737606486515,0.04752615479446684,0.3453015556652105,0.09196548152348871
0.33924253280696615,0.047494296417232865,0.34545337797572157,0.09192451003930543
0.33934536918785535,0.04745533764995488,0.3455444860561277,0.09189486899959182
0.3394000458318133,0.04744857298990943,0.3456226962628632,0.091864072898434
0.33943823687350844,0.047430226205780225,0.3456652205773381,0.09185968832444823
0.3395543391771193,0.047406599800607886,0.3458745233542316,0.09179788471844427
0.33967000430196376,0.0473817233954359,0.34595535968315616,0.0917228527100231
0.33974958282344747,0.04734064978555395,0.346036837734275,0.09169891338188689
0.3398044249183106,0.04732431877434219,0.3460965751142715,0.09164579436868811
0.3398687599340595,0.047298629761500934,0.34611233662884955,0.09156972777085336
0.33993210440202654,0.047274420257436944,0.34625756603042146,0.09154785093113585
0.34002077672604863,0.04727307653101831,0.3466105540457438,0.09152211878375362
0.34014669313868773,0.047241840782695964,0.3467106443765352,0.09150491577638391
0.340241768642945,0.04723386882048963,0.3468330243004989,0.0914304999991164
0.3402600267772358,0.04721056527651596,0.3469201979503955,0.09139344693867017
0.34030213131854603,0.04720533179920103,0.3470745957293118,0.09136871548746145
0.34036235755045446,0.047169212374314165,0.3471123439560196,0.09134275042416766
0.3404843747090588,0.047141284390792036,0.34723294085490036,0.09133468933300211
0.3405271737160387,0.047134227566189964,0.3473242735006979,0.09127723059140355
0.3405871476814004,0.04710254300153065,0.3474784529493188,0.09127232159588873
0.34064720889987976,0.04706500634855458,0.3475774971006613,0.0912637908613174
0.34087507508654497,0.047038658837544836,0.34766475443166217,0.09125668147197068
0.34105880608686096,0.047038456771129965,0.3478772433595902,0.09120490963016532
0.3411913223485937,0.04700086465773372,0.34807691027984516,0.0911845721143514
0.34129791178156,0.04694844264630031,0.348212352347624,0.09117613598030878
0.34136584062083486,0.04693483691259836,0.3483400824596397,0.09107931501812117
0.3414558835956425,0.04690504890481178,0.3487765819233966,0.09104507381874948
0.3415772874637504,0.046900677987879606,0.3488532804336605,0.09101368324740654
0.34163069881645336,0.04687154388366877,0.34894816284532004,0.09098987213332217
0.341730017362987,0.04686624967537421,0.3490262544917905,0.09095572065621228
0.3417937595476791,0.046860029980500706,0.34907466372175505,0.0908369349716519
0.34192739146685797,0.046845687888783,0.3491529328136204,0.09082146224857535
0.3420628335346368,0.04683369376164436,0.34937458266056276,0.09076736603866674
0.3421606462035554,0.04683144478359712,0.3494509130283341,0.09069439855290355
0.34221528132126444,0.04682434351380243,0.3495528003664536,0.09062454008235653
0.3423191938338483,0.046809658481646824,0.3496074770104115,0.0905559046562878
0.3423748948344192,0.04678493287711762,0.34972711474935736,0.0905458685056798
0.3424306279746163,0.04675406204729473,0.3498524781242735,0.09053638662751014
0.34252908429402185,0.046746099958873306,0.34990509050124435,0.09048626789822295
0.34259199466679174,0.046719436310534476,0.350083301097087,0.09044407115585096
0.34264165902412524,0.04671451558093069,0.35024486459828313,0.09041532663297788
0.3427517128259238,0.04664790266324345,0.35032007095833667,0.09029777167607353
0.3428631960956804,0.04657549156753357,0.35037597139278476,0.09024756030150237
0.3429899088846792,0.046531327169287325,0.35040472877673723,0.09013483756187059
0.3430358394303884,0.04652447200857868,0.3504573411537081,0.09008561595848849
0.3432195704307044,0.04651714505673929,0.3504950893804158,0.08988324753085729
0.34326209474517927,0.046438703202998165,0.3505801691423721,0.08985903018531576
0.34327836225181224,0.046400750077771356,0.35066267945015744,0.08984854481794183
0.343346746108684,0.046397175026012184,0.3507138640963326,0.08982990876022384
0.3438346167490726,0.04638305624275407,0.350907499334244,0.08978296329687975
0.3439567677074,0.04636289756595032,0.3509672860471013,0.08973541555699086
0.34400894463002474,0.04634036966927711,0.3510674906483438,0.08964412979690034
0.34411449902006924,0.046307637393671046,0.35115386572175833,0.08962896449769954
0.3442332013162299,0.046266371251548755,0.351332076317601,0.08959803153716805
0.34440035990713613,0.04626243639118881,0.35144354827244223,0.08956956868279858
0.34449967845366986,0.04624739379034673,0.35159861582299007,0.08946668330322971
0.3447078369460416,0.04622586922721072,0.35169179810066564,0.08945197082731018
0.344951068295018,0.046218779969006155,0.35179156945617907,0.08943375418012503
0.34506113980822684,0.0462138029053462,0.3521287959983349,0.08935349069576234
0.3451353136058054,0.04619105438058397,0.35220270625692485,0.08928980198630501
0.3453294954424714,0.04612705986763059,0.35233890328949263,0.08928724749278175
0.3453654798803017,0.046124953467920074,0.3525066460936017,0.08927492608996149
0.34545055964225796,0.046105812724147606,0.35254538813004893,0.08926618606023676
0.3454830758164447,0.04606654047363822,0.35267082472911676,0.08907719034657656
0.345558921409751,0.046059692996903,0.3527929756874442,0.08906809751203972
0.3456149749056117,0.04599499277188089,0.35291499284604855,0.08904667327243147
0.3456718665079534,0.045994496369233084,0.3529710463419093,0.08902138023378463
0.3457230511541286,0.045933991485035665,0.3530936550191422,0.08895939576651804
0.34575067747977795,0.04592601529681528,0.35328780826271133,0.08884376387901673
0.34586889250403735,0.045906139686347124,0.35333810372813507,0.0886240259905052
0.3459158343415399,0.04590509866848897,0.35341848658549474,0.08861705853334856
0.34602242836163405,0.045900502721894214,0.3534664030899727,0.08861137152938214
0.34610319723429545,0.04587276010984909,0.35356268759972753,0.08860239203726028
0.346183965597276,0.04584412639049075,0.35369262215795905,0.08853471427390418
0.3462817782661946,0.04582470858374558,0.3537567783097012,0.08848053733735176
0.34634943472351776,0.04582200035628452,0.3537831902697092,0.08845488291542732
0.3463949454493415,0.045774380752293134,0.35401925628716113,0.08843678024130278
0.34652257963941746,0.04576529731047584,0.35410792861118323,0.08839795474340097
0.34655961005707164,0.04572835681693721,0.3541647232807181,0.08834984041615344
0.3467378206529143,0.045727515943141055,0.3543592483534714,0.08821481203995346
0.3468347094742876,0.04572743612059893,0.35444009056071535,0.08819703719798294
0.3469433729346297,0.04562387403691515,0.3546118823885829,0.08819207061233694
0.3470135199347831,0.045590873026472196,0.3547181586651279,0.08818036805660018
0.34715744732259335,0.04557342811682222,0.35490843449448756,0.08816085745470598
0.3472864794738548,0.045571803929496536,0.35496655972840746,0.08815105215917174
0.34734460470777473,0.045554122435769034,0.35502684132440043,0.08815097410998828
0.34738243442820627,0.045531861520260945,0.3550774316911756,0.08811551583637559
0.34750207216715207,0.04549863438472213,0.3552178044456715,0.08811502917598392
0.34766055537803037,0.04546565138709782,0.35533079468885703,0.08803697864563201
0.347734586312061,0.045442672658165255,0.3553789754458768,0.08800645741266001
0.347877324563433,0.045396319884310976,0.3554500646123555,0.08797528336827287
0.3479233365561453,0.04538747028074148,0.35553699433748237,0.08794324833820358
0.34798464870986845,0.04536487443513489,0.3556921603923531,0.08790613535591264
0.34807332103389055,0.04535558947317662,0.3558707648355935,0.08778400682402027
0.3481656536820501,0.0453484051414578,0.35592511438335833,0.0877559313562171
0.3482454672938352,0.04534828121883355,0.3560027067379536,0.08772306393089616
0.3483262911525678,0.04534227591486259,0.3560504303239749,0.08770342179768648
0.3483993089259753,0.04533548181698798,0.3560946400171726,0.08762962713596412
0.34850630781956343,0.04528992796101928,0.3561665647204912,0.08760388762502623
0.34856098446352135,0.04528006175248874,0.35618283222712416,0.0875714654541941
0.34872313484525014,0.04523453125178528,0.35630246996606996,0.08755587840128932
0.34877007668275267,0.04517524677975185,0.3563867984074555,0.08753425406282146
0.3488258098229498,0.0451658713147704,0.3564577968337499,0.08748172551046522
0.34891273954807667,0.04507947485077095,0.3565689933060808,0.08743280863668712
0.34902242275241985,0.045055697254550095,0.3567159028196733,0.08743242502331688
0.3491217412989535,0.045050593268065806,0.3567995392673413,0.08742983503330914
0.3492218316297449,0.04504086825855145,0.35695131907046784,0.08741038210376663
0.34927667372460797,0.0450398042740145,0.35707369899443153,0.0874043644714383
0.3493295116226219,0.04503034565970543,0.3571265368924454,0.08738347222731012
0.34943818678863464,0.04502215244753492,0.35728400232159396,0.08736591229788936
0.3494676779877437,0.044960869587647355,0.3573679367371934,0.08736061688818693
0.34965795381710335,0.044920773079379986,0.35747292183069523,0.0873573531169482
0.34973719941504267,0.044911221618008146,0.357577567357812,0.08734533350568126
0.34978778978181785,0.044901892718896316,0.3576547732978555,0.08726022408099826
0.34992754987442376,0.044899725023555444,0.35770605697077645,0.08708821755280806
0.3501112808747397,0.04489876971365509,0.35776108661545775,0.08698989312048296
0.35020525186657253,0.04483480638776844,0.3581337686656262,0.08692457326574454
0.3502794256641511,0.04477752883314677,0.35824384017883504,0.08691037023675886
0.3503344762099954,0.044759588687238144,0.35827982461666535,0.0868974030453301
0.3504325550002857,0.04474506830799972,0.358327596868715,0.08688262988627947
0.35051619144795376,0.04471560842068422,0.35843407209918776,0.08687265189339938
0.35059431235010613,0.044691249938453005,0.35854375530353094,0.08680538711157203
0.3506783405979538,0.04468869882524911,0.35863395848802543,0.08675383850798123
0.350720006070431,0.04468438341137531,0.3586522166223162,0.0866907723770402
0.35077832401468795,0.04463749117419055,0.3586996738491147,0.08667148850037272
0.3509565346105306,0.04460522158777102,0.3587490255087397,0.08667064837091548
0.3510818450380991,0.04459693369209756,0.3588513638379772,0.08666439062173222
0.3511629375751024,0.04458777283104925,0.35894624624963684,0.0865963538231303
0.3512662584331428,0.04457075899857919,0.35902011231040065,0.08656227565530361
0.3514207076048802,0.04456489887072833,0.35920921220405655,0.0865507117935328
0.3516642749524756,0.04456276233621973,0.3593654933557245,0.08650987126636335
0.3517189515964335,0.04454189713372709,0.3594823027990694,0.08649464310459397
0.35221562982806787,0.04451406194246166,0.35958172681556444,0.08637738027287604
0.35228679401957064,0.044503631441275546,0.35963626971926205,0.08636316966528626
0.3524229910521384,0.04443541747167288,0.35973945442455263,0.08621729105647387
0.352511395199076,0.0444341587595464,0.3600893562542484,0.0861709872418373
0.3526785537899822,0.04438644096717978,0.36020362594932237,0.0861010360860476
0.3527527275875608,0.044384521656837324,0.3603580237282387,0.08608314233354673
0.3527817995019493,0.044379035041629725,0.3605018041920435,0.08604968677653546
0.3528493817879638,0.04436567943054258,0.3608297350725523,0.08594819452793165
0.3529569972000272,0.04435584779763156,0.3609113339180374,0.08590380052807695
0.3530625686728755,0.04431113879936455,0.3609970461514802,0.0858197499295326
0.3530901949985249,0.044304966178924855,0.3610783515227203,0.08581330576429927
0.3531369268390142,0.04430031253586888,0.36117547887474083,0.08578875805106384
0.3532347455901245,0.04428486662902011,0.36127831525563003,0.0857519109836609
0.3532873579670954,0.044100198945560914,0.36136264369701554,0.08570788575778009
0.35331611535104784,0.04405845333217215,0.3614837275534944,0.08567196688549829
0.3533740125282624,0.04405147307833922,0.36156480281231623,0.08564822159686065
0.3534554342766345,0.04404187587194886,0.36164628086343514,0.08563127737251307
0.3535409199059624,0.044039987368092996,0.36171393732075824,0.08557491129414503
0.3535797217364704,0.0440305665067594,0.36180031239417276,0.08554555211306453
0.35371737764558236,0.04401761028471216,0.3619096115030122,0.0855443009688914
0.353797760502942,0.0439936178608458,0.36209334250332814,0.08550634398493327
0.35388191087032617,0.04398524488015892,0.362201239497083,0.08547209672201911
0.3540070016509236,0.04395748901824132,0.3622896436440205,0.08547126239420909
0.3541135956710178,0.043868147480030706,0.3623845980396084,0.08546672184022433
0.35422203467639934,0.04386493613093936,0.36249259984923415,0.08538760705820492
0.35435821945963686,0.04386417246422482,0.3626104756044223,0.08535454168904946
0.35450046578402233,0.04385282512446564,0.36275425606822703,0.08532638733164467
0.35454965344957995,0.04385007748483656,0.3628413044300711,0.08530867157454596
0.35468585048214774,0.04383783885664797,0.36293653107169577,0.08528549866828095
0.3548305582763171,0.04376652292142352,0.3630201675193638,0.08519846524886053
0.3549630745380498,0.043746652033523487,0.36309193536839457,0.08515098254014508
0.35500103919224446,0.04369032246788847,0.36321611246958,0.08514119586283339
0.3550410915162728,0.04368162015675336,0.36328000009595574,0.08512282090827468
0.3550904431758977,0.04363850353468612,0.3633413730376173,0.08512172205484417
0.3552456092307684,0.043616836017620654,0.36345284499245856,0.0850923003621053
0.35532624100777044,0.04361493284436148,0.36358187714372003,0.08508085577924213
0.3554144907723724,0.0436011653775876,0.36365428659601956,0.08490824960382154
0.35558223357648144,0.04359751540143966,0.36395403813864013,0.08487178444967655
0.3556375108156348,0.043550080303701805,0.36398690097439446,0.08485184370492997
0.3559760504995847,0.04353640230774459,0.3640485387717202,0.08484425614622113
0.3561575727638709,0.0435088567132051,0.36412905243018057,0.0848361742614177
0.35622361196131946,0.04344322021823043,0.36420565848433456,0.08477880593811209
0.35627966545718015,0.04343302254399721,0.3643758497953441,0.08470351903264424
0.35632517618300397,0.04342257252275946,0.36445331021055144,0.08470138530619155
0.3564387766246219,0.043406377647263066,0.3645110124178438,0.08463435308297769
0.3565543206153129,0.043404666619585475,0.3646330295764481,0.08460873138176479
0.35706420878972,0.043365348578241925,0.3647396235965423,0.08453641383757893
0.3573921396702288,0.043351488804490475,0.3648221339043276,0.0845088349916724
0.35752085555601565,0.043351188057780286,0.36494631100551306,0.08449199457463866
0.3576121924236697,0.043325029058410576,0.365061854996204,0.08448645725096883
0.35766654197143455,0.043320467865565496,0.36519178955443554,0.08443291471787931
0.3577378392915806,0.04329130065012543,0.36538631462718885,0.08437601053255031
0.35775566237077533,0.04329054248752759,0.3654493857363158,0.08436591740693815
0.35776596490167223,0.043246479092715014,0.3655552077852693,0.0841510379224351
0.3578884410024162,0.043241683656790014,0.36557503954225756,0.08413831187942596
0.3579748160758307,0.043240552981738005,0.366197241570862,0.08409877508253402
0.3580370223032417,0.04321453286661643,0.3662820181151739,0.08409044317184099
0.35819062421547915,0.043207749396269715,0.36634536258314093,0.08408182911661473
0.3582719295867192,0.04318792332172316,0.36641488566595176,0.08406820220992414
0.35831826427537977,0.043171780311469475,0.366582044256858,0.08403979102904009
0.3584126699995108,0.04316645428613262,0.36664593188323374,0.08400806316876729
0.3584683710000817,0.04314853846950253,0.3667016650234308,0.08400222610342059
0.358558820216027,0.04314355604489628,0.3667916233402459,0.08394915189287332
0.35863299401360554,0.04312616357857687,0.36699129026050087,0.0839351641619028
0.3587073560872976,0.04310251332019302,0.36704702340069795,0.08387239878067546
0.3588964559809535,0.043074727278272065,0.3671405911160369,0.08386086634480044
0.3589424679736658,0.04306968900844067,0.3671879475237119,0.08383705570334321
0.3591138655973589,0.04305341456427696,0.3673431135785826,0.0838266312646408
0.35915260763380613,0.04303810236990537,0.36748464555124977,0.08378719563025758
0.359489834175962,0.04303308543499782,0.36761926502808273,0.08373928518027618
0.3595738067071958,0.04303183961504891,0.3677205095481941,0.083625607945748
0.3596578349550435,0.04300945648787431,0.36784581997576254,0.08361403983289989
0.35973085272845096,0.042990532132840355,0.36795240940872886,0.08360217473218738
0.35977876923292895,0.042971129232378065,0.3683053974240512,0.08359930717657257
0.35989025250268547,0.04296839493613118,0.36835577298157635,0.08355785815238649
0.35999891596302763,0.04296219663157221,0.3684021076702369,0.08351933664895468
0.36012106692135504,0.04295886348270873,0.3684511617951592,0.08350279873221783
0.3601495871996431,0.04292718051645725,0.3684891264493538,0.0834681607243493
0.36021332938433515,0.042923406368680556,0.3685448595895509,0.08346552394759203
0.36028719544509896,0.042923131499222784,0.36859127033533934,0.08332091176590295
0.36040715046038646,0.04290709653136255,0.3686513593908889,0.08324959487828262
0.36051373989335284,0.04288298277872197,0.3687628426606454,0.08324328233506106
0.36055379221738115,0.04283813582489153,0.3687986256046384,0.08322538447771233
0.3605889209796062,0.04282235815968873,0.36897801976440847,0.08322428375821446
0.36065345751042915,0.04282067735722135,0.36902029749103105,0.08318799683536106
0.36070137401490715,0.04281340716849974,0.36906921456276737,0.08315806231459479
0.36075448447326103,0.042807458706331646,0.36922317916391206,0.0831456055948206
0.3608311829835249,0.04279812533561034,0.3692407737680384,0.08305770998464243
0.36085597728016094,0.04277208118301869,0.36931760877083925,0.08300174647957485
0.360891106042386,0.04276282414185598,0.36938775577099264,0.08298372476442092
0.36096922694453837,0.04273619973607793,0.36956636021423306,0.082949804043106
0.3610435890182304,0.042694326882089975,0.36972080938597046,0.08289262688859483
0.3611130415951875,0.04266628946506314,0.36990954314187857,0.08280684966519848
0.3611945196463064,0.04265664528005295,0.3699621320098193,0.08274415114802101
0.36141257809495425,0.04263187979775493,0.37003425973601783,0.08272042401223124
0.3614941769404394,0.04263036600341754,0.3700836113956428,0.08271435646644827
0.3616132864970994,0.042613925217693985,0.37022908950449,0.08269369814159694
0.3616500089613245,0.042605001525798214,0.37035110666309434,0.08255331656874997
0.36175728857014655,0.04258855685313879,0.3704752837642798,0.08252216475038929
0.36184092845816046,0.04258664218619874,0.37054506810101,0.08251820298344713
0.3620016000518124,0.04257210153648616,0.3705954575303495,0.08251096497178523
0.36262380208041683,0.042559712223207355,0.37093715071177946,0.08248033496107292
0.36271784037560856,0.042517161081104926,0.3711552091604274,0.08247543450058321
0.3627857692148834,0.04246370815750389,0.3712579555741483,0.0824750258174696
0.36290061157039377,0.042452426395364694,0.3713327149695627,0.08243357802725865
0.36302604816946166,0.042438030310387266,0.3714586313822018,0.08241427848035848
0.36313909219247364,0.04235069423414911,0.3720808334108062,0.08236399240567305
0.36316376566713576,0.04233582315331777,0.3721233577252811,0.08235056188837807
0.36321844231109374,0.04229837972669282,0.372184407130021,0.08233666003016456
0.36330997141338267,0.04227858828531491,0.3722565348562195,0.08233435274145398
0.3634526573714974,0.04222396128468499,0.37237441061140764,0.08228959451549606
0.36350295283692113,0.042138810302182084,0.3724714834955325,0.08227124224082884
0.3635964809245724,0.04213179350788121,0.3725327956492557,0.08226074397936119
0.3636486578471971,0.04208930111350129,0.37259754413511587,0.082240293188552
0.36380526473590913,0.042078317745914126,0.3726919689043221,0.08218286610635285
0.36390650925602047,0.04199358584679568,0.3728077618996022,0.08216908359125083
0.36409524301192864,0.0419899222480764,0.3729275523559261,0.08215590313459224
0.36418544619642307,0.041902303585636694,0.3730464351385776,0.08206135073331301
0.3642734008642959,0.04190005846806317,0.37310060490066277,0.08204980252539498
0.3643682832759555,0.04186694507657561,0.37323713907863154,0.08204057694728732
0.3644565572249147,0.04184489350104776,0.3733222188405878,0.08194392599494262
0.3645467604094092,0.041815524850144455,0.3733685535292484,0.08188249958242451
0.36464864774752875,0.04176428027118454,0.373478607331047,0.08181515143878731
0.3647632528975621,0.04173029926020167,0.3735245378767562,0.08179730351229707
0.3648398589517161,0.041704237841902074,0.37358059137261695,0.08177338478928892
0.3649620658984871,0.041696753831464976,0.37365728988288077,0.08174956935816878
0.3653150539138095,0.04167349738786042,0.3739570414255014,0.08174275687505432
0.36540902490564225,0.04166781045990124,0.3740533259352562,0.08174112997373721
0.36548979377830365,0.041657729865146854,0.37426148442762797,0.08169240484596783
0.36558828427181156,0.04164132227538726,0.3743084262651305,0.08159722456440267
0.3656888068799383,0.04162066459543511,0.3744387796196384,0.08147356134589075
0.3657718958793837,0.04161881404087592,0.37451687126610883,0.0814371626375905
0.3659139660750497,0.0415987276566232,0.3746019510280651,0.081433482490671
0.36602398047851703,0.04159414960413332,0.37473098317932657,0.08142583629444688
0.366169209880089,0.04154691629330926,0.37476005509371507,0.08138274259873783
0.36628500287536914,0.04150425237546164,0.37482738857051806,0.0813426751691662
0.36634504822578406,0.04150121210558366,0.3749557603622547,0.08131899660733502
0.36645607117726264,0.04150110984126842,0.3750110376014081,0.0812600260460475
0.36680597300695844,0.04148611753911103,0.3750614270307476,0.08119745798783266
0.3669487112583304,0.04147539861983337,0.3751117224961713,0.08118625223005867
0.3670890840128263,0.04146813230212076,0.37521118072074744,0.08114553428006814
0.3671397001439695,0.04145054959289337,0.3754292391693953,0.08111861155600501
0.36726035193548,0.04144713424294099,0.3755776633525979,0.08111215443535232
0.3673683537451058,0.041427274714031265,0.3756021691507484,0.0810967628536137
0.36742925427206347,0.0414121866732087,0.3757203841750078,0.08109148249879487
0.3674878372036522,0.04140668873744413,0.3758081296103887,0.08108794757175222
0.36754864057694137,0.0414066017067025,0.37587287809624886,0.08106084096046925
0.3676740039518575,0.04139097283660702,0.3759314610278376,0.08105331575815591
0.3677734621764337,0.04137385227142083,0.37601305987332273,0.08099352486838644
0.3678598372498482,0.04134290753780208,0.37613786569134566,0.08095041815700638
0.36793905589416415,0.04133967678690168,0.3761756954117772,0.08085337561276751
0.36803262360950306,0.041336757098761515,0.3762627624958986,0.08076135418435075
0.368221723503159,0.04125015686030241,0.3763655988767878,0.08055513082590937
0.36831325260544795,0.04123000590210338,0.37657106453823924,0.08052559422580986
0.36843432674401155,0.0412204422039675,0.3766994363299759,0.08051316906058271
0.36852831443638756,0.041210523307215946,0.376760748483699,0.08043593890321035
0.3685819614230515,0.041180253971731334,0.37688358818228107,0.08038742400025671
0.3686292518737746,0.04117253873947666,0.3769449003360042,0.08035519110752272
0.36868934092932415,0.04116746028739132,0.3769883235024251,0.08026947140204423
0.3687452413637722,0.04114482687797102,0.3770762781702979,0.08026220691969718
0.3688260097267527,0.04114105781378769,0.37714420700957274,0.08024764371031884
0.3689657698193586,0.04113646979644147,0.37735350978646626,0.08021784724802251
0.3690274076166844,0.04113262938358782,0.3774421645944558,0.08018426364320402
0.3691951504207935,0.04112191157624898,0.3775314153807815,0.08008620745763546
0.3692600342906348,0.04111875805973549,0.37764720837606164,0.08005343361859177
0.3693563188003896,0.04108103811243943,0.377669683864713,0.07999320808858575
0.36939828915971606,0.04106069144618586,0.3777730047227534,0.07990595599790515
0.36944108816669596,0.041056923133183064,0.3778872744178273,0.07988689228600836
0.3694916283766262,0.04105415476911724,0.378109761789365,0.07982833197788633
0.3696501115875045,0.04100993505089678,0.37827750459347403,0.07978547558987772
0.3697109149607936,0.04099196401531826,0.37837532334458435,0.07974100126637439
0.36974343113498037,0.040971541356085855,0.378470549986209,0.07970356563623122
0.36977921407897335,0.04096545540343233,0.3785536268552497,0.0796999718989628
0.3698566744941807,0.04095444795806572,0.37858961129308,0.07967966133732675
0.3699092633621214,0.04095104454165239,0.3786840213919718,0.07965364503756017
0.3699623738204753,0.04091653888212613,0.3787317449779931,0.07958231267290126
0.37001365749339626,0.04088805237991209,0.3788204173020152,0.07956319521215546
0.37004272940778477,0.040883029933276964,0.37900578796268,0.07953352979294742
0.3700850071344073,0.040836558938505,0.37902205546931295,0.07945422702955053
0.3701463800760689,0.040832316999934976,0.3790899843085878,0.07940007068933555
0.3702251856835023,0.04082451205474313,0.37915002965900274,0.0793105647059772
0.37028198035303717,0.040807179589765964,0.37927068145051324,0.07929124823273165
0.3703532776731832,0.0407880181372845,0.379391278349394,0.07924581186070792
0.37043578798096854,0.04075915559795965,0.37952545863422116,0.0792381237206821
0.37058533159325574,0.04071862247692422,0.3795938424910929,0.07913885269112958
0.37067459817119375,0.04070682317155085,0.3797021068798083,0.0790775068183378
0.37078159706478186,0.04069722074424171,0.37979697727998873,0.07905234174121527
0.37090830985378065,0.04069379940181188,0.37991805141855234,0.07905028160896008
0.3710269037068415,0.04065540569985209,0.3799782776504607,0.07901588110152483
0.3711411425917069,0.04064196460384671,0.38003433114632146,0.07894130283618783
0.3711904942513318,0.04064126385457245,0.38008274037628603,0.07894095288380881
0.3712129697399832,0.040640841467945235,0.3801428294318356,0.07884634018258703
0.37129690415558264,0.04061575700329592,0.3801959398901895,0.0788195260370017
0.3714487264660937,0.04061076088816146,0.38028509836481494,0.0788008031575134
0.37155874086956103,0.04052170228530023,0.3803546214476258,0.0787853902036061
0.37166395730720986,0.04050409716898896,0.38046474448957057,0.0787589491403675
0.3716903692672179,0.04049157508622706,0.38056194524413106,0.07873346738182364
0.3717754490291742,0.040480311738650306,0.38068703602472853,0.0787117544837469
0.37182480068879914,0.040465897940514105,0.3807568203614587,0.07870712599530001
0.3719011310565704,0.04044261370200226,0.38081690941700824,0.07869464498747758
0.3720412600307061,0.040419021761875645,0.38086588878873623,0.078673968101851
0.37211795854096996,0.040417755802037686,0.3809745522490784,0.07860787430842232
0.3722322129711019,0.040405050976605655,0.38102255638043997,0.0786015555440993
0.3723130551783458,0.0403207280109046,0.38113055819006575,0.0785643302478678
0.3724484972461246,0.04031806185945252,0.3812801018023529,0.07855419884396374
0.37254345164171243,0.040310711460746655,0.3813410023293106,0.07848839667414965
0.37258350396574075,0.040307590859904575,0.3813953518770754,0.07846621089234389
0.3727557847814352,0.04029668616244319,0.3814886598505482,0.07846509689309589
0.3727966104315058,0.040292542828709754,0.3815480839934238,0.07841493324082574
0.37285519336309453,0.0402855751921811,0.3816722610946093,0.07840413307565976
0.3729059477876472,0.040247176778460646,0.3818169688887787,0.07832437058767829
0.37302197369009565,0.040238414913689464,0.3819188562268982,0.07828600096949709
0.3731159613824716,0.04021868449170095,0.38200750611646733,0.07822961965838848
0.3731925674366256,0.04021257652519635,0.3821678748407568,0.0782178302807485
0.37332674772145275,0.040212406442507745,0.382267333065333,0.0782079064126368
0.37343066023403665,0.0401751190000752,0.3823187609014881,0.07819671231408265
0.37348085016578886,0.04016640833063299,0.3823974874149451,0.07815293583150222
0.37360048790473466,0.04015454597377311,0.3825252597964943,0.07813693418920536
0.3738185463533825,0.04013518504912422,0.38314746182509873,0.0781336226657153
0.3739550805313513,0.04010586983344796,0.3832223531514064,0.07811776884118643
0.37400992262621435,0.040104914416019447,0.3833186376611612,0.07806435608807849
0.3740264863423797,0.04009696482692821,0.38336460434324415,0.07806306588248332
0.374193644933286,0.04008943348699612,0.38341260847460573,0.07806178879778042
0.37424799448105084,0.04006687796324299,0.38358035127871476,0.07804121305038456
0.37439170364050184,0.040065836649255754,0.3837031909772968,0.07803883225776327
0.37452632311733486,0.0400579024461765,0.38380593739101776,0.07800956039575872
0.3746248136108427,0.040016124699283284,0.3839132169998398,0.07794780860596114
0.3748683809584381,0.03999322363155087,0.38400829250409707,0.07781185222207987
0.3750045779910059,0.039992818372959045,0.384061130402111,0.07777984299318254
0.37514287354960996,0.039973749925472764,0.38419601783516677,0.07769194233837111
0.3752770538344371,0.03994951570768218,0.3842607604299656,0.07768012764922164
0.3753482397680763,0.03991611928981105,0.3842852662281161,0.07764030466604016
0.3756479913106969,0.0399071145941275,0.38438458477464976,0.07760264598212908
0.37602067336086537,0.039904866548742375,0.38444933326050995,0.07759968834473818
0.37606274637841375,0.039902627549428145,0.3844881350910179,0.07756881005264477
0.3761240585321369,0.03990169925438792,0.3845823867980847,0.07754650290628788
0.376241934287325,0.03989477744555733,0.3847106897659145,0.0774901736459197
0.3763000471784732,0.039887909616362835,0.384735195564065,0.07743090424122197
0.3764292312910861,0.03988506876868765,0.3848053425642184,0.0773280014501626
0.376485425845375,0.039864993561450464,0.3848985248418939,0.07731635736609427
0.3765376580089113,0.039846312399515894,0.3849372226380416,0.07727690269332543
0.37658362469099427,0.03982968384635256,0.38527866716316433,0.0771911887910755
0.3766494608570682,0.03980276940521398,0.38562036034459435,0.07718838911199827
0.37671847228824273,0.03979819056144731,0.38569960594253366,0.07708618151681972
0.3771549717519997,0.039798150894188054,0.38584229190064834,0.07707131357748824
0.3772760458905633,0.03978563679094123,0.3859646718246121,0.07702453355021475
0.3773585464124759,0.039758731719760826,0.3860367995508106,0.07700615667042514
0.3773972884489231,0.03975607755836827,0.3860842567776091,0.07695178592138054
0.377443255131006,0.039730276550227726,0.3862120291591583,0.07693633100251468
0.3774968809276878,0.03972704569903059,0.38629920280905494,0.0769200520497653
0.37759876826580735,0.03972627389463038,0.3864259155980537,0.07687712574833112
0.377641914454654,0.039697705385896606,0.3865069893108436,0.07687618560230283
0.37769241762777434,0.039673900874880985,0.3865793987631432,0.07684711248976094
0.3777476948669277,0.039667470835627085,0.3869208432882659,0.07683285158962289
0.3778478994681702,0.0396644824728104,0.387009515612288,0.07677686488809989
0.3779057577312503,0.03966398625854305,0.3871097202135305,0.07677054216733113
0.37807291632215656,0.039661275834559355,0.387170509736242,0.07670229211810445
0.37819871775928604,0.0396413108415902,0.38727870685557725,0.0766987212449222
0.378207128256573,0.039631820062812656,0.38736663349949685,0.07661558883289075
0.3782681776613129,0.03960459457604721,0.38748078102406625,0.07653727210848131
0.37836537841587337,0.03959995823416195,0.387550304106877,0.07649052124989726
0.37841393444242327,0.03956877453123522,0.38760368702788217,0.07646967266638907
0.3784891408024768,0.039551923167908454,0.38764830870037464,0.07643457223381522
0.37858763129598466,0.039544791565238276,0.38776794643932044,0.07637262940021826
0.37869817937779654,0.039517903169790196,0.3878583956552657,0.07636344920467415
0.3787539125179936,0.039503888665326434,0.3879467998022032,0.07635180082583536
0.37890898006854146,0.03947839706643652,0.38812832206648945,0.07633366483933329
0.37901216477383204,0.03946545629035591,0.38818091093443013,0.07630002006446203
0.3791013232484575,0.03946524395344604,0.38826808458432677,0.07622185105821724
0.37919620566011714,0.03945522554168657,0.3885926711088589,0.0761970637776097
0.37928865511863746,0.03944875631315759,0.3887442885106708,0.07615380908881243
0.3793466053408886,0.03941190426423438,0.38878173287838574,0.0761223389085942
0.379454869729604,0.039406517580266684,0.38889533332000376,0.07612077582650696
0.37952923180329606,0.03939834494543868,0.3889682799249724,0.07607589566530737
0.3796589476659608,0.039395658775683386,0.3890960523065216,0.07607412894675437
0.37981826106202987,0.03938223916749827,0.3891876046247742,0.07605994742587299
0.3798649765587526,0.03938094690494484,0.3892573094980094,0.0759944330966545
0.3799123329664276,0.03937208077176538,0.38934368457142393,0.07594270367427942
0.37995906480691694,0.039363486727349836,0.38939831968913297,0.07592622694665398
0.38018071465385933,0.03932775182277503,0.3894848256825737,0.07590722256850367
0.3805659650265424,0.03929334051572282,0.38954752495402184,0.07582934973495956
0.3805857967835306,0.03928982978660229,0.3895944667915243,0.07582771526200711
0.3806807511791184,0.03917993864839935,0.3897026410261885,0.07581745026051644
0.3807440956470855,0.039126592069876426,0.3898172461762219,0.07574138338365757
0.3808661128056898,0.039123768478230084,0.38985237493844693,0.07573285183726443
0.38089125486820197,0.039123632851147984,0.3900361059387629,0.07570438886105092
0.38096614619450964,0.03911134998689818,0.3900968954614744,0.07554844280837329
0.3810860204763473,0.03909502191683218,0.3902691762771688,0.0755378721012483
0.3812466920699993,0.03904886515191536,0.39038514850172695,0.07552232721592188
0.3813218984300528,0.039027004102007365,0.3904373254243516,0.07548642534263596
0.3813920454302062,0.03902659122069766,0.3905396637535892,0.07547676583290466
0.3815266649070392,0.03896565502042539,0.39063732880193835,0.07543801667599392
0.38164454066222736,0.038960236958010284,0.3906807519683593,0.07540102500229026
0.3817665578208317,0.03890913126310266,0.39077461609710296,0.07536820975736483
0.3819556577144876,0.038882235098200664,0.39087470642789435,0.07535205522068267
0.3820457894841975,0.03883371744765004,0.39100722268962707,0.07531821322036361
0.3822180702998919,0.03881081271128774,0.391073058855701,0.07531441478024112
0.3823149591212652,0.038809020063263575,0.39121135441430505,0.07530638058254442
0.38236604098604554,0.03878055296562379,0.391529976041677,0.07530509192377523
0.3824209550266108,0.03876807358581964,0.3916124765635896,0.0752904021955973
0.38257513447523167,0.03873735057036754,0.39171096705709746,0.07525243811075116
0.3826330316524462,0.0387329314948595,0.39176666805766835,0.07521759501483437
0.38297472483387623,0.03871416584295726,0.391825445368799,0.07519062664229542
0.38299111585529705,0.03860037047421931,0.39188339559105007,0.0751557094917931
0.383073948052036,0.03859451138441516,0.39201678046791116,0.07514077233699208
0.383170306091751,0.0385758897011712,0.39212431207994486,0.07513567042851425
0.38321802967777224,0.03853801669143746,0.39224805246107664,0.07506073239549906
0.38331056844087574,0.03853200177572322,0.392312936330918,0.07504230679851859
0.38338981403881506,0.03851955307623532,0.3924216114969308,0.0750003200125119
0.3834257984766454,0.03849945616367003,0.39263966994557864,0.07494643405578245
0.3835310149142942,0.03849160116989103,0.3928068285364849,0.07493183170744885
0.3836473760423456,0.03848957819926629,0.3929210829666168,0.07489906698360803
0.3837523611358475,0.03844682398718108,0.3931646503142122,0.07486706932110469
0.38389086596092215,0.03844199446530424,0.39327764055739767,0.07479849190172747
0.3840274001388909,0.038432683856487126,0.3933390134990593,0.07478435614500648
0.3841677728933868,0.03840708410664871,0.3934215140209719,0.07473454555998887
0.38433956472125436,0.03840256036270365,0.3936296725133437,0.07473427571914346
0.38442749136517396,0.03839172626145996,0.39370177438173276,0.07473255144654359
0.3844875525836533,0.038358533561662904,0.3937469042527736,0.07468069011594757
0.3845434530181014,0.038348276673997074,0.39380664163277,0.0746687689741799
0.38459280467772633,0.038342310601201635,0.39385305237855844,0.0746297569802975
0.3846629516778797,0.03832669985689826,0.3939087855187556,0.07459164450215452
0.38482332040216927,0.038311072773231876,0.3940115319324765,0.0745301611009397
0.3849630804947751,0.03828218852452446,0.39416066328089716,0.07451170337225638
0.38516599797273726,0.038224812093045235,0.39421926343969926,0.07443066994403756
0.38549392885324607,0.03822181715058921,0.39427948958241354,0.0744218526156311
0.38564347246553327,0.038218076795015356,0.3944466481733198,0.07436970243552012
0.38571140130480813,0.03819925931619253,0.3945366911481274,0.0743612589944239
0.3857955020802436,0.03812744560854274,0.3945613646227895,0.07436004351020097
0.38583802639471854,0.03809490141564789,0.3945995556644847,0.07433682501008106
0.3859604063186822,0.03807958216896543,0.39472949022271614,0.07432008314069864
0.38609292258041494,0.038078789339498986,0.3948307347428275,0.07430666172165294
0.3862468871815597,0.0380593070133231,0.3949186613867471,0.07430582653657078
0.3863277235104843,0.038044308188358376,0.3949553838509722,0.07423960115582146
0.3863908601390871,0.03802664940184352,0.39506545536418103,0.0742222809114082
0.38647926428602464,0.038014610593136114,0.3951815576677919,0.07415942410872363
0.3865170940064562,0.03801059646664434,0.39525546792638183,0.07411994421752822
0.38657074099312017,0.03800824597352155,0.39533656046338517,0.07409478863461585
0.38665582075507643,0.03797999717676035,0.3955180827276714,0.07408892735220952
0.38702850280524487,0.03797681157148504,0.3955911005010789,0.0740226957198547
0.3871200551234975,0.0379181602960598,0.39568130368557336,0.07396246077109271
0.38733389237818894,0.037852581948631975,0.3957138198597601,0.07395528382955675
0.38740341546099977,0.03782445052320911,0.395786091876613,0.07393218855960243
0.3875004883451246,0.037810840084226444,0.3958288908835929,0.07389699780950996
0.3875619329734006,0.03780434007409986,0.39590505733799636,0.0738648915625629
0.3876164758770982,0.0377850292835822,0.3960586592502338,0.07382686108260697
0.38769034193786206,0.03778474775828493,0.3962528410868998,0.07380477956554801
0.3877896604843957,0.037694730203000876,0.3963280160591064,0.07380156982868416
0.3878935729969796,0.037678547007179694,0.3963784054884459,0.07379335902604493
0.38796573445555704,0.03766649836959894,0.3966970271158178,0.07376230583414663
0.3880448320166876,0.03763596389567371,0.3968112815459497,0.07371912368228503
0.38816452497955567,0.03762060448858228,0.3968672475805731,0.07371708561575793
0.3882122972316054,0.03761728083420268,0.39698360870862454,0.07371324827303811
0.3883666950105217,0.03760291893870596,0.3970533727345721,0.07366295282697802
0.3884950668022583,0.03760266183655022,0.3971752257334628,0.07365911791020749
0.38853973499587224,0.03754154786159911,0.39721305545389435,0.07360342136351425
0.38863291727354776,0.037483665787152315,0.39726324538564656,0.0734966100633942
0.38871688980478164,0.03745916452076596,0.39740837942592766,0.07345685286623535
0.3888159339561242,0.03744741329545791,0.39744939598121565,0.0734332099059993
0.38892740591096536,0.03742687427738985,0.3974904125365036,0.07343007934470379
0.38905158301215087,0.03741123006798524,0.3975974114300917,0.07338744352305676
0.38914786752190567,0.03738436372033623,0.3976344418477459,0.07333952435147
0.3892015145085696,0.03738263852039069,0.3977322605988562,0.0733050333943947
0.38934797066102805,0.037362688708512566,0.3978324652000987,0.07323175078224221
0.38943194319226193,0.037353022870114015,0.39791497550788396,0.07315987602678085
0.3894872204314153,0.03733866502503077,0.39801400357030037,0.07314540896454105
0.3895429214319862,0.03730044972291992,0.39817615395202915,0.07312447141093475
0.3896386580602896,0.03724844614157677,0.39826215008621135,0.07312132892139532
0.3897197333191114,0.0372109631948369,0.3983494074172122,0.07309440735904885
0.38976906735227296,0.03720736470339204,0.3986100078917452,0.07309412326244359
0.3898019301880273,0.03718971613487632,0.39866119253792043,0.07304360005872529
0.38987032236968655,0.03716534220550706,0.3987112014012961,0.07299793541008288
0.38997732126327467,0.037161501906069636,0.39881043088109774,0.07296938869074267
0.3900250448492959,0.037155457129840384,0.3989136155863883,0.07296931462190451
0.3902475322208336,0.037138246574798466,0.3990027740610138,0.07295452886508579
0.39030538618985233,0.03712413626164492,0.3990426649436265,0.0729454770063276
0.3903411691338453,0.03711581487947538,0.3991966295447712,0.07292089865590225
0.3904396596273532,0.037006363123675695,0.3992660821217283,0.0729124055155233
0.3905365484487265,0.036988290737624954,0.39938809928033264,0.0728527383534439
0.39062132499303837,0.03693721726738553,0.3994746052737734,0.0727907723917775
0.39094925587354723,0.036907330892985764,0.39956846940251706,0.07270095638320069
0.39104322686538,0.03688961498293231,0.39975720315842517,0.07268683526425261
0.39111267944233713,0.0368345157912076,0.39981183827613426,0.07260397690144488
0.3912384216290654,0.03683239088135451,0.39988022213300595,0.0726033491679208
0.39135141187225087,0.0368250576841513,0.39993041206475816,0.07259864991998011
0.3914853544758989,0.03678023310737052,0.39998382341746114,0.07257778580533807
0.3915996089060308,0.036732195449897975,0.4004203228812181,0.07257522588543067
0.3918120978339589,0.03672905919949589,0.4004751649760812,0.0725698039291517
0.3918841997023479,0.03672670040936018,0.40058336209541645,0.07251883741374855
0.39197776741768686,0.03666576594001552,0.4006434233138958,0.07251008079321487
0.39206483450180823,0.03661242718918814,0.4006792062578888,0.07243393078286117
0.3921859183582871,0.03660783949292774,0.4007974212821481,0.07233476270507404
0.39225819037514,0.03658453091346047,0.4008856710467501,0.07228363433117227
0.39234871680773703,0.03656550136504051,0.4009243688428978,0.07227066268337275
0.39252732125097745,0.036550038874738296,0.4010325430775619,0.07217958526505792
0.39268947163270623,0.03651594855507516,0.4010491067937273,0.07215914282936695
0.39283215759082096,0.03649244495400439,0.40111676325105045,0.07214708159334732
0.3929596670449986,0.03645974211899953,0.4012007357822843,0.07214272438639341
0.39311898044106763,0.036445355418609056,0.4012701883592414,0.07207298377271434
0.39316360211356016,0.03643951026146038,0.4013264146454118,0.07200841496384257
0.39319873087578516,0.03641367038135999,0.40140114194792076,0.07198907844161166
0.39326631316179966,0.03641283582882856,0.4014559840427839,0.07197753229512585
0.3933641258307183,0.03641200585524277,0.40153217485993287,0.07188890434249313
0.3934186687344159,0.036409284505155175,0.40160010369920773,0.07185663472904888
0.3934882288030685,0.036394688034939504,0.4016684875560795,0.07183652816305351
0.393576883611058,0.03638100603633217,0.40179086748004317,0.07181626670184503
0.39362658555310837,0.036372243591136895,0.40183507717324096,0.07175802970545597
0.39369788287325447,0.03637032109388143,0.40194806741642647,0.07168578973676296
0.3938579037743288,0.036367099387872824,0.4020278810282116,0.0715676227176684
0.3939785555658393,0.036361071825226625,0.4021306274419325,0.07154599120966913
0.39401957212112726,0.036359586367096186,0.4022114513006651,0.07151921169351232
0.3941095304379423,0.036350933868004455,0.4022876177550685,0.07151711312228339
0.39425598659040073,0.03634610019190039,0.40243407390752695,0.07150402283081522
0.39431384485348087,0.03634570262339867,0.40250682503289253,0.07143391828360073
0.3943868626268884,0.036294715764391756,0.40255568331294045,0.07141368090774523
0.3944615899293973,0.03628338877750099,0.40266623139475227,0.07126777009855467
0.3945173230695944,0.03625243253365491,0.4027949472805391,0.07125416303557572
0.39457543596074257,0.03623189833070799,0.4028806595139819,0.0712407968251669
0.3947053705189741,0.03622722688152449,0.4029967618175928,0.07114562188360735
0.3947940253269636,0.03621920653259041,0.4030498722759467,0.0711083125919254
0.39489305338937997,0.0361802708326093,0.4032934396235421,0.07100423060079605
0.3949698389956099,0.03614584194056526,0.40341761672472753,0.07098988858389987
0.39512428816734724,0.03612052962792722,0.40353245908023794,0.07098161780620336
0.39521562503500135,0.03611556419845067,0.40371619008055387,0.07097889052980069
0.395275049177877,0.036095254230312464,0.40375131884277893,0.07091386802835369
0.3954009655905161,0.03608823799741857,0.4037922998393315,0.07088355535091115
0.39555493019166077,0.03608753374379233,0.40384358351225247,0.0708508591961816
0.3956388646072602,0.03604584426108252,0.40392396636961214,0.07078785561436314
0.39573652965560946,0.036039576385862235,0.4039744695427325,0.07076728952079933
0.3958314000557899,0.03601452996897496,0.40401998026855623,0.0707585346393814
0.3958913740211516,0.03599138367174682,0.4040990778296868,0.07069634792489413
0.39600565509909835,0.03598097453574129,0.40418634016405486,0.070682140383229
0.396086037956458,0.03597702677233405,0.4042457643069305,0.0706440541412387
0.39613642738579746,0.035971273144548864,0.4044008318574783,0.07060509189861436
0.3962853301933159,0.03592411011926216,0.4045370288900461,0.07058326809745825
0.3964207722610947,0.035889425394071035,0.40461223525009965,0.07055341441830634
0.3964468471181752,0.035869031377707895,0.4046748633616036,0.07053853998041287
0.3964968559815509,0.03586870549082701,0.4048690166051727,0.07051769431328678
0.3966859558752068,0.03586242977848931,0.40494826220311203,0.07050179102371068
0.3967657694869919,0.035844505007814116,0.4050475807496457,0.07049103526852879
0.3968995145723133,0.035837709375683674,0.40509354743172865,0.07042962975433048
0.39701379565026007,0.03582246390089153,0.4051775756795763,0.07040260279332143
0.39714718052712117,0.0357853887260889,0.4052427678213973,0.0703684057040258
0.39727254390203737,0.03577008377013437,0.4052794902856224,0.07034124529399524
0.39736828053034073,0.035765771507468375,0.4053380904444245,0.07032314288379206
0.39745305707465267,0.03576225871355686,0.40546639341225427,0.07026659793579874
0.39763126767049534,0.03575276382830316,0.4055446036189898,0.07025243141716508
0.3977984262614016,0.03574556721646403,0.4056374016142785,0.07018019213559638
0.39784734333313787,0.035731546795281725,0.40585905146122087,0.07017102241652126
0.398008906834334,0.03571204232744128,0.40589724250291603,0.07015873115951414
0.39817606542524026,0.035710155532883765,0.4059823222648723,0.07014983174725588
0.3982704901944465,0.03570888252366035,0.4061220823574782,0.07008933010364744
0.39835602941671794,0.03570427709345613,0.40621521797387006,0.0700889456248885
0.39842721535035713,0.035696149893218315,0.40625396001031727,0.07007149889727031
0.39863651812725065,0.03569255585493747,0.4063378944259167,0.07003947145925421
0.3991243887676392,0.035680933510352064,0.4064109121993242,0.07003421417645357
0.3991849494224033,0.03567913410404279,0.40643698705640463,0.07002416676965166
0.3992668299685054,0.03567582750171923,0.40652931970456424,0.06992702483959298
0.3994004618876843,0.03558275787840586,0.40674315695925567,0.069925947339396
0.39942560395019644,0.03556628443810788,0.40687935399182346,0.06987796223666828
0.3994866533549363,0.035557846622241006,0.4069537160655155,0.0698313077060091
0.3996863202751913,0.03554913794867977,0.40702762632410544,0.06969025561575769
0.39974049003727646,0.03553716296781376,0.4071269448706391,0.06968922581839325
0.39979619103784736,0.03550607852687587,0.40718264587121,0.06943536809984541
0.39988133892714667,0.03545962959646603,0.4072323478132604,0.06935271595489552
0.39996733506132887,0.03543740102178583,0.40729046070440855,0.0693436373324512
0.4000460615747859,0.035428408116263015,0.40737027431619366,0.06931115868025328
0.40006182308936394,0.03540505045631827,0.4074432920896012,0.06931044385289829
0.40019217644387184,0.035382136472280626,0.4075583440513694,0.06923082733532335
0.4002835133115259,0.03537676634424204,0.40771856732972794,0.0692008440345698
0.4003874258156151,0.035368529758169454,0.40782911541153977,0.06909760212299475
0.4004748844450756,0.03535656595685977,0.407870780884017,0.06909338495569467
0.40056246628139186,0.03534638435860489,0.4079383631700315,0.06894667874190571
0.40078495365292954,0.03533112311456803,0.40803551017874423,0.06891390084897005
0.4008995588029629,0.03531409732251012,0.4081802179729136,0.06889395565411265
0.4009874854468825,0.0353073913981151,0.40826152334415367,0.06884394048415214
0.40111166254806796,0.03530308015163695,0.4083494780120265,0.06883160108954463
0.4015995331884566,0.03524430148708369,0.4084083543796342,0.06880915701993032
0.40174476259002856,0.03524197453985843,0.408524153057856,0.06880523517745127
0.40188868997783883,0.03522057045418552,0.4085901922553046,0.06877278115926258
0.4019517610869658,0.035219118472699325,0.4086535367232716,0.06876184693853118
0.40200517130562885,0.035214656331805844,0.40870287075643313,0.06866437023453914
0.4020653700572437,0.035212883821981095,0.4087740566900724,0.06865729771512227
0.40211596042401887,0.03517604647956273,0.4088936944290182,0.06865140705357961
0.40246586225371467,0.03517240220546614,0.4090481436007556,0.06862394938103775
0.40255360768909554,0.035127477542820654,0.40922635419659825,0.06861854840650548
0.40265291835256506,0.03511813471874802,0.4093345513159335,0.06857054580427317
0.4027552566818026,0.03509346540804913,0.40941675375948383,0.06856679527664689
0.4028138568406047,0.03506498195358744,0.4097088117033474,0.0685650970772637
0.4029239798825495,0.03502712334962564,0.40979587878746876,0.06853550115750139
0.4031001373139534,0.03500641204958991,0.40983093402822823,0.06850472064954398
0.40322073421283416,0.03500528148684949,0.40986379686398255,0.06849414019596106
0.4032777662025242,0.03495057706755203,0.4099693683368309,0.06849145445728423
0.4033386667294819,0.0349057710368837,0.4101295916151894,0.06844861123907264
0.4035088580404914,0.034902528993468886,0.41027604776764787,0.06839917320955387
0.40367660084460044,0.03484916568063321,0.4103504098413399,0.06838059348775645
0.40377669117539183,0.03484788747312217,0.41040631027578794,0.06835420347195922
0.4038639485063927,0.034839912469690995,0.41048778832690686,0.06827926030790475
0.4039736317107359,0.034833432397593705,0.4105618192609375,0.06823167354500097
0.404063590027551,0.034819942777194184,0.4106719423028823,0.06820575462933294
0.40410992471621154,0.03480718157562415,0.41077098645422483,0.06820137315182016
0.40415090571276413,0.034782359653292995,0.41083229860794795,0.06818995744818629
0.4043445409506755,0.034770868709255436,0.4108787480639985,0.06813560425638847
0.40440243812789006,0.03473475658532864,0.41100923797900085,0.06813467800925511
0.40451975147572194,0.034667766641999935,0.4111591591628767,0.06812467758188152
0.4046448422563194,0.03465293717716837,0.411252687250528,0.06806919694641242
0.40473979665190724,0.034652190002452635,0.4113892214284967,0.06804140294965175
0.4048811730954568,0.0346446660451578,0.4114168477541461,0.06789982027726184
0.4050937080645568,0.03462845834982164,0.4115595337122608,0.06788582017182934
0.40515057862132586,0.034623189163908955,0.4117146012628087,0.06783256824618446
0.40523472898871005,0.03461761230457663,0.4118038678407467,0.06783217758831654
0.40530683085709907,0.03460048837320654,0.41183238811903466,0.06781457370667276
0.40564827538222187,0.034583873983363426,0.4118926143509431,0.06774897084332286
0.40570855697821484,0.03457968638490645,0.41204151715846155,0.06768237404082865
0.4057963024135957,0.03456754005820162,0.41223061705211744,0.06765746961920946
0.40587502892705274,0.03454165943482798,0.41228180169829265,0.06760368814720506
0.4059108333880731,0.034520930505388896,0.41236779783247485,0.06757303540885083
0.4059475558522982,0.03451402834750432,0.4127050243746307,0.0675472499041938
0.4060701645295311,0.03449380485243593,0.41275970101858867,0.06750215041732144
0.40616457025366215,0.03448807673977282,0.4131962004823456,0.06747315273496694
0.40625843438240583,0.034472517593778916,0.41326365929816933,0.06742137782850581
0.4063904285100658,0.0344713823998536,0.413453935127529,0.06740495783812249
0.4064776021599624,0.03446406953332004,0.4135759522861333,0.06737423306795502
0.406550353285328,0.03445781302839397,0.41363282284290237,0.06737068852183481
0.4066360655187708,0.03445262994636681,0.4137476651984128,0.06733780101030766
0.40673341188915596,0.034445621761870916,0.4140862048823626,0.06732310332481868
0.4068420870551687,0.03439092640097039,0.41417017741359646,0.06729370308679418
0.40692859304860945,0.034387200586043866,0.41421228195490667,0.06728002907931213
0.40707749585612785,0.03438628588236916,0.41426257742033035,0.06727623576977074
0.4071413834825036,0.034382483581095635,0.41431276735208256,0.06726493061843966
0.40720719766009533,0.034349823798738875,0.4144105800210012,0.06722977926157221
0.4072506208265162,0.03434025366253131,0.414749119704951,0.06721813327975144
0.4074866868439681,0.034327878074090094,0.4148605916597922,0.06712740146226259
0.4076204319292896,0.034327745201874864,0.4149678712686143,0.06707035297257924
0.40772455588298245,0.034325092821036116,0.41499639154690227,0.06703664983570591
0.40781943829464207,0.03430003455013897,0.4151155011035623,0.06702570315778697
0.4078788624375177,0.03428476133795184,0.4154571942849923,0.06701808708142254
0.40794651889484085,0.0342758022925502,0.4155458666090144,0.06698210748820174
0.4080378515406384,0.03427515540216445,0.415595054274572,0.06697471000221339
0.4081805897920104,0.03426277212277838,0.4156647591478072,0.0668297171544086
0.4082984655471985,0.03425900942728215,0.4157488599232427,0.06675712067205315
0.4083537315691254,0.03424739191361779,0.41582463761856236,0.06674882308778839
0.4085081807408628,0.034236952484455754,0.41600836861887835,0.06672935302138161
0.4086281357561503,0.03422247106141431,0.41610556937343884,0.06663946460058041
0.40873441203269534,0.03421975776483858,0.4162421035514076,0.06658544315904745
0.4089197826933601,0.03419769635635238,0.41627954791912253,0.06657430045592508
0.4089672399201586,0.03419227080379392,0.41638960172092115,0.06654272666183969
0.4090480762490832,0.034184786661395364,0.4165432036331586,0.06654176572133916
0.4091129601189245,0.03417788892236937,0.4166871310209689,0.0665076573953574
0.4092343639870324,0.03417619243076584,0.416756583597926,0.06647638919082255
0.4093412012523219,0.03413392585108858,0.4168631730308923,0.06646637744670775
0.4094929810554484,0.034129573341886536,0.4169180870714576,0.06635660306204225
0.4095476576994063,0.03409935875297461,0.41698242208720654,0.0663076596975387
0.40968918967207346,0.03409843050068265,0.41710652633800627,0.06630645164045292
0.40975393815793365,0.03407313297040056,0.4172028108477611,0.06630073796731784
0.40990790275907835,0.034048162233818347,0.4172819084088916,0.06616959328602964
0.4100021536336664,0.03403826823219063,0.41737589610126763,0.06612288073818469
0.4102293907552122,0.03399912334362283,0.4175120931338354,0.0661015325341073
0.4104087849149823,0.03395627822236125,0.4176302353077091,0.06609842133762765
0.41045045038745953,0.03395603836606758,0.4177390943326011,0.06606688350642208
0.4105640508290775,0.03394840093087432,0.4178157003867551,0.06604141356888539
0.41065446437585645,0.03394514533273988,0.417919824340448,0.06603705580779974
0.4107291916783654,0.0339419833062855,0.41795627573514954,0.06603701288253822
0.41125017907114686,0.033925129821572794,0.41804668928192856,0.06600079942283704
0.41135301545203606,0.03390988324505368,0.4181445019508471,0.0659920118391617
0.4114132142036509,0.03390767044524903,0.4182369514093675,0.06597708050500138
0.41152576412503794,0.03390194910116746,0.4182790244269159,0.06594939468321284
0.41167089816531904,0.03386706089061526,0.41842856803920303,0.06594413026819998
0.41174198733179773,0.03381977144351856,0.41849192437848703,0.06594001348669833
0.4118046154433017,0.03381001015964391,0.41861784079112613,0.06590091259694722
0.41193364759456313,0.03380396510049592,0.418628143322023,0.06589839544612361
0.412026503642503,0.03377057553319219,0.4186878807020195,0.06587971699283794
0.41214230232072485,0.03376212547644808,0.41884232987375686,0.06587559348299439
0.4121912193924611,0.03372739520147349,0.4188802945279515,0.06587556109324806
0.4123072452949096,0.033726219865747156,0.4189566248957228,0.06579857775131044
0.4123446896626245,0.03370843951768989,0.4190560489122178,0.06579392706976887
0.4124333619866466,0.033692312804071714,0.41922784074008534,0.06577941317786713
0.41256989616461537,0.03367621871931894,0.4193568728913468,0.06576572840353245
0.41263259543606345,0.03366418272570382,0.41938449921699616,0.06575547526445163
0.41268333431110227,0.03366410202174801,0.41949492850069187,0.06567983922924721
0.41278617069199147,0.03365373370507247,0.4196363049442414,0.06567139545240636
0.41284073730009685,0.033625624034876005,0.4197193511984511,0.06561649829181761
0.4129507517035642,0.03362065610347883,0.4198234662836969,0.0656086028657948
0.41298024290267327,0.03355609611384048,0.4198694329657798,0.06557491697972254
0.4130299448447236,0.03355126862610074,0.4199942387838027,0.06553514685882184
0.4130789242164516,0.03354640835466312,0.42008827707899443,0.06543524928288176
0.41319458934129605,0.03354448580814989,0.4201713660784398,0.0654168604166613
0.413310133331987,0.03352380341136986,0.42030136240149807,0.06540172743191257
0.4134159553809405,0.03352199595144015,0.4203926992691521,0.06539903854996264
0.41349998362878815,0.03349415863191356,0.4204809490337541,0.06535815032004288
0.41362761781886415,0.03346679691743859,0.4205576475440179,0.0653334804573246
0.41364418153502946,0.0334518970297491,0.42060838641905673,0.06529548581616902
0.41369073593012384,0.033446903738151484,0.4207383209772882,0.06529539921702053
0.4138160463576923,0.0334439289412624,0.4207829426497807,0.06527742373548662
0.41386297749189654,0.03344357690450374,0.42084236679265635,0.06524688398725965
0.413923203723805,0.033442672989327446,0.4209998322218049,0.06522505277998905
0.41401600171909375,0.033427256834077115,0.42113471965486077,0.06521514359944787
0.41408015787083596,0.033425132022494954,0.4212686622585088,0.06521152883463556
0.41414038410274434,0.03342431760519503,0.4213387819992303,0.06520230258959439
0.4142260963361872,0.033413838821459485,0.4214227545304641,0.06515928772468224
0.414334210445498,0.03339822195085524,0.42146527884493906,0.0651509978260445
0.4143930868131057,0.03339275266410208,0.4219751670193461,0.06514647114519957
0.4145524002091748,0.033370216002350364,0.42206913801117896,0.06498608565118802
0.41466125923406677,0.03335439604460751,0.4221522270106243,0.06497392491530693
0.4147627035745633,0.033348842901357374,0.42228616961427234,0.06496761360526362
0.4148571136734551,0.03332800430020361,0.4224153537268852,0.06492033904787668
0.41492144868920405,0.03331540561271561,0.4225876345425796,0.06483161999485275
0.41500508857721796,0.03327353360870111,0.42264231118653756,0.0648069626936018
0.4151027536255672,0.033243391174267535,0.42270321171349523,0.06480299543024103
0.4151498706361375,0.03320987467069296,0.4227389946574882,0.06479188510953321
0.4151926696431174,0.03318629421173017,0.42285758851054905,0.06478859676411511
0.41528707974200924,0.03316293463701616,0.42293510287547653,0.06475516076692377
0.4153861238933518,0.033136872208757766,0.4230913840271444,0.06473274800607812
0.4154624239351113,0.03312802304952754,0.423165557824723,0.06472033553313328
0.415566539020357,0.033124642827228656,0.4233872076716654,0.06471647252578333
0.41562048027976606,0.033110542149787016,0.42345936913024285,0.06470527861623221
0.415758136188878,0.033095603871557154,0.42358157607701385,0.06467479774947565
0.41584343594608725,0.033046412044221755,0.42370115504126066,0.0646431925334217
0.41587106227173665,0.033017507173249395,0.4237630916644807,0.0646131027428393
0.41597517735698236,0.03300969454681412,0.4238360265382946,0.06460310137377999
0.4161220868705749,0.03299607323814527,0.4238905694419922,0.06447625785855995
0.4162112453452003,0.032986392172237235,0.42397564920394853,0.06442371313486733
0.4162953938012812,0.03295699360024708,0.4240240584339131,0.06442125036684107
0.41638543677608886,0.03295382653957394,0.42406188815434465,0.06439973092544105
0.4164848607925839,0.03294792425645237,0.4241331854744907,0.06427250771352716
0.4166188033962319,0.03294553255458454,0.4242233172442006,0.06427034859522211
0.4167029041716674,0.03290940015046172,0.4242641428942713,0.06426412022419471
0.41677552737562923,0.03283760365009455,0.42433831669184985,0.06424466999067441
0.41687287374601434,0.03283355574005905,0.4244102413951684,0.06421796299856329
0.4169496593522442,0.03283340484289301,0.4245161272731562,0.06418341410270849
0.41698217552643096,0.032817426011984445,0.4246216374908586,0.06418112241444404
0.4171290850400235,0.03281725175255184,0.42469272665733726,0.06417006050947899
0.41721613340186753,0.03275621131368396,0.4247327789813656,0.06416399775556647
0.41726872226980827,0.032748325993415775,0.4247821130145271,0.06415303142573978
0.417372837355054,0.032745517207313876,0.42485473621848896,0.06413300127578403
0.4174755837687749,0.03274469237647708,0.4249259221521282,0.06412073619774189
0.417603421457433,0.032713499233488146,0.4250149254798968,0.06410754795159437
0.4177146179297639,0.03270379598821758,0.4251402359074652,0.06408439015265005
0.41781407615434,0.032695749114885334,0.4251953926495662,0.0640792975560567
0.4180501421717919,0.03267085366344457,0.42536255124047245,0.06407591706554927
0.41816902495444347,0.03265082527589784,0.4253999956081874,0.06401312601625574
0.41830752977951813,0.03260583126352568,0.42553468728981036,0.06401263751197325
0.41839757275432576,0.03258795576531283,0.4256290930139414,0.06399027733423993
0.41845859165466553,0.03253990125273936,0.42572313130913314,0.06396242210030947
0.41858060881326986,0.032539680665577074,0.4257724829687581,0.06389261231561902
0.4186567996304189,0.03253341835542688,0.4258310659003468,0.06386491494605796
0.41879141910725187,0.03251089767609056,0.4259138980970857,0.06381336750503432
0.41881904543290127,0.032472429790163675,0.42601078691845895,0.06379699236849809
0.41911879697552185,0.03246476966706222,0.4261113095265857,0.06378520034510592
0.41922706136423726,0.03243832392420601,0.4261621996451754,0.06362092927454915
0.41927219123527815,0.03243171635594419,0.42624652808656094,0.0636158595214811
0.4193552681043188,0.03242390271869978,0.42634387445694605,0.06357259089180561
0.41950709041482986,0.03241385002597907,0.4263715007825954,0.06349190061810893
0.4198487835962598,0.032402498997277165,0.42650915669170736,0.06347899061983073
0.41992802919419914,0.03239610877970855,0.4265585083513323,0.06346716158952834
0.42005580157574834,0.03236116103065707,0.4266599526918288,0.0633088358312384
0.42014941536623795,0.032358588867653,0.4269520106356923,0.06330565296191741
0.4201754902233184,0.03235820298977762,0.42700685273055544,0.0632713112742875
0.4202262633828904,0.032354109463258875,0.427087621093536,0.06323402597010211
0.42032339073491093,0.03234611067709487,0.42730567954218385,0.06322939524189927
0.4203953154382295,0.03233999156207922,0.42737861441599784,0.06316335313925367
0.42047215044103037,0.03233500330669238,0.42743840112885517,0.06314421000301479
0.4205804148297458,0.03232070468391014,0.42758561322299093,0.06313004452162507
0.42069468452481973,0.032316557317117724,0.427680018947122,0.06309265540315856
0.4208114123257839,0.03229959647697343,0.4277367169641745,0.0630553567059952
0.4208619525357142,0.03229701296991111,0.42784471877380026,0.06304076889171187
0.4209253088749981,0.032294251332165506,0.42789219313012333,0.06298254763933532
0.42102764720423563,0.03229330109738319,0.42809511060808547,0.0629736672535241
0.4210666961917396,0.03228904573441551,0.42825726098981426,0.0629395335703794
0.4211237281814296,0.03228289019157123,0.4283661200147063,0.06292295828591501
0.42125150056297883,0.03227043901230047,0.4284049218452142,0.06272484970617787
0.4212996813199987,0.032241044468377354,0.42846287206746536,0.06270539817749657
0.4214274114320144,0.032225214648445286,0.42860052797657733,0.06265286060118992
0.42149534027128926,0.03222351750852596,0.42869451566895334,0.06264119400277289
0.42154379620925825,0.03221192882952833,0.4288461330707652,0.06254726330722948
0.42161391594997977,0.03219704490868349,0.4288861853947935,0.06254479411326828
0.42165853762247224,0.03219303692749891,0.4289408205125026,0.06253524774978252
0.42177280731754624,0.03215476364256332,0.429015579907917,0.06252401788462666
0.4218341802592078,0.03214303288920046,0.42910332534329787,0.06252004788252916
0.4219064522760607,0.03214134808040709,0.4291728854119505,0.06245173097386577
0.42197483613293246,0.0321345619053672,0.4292583710412784,0.062446860799487205
0.4220601358901417,0.032133220513951496,0.4292859973669278,0.062403033319251705
0.4220846416882922,0.03212181226228956,0.42942429292553186,0.062387800584241676
0.422156409537323,0.03210587218141266,0.4294826108697888,0.06226656247125868
0.42224693596992,0.03208349497928594,0.42954635305448086,0.06212096059434285
0.4223723725689879,0.032069848099018194,0.4296215594145344,0.06211514331515285
0.4224148968834628,0.0320637762704921,0.4297357982993998,0.062087850263266416
0.4224743210263384,0.03203406249715246,0.42975236201556516,0.06207473626666991
0.42252888763444385,0.032024499198327325,0.42984633300739794,0.06204552708034311
0.42265126755840754,0.03199946774218655,0.4300335460794617,0.06199372969035472
0.42272900012621023,0.031994648005723485,0.4300596209365422,0.06198863806932758
0.4227868973034248,0.03195515418503363,0.4301534850652859,0.061949314616853296
0.4228740709533214,0.03194638375712258,0.4302173726916616,0.06194892304154138
0.42293600757654143,0.03191841661700454,0.4303967668514317,0.061948094754159216
0.4229903571243062,0.031901663294548736,0.43062282606650776,0.06192213883344221
0.4232028460522343,0.031890529446009286,0.4307553423282405,0.06184158827323754
0.42323160343618677,0.031862942179432786,0.43091669915384373,0.06181919686405315
0.423297509691875,0.03183972075452092,0.43107518236472203,0.06178566777162823
0.4233524449648959,0.03183860045407734,0.43114728423311105,0.06175346161297906
0.4234543323030154,0.03180646647768691,0.4312573380349097,0.06168385720120734
0.4236059497048273,0.03180641759988917,0.4313893321625696,0.061676354477827766
0.4236826482150911,0.03180076081332698,0.43150747433644326,0.061650242148117866
0.4238771732878444,0.031763291337260656,0.431650160294558,0.061648506167240325
0.42392622741276675,0.03172247597562514,0.4316918257670352,0.061607990280856534
0.4241314394230385,0.03168650311781647,0.43181200559405986,0.06159512833033501
0.4242353519271277,0.031680126175210536,0.4318779118497481,0.06159045232961552
0.4243381883080169,0.03165275028860975,0.4319210580385948,0.06158545892243826
0.4243626941061674,0.031650066258809284,0.43199775654885864,0.06152821848463949
0.42470123379011726,0.031634722024876605,0.43223112542009223,0.061511872020279044
0.4247848702377853,0.03159294571563444,0.43228391610891553,0.0615105329043148
0.42494489113885964,0.03154650879175105,0.43232598912646386,0.06148556117684521
0.4250139025700342,0.03153428543595158,0.43245937400332496,0.06142566984918026
0.42509520794127426,0.0315115123863932,0.4324884459177135,0.06139927180326372
0.4251565200949974,0.03151009260007287,0.4326491175113655,0.06137990558451523
0.4252566104257888,0.031499946524687954,0.43269545220002603,0.061368989765119536
0.4253993486771608,0.03149469664986002,0.43275248418971607,0.06134675657443996
0.4255184582338208,0.03148864828667019,0.4328220442583687,0.06127961763866728
0.4255965498802912,0.03148450879919949,0.43301114415202463,0.061223456386758704
0.42568203550961914,0.03145922757685413,0.4331905383117947,0.06115377108671401
0.4257760065014519,0.03145606112262625,0.4333308155775796,0.06113512547728498
0.4259304556731893,0.031440441643163994,0.4334233543406831,0.06106740774728554
0.42606045199624765,0.031425254343532535,0.4335908030249513,0.06097674450544044
0.42610890793421663,0.03142054305022591,0.43364547966890926,0.06096748254523427
0.4261459383518708,0.031413689529751446,0.43372360057106163,0.06096428079810897
0.42626017723673615,0.031410271781038356,0.43378440394435075,0.06095910882252488
0.42644669335418867,0.03134134047716599,0.43388629128247025,0.06092281790964059
0.4265291938761013,0.03132383693872361,0.4339720035159131,0.060884458564639185
0.4267237189488546,0.03131492945347311,0.43405251717437343,0.06086336347712617
0.4267876065752303,0.03131401836930062,0.43411111733317553,0.06084670684709676
0.42683578733225014,0.031304980288770254,0.4343192758255473,0.06081560375598739
0.4268936455953302,0.03130296648531377,0.4344094790100418,0.06068346257260592
0.42699268974667276,0.03128983240009148,0.434463648772127,0.06066738103134282
0.42731131137404466,0.03127683112384798,0.43449943171612,0.060644469324659694
0.4274224590529269,0.031276333424831965,0.434643140875571,0.06058715126931263
0.42750971638392776,0.0312698800098871,0.4347407924853346,0.06058089286812469
0.4276950870445925,0.031269653718006385,0.4348010740813275,0.06053832751474147
0.4277500010851578,0.03126834168227237,0.4349051891665733,0.06051737308373202
0.4278804910001602,0.031252423635401635,0.4350107391223942,0.06046160158591261
0.4279517883203062,0.03124416783089417,0.4350664401229651,0.060460989943102054
0.4281279457517101,0.03123609483685113,0.4351002569836196,0.060455696953199016
0.4282171042263355,0.031220019151021385,0.43520014900607906,0.060447826115984336
0.4282816407571585,0.031212448341790815,0.43525123087085943,0.06043806864959578
0.42838013125066643,0.03118247553078444,0.43533887653621,0.06042086097295663
0.4284949736061768,0.031169176395289367,0.4354156621424399,0.06041458435136351
0.428644764787452,0.031154324396709187,0.43562496491933334,0.060394762599877964
0.4287278110416617,0.031145237362838946,0.4357663413628829,0.060375088424600314
0.4287952698574854,0.031132815050443383,0.43591157076445486,0.06030597688972017
0.4289379558156001,0.03111378724488772,0.4359580202205054,0.06027196803373417
0.42904070222932106,0.031112662858172,0.4360206483320093,0.060216667806939524
0.429234884065987,0.031094649505831976,0.4361526424596692,0.06018939735036626
0.42929016130514036,0.031085816410947757,0.4361904721801008,0.060148359812984574
0.42940070938695224,0.03105403684647194,0.43630194413494205,0.06012798471157154
0.429682416986544,0.031040977251058414,0.43639059894293153,0.060104070725576116
0.4297288664425945,0.03100212596282976,0.4364365656250145,0.06009977037865935
0.42983351196971126,0.030977579633180416,0.43647038248566894,0.060035989162815516
0.4299008454465143,0.030972405785329393,0.43652402947233293,0.05996931677520779
0.43014271638929064,0.030956213007226126,0.43658534162605606,0.05994153183544913
0.43019725929298824,0.030939639748102595,0.43670445118271606,0.059922661647906904
0.43022176509113874,0.030933147253979564,0.43682432546455374,0.059917757421583444
0.43031684059539604,0.030919879244804216,0.4369262128026733,0.0598794034786069
0.43039766445412864,0.030909396108218815,0.4369805623504381,0.05987678820192779
0.43056511313839685,0.0309081715500585,0.43710599894950597,0.059863198350286036
0.4306190543978059,0.03090430282012571,0.4371917111829488,0.05982626682133306
0.4307218907786951,0.03089870106275945,0.43732633065978177,0.05979878368778894
0.4307946419040607,0.030844799081627794,0.437413912496098,0.059779803328804657
0.4308818155539573,0.030840879851951865,0.43754642875783073,0.05973379747302134
0.43096207184056756,0.030800447483445695,0.4375628197792516,0.05966804090856179
0.43106598434465676,0.0307987026721825,0.4376809619531253,0.05961941234017202
0.43115852310776026,0.03079179655084098,0.4378155814299583,0.059612127103429335
0.43120929626733223,0.03079080541647006,0.4379830301142265,0.05953530285181673
0.43126048091350744,0.030786675186397723,0.43805525646367344,0.0595140909301819
0.431321853855169,0.03072707443143638,0.4380903852258985,0.0594530230568478
0.4314429377116479,0.03072504618941101,0.43820140817737707,0.059366844654762656
0.43149422138456883,0.030717008682130505,0.43825730861182516,0.05929755982113046
0.43159204013567914,0.03071684900419545,0.4387451792522138,0.05928827896636397
0.43176819756708296,0.03070636293574388,0.43885145552875876,0.059284141474987624
0.4319898474140253,0.030692847578653388,0.43889881193643376,0.05926752951679794
0.43208749902378896,0.03068245735925499,0.4389559322410766,0.05923441620349371
0.4322021041738223,0.030664311753880638,0.4390137862100954,0.059225439266813486
0.43224080196997,0.030655263639878843,0.43916179923374,0.05920623922348118
0.43244626763142147,0.03060195742114536,0.43917210176463695,0.05919136217531095
0.43247502501537394,0.030601843671715482,0.43932535536096773,0.059176542889722614
0.43250788785112826,0.030573521800454233,0.4394545394735806,0.059107129690490055
0.43262677063377974,0.030546425678808203,0.439509816712734,0.0590888351681085
0.4326817059068006,0.030530395764272047,0.4396137292168232,0.05905462203744408
0.4327677020409828,0.030529330360847023,0.4396737745672381,0.05905165133765282
0.43280283080320786,0.030521391009088752,0.43982267737475655,0.05903434561076758
0.43285360396277983,0.03050504056291819,0.43996541562612856,0.05901360043574946
0.4329529225093135,0.03046797290798411,0.44008452518278857,0.058966597578561215
0.4329928133919262,0.03045046840425174,0.44023892296170486,0.05895744140983414
0.4330726270037113,0.030446130962763746,0.440295793518474,0.058779093772353484
0.43311364355899923,0.03041550755563385,0.44043555361107983,0.058734721351305565
0.43316986984516964,0.030406539617982068,0.4405691855302587,0.05870078599307908
0.43325855127548996,0.030390526662315384,0.4406510660763608,0.05869079864246028
0.43334722359951205,0.030348591267484605,0.4407787961883765,0.05859786094161492
0.433407268949927,0.030346327248039068,0.44087687497866684,0.05856482396901077
0.4334447133176419,0.030325116681546065,0.44093500021258675,0.05855261415582863
0.4335594347768499,0.030310299501389294,0.44103349070609466,0.05849098765268391
0.4336094436402256,0.030267724928968863,0.4410862813949179,0.058399036324132535
0.43370297172787686,0.03025925345281993,0.44120230729736637,0.05836396710831662
0.433791621617446,0.030259239116421,0.4412404983390615,0.0583551494437351
0.4339236157451059,0.030257674205793988,0.4413329477975818,0.05834476259290408
0.4339844052678174,0.030244826207086774,0.4414459918205938,0.058290107921607444
0.4341428884786957,0.030240913570883467,0.44153426576955307,0.058256940257593495
0.43426420412104494,0.030223132059913334,0.4415921629467676,0.058221606330011555
0.4343268322325489,0.030202890530852684,0.44162999266719916,0.05812917909456477
0.43445791097336595,0.03019418492367501,0.4416478157463939,0.058113779956089316
0.4346063351565685,0.030177948031020158,0.4417117033727696,0.05810338166397189
0.43467168727872,0.030168755381122365,0.44175637156638353,0.0580779357731693
0.4347219827441437,0.03016824225326717,0.4418537179367687,0.05805749779326359
0.4347824724853094,0.030149840687294066,0.44200062745036117,0.058053089378045264
0.4349499211695776,0.030140308235099177,0.44213262157802113,0.05803107202676158
0.4352916143510076,0.03013476916195909,0.4421829170434448,0.05800494787775088
0.43536801838465394,0.030102580271171322,0.4422627306552299,0.05794947834036994
0.4354108173916339,0.030101568505208027,0.4423170802029947,0.05792766375372952
0.4354829451178324,0.030074037440137216,0.4423579058530654,0.05792007016550104
0.4356644673821186,0.030043773966442696,0.4424193504813414,0.05790902087780664
0.43574523625478,0.03003265870074665,0.4424742645219067,0.05790100021567533
0.43591542756578955,0.030006783130216323,0.44250302190585916,0.057878423396632885
0.4361183450437517,0.02996922003593625,0.4426112862945746,0.05784247982017445
0.4362473771950131,0.02995949647719232,0.44269316684067667,0.057805034895574404
0.4362970791370635,0.029955587397318108,0.4427628717139119,0.05776545537779687
0.4363552043709834,0.029937872563427875,0.4428459607133572,0.05774053491232474
0.4364189465556755,0.029931600281355865,0.4429524359438299,0.057717218894966935
0.43647707178959544,0.029906542953236546,0.44308897012179865,0.05771080072673105
0.43660978780375587,0.029895226377127288,0.44322291272544667,0.05769340659753574
0.4366583438303057,0.02986640897299223,0.4434507789121119,0.05763535612560521
0.4385546502436601,0.029825738926079842,0.4435153154429348,0.05762281654369003
0.4386020066513351,0.029817137031065075,0.44360009198724676,0.05758619281192142
0.4387000854416254,0.02980857033357353,0.4437338370725682,0.05750829008819394
0.4387601744971749,0.02978488217887893,0.4438080108701468,0.05749559519346594
0.4389152420477228,0.029777174446986982,0.4438408737059011,0.05745391031852305
0.43903008440323316,0.029755788153103938,0.4438905756479514,0.05731973852366877
0.43910358367215874,0.0297288396545513,0.4440527260296802,0.0573138343714891
0.4391864158688977,0.029694929088016353,0.4442752134012179,0.05725757207605285
0.4393414834194455,0.02967213561641238,0.4443221445354221,0.05719289020417578
0.43941668977949905,0.029664570169199326,0.44436219685945044,0.05719116542497453
0.4394977634922889,0.029663450161416378,0.4444808991556111,0.05717498468006617
0.43955244013624684,0.02965585821741649,0.4446480577465174,0.05716862823404337
0.43976174291314035,0.029654130762110636,0.4446881100705457,0.057161006729206015
0.4398656554257242,0.029652774958269172,0.44479913302202434,0.05715267751637633
0.44020419510967407,0.029627774178841212,0.4448605059636859,0.05713395600192837
0.4402716539254978,0.029625082246849246,0.4449162069642568,0.05711768453927707
0.4403735412636173,0.029613197727583907,0.44500030773969235,0.0570589815696049
0.44051491770716683,0.02961300664482901,0.44514553714126426,0.0570342137784845
0.4405658078257565,0.02961018526526163,0.44524456520368066,0.05701412115650108
0.440600863066516,0.029606388338525597,0.4453843252962865,0.05698933076390646
0.44066230769479203,0.029599914056649537,0.44555660611198095,0.05698691978283914
0.4407031333448627,0.029571812057023725,0.44566662051544825,0.05697424059682806
0.4408122140724386,0.0295565505960436,0.44577462232507403,0.05697157667654708
0.44100636731600773,0.029536481201363575,0.4458804443740275,0.0569465725329268
0.4412145258083795,0.029531585582817935,0.4459373359763692,0.05693369809465217
0.4412596556794203,0.02952371432203475,0.4460135267935182,0.05688731024858942
0.4414148217342911,0.029515235189033182,0.44606746805292724,0.05682034407748326
0.4415088600294828,0.02950217749118461,0.44614376809468675,0.05680717954041294
0.44158142496842645,0.029489613431370913,0.4461833269074705,0.0567947109997138
0.44173592074198476,0.02947910827666149,0.4462338300805908,0.05676329475618964
0.4417826362387075,0.029470158362846454,0.44629380404595254,0.05673902501330718
0.4419358898350383,0.02944474849242824,0.4467303035097095,0.05672201811427969
0.44214837876296637,0.02943686410176978,0.4467701943923222,0.056708786436517174
0.44223879230974533,0.029425394037443955,0.44683333102092504,0.0566528551151117
0.44229158299856863,0.029373098182310785,0.4469147527692971,0.05660951008132798
0.44236259033153624,0.029367019663898215,0.44704226222347476,0.056570475702149195
0.4424193850010711,0.029324477900476344,0.44712333593626463,0.056534945001251974
0.4424798747422367,0.029308058592527893,0.4471960870616302,0.05650494979292336
0.4425357127790043,0.029278653066935643,0.44732983214695166,0.0564932370733307
0.44256857561475854,0.02927207962987336,0.44741060101961305,0.056459438547431226
0.44264965087358044,0.02926989739918407,0.44749041463139816,0.05644826877495295
0.44277716032775805,0.029267017801099172,0.4475410307625413,0.05644513220859474
0.4428851621373838,0.029252498879764312,0.44760941461941306,0.05641570404698787
0.44296736458093416,0.029240784538656313,0.4477180897854258,0.05640856643820003
0.44322796505546724,0.029210040717545873,0.4478557456945378,0.05635830038685837
0.44332516581002773,0.029208701795141068,0.44792991949211636,0.056322656273941875
0.4434534687778575,0.029207858492325607,0.4480191702784421,0.056300982840673926
0.4434698597992784,0.029168446958165943,0.448061969285422,0.056272137729097726
0.44354085822557276,0.029159609905016783,0.4481749595286075,0.056236298127904344
0.4436222799739449,0.02915933322391275,0.44821291094808885,0.05614033402759373
0.44369477722726897,0.02912533232433868,0.4483682402367529,0.05608604942969584
0.4437343360400527,0.02912478896502157,0.44855697399266103,0.05608289835506109
0.44389455931841126,0.029112708520087637,0.44866088650524494,0.05607509355275747
0.4439876949348031,0.029106219127546424,0.44878309345201595,0.05605522112434866
0.444104504378148,0.029016346085667232,0.4488333889174397,0.05601038019163613
0.44446191920967915,0.029003736164613606,0.4489085952774932,0.055983769598315594
0.4445860963108646,0.028997248824872684,0.44904277556232036,0.05596793238167715
0.4447160308690961,0.028981154522472265,0.4491669773745333,0.05589812537860228
0.4448064800850413,0.028960432894875737,0.449345187970376,0.05588535175897701
0.44485986300604646,0.028947428841555347,0.4494594268552414,0.05587842215460675
0.4449651434850966,0.02894513825655703,0.44954119366605727,0.0558307336658515
0.4450352632258181,0.02894428665390362,0.4495915830953967,0.055826642922906976
0.44511959166720366,0.02893733823888218,0.4497063045546047,0.055792443052066154
0.4451680476051726,0.02893230239139971,0.4498954044482606,0.055768069299167354
0.445409918547949,0.02892922127807185,0.4500167200906099,0.05575713246416254
0.44546786877020006,0.028924926468166752,0.45015648018321575,0.0557508638398956
0.44549694068458856,0.028894297148866127,0.4503266714942253,0.055749669215825845
0.44560105576983433,0.02888222032419428,0.45035616269333434,0.05571216432891202
0.44569820277854705,0.028862777931537686,0.4504759867546169,0.055698805605548365
0.44579723084096345,0.028854263891098082,0.4505685255177204,0.05568574446728639
0.4459169238038315,0.028854251547352446,0.4506713618986096,0.0556754728483424
0.44607729252812106,0.02883773085448405,0.45080407791277005,0.05565461498671821
0.44613992063962504,0.028823533063643356,0.4509092943504189,0.055650464920395395
0.4462310287200312,0.028802186087724196,0.45097722318969374,0.05564356133397064
0.4465230866638947,0.028766685858263353,0.4510497881286374,0.05561479586455768
0.4466312837832299,0.028738662827648313,0.45109619887442587,0.055587124032925574
0.4466927284115059,0.02868403197728225,0.4511514648963527,0.05558384546171677
0.44718059905189456,0.028679856820703436,0.4512876496795903,0.055565478945148836
0.4472790895454024,0.028672706869011445,0.45138672325650836,0.055525335709920666
0.44735636589785815,0.028645510999456617,0.4514949876452238,0.055474298704025704
0.44744362322885906,0.02864486008877872,0.4515422780959469,0.05545390053762684
0.4475313686642399,0.028636806224931644,0.45161171088879154,0.05544084203430607
0.4476809122765271,0.02859230996077302,0.4516201213860785,0.05543087864944304
0.4477648466921266,0.028531444704105485,0.45172423647132426,0.05542185060820135
0.44784243904672183,0.028529226017008368,0.4517399979859023,0.05540101794899655
0.44788063008841694,0.028517342418538785,0.4519021483676311,0.05539458058711669
0.44804278047014573,0.028508126058495613,0.45195918035732113,0.0553722349959874
0.4483757947377604,0.028479913354170796,0.45200384855093506,0.0553625166277123
0.4484200044309582,0.028469114943478365,0.45212295810759506,0.05535428726567637
0.44861028026031785,0.028451690297687113,0.45227828739625914,0.05530378340354421
0.44873805264186706,0.028425001433208412,0.45243748310701526,0.05523987910772595
0.4487949231986361,0.02837551043212542,0.45255888697512314,0.055162650598402925
0.44904760508428665,0.028373676635134053,0.4526298854014176,0.054997685704964945
0.4491073424642831,0.028371690686839444,0.4526845620453755,0.054980076881019746
0.4492315442764961,0.028368565479287497,0.45273717442234634,0.05496384803297726
0.4493140447984087,0.028364556556832125,0.45283663264692253,0.05483458078920717
0.44936374674045904,0.02833250155144981,0.452997001371212,0.0547647138422956
0.4494100814291196,0.028320426353516594,0.4531066845755552,0.0547296240532564
0.44954057134412195,0.028309089574422575,0.4531712211063782,0.05472251436440172
0.4496107420826619,0.02828791584917151,0.45319369659502956,0.05467275376369796
0.44972888425653557,0.028286862126169564,0.45324275071995185,0.05464541650966801
0.4498364158685692,0.028283775663329576,0.45330064789716645,0.05464249097124681
0.44988669666367853,0.02825036655281168,0.4534306442202247,0.05454687090746662
0.45000854966256926,0.028243127466729655,0.45352068719503236,0.05454364486978266
0.4500682870425657,0.02823376321449717,0.4536952711396537,0.05454190904045035
0.4501157442693642,0.028207027132394636,0.4537844296142791,0.054536340210139735
0.45019612712672386,0.028200539518731964,0.45383899622238455,0.0545254235218415
0.45032484301251063,0.028165560048199742,0.4539231465897687,0.054515464617829176
0.4504353910943225,0.028162510684307196,0.45404455045787656,0.05447881097744854
0.45056810710848294,0.028140194479280897,0.4540942148152101,0.05446662668229998
0.450706402667087,0.02811170291113931,0.45422184900528606,0.054462333366134236
0.45083050691788673,0.028097936134281205,0.4543254904610885,0.054456195665734945
0.45092447790971957,0.028092789829797113,0.4543706203321293,0.054446511954403906
0.45105119069871835,0.028059861257150834,0.4545103804247352,0.05439730213217593
0.45114505482746203,0.028056737064450613,0.454583003628697,0.05439526635097097
0.45119535029288577,0.028049618624945736,0.4546320577536193,0.05439099940042062
0.4513132624562774,0.02804616968907167,0.45477233501940423,0.05438276937597611
0.451374635397939,0.02803810688424881,0.45488836092185264,0.05432611787466391
0.45149523229681976,0.028036613839048184,0.45503527043544517,0.054285239640648596
0.4516349923894256,0.028023103297224603,0.4551139969489022,0.05422623078779192
0.45174318950876086,0.028001074240707406,0.4551887242514111,0.05418663052403858
0.45179988752581335,0.027988735350359593,0.45567659489179974,0.05410371358913881
0.45188296439485404,0.02795948428993348,0.45579861205040406,0.054086143921366146
0.45191809315707904,0.027954494319130857,0.45584282174360186,0.053945404957603964
0.45199681967053607,0.027952518221984572,0.4558888337363141,0.05392359399562941
0.45207085060456675,0.027926681494037608,0.4561705413359059,0.05390667801657762
0.4521651023116335,0.027911866687872947,0.45628965089256596,0.05387476234625166
0.4521979651473878,0.02790242853173729,0.45658170883642946,0.05385414994155783
0.4523531312022585,0.027874824092880064,0.4567316300203053,0.05382981597328804
0.4524727101665053,0.027872630496070586,0.45682273810071145,0.05377202455498902
0.4530952576228248,0.027796150196008812,0.45696389186468883,0.05375568882267935
0.45314982423093025,0.027765756273842913,0.45758643932100834,0.05369665087162708
0.45321740651694475,0.02776011684927184,0.4576813217326679,0.05369428236121924
0.45351715805956533,0.027698300493063054,0.4577247448990888,0.053603238680256814
0.4536068166585447,0.027695777879391984,0.4578305669480423,0.05355444934478516
0.45379402973060845,0.027649705494664265,0.4579209804948213,0.053505828627443935
0.45384248566857743,0.027636982903683206,0.458035261572768,0.0535025842585327
0.4539786827011452,0.027612962338117723,0.4581431619219219,0.053460588378171366
0.4540389088438595,0.0276128770279038,0.45818543964854447,0.05345366007139199
0.4542334339166128,0.027593075737402842,0.4583012383267663,0.05342317006657629
0.45432476656241033,0.02759171149322097,0.4584208760657121,0.053412965272680114
0.45441873755424317,0.027581494938947234,0.45855359207987256,0.05338745808208245
0.4544979831521824,0.027570996893270073,0.4586813221918883,0.05333986936005574
0.4546059849618082,0.027549176808265647,0.45902301537331824,0.05331476821791445
0.454650194655006,0.027546060363157692,0.45906581438029814,0.053283065796904935
0.4547023715776307,0.027543687839466903,0.459120749653319,0.05326261552123367
0.4547842521237328,0.0275326026604327,0.45927054083459423,0.05325512465174037
0.4548883672089786,0.02752469782417427,0.4593628734827538,0.05321445832702403
0.45501836353203684,0.027518190657179056,0.4597127753124496,0.05318235523078533
0.4550751582015717,0.027508047087167236,0.45978248018568474,0.053152061643059564
0.4551855874852674,0.027483537638765876,0.45984245415104646,0.05312848833933871
0.4552426194749574,0.027453179020221492,0.46003608938895785,0.05312564204590817
0.45537915365292614,0.027451894640366948,0.46014267882192417,0.05310992276565993
0.4554178514490738,0.02745055981226774,0.46022972718376826,0.05307711777727126
0.455645717635739,0.027449286578823288,0.4603128161832136,0.053061602865691705
0.4557178790943165,0.027437666598584272,0.46037153755262133,0.053010554724740144
0.455742384892467,0.02743197731454607,0.4604487434926649,0.052948359873135314
0.4558065410442092,0.027431879360526715,0.4605599399649958,0.052933066218367776
0.4558777269778484,0.0274259970971489,0.4606326910903613,0.052929984577270515
0.45592175662203144,0.027420922645113855,0.46075454408925204,0.05290022248884463
0.45596637829452397,0.02740343024935855,0.4608636248168279,0.05288214171041111
0.45601330942872825,0.027396571254896737,0.46092385104873634,0.05285628806053887
0.4560626434618898,0.02738075385117545,0.4609596555097567,0.05284896603815039
0.4561807856357634,0.027371643395857376,0.46104047936848935,0.05283721184413748
0.4562739212521553,0.027367905376078052,0.46107844402268394,0.05274698234741245
0.45639676095073733,0.027367600917527077,0.46115754158381445,0.05265345038496292
0.4564689224093148,0.027358969599219726,0.46127861572237805,0.052639990864099394
0.4565943590083827,0.02735818899780964,0.4613749737620931,0.05251145152157835
0.4566403256904656,0.02732328583715603,0.4615003371370093,0.05239718806470624
0.4566741425511201,0.027284323715871233,0.4615933432859654,0.052344037999569465
0.4567733720309217,0.02726874939500793,0.4616974583712112,0.05231121459001971
0.45679816632755776,0.027223810885618125,0.46174379305987173,0.05230322642237798
0.4569323466123849,0.027211085464644368,0.46195195155224356,0.05229182962422205
0.45703756305003373,0.027192312978476404,0.462064941795429,0.052268284985615365
0.4571244927751606,0.027188432686406555,0.462112298203104,0.0522615145609716
0.45726102695312937,0.02717964422605296,0.46221161674963773,0.052224058319690604
0.45736988597802136,0.027174563937274205,0.46236908217878625,0.052210909590078666
0.4574919031366257,0.02716192206275834,0.4624285063216619,0.05220247211546065
0.457584352595146,0.02713399380897419,0.46258247092280663,0.05218196461617574
0.4576931294849658,0.027098058985748272,0.46262252324683495,0.05217733996966357
0.4577977750120826,0.02707379270218251,0.4628450106183726,0.052112286633063803
0.457910765255268,0.027070815715012134,0.4629572129968689,0.0520854698054875
0.45802757469861294,0.027012226114019322,0.46329890617829894,0.05206155175251006
0.4581207103150048,0.02699466862544348,0.46344780898581733,0.05205533412443206
0.4581735010038281,0.026991710463378758,0.463520755590786,0.05204242532643444
0.45825077735628383,0.02697058407419026,0.46364826504496365,0.0520395395728192
0.4584040309526146,0.026950599254163047,0.4637053853496065,0.05202099715694581
0.45845004294532693,0.026949226836446277,0.46377142454705506,0.05198800527640548
0.4585109434722846,0.02694426756834634,0.46383888336287876,0.05197278218995126
0.4586159285657864,0.026941569660236378,0.4639438684563806,0.05194152514032909
0.45867927303375344,0.026923176907382627,0.46402146081097584,0.05188458753012255
0.4587573939359058,0.026891614184290955,0.46406739135668507,0.05182152566904875
0.45878346879298626,0.0268865205964412,0.4641626179983097,0.051740165695641376
0.4589436920713448,0.026867505637274965,0.4642676030918116,0.05172670275968903
0.4590061817025563,0.026847006846555728,0.46432780184342637,0.0517210965128237
0.45917846251825073,0.026836340140862388,0.46438243696113546,0.05170118148291994
0.4592592863769833,0.026822570763717433,0.46442440732046186,0.051639229307361034
0.45931714034600213,0.026822194033420187,0.4645564014481218,0.05161743172945377
0.4598138185776364,0.02676689184950344,0.46464508287844214,0.05161612696784948
0.4598687326182017,0.026755672973120835,0.46471626881208133,0.05160442702672368
0.4599674700181125,0.02674777460415848,0.4647670419716533,0.05156550231270408
0.46004236134442017,0.026738066960865246,0.46481758218158353,0.05156524964709457
0.4601451077581411,0.02673479611725961,0.46490762515639117,0.0515394620919035
0.46023228140803774,0.026731305631718882,0.46497954985970974,0.051521858559193084
0.46038389880984965,0.026719619176540213,0.46509950487499724,0.05143936616781182
0.4604669756788903,0.026714090264080458,0.46512429917163334,0.0514233371854568
0.46061859308070213,0.026711439263826967,0.46522821167572254,0.051401763280406264
0.46077219499293964,0.026701107541428248,0.4653364087950578,0.051401735007477085
0.4609070824259955,0.0266829023557472,0.46545610175792584,0.05138478408187139
0.4611067493462504,0.026668985633741545,0.4655886180196586,0.0513678621825466
0.46130641626650537,0.02666575581814979,0.465961300069827,0.051366442505847
0.4613666150181202,0.026660923607489125,0.46602863354663004,0.051336764612845344
0.4615240804472688,0.026637967966572723,0.466347255174002,0.051301770846571774
0.4616551591880858,0.026628729887084864,0.4667046700055331,0.051295234380545125
0.4617290252488496,0.026615810933349818,0.4668112594384995,0.051267314386290626
0.4618518649474317,0.02660539909388711,0.4671642474538218,0.05124737589877005
0.4619772283223479,0.02660476894293881,0.4673175010501526,0.05122866697347813
0.46209830246091144,0.026594565286340528,0.46735851760544056,0.0511942572659676
0.46220221497349534,0.026586391379589548,0.46746853200890787,0.051166832581944995
0.46223128688788384,0.02657403375292964,0.46756075497374416,0.05116567754953004
0.4623177928813246,0.026544523214949507,0.4676482217241199,0.05115423810856831
0.4623637595634075,0.026540316666456423,0.4677469591240307,0.05113939334360041
0.4625182553369658,0.026523654234309108,0.4678881128880081,0.051126824436356064
0.4626308052583528,0.026509528987772014,0.4680072224446681,0.051060279016504
0.4627029071267419,0.02650897252857149,0.4681300621432501,0.05105246479405358
0.46275036435354033,0.026499765043673452,0.4681588195272026,0.05104763330692307
0.4628222890568589,0.026477746754865864,0.46836403153747436,0.05102328851518725
0.46291936194098376,0.026476088727658654,0.4684392378975279,0.0509501142164977
0.4630529938601627,0.026470246343875393,0.46857951516331275,0.05091204071117397
0.46314046061053843,0.02643579205566384,0.46867350285568876,0.05084195837052618
0.46318325961751833,0.026433724487136295,0.46877292687218386,0.05083579626543471
0.4632911599666722,0.02642961019924047,0.4689054431339166,0.050833799963421675
0.4633478579837247,0.026425659633899916,0.46896330139699666,0.0508278850097139
0.46342001944230216,0.02642543881794148,0.4693018410809465,0.05082369261541926
0.46356117320627954,0.026394603611743936,0.4694059561661923,0.05079667083366123
0.4636527255245321,0.02638982748021392,0.46947177034378396,0.050768146591430016
0.4636885084685251,0.026388669464348116,0.4695371224659355,0.05065616749041799
0.46379998042336634,0.02638508781730827,0.4696201993349761,0.05061547350756752
0.46390927953220573,0.026379718832499593,0.4697288745009889,0.050596471626107836
0.4640345899597742,0.026366806711308102,0.46977705525800867,0.05056562784926598
0.46437181650193,0.02635635106041919,0.4698578791167413,0.050509873223620015
0.46441186882595836,0.02635266578515099,0.470011843717886,0.0505082254109459
0.4645233520957149,0.026349402341946885,0.4702021195472457,0.05049958311895023
0.46466164765431894,0.026348330567349205,0.47025705482026653,0.05049699812563789
0.46473924000891426,0.026328057338006784,0.47039249688804535,0.05046558366871374
0.46498898686329493,0.026321627901291157,0.4704977773670955,0.05032496432735833
0.46513038995465933,0.026297300715964898,0.4705615195517876,0.050319970113073466
0.46520699600881327,0.026275022211704392,0.4707430418160738,0.050293201632256784
0.465275379865685,0.02627470133802253,0.4708260880702835,0.05025206079865828
0.46542977764460136,0.026259733729541924,0.4708862868218983,0.05024989361057353
0.46545884955898986,0.026220143098146867,0.4709337440486968,0.050226846831957585
0.46556009407910115,0.026206874121874172,0.47098635642566766,0.05022637880426202
0.46563670013325514,0.026204825337819974,0.4710603873596983,0.050207326538942866
0.465722412366698,0.026177178514900763,0.47295669377305266,0.050176812659224086
0.46604699889123014,0.026131616832670027,0.4730072339829829,0.05013410589008945
0.46613008789067545,0.026124859456987087,0.473126926945851,0.05010169700585668
0.46618798506789,0.026120485223107816,0.4732522903207672,0.05008061255910052
0.46633489458148253,0.026119367010461803,0.4733244517793446,0.05007406956911707
0.4663861782544034,0.02609780668486836,0.4734810586680567,0.050061163136809333
0.46643515762613147,0.02608809991137773,0.47354237082177986,0.05001506329986546
0.46650119682358004,0.02608489512142966,0.47360022908485994,0.050006321782925314
0.466635139427228,0.02605398320407714,0.4737344093696871,0.04988621407950006
0.46672151450064253,0.026037858287447684,0.47384869044763384,0.04988349225268878
0.46688307800183865,0.026023448389305842,0.47392749605506723,0.0498817269675712
0.4670052289601661,0.02601047872639617,0.4740147533860681,0.04986567898640881
0.4670888654078341,0.026009309045535,0.4741290230811421,0.04986279109429215
0.4671883236324103,0.02600661808079102,0.4743076275243825,0.049829981529066945
0.46728774764890535,0.0259831862378783,0.4743565445961188,0.04980073195537868
0.4673649535889489,0.025982418786883173,0.4744738579439507,0.049771768056666485
0.4674526990243298,0.025969580530718187,0.47456226209088825,0.049657301165784616
0.46751101696858677,0.025960363519957116,0.4747324534018978,0.049650919336665635
0.46755993404032303,0.02594920372219225,0.47480878376966906,0.049611722279659855
0.46765480444050345,0.02591520458779439,0.4748483425824528,0.04959424611187425
0.4678037072480219,0.025913168326802682,0.475051260060415,0.04954914059234397
0.46802535709496423,0.02591142836863378,0.4751802922116764,0.04953648130927987
0.46813163337150926,0.025881875369185434,0.47521280838586316,0.049526585627730234
0.4683034251993768,0.025863507861463568,0.4753210727745786,0.04951452854190161
0.46836231583380156,0.025846311384392178,0.4754047126625925,0.04951229966915686
0.46867637119627853,0.025840552302667796,0.47553889294741963,0.049510028725547724
0.46888183685773005,0.02582149779205156,0.4756639837280171,0.049487575994652803
0.46904899544863626,0.02580878110809782,0.47568877802465315,0.04943337223294866
0.4690982261779801,0.02577516308599223,0.47584327379821145,0.049423218254560426
0.4696081143523872,0.025760781503936528,0.47595382188002333,0.04939545591828963
0.46964391881340756,0.02575337928126149,0.47617547172696567,0.04934030908604987
0.46969362075545795,0.025705821954631947,0.47627259907898617,0.04932639712882083
0.4698789914161227,0.0257002656052373,0.47632007343530924,0.0493263798488717
0.4699530223501534,0.025686029995506263,0.47643688287865416,0.04929032700322074
0.4699918241806613,0.02568046999845603,0.4765181882498942,0.04928318416493302
0.47015338768185744,0.025672757384930037,0.4765912060233017,0.04927103594228783
0.4702681091410654,0.02566721720470976,0.4766500823909094,0.04921536909242162
0.470314443829726,0.025665874703355983,0.47672242079369564,0.04918442866442873
0.4703697098516529,0.025652455249853014,0.4767964517277263,0.04917162480267042
0.470394504148289,0.025630785027811607,0.4768618038498778,0.049137390923425804
0.4704324555677703,0.02562334148124241,0.4769102597878468,0.049120074968994565
0.47067432651054664,0.025613369735036615,0.4770183738971576,0.04908657832748246
0.47075313211798003,0.025595577237826763,0.4770907122999438,0.04902826635340203
0.4726494385313344,0.025587207586755884,0.4771620096200899,0.049022769418741986
0.47277862264394727,0.025556576037791816,0.47728386261898065,0.04899299983304885
0.47285689173581263,0.02554664203121567,0.4773680129863648,0.048951816822927645
0.4729651561245281,0.02554519218755706,0.47740902954165276,0.04894344034168829
0.4730644746710618,0.025533271445460727,0.4774626765283167,0.04890049361577298
0.47311864443314694,0.025513900173526102,0.4775302588143312,0.04888748228178351
0.4731944900264532,0.02550061717231196,0.47762422980616404,0.04882547613779303
0.473318230407585,0.02549854922300256,0.47773895126537197,0.04881869619340941
0.4733945607753563,0.025484157146809374,0.477847810290264,0.04881489799207297
0.47355084192702424,0.02545985165168626,0.4779448831743888,0.04879865918130947
0.4736581215358463,0.02543390558985523,0.47802215952684457,0.048720405396534945
0.47377830136287097,0.02543231876624204,0.4781099049622255,0.04871877173932028
0.47388842440481577,0.025415652677369796,0.4781524292767004,0.04869621469343805
0.47397549148893714,0.025410380634402176,0.4781881772226069,0.04863447132899234
0.47406794094745747,0.02538511804701788,0.47825918455557453,0.048624920149298895
0.47411539817425596,0.025383440626321987,0.4783173097894945,0.04859806873714108
0.474172268731025,0.025363065954698925,0.478414437141515,0.04856522224093934
0.47426325713836287,0.025334095138957163,0.47857510873516695,0.04856435693605597
0.47438343696538754,0.025285186784148882,0.478638850919859,0.04856321152353258
0.4744416405584939,0.025226768508891006,0.478874916937311,0.048561860888388
0.47460186383685243,0.025225167928869696,0.47900275462596903,0.04851786281921813
0.4746740252954299,0.0252179399482183,0.479202421546224,0.048508115921426155
0.4748284744671673,0.025173443200378762,0.47928069063808937,0.048449102848079975
0.4748887560631603,0.025155858928848345,0.47953337252373984,0.048385955911261776
0.47497879903796786,0.025150035565234954,0.47961479427211196,0.04838227232167656
0.4750860786467899,0.025136001724801016,0.47972015007350005,0.04837915600318168
0.4751218265926965,0.0251167144994134,0.4797850339433414,0.04836094253923508
0.4752415195555646,0.025113383924130803,0.4799127640553571,0.04832178950858097
0.47538797570802305,0.02509582516521545,0.4800076464670167,0.048314587577210924
0.4754481744596379,0.025089386431549236,0.4800705568397866,0.048290118863596146
0.4755431288552257,0.0250855609503083,0.48028304576771463,0.04825679657475575
0.47560335499793993,0.025037736350093338,0.4803364559863777,0.04825467453440641
0.47566529162115995,0.02501835109290738,0.4804307068609657,0.04822946247411668
0.47569910848181446,0.02500226660703085,0.48055614346003356,0.048219786438381484
0.4758332887666416,0.024986689626224332,0.4806853275726465,0.04821707293710488
0.4759304161186621,0.024973072414787637,0.48074318583572656,0.04821296172224551
0.47598753642330494,0.024959672513321575,0.48079319469910226,0.04819621906791081
0.47601233071994103,0.024954018754608696,0.48084381083024547,0.04818199709713772
0.4760612477916773,0.024953546276803205,0.48093533993253446,0.048175476041149974
0.47610797963216667,0.024943355416754933,0.48098130661461735,0.04816672106284197
0.4761539916248789,0.024929536716310607,0.4811241123307472,0.04815678998418451
0.4762166197363829,0.02492393257437205,0.4811738142727976,0.04812938819237894
0.4763205322404721,0.02492273754334712,0.48124497846430037,0.048118912728346626
0.4763764982750955,0.02490898221160181,0.48134205134842517,0.04807314969095558
0.47641224622100203,0.02487685574795403,0.4815036148496213,0.0480081136633806
0.47647167036387766,0.024859170459857017,0.4815423568860685,0.04799836952767719
0.47657156238633713,0.024827619280610263,0.48163346496647463,0.047936627823510186
0.4766598121509391,0.024817823687248313,0.4817399401969473,0.047933319113699455
0.4767796362122217,0.02481225234189862,0.48184871708676713,0.04786531186952952
0.47690714566639936,0.024800848677277186,0.4819675998694186,0.04785148976074773
0.4770417651432323,0.024784654388620823,0.48203248373925994,0.047792486541676345
0.4771076013093063,0.024766745401460243,0.4821868815181763,0.047791489019229465
0.47719773307901614,0.024709619195053354,0.48248663306079687,0.047762499774441386
0.4773763375222566,0.02470644461984619,0.48254483665390324,0.04772292317176222
0.47750406763427233,0.024706406529603618,0.4826702732529711,0.04771620467953003
0.4775569055322862,0.024700621578325064,0.4828057153207499,0.0476413408659881
0.4776509438274779,0.02468929447450204,0.4830138738131217,0.047618673072765794
0.4776983002351529,0.02467856457405408,0.48310254613714376,0.047606923304725705
0.477786972559175,0.0246715745972766,0.4831533005616964,0.047521143676632106
0.4778957494489948,0.02464527382147166,0.48339517150447275,0.047492988856210575
0.47823719397411757,0.024614446425106323,0.48353654794802237,0.04743128252884244
0.478355408998377,0.024611304794943552,0.4836314303596819,0.047429296317257286
0.47847328475356515,0.0245899764089153,0.48371426255642086,0.04742728008363193
0.47856659272703794,0.024556503032413496,0.4838224596757561,0.04741389997382156
0.4786173316020767,0.024555725550617517,0.4841041672753479,0.047383239592857146
0.4786726088412301,0.024540911688052294,0.48424429624948356,0.047382936781114944
0.4787612636492196,0.024533621118542147,0.4843863664451496,0.04734378723352243
0.47883336551760863,0.024525682869154602,0.4844640990129523,0.04726805662201621
0.4789873301187534,0.024520188682616142,0.4845987184897853,0.04725494019223469
0.47907753330324787,0.024511546741528074,0.48474593058392107,0.04722373355524594
0.4791504799082165,0.024498230108094075,0.4848345853919106,0.04721692355598941
0.479229577469347,0.024491620489425013,0.4848891282956082,0.047199977088802185
0.47932311704180725,0.024479556910457594,0.48502020703642523,0.04719539517462138
0.4796616567257571,0.024438738172283533,0.485066922533148,0.047086659011531126
0.47973406617805664,0.02443796792230873,0.485128367161424,0.0469235870612389
0.4798420679876824,0.024435965686413704,0.4851674161489279,0.046910121181231106
0.47988799853339165,0.024397703877628914,0.48521338283101084,0.04688760258315376
0.48003270632756107,0.024397482863421156,0.4853276525260848,0.04686766058636016
0.480170362236673,0.02439270085541539,0.48540492887854053,0.046808047757294156
0.4802604940063829,0.02437761164854547,0.4854778637523545,0.0467926086587409
0.48033265546496035,0.024347840762590698,0.48585054580252296,0.04678181683445319
0.48044151448985234,0.024344244068856973,0.48592173173616215,0.04675688783503092
0.48051627388526674,0.02433665980496841,0.48603103084500154,0.046731002140624645
0.4805582442445932,0.02433573114334444,0.48612211778214626,0.0466894497343266
0.48063040570317067,0.024300209977241933,0.4861698900341959,0.0466597409366671
0.48075004344211647,0.024249027547016615,0.48624605648859937,0.04663575425935631
0.480843225719792,0.02423941071236987,0.4862931734991697,0.04660250897995196
0.4812159077699604,0.024220887263421365,0.4863697795533236,0.04659481094044484
0.4813676875730869,0.02421634882601338,0.48645029321178396,0.046550216806999424
0.4814890914411948,0.02421623515083756,0.48650907052291453,0.04652291383697268
0.48163365526750773,0.024204476581700104,0.48656880790291096,0.04651461372926394
0.48168819817120534,0.024198204386494546,0.48690734758686083,0.046512201551491224
0.4817993946435362,0.024170886447331095,0.48699988634996433,0.04649263582977323
0.4818218701321876,0.02416397057154483,0.48707477767627194,0.04643644718796478
0.4819113732700068,0.024161483153808595,0.48714586684275063,0.0463839401556838
0.4820013315868219,0.024156722855004868,0.48723990513794235,0.04636397077723602
0.48207366998960816,0.02415014422209309,0.4872987957723671,0.046361758044231205
0.4821788864272569,0.024132979812689016,0.4874134009224005,0.046357670153381256
0.4822500723608962,0.02412143010033961,0.48745043134005467,0.04627541125912747
0.4823089487285039,0.024113166760251947,0.48751148074479456,0.046262307801365775
0.4824414649902366,0.024101380853244585,0.48760143906160963,0.046201263718033424
0.4825265447521929,0.024086351695109372,0.48775326137212066,0.04615348571110124
0.4826704721400032,0.02408130842594041,0.487863275775588,0.04614003934936094
0.4827427441568561,0.024035511150334747,0.4879492719097702,0.04613842965782443
0.4828425155123695,0.02403279332585511,0.4880175753347533,0.046135170433699725
0.48295712066240293,0.024019890123464224,0.48817605854563156,0.04612483864291076
0.4831156038732812,0.02401452086904883,0.4882738772967419,0.0460944328228834
0.4831733060805735,0.024008926983287493,0.4883940571237666,0.0460580422146088
0.48321797427418745,0.02400412708958083,0.4884689484500742,0.04597689657808987
0.4833337729524093,0.0240001957280425,0.4885589067668893,0.04596275645489283
0.4834118938545616,0.02399188431572666,0.48862153487839327,0.045909423097914626
0.4835005661785837,0.023983062103247913,0.48872881448721534,0.04590364188613562
0.48362074600560845,0.023973416976696152,0.4887795533622541,0.04589664950598983
0.4836823838029342,0.02397240177245946,0.4888860285927268,0.04586573588226382
0.4837700294682848,0.023971453511964457,0.48899191447071455,0.04586560289868253
0.48387820370294893,0.0239645995833627,0.48909040496422246,0.04581106223050599
0.4840281248868248,0.023943909363734243,0.48920620364244427,0.0458045468879894
0.4841230072984844,0.023918091355510453,0.4892993392588361,0.04579683925172035
0.4842331303404292,0.02391455918516334,0.48941190064804274,0.045728132270884805
0.48429190765155977,0.023907697881057986,0.48948417266489563,0.045705352341627994
0.4844196377635755,0.023900707912355223,0.48959044894144066,0.04569979152852564
0.4845246228570773,0.023886931695296855,0.48966294619476475,0.045681438761649054
0.4845669005836999,0.023869968575702786,0.48979288075299626,0.04566159949110497
0.48500340004745685,0.023860012076380582,0.48990587099618177,0.04565611360166632
0.48512480391556473,0.023844020411727604,0.48995332822298027,0.04565588496232203
0.48519782168897224,0.0238145313138218,0.49000266225614175,0.045644945460434586
0.4853462458721748,0.02381002369666704,0.4900321534552508,0.04564329919914661
0.4854761804304063,0.02379760993610842,0.4901125363126105,0.04563004762358489
0.48558732810928856,0.02379606461691807,0.49021160988952855,0.045623908208272626
0.4856570329825237,0.023768963152703385,0.4902726287898684,0.045611671886700504
0.48573449339773106,0.02376847270074629,0.4903012194423425,0.04560856845436218
0.48585407236197786,0.0237564737853934,0.49036095682233893,0.045542214526205216
0.48603346652174795,0.02375171708395476,0.49050233326588855,0.045539171130285334
0.486146016443135,0.023746257355732475,0.49064756266746046,0.04551507743403646
0.4862157213163702,0.023744693126786,0.49068984039408303,0.045494484435158376
0.48627028792447563,0.023743533901826736,0.4907617650974016,0.04546323307760545
0.4863211780430653,0.023716878136707684,0.49096723075885307,0.045444965196728936
0.48636895029511495,0.02371214976653073,0.4910914325710661,0.045433266916399956
0.48650932304961086,0.023681695180849033,0.49122762960363386,0.04540405408748444
0.4865933512974585,0.02365621383617433,0.49134780943065853,0.045381836253660546
0.48670914429273865,0.023648639592854136,0.49144099170833405,0.045379326724390955
0.48681561952321134,0.02364621611091298,0.4914953412560989,0.04535983724680864
0.48686590031832067,0.023630356956288033,0.49168255432816266,0.04532164302718405
0.48696521886485433,0.023624020347338567,0.49202399885328546,0.04529902013133923
0.48701572203797466,0.02357458757931966,0.49207926487521236,0.045295418016532855
0.48709748884879056,0.023568316890347097,0.49219182626441893,0.04529327350658424
0.48716425413760683,0.023512028194588898,0.4925164127889511,0.04529189364753841
0.48723718901142077,0.023474662651904336,0.4926007412303366,0.04527012757268839
0.48732972777452427,0.02346827644499088,0.4927035776112258,0.045264701943061356
0.4874239786491123,0.023444832591760768,0.49274262659872975,0.04525579504243943
0.4877519095296211,0.02344131529174884,0.49279754063929504,0.04523703619611567
0.4878452175030939,0.02342401302057924,0.4928965847906375,0.04521263318141573
0.48795337716088516,0.023423792723273294,0.492925656705026,0.04519588112700544
0.48807539431948954,0.023417738012529703,0.49308010587676343,0.045123177698604966
0.4881850775238327,0.023397010135694153,0.4931670356018903,0.04509900928656917
0.4882548618605629,0.02339291976731805,0.4932080165984429,0.04505507238771149
0.48837903896174834,0.023376408397153294,0.49333016755677034,0.045034495725934924
0.4884689972785634,0.023375704359275034,0.49342373527210925,0.04496589572746304
0.4885278879129882,0.02335255388795806,0.49361025138956177,0.04495873054413824
0.48860919328422825,0.0233328079213237,0.4936683642807099,0.04492912019850845
0.4886694195161367,0.023318056632677494,0.49369712166466245,0.04492750488052376
0.48875101836162177,0.023316828195888484,0.4937539922214315,0.04490476129180154
0.4888452692362098,0.023311927598878616,0.4938726945175922,0.04487815047459196
0.4889256520935695,0.023311565502241706,0.4939869489477241,0.044846888919478536
0.4889843734629772,0.023307302001235077,0.49406521803958947,0.04482716034766265
0.4890657952113493,0.02329641062614464,0.4941144057051471,0.044778196690164244
0.4891419616657527,0.02328518688810631,0.494248037624326,0.044766352506689984
0.4891851078545994,0.023271582180778436,0.4943429080245064,0.04471400452534951
0.48923772023157025,0.023239344984839608,0.49441727009819847,0.04469461219193742
0.48934499984039226,0.02323628095920465,0.49452191562531517,0.04465083265326859
0.48945082188934574,0.023221986849200116,0.4946375807501596,0.044615706413056684
0.4895651029672925,0.023216591030493734,0.49475013067154666,0.04461379372839903
0.48970538023307736,0.02320255763791933,0.49484862116505457,0.04460037349939736
0.4898755715440869,0.023190197482588513,0.49506245841974605,0.044591254892399554
0.4900692067819983,0.023158206874674427,0.49519023080129526,0.0445848127074096
0.4901508056274834,0.023130201115605962,0.49529908982618726,0.044573325173216896
0.4902159977693044,0.023120616025259867,0.49540464421623176,0.04457070800000045
0.4902547398057516,0.023106697189368457,0.49547680567480923,0.04457067353679428
0.4902955654558223,0.023105548170038293,0.4955923496655002,0.044550852298892246
0.49036665462230095,0.023098904619190563,0.4957105646897596,0.04451968783773074
0.4904745516160558,0.023079178408792547,0.49575833694180926,0.04450203186295559
0.49056355494382436,0.023041282260524244,0.49584053938535966,0.04444842661158321
0.49075076801588813,0.023041132411175037,0.49616847026586847,0.044419302067446285
0.4908181014926912,0.023037431030619587,0.49623605255188297,0.04438664165612109
0.4909262986120264,0.023021168105247614,0.49639023200050386,0.044357100920046195
0.49114794845896875,0.02299123927542261,0.49654015318437966,0.04433308999949916
0.4912594317287253,0.022968052453668467,0.4966873652785154,0.044304902494161476
0.4913442082730372,0.02296344276204217,0.49677483202889117,0.04428447592804956
0.49139092376976,0.022947200305761882,0.49684693389728024,0.04428158480317291
0.49153470423356477,0.022928116273752585,0.49690277193404775,0.04427590815665694
0.49164356325845676,0.022918559452439254,0.4969999726886083,0.04427577374278843
0.4917664029570388,0.022902940642187737,0.4970939436804411,0.044253555907640886
0.49188901163427173,0.02290276940970462,0.49715206891436103,0.04422044886032054
0.49199436743565983,0.02289077480502864,0.497246319788949,0.04416731840902614
0.4921298095034386,0.02288262937192607,0.497307764417225,0.04410980537514929
0.4922139102788741,0.02285873189513634,0.4973646349739941,0.044073153958793625
0.4923565962369888,0.022843742862477725,0.49743866590802477,0.044024612882532975
0.49245784075710014,0.022842507562837986,0.4974966161302759,0.044001145510192546
0.49250750511443364,0.022824708737010087,0.4976727735616797,0.043927720884736635
0.4926437021470014,0.022816910057686525,0.4977429205618331,0.04390909648302721
0.4927633398859473,0.022815847748098764,0.4978431251630756,0.04387219351364836
0.4928824494426073,0.02281153621568475,0.49788913715578786,0.043822076820305915
0.49296065964934277,0.022802475206092434,0.49794021902056823,0.04380422468060265
0.4930132720263136,0.022791911325768525,0.4979762034583986,0.04374830246159884
0.49307039233095645,0.022791127432341296,0.4980446804509547,0.04371146137949089
0.49312493523465406,0.022785950043757754,0.4980983274376186,0.04363927742581169
0.4931431933689449,0.02278088075452232,0.4981750259478825,0.043616481404123296
0.49318102308937645,0.022764398056436822,0.4982929017030706,0.043570658322284794
0.4933265011982237,0.022747101678174106,0.4984125946659387,0.04353344876710498
0.4934095780672643,0.02274674175878374,0.49852839334416055,0.04351691800674875
0.4935238477623383,0.022741867670491307,0.4986315572119982,0.04349913547372008
0.4936021168542037,0.02273661642324327,0.49870967811415057,0.04348699770035073
0.4937501298778483,0.022722512092336684,0.49880298608762336,0.04348644234775323
0.4938556842678928,0.022717540071463014,0.4990635865621564,0.043486177542477605
0.49392760897121135,0.02270655811661542,0.49916290510869005,0.04348593456722261
0.49410913123549755,0.02269356315125749,0.49925651889917966,0.04347502968270226
0.49421572066846386,0.02269334786957504,0.4993178918408413,0.04344279263442817
0.49426319502478694,0.022687267997922648,0.4993423976389918,0.043442422215267215
0.4944008509338989,0.022643297152684087,0.49943392674128073,0.04344232221494272
0.4945227039327896,0.022637507558651924,0.4996281085779467,0.04340781153019806
0.49464140622895025,0.022631951692661204,0.4996566288562347,0.04340446770497027
0.4947277813023648,0.022631151349641998,0.49990637571061536,0.04338086266964246
0.49479896827235514,0.0225981515541069,0.4999666019425238,0.04337090650994095
0.49489532631207017,0.022592102655590786,0.500087917584873,0.04334881793346099
0.4949243982264587,0.022552494327192647,0.5001493622131491,0.04334685582550894
0.4950196248680833,0.022546286991919032,0.5003011420162755,0.04333578750791423
0.4950754629048508,0.022545660168920803,0.5003916684488726,0.043329033400133665
0.49523702640604694,0.022541239570508263,0.5004294981693042,0.043313152957560656
0.49532407476789103,0.022540984418500495,0.5005098810266638,0.043298364814110986
0.4954306687879852,0.02254023151459199,0.5005894595481475,0.04326558535347018
0.49551197415922527,0.02253050675202859,0.5006592235740951,0.04319448526010685
0.49554073154317774,0.022517651436789087,0.5007462719359391,0.04311364576757676
0.49561025462598857,0.022512812214014567,0.5008138542219536,0.04310578494477433
0.4957245090561205,0.022478571480741283,0.5009691835106177,0.04303224614813059
0.4957985399901511,0.022464370823412773,0.5010225948633207,0.043024041538428835
0.4958976135670692,0.022448455112676013,0.5011509666550573,0.04289985575388889
0.49633411303082614,0.022433255296940242,0.5011994225930263,0.042897452486515025
0.4964353575509375,0.02241755072243094,0.5012909516953152,0.04288951248540459
0.4965419469839038,0.022389571400841662,0.501369572416013,0.04287430675314493
0.4967512497607973,0.022384489599582717,0.501582061343941,0.04286313660491283
0.49683884501021514,0.022381766218438355,0.501706263156154,0.04275861595827017
0.4969446670591686,0.02234243243436675,0.5018095840141944,0.042739568848736836
0.4970105733148569,0.02233673996487017,0.5019238384443263,0.04272818441040208
0.4971296828715169,0.02231711599255105,0.502045691443217,0.04270911304551341
0.4971873850788092,0.022297358471993,0.5021724042322158,0.042648098412291606
0.49733019079493906,0.02227317011017334,0.5022537096034558,0.04264107486573852
0.4973998956681742,0.02224848805590498,0.5023212918894704,0.04259481473976208
0.49744038320869766,0.022242641836281118,0.5023814906410852,0.04258740324074204
0.4975546529037716,0.022241828531149137,0.5025756438846544,0.042554003824299996
0.4976080642564746,0.0222366660435034,0.5027095864883023,0.042546548824869516
0.49771217934172035,0.022224404909723498,0.5027598672834117,0.04251640289835197
0.49779650778310586,0.0222187251420709,0.5028088466551397,0.04243808538797945
0.49789982864114624,0.022217897145770903,0.5028936077391318,0.04238068696988997
0.49795961535400357,0.02219872561946176,0.5030077552637012,0.04236640687622067
0.49809614953197234,0.02219482440174388,0.5030548722742716,0.04228508430480063
0.49816629653212574,0.0221923237667139,0.5031435537045919,0.042259699944177026
0.4982316486542772,0.022190557344668342,0.503268917079508,0.04222114206681782
0.4983652805734561,0.022168433136323624,0.5033542168367173,0.0422199899290834
0.4984250672863134,0.02214430459033315,0.5033893455989423,0.04221294446001127
0.4985584521631745,0.02214042152640007,0.5034419579759132,0.042196087721634204
0.4985997674636572,0.022112189079344393,0.5034683699359211,0.04214920757929584
0.4986261794236652,0.022112076635808855,0.5035983044941527,0.04214716268392675
0.49873623322546384,0.022110844904733026,0.5036557931324184,0.04213235499775055
0.49881932222490916,0.022097450119963054,0.5037168425371582,0.042117295910071455
0.49888266669287623,0.022096712662313077,0.5037665444792087,0.04208766098091917
0.4990024907541588,0.022077983011728447,0.5038307006309508,0.04205931472405337
0.4990608101382642,0.022072461691312203,0.5039800001910479,0.04205213565244096
0.4991159668803652,0.022064200956602224,0.5040855104087504,0.042015014762105646
0.499278117262094,0.022057187422836643,0.5042399081876667,0.041933585123581224
0.49933689457322455,0.022055135019118155,0.5043451886667168,0.04192205804157157
0.49938751070436777,0.02205411938752006,0.5044376381252372,0.0419220130575391
0.4994950423164014,0.022006527032337686,0.5044816677694203,0.04190294185618748
0.5001175897727209,0.021979842225639746,0.504589781878731,0.04188043410493205
0.5002332548975654,0.021978312158702353,0.5047108560172947,0.04182230572694475
0.5003066577093863,0.02197499481036953,0.5047876416235245,0.04180031446031733
0.5004344300909356,0.021971825205255934,0.5049369411836218,0.0417489388472
0.5004879867281705,0.02195878438693914,0.5050659733348831,0.041741890246938675
0.5005721370955547,0.02195810811468472,0.505255073228539,0.04167153385583173
0.500627166740236,0.02194417167283755,0.505304303957883,0.0416617622229207
0.5007203490179115,0.021912042806799495,0.5053722327971577,0.04159862455480632
0.5007817936461876,0.02190180252690336,0.5054720041526712,0.04158466745625237
0.5008873038638899,0.021893510322050908,0.5055396606099943,0.041523886588841985
0.5009796365120496,0.021881055301617568,0.50562891139632,0.04149734994276626
0.5011403081057015,0.021880332114191745,0.5057960699872264,0.04147006248231806
0.5012857862145488,0.02187728846977233,0.5058488606760496,0.04145368845196942
0.501447143040152,0.021876287282118583,0.5059364559254674,0.041411716410553315
0.5015068804201485,0.021873970332837833,0.5061489448533955,0.0413161192163585
0.5016118655136502,0.02185883549535449,0.5062211063119729,0.041291249403270586
0.5017106029135611,0.021847008104907778,0.5063658141061423,0.04127492284855061
0.5017485675677557,0.021819141117004795,0.50651954496764,0.04122957016506006
0.5017990978134249,0.021778916229382432,0.5065824553404098,0.04122221817431123
0.5018540118539901,0.02177547761744231,0.5066149715145966,0.04121714573099243
0.5020262926696846,0.021745550644486994,0.5066634274525655,0.04115768015682157
0.5021458716339313,0.021737463573939676,0.5067475759086465,0.041152969464303114
0.5023792405051649,0.0217217372411527,0.5068449222790316,0.04110919447263132
0.5025310628156759,0.021704324477423986,0.5068998515463129,0.04110818543537269
0.5026748432794808,0.021690550133408735,0.5071417224890892,0.04107553781527944
0.5028047778377123,0.021678945656573016,0.5072485597543787,0.04106530878977334
0.5028771162404985,0.02164125539651527,0.507324963788025,0.0409801075070127
0.503001293341684,0.02162926374761032,0.5075374987571251,0.04093617892573339
0.5030970299699873,0.021625300144840653,0.5076249573865856,0.040903617298095815
0.5031215357681379,0.021611490812781176,0.5082475048429052,0.040888565451535526
0.5032358168460845,0.021610674212410898,0.5083233504362114,0.040841263989934415
0.5033329638547973,0.021601635969832125,0.508415683084371,0.04082691608365103
0.5034929847558717,0.02159064243251865,0.5084635995888489,0.04081142518211849
0.5036065851974897,0.021589392740504136,0.5085747960611798,0.04078447951862042
0.5037402171166685,0.021585322392357734,0.5087094877428028,0.04078241503109803
0.5037784081583636,0.02157086828549763,0.5088369971969804,0.04077036602480276
0.5039130998399866,0.021557251644338367,0.5089706291161593,0.04074656329630747
0.504026989245174,0.021552594126293224,0.5090339735841264,0.04073891058990654
0.5040646800860631,0.021552399870422536,0.5091372944421667,0.040735066744631565
0.5041322623720775,0.021521458799849662,0.5092734914747346,0.04069986805476589
0.5041789778688003,0.02151487731238095,0.5093335368251495,0.04066935703953823
0.5043000520073639,0.021514170829040356,0.5093893748619169,0.04066683600704746
0.5043491061322862,0.021503248027115843,0.5095005225407992,0.040637784362962254
0.504404041405307,0.021484045437594485,0.5095410100813226,0.04063181427180883
0.5044854631536791,0.021453107952287442,0.5096055466121456,0.04059230392717273
0.5046396426023,0.021450149824436725,0.5096518813008062,0.04057188664769375
0.5046819203289226,0.021428391862155248,0.5097003372387752,0.040545481034328146
0.5047333437648328,0.02142573812578716,0.5097554264056874,0.040520217766839624
0.5047802856023353,0.021409941637151427,0.5098642032955072,0.04047958437122037
0.5049140306876568,0.02140625579927695,0.5099707973156014,0.04046852237786956
0.5050226941479989,0.02139338659214494,0.5100686160667117,0.04043146064123272
0.5051352555372055,0.02136634429986719,0.5101063069076008,0.04040189239657283
0.5053027042214737,0.021359107466437183,0.5104060584502214,0.04039274798514888
0.5054165936266611,0.021356447826147488,0.5105045147696269,0.040387754686367974
0.5055448965944909,0.02133349794544623,0.5105424661891083,0.04034682004699397
0.5056663424348184,0.0213047971159209,0.510586675882306,0.040332028187857645
0.5057861328911423,0.021281681226924212,0.5106642682369014,0.040327535370492246
0.5062226323548993,0.021278159614887975,0.5107262048601213,0.040295723231846076
0.5063009014467647,0.021277137599622315,0.5108116904894493,0.04028922440699222
0.5064300855593775,0.021275387051161068,0.5108799939144323,0.04027630533450841
0.5064913977131007,0.02126655304523886,0.510979312460966,0.04027212943199061
0.5065643443180693,0.021253070150028294,0.5111007163290738,0.040266862003702254
0.506631803133893,0.021242105041827736,0.5111458462001147,0.04023982158116873
0.5066769330049339,0.021239765418869898,0.5112289351995601,0.040232820657919145
0.5067464560877447,0.021239275146069363,0.5112617980353144,0.04021086462273027
0.5068216310599513,0.021237122869338376,0.5113533271376034,0.04020266744210429
0.5069808267707074,0.021236765513191747,0.5114586829389914,0.04016981625550959
0.5070213143112308,0.021222820301225402,0.5115662145510251,0.0401321857516137
0.5071427181793386,0.021211723906454205,0.511653809800443,0.04008978179791772
0.5073369000160046,0.021209613740920088,0.5117726925830944,0.04007448397172875
0.5073947582790848,0.02120611358724778,0.5118925668649321,0.04003526502799942
0.5074596421489261,0.021185528753912806,0.5119977833025809,0.040002994567581746
0.5076203137425781,0.02118068239028965,0.5120905812978697,0.039952566281963184
0.5077361124207999,0.02114962001222872,0.5121566204953182,0.039919952634219345
0.5078058172940351,0.021147849850192635,0.5122391308031036,0.03991665564484141
0.5078432616617501,0.021141460167679708,0.5122974487473605,0.039894360241652195
0.507915488011197,0.02114132804406913,0.512343898203411,0.0398711469710364
0.5079707540331239,0.021123757257276603,0.5124480132886567,0.03986767806283846
0.5080172034891743,0.02109953830495791,0.5125085030298224,0.03986067731917985
0.5080894298386213,0.02108616867436871,0.5128659178613536,0.039826991696053464
0.5081857143483761,0.021083034741716446,0.512913375088152,0.03980513185270247
0.5082195312090306,0.021070490385460248,0.5130685411430228,0.039762784399990134
0.5082707158552058,0.02106138211476376,0.5132123216068275,0.039755640954764686
0.5083609190397003,0.02104942154216219,0.5133400517188432,0.039747612360234
0.5084946641250218,0.021045516835214734,0.5134122131774207,0.03973385851323749
0.5085708305794252,0.02104316822810397,0.513539897740956,0.03967377249083418
0.5086961939543413,0.021039245217361977,0.5136229439951657,0.03965475408112135
0.508851360009212,0.021030614058548884,0.513700404410373,0.03964833608687316
0.5089041506980353,0.0210010964593409,0.5137726307598199,0.03964265555576243
0.5090156226528766,0.02099968033654215,0.5138384669258939,0.03964047370426549
0.5091295120580639,0.020990835839256698,0.5139473259507858,0.039590134602183295
0.5091785661829862,0.02098784216069801,0.5140383143581237,0.03952433061696608
0.5092839219843743,0.020976900542428838,0.5141900941612502,0.0395241673720839
0.5094150007251913,0.020962228482735473,0.5142503757572432,0.03949320623396054
0.5094925930797866,0.020960976162869464,0.5143940849166941,0.03948038397051887
0.5095876685840439,0.020947956637952334,0.5144653822368402,0.039471183394036886
0.5097662730272843,0.020936760148053783,0.514601916414809,0.03943798523642851
0.5099102004150946,0.02092036824149796,0.5146730055812877,0.0394328168590113
0.5102288220424666,0.0209198504771288,0.5147464083931086,0.03935936249783448
0.510296404328481,0.020915616175305282,0.5148123146487968,0.03935587373766818
0.5104016207661298,0.020907508779476728,0.5151402455293056,0.03934626458605256
0.5104988215206904,0.020892298055081162,0.5153484040216774,0.039271725334728065
0.5105536636155534,0.020882286814334752,0.5154512404025666,0.039269281585498306
0.5106145641425112,0.020873080743327367,0.5155648408441846,0.03923176873082879
0.5106580720773555,0.020858691660782257,0.5156489912115687,0.03920532670144466
0.5107411183315651,0.020822702254797702,0.5157166476688919,0.03918926619393125
0.5107947653182291,0.02081409433482006,0.5158613554630612,0.03912943363916481
0.5108750216048393,0.020783384909825252,0.5160315467740708,0.03902219238305678
0.511002751716855,0.020779621089976358,0.516175474161881,0.03901523643178447
0.511077591106682,0.02077873445442853,0.5163477549775755,0.03896719197875235
0.5112240472591405,0.020768737179503553,0.5163943093726698,0.03894530794085178
0.5113045609176008,0.020755484973559595,0.5164691487624968,0.038935671514173646
0.5113538949507623,0.020749871706308088,0.5165313549899078,0.03892019264618732
0.5114621593394778,0.020722512077460488,0.5166812761737837,0.038880838968316095
0.5115546981025813,0.02071772733714875,0.5167510605105138,0.03886251197389105
0.511625862294084,0.02071278967457414,0.5168924636018782,0.03878829235506136
0.5117089085482938,0.020707272842523113,0.5169484015743224,0.03876905214578659
0.5117300279078171,0.020676981622603643,0.5170370563823119,0.03876413270449714
0.5118346734349337,0.020667760430742175,0.5171314664812038,0.03876283648760312
0.5119047931756553,0.020658072497255403,0.5172351079370062,0.038735705082146035
0.5119259125351786,0.020657166349091424,0.5173752369111418,0.03869833921296969
0.5120420148387895,0.020650465940441037,0.5174016488711499,0.03869688490011636
0.5121206355594872,0.020637914189920004,0.5175690975554181,0.038681612408500196
0.5122526296871471,0.020635172816999146,0.5177226994676556,0.0386526603836341
0.5123237938786499,0.020634044391938625,0.5177696413051581,0.03861305365976172
0.5125292595401014,0.02062643866385919,0.517873765258851,0.038582266291547845
0.512641820929308,0.020619641852447357,0.5179463301977947,0.03857136905474227
0.5127362266534391,0.020589457584979806,0.5180644723716684,0.03856541335821952
0.5129156208132092,0.020566208703130046,0.5181252618943799,0.038464550413599946
0.5129937124596796,0.020561395990735965,0.5182196676185109,0.038452480969196734
0.5131062738488862,0.020531236703209617,0.5183091707563302,0.038449422630905096
0.5132515032504581,0.020527315825300735,0.5183922476253708,0.038416914789819796
0.5135655586129352,0.020508789277404352,0.5184547372565823,0.03841430658173311
0.513629893628684,0.020508709808670988,0.5185086785159914,0.03839651069473223
0.5139296451713047,0.020496549245310414,0.5186272723690523,0.03838096690643877
0.5140144062552968,0.020476915669423643,0.518720580342525,0.03836592753301398
0.5140932118627303,0.02047091115200126,0.5187900329194821,0.038327599263017806
0.5141672427967608,0.020456540344462752,0.5189694270792522,0.03832085024061524
0.5142253680306809,0.020435723626434348,0.519031064876578,0.03831457825457237
0.5145070756302726,0.020435693667654332,0.5190555706747285,0.03830071429221783
0.5146348057422884,0.020424807547782173,0.5191091964714103,0.03828561178290104
0.5147196676751354,0.02041955925865814,0.519221757860617,0.03822703104288008
0.5148732695873729,0.020406747858075593,0.5193135394333249,0.03821561825298645
0.5152262576026952,0.020403771133040066,0.5193951382788101,0.038201631627447455
0.5152848577614974,0.02038236986154086,0.5195147172430569,0.03820002281101285
0.5153394006651949,0.020371384990306246,0.5195745039559142,0.03818372203766103
0.5153920130421658,0.02036744020996516,0.519688785033861,0.038181541610013164
0.5154910866190838,0.020362147726094976,0.5197487589992227,0.038173901008883966
0.5155797589431059,0.02035908776863655,0.5198199231907255,0.03817222511793376
0.515687038551928,0.02033430682188193,0.5198813678190014,0.03816377403198621
0.5157467759319244,0.020321758132755833,0.5200358635925597,0.0381321222030293
0.5158758080831859,0.02031783446359881,0.5201162464499194,0.03811520303899606
0.5159096249438404,0.020300885621800168,0.5202462427729777,0.038074473141967526
0.5159701146850061,0.020292212939380307,0.5203715532005462,0.03795837633781639
0.5160979523736641,0.020261332640160404,0.5204941618777791,0.037949625057819125
0.5164120077361412,0.02025877163413829,0.5206245152322869,0.03788988242330502
0.5164938882822432,0.02024613965119597,0.5206650027728104,0.037879804094353785
0.5166186941002661,0.02024327065842772,0.520747503294723,0.037865450809067454
0.5167073489082556,0.020237174574238122,0.5208966346431436,0.037833637126295686
0.5168272231900933,0.020223171283506577,0.5209894906910835,0.037830657417988044
0.5169514250023063,0.020187702508788367,0.5210386783566411,0.03781956096177155
0.517141700831666,0.020175558682590758,0.5210996972569809,0.03781557910752646
0.5171817531556943,0.020166715982777573,0.5212135866621682,0.03781338253907719
0.5172257827998773,0.020166189052520506,0.5212736320125831,0.037729275554847765
0.5173088717993227,0.02016537241963407,0.5213369764805502,0.0377216601166402
0.5173722162672897,0.02015689987383863,0.5214271796650446,0.037694691162470234
0.5174349155387379,0.02014009780709825,0.5215086014134167,0.03768757031465618
0.5175490630633072,0.020133634640516113,0.5215810108657163,0.03768130235501213
0.5175666576674335,0.020132545232966394,0.5216718157199833,0.03767528306798193
0.5176848726916929,0.02012896773542582,0.5219904373473553,0.03767302190652952
0.5178034665447537,0.02010953692116267,0.5220835729637472,0.0376456116872509
0.5178747638648998,0.02009188715099451,0.5222650952280333,0.03763951601035943
0.5179682919525511,0.02008576948853843,0.5225069661708097,0.03760585996630805
0.5180821813577384,0.020054736461112915,0.5226685296720058,0.03758024260444999
0.5181583721748875,0.020050701860597275,0.522693671734518,0.03754347390042689
0.5182646484514325,0.020050220248192016,0.522807941429592,0.03754187321907071
0.5183785378566198,0.020034620645787656,0.5229131578672408,0.03752814729206858
0.5185622688569358,0.020034300350064527,0.5229756474984523,0.0375268656783295
0.5186116028900973,0.020033925281668932,0.5230253118557858,0.037511266220566095
0.5187113742456108,0.02000164077043349,0.5230805890949392,0.037490260625069945
0.518766288286176,0.01998368512691126,0.5231941895365572,0.03740423820651894
0.5188246076702815,0.019963210332049338,0.5232915359069423,0.037369865201093956
0.5189147394399913,0.019961680645382316,0.5236055912694193,0.03731251206165134
0.5189966199860935,0.01995481325945344,0.5238474622121956,0.037300809596279176
0.5191042353981569,0.019951069197476596,0.5239446092209084,0.03721761752975609
0.5191588705158658,0.019948099664065768,0.5239998752428353,0.03712351455594396
0.519256216886251,0.01993796211422244,0.5241081396315507,0.03710122320208831
0.5193432839703723,0.01993158628014268,0.5241868661450078,0.03705009392421265
0.5194220895778058,0.019880171520652835,0.5242603654139333,0.03704476630481307
0.5195208269777165,0.01985681330354333,0.5243331165392988,0.03701558519094438
0.519549898892105,0.019825788205565877,0.5243852934619235,0.03701238051320763
0.519664168587179,0.019807381146863087,0.5245110356486519,0.03695421891520106
0.5197258063845048,0.019804535849865215,0.5245965748709233,0.03691776385549042
0.5198727158980974,0.01980256906711418,0.5247249466626599,0.036914922020165865
0.5199352055293088,0.019801273307266647,0.5248390941872293,0.03689728018695137
0.5200765819728584,0.01977036622542548,0.5248998975605185,0.03689230542195523
0.5202303128343561,0.019752078953048372,0.5252851479332015,0.03688304194330183
0.5202780850864057,0.019741027628853585,0.5254403139880722,0.036879951408129476
0.5205701430302693,0.019737775469133537,0.5255617178561801,0.036827439332940394
0.5206702333610607,0.019731205139407286,0.5256007668436841,0.03680844990251803
0.5208174454551965,0.019722884960806528,0.5256646544700597,0.03679137403325939
0.5208745657598393,0.019720611298914628,0.5257624732211701,0.03677478123739446
0.5209723845109495,0.019715388674762212,0.5259079513300173,0.03671298224199935
0.5211203975345942,0.01970955966036528,0.525948776980088,0.03669383321747205
0.5211631965415741,0.01967836979311304,0.5260327113956874,0.03666455728301803
0.5212969416268955,0.019673058490023827,0.5262745823384638,0.0366522964993682
0.5216543564584266,0.019669294590255067,0.5263536798995944,0.03663879025253936
0.5217124816923466,0.01966793754005479,0.5264376143151938,0.03663816877597333
0.5218024400091616,0.019656826069169794,0.5265686930560108,0.03662911741692627
0.5219266418213746,0.01965416192891358,0.5270565636963994,0.03661491220043427
0.5219992650253364,0.019591560703597535,0.5272105282975441,0.03660529645052301
0.5222990165679571,0.019590656226309393,0.5272707544402584,0.03660036335256321
0.5223603287216801,0.01958588284433387,0.5273599129148839,0.03658672016364774
0.522481412578159,0.019568065382633684,0.527384586389546,0.03658030859125399
0.5225828569186556,0.019567970888623717,0.5274785573813788,0.03657295681192199
0.522655874692063,0.019564358346752807,0.52759002933622,0.03653724721831802
0.5227253272690201,0.019559303955504433,0.5276872300907806,0.03652238684500231
0.5228573213966801,0.019556147318171097,0.5277398189587212,0.03648785554187667
0.5229459712862492,0.019555374989733112,0.5278216995048234,0.03648564989099385
0.5230615152769401,0.019530577145177173,0.5278795966820379,0.036464406149050096
0.5231651567327426,0.019507234342764735,0.5280358778337058,0.036463728761062804
0.5233391592334272,0.01950605084688031,0.5280929981383486,0.036462345020387824
0.5234578615295878,0.019503409296890477,0.5281458360363626,0.036461054063252396
0.5235075258869214,0.019482975713922136,0.5282524254693288,0.036446578618207076
0.5235997488517576,0.01945112402853729,0.5285444834131924,0.03641325811341749
0.5237186316344091,0.019446654997810876,0.5286247396998026,0.03638307318766975
0.5238730294133255,0.019438377907337715,0.5286732957263525,0.03638303672387488
0.5239189599590347,0.019423891977132592,0.528715573452975,0.0363806823491372
0.5239917110844002,0.019419534337118148,0.5287968788242151,0.03633599102461467
0.5240466251249656,0.019405424484619894,0.5288868371410301,0.03630383278008588
0.5241160579178102,0.019373376496909622,0.5290408017421749,0.03627288360824134
0.5242696598300477,0.019372931007597436,0.5290986557111937,0.036270422188785144
0.5243312976273735,0.01936072377444066,0.52916542100001,0.03625855657273141
0.5244127756784924,0.01936059300668379,0.5292850587389558,0.03623248879627017
0.5244587423605753,0.019354836788601806,0.5294466222401518,0.036221545805918715
0.5245129121226605,0.019353140692316938,0.5295548193594871,0.036215643569824096
0.5245984513449319,0.019340770621987937,0.5296093622631847,0.03620126111228379
0.5247170451979928,0.019338908135348082,0.5296932966787842,0.03618471781506889
0.5247601913868395,0.019336976105169584,0.5298044443576664,0.036176819675092016
0.5248723937653358,0.019332287414518583,0.5298858661060385,0.036144402825807706
0.5248984686224162,0.0193206868923944,0.5299407801466037,0.03613641573173269
0.5252314828900309,0.019310013526067985,0.5300108998873253,0.03612653321442614
0.5253814040739067,0.01930549360113669,0.530132752886216,0.03610542910334226
0.525436333341188,0.019300816700205056,0.5302766802740263,0.036104882774210985
0.5255663296642462,0.01929209756580153,0.5303972771729071,0.03608749923915201
0.5256763440677136,0.019243189312216632,0.5306233363879831,0.036067918753933406
0.5257133744853678,0.019232395801041708,0.5307424459446431,0.03606055232971074
0.5258063806343239,0.019224511187065633,0.5308904589682877,0.035964340326692754
0.5258993867832801,0.01921336284262141,0.5309506577199026,0.03593577238869773
0.5259858927767208,0.01920643480387047,0.5310441972923627,0.03591418654495913
0.5260636253445234,0.019198261610210036,0.5311640213536454,0.03590846609925548
0.5261523067748438,0.019126553856094877,0.5312726965196581,0.03590438962535585
0.5262051446728576,0.019112070430868572,0.5313358331482609,0.03589753624596278
0.5263569244759841,0.019079034325861857,0.5314302579174672,0.035872652477218166
0.5264210806277263,0.019075879476299844,0.5315089844309242,0.03587201674852736
0.5267784954592575,0.01905958838607719,0.5315255481470896,0.03584602277813814
0.5268857750680795,0.019059103041421097,0.5315629925148045,0.03583774549634658
0.5269349627336372,0.01904511228115417,0.5317067729786094,0.035819186274487096
0.5269950080840521,0.019030291674420996,0.5319594548642598,0.03579932288882933
0.5272088453387436,0.01900603984724153,0.5321008579556242,0.03579173894088079
0.5278313927950631,0.01900339387567782,0.532147573452347,0.0357821587538122
0.5279386724038851,0.018977382140707866,0.5322037997385174,0.03571908055687703
0.5281109532195796,0.01896223056436503,0.5322505152352401,0.03570450400795651
0.5282608744034554,0.018952319799023155,0.5322769271952481,0.03567265552721344
0.5283291778284385,0.018937045115162584,0.5323326603354452,0.035658538990513876
0.5283918770998866,0.018936927370635084,0.5324584617725747,0.035618036882829315
0.5284613296768437,0.018935084020576826,0.5324972636030827,0.03554002302947194
0.5285452640924432,0.01892765111642569,0.5325509105897466,0.03547936457332774
0.5286873342881092,0.018917911837902462,0.5326088077669612,0.035478227864151925
0.5288033065126673,0.018884638874894673,0.5327802053906543,0.03545469468934636
0.528853315376043,0.01888282367994182,0.5328183964323494,0.03541017850331623
0.5289538379841698,0.01888012766030179,0.5328913430373181,0.03539226616467607
0.5290685594433777,0.01885869176225957,0.5329353726815012,0.0353875197320661
0.5290932329180399,0.018849143659628895,0.5330344462584192,0.03532873660696415
0.529161709910596,0.018836570948595418,0.533219816919084,0.03530124988804369
0.5291996613300773,0.0188318170036426,0.5333652950279313,0.035217284465103325
0.5293187708867373,0.018827598646501974,0.5334261955548889,0.03519123826712448
0.5294378804433973,0.018826034520196412,0.5334844924493259,0.03517726704220623
0.529531744572141,0.018824043873978312,0.5336055763058047,0.03513538247834099
0.5295795168241907,0.018803065286149095,0.5338110419672563,0.035090339106908015
0.5296363873809598,0.018762009958335477,0.533885072901287,0.03508835474192203
0.5297182679270619,0.018739705849214958,0.5339838103011977,0.0350785512391531
0.5300512821946766,0.01870725711647336,0.5340708773853191,0.035051020221339796
0.5301585618034985,0.018701850651449078,0.5343706289279396,0.03503572508474979
0.5302224494298743,0.01868102608385178,0.5344454683177666,0.03498153812174629
0.5303523839881058,0.01867472310756438,0.5347784825853813,0.034973588912843946
0.5304722582699435,0.01867315571288572,0.5348270386119311,0.03496855000027916
0.530542378010665,0.018671726263623904,0.5348982245455703,0.03495746789951607
0.5305927535681901,0.018662177737803185,0.5349333533077955,0.0349517788633401
0.5306418076931124,0.018654732924964102,0.5350940249014474,0.034948739927844405
0.5306785301573375,0.018654266729278224,0.5352277699867688,0.034945232341384774
0.5308531141019588,0.018636698858138318,0.5353879932651274,0.03493889208862042
0.5309066707391938,0.018634355907311866,0.5355177091277922,0.03488300202762255
0.5309830011069652,0.01862263644149785,0.5356263725881343,0.03485966804799212
0.5312309437080547,0.018616574023152546,0.5357044642346047,0.03484152317754077
0.5312898343424793,0.01858526349135349,0.5357984352264376,0.03481048555569898
0.5313770966768474,0.018576241717556792,0.5361314494940521,0.034718406079673386
0.531505468468584,0.018556612843674224,0.5362387291028742,0.03471692748771267
0.5316307788961525,0.018550857241450683,0.5362757595205284,0.03470629751670121
0.5317899746069087,0.018545478427901243,0.536336660047486,0.03467455773046479
0.531867435022116,0.018519160902174564,0.5363821707733099,0.03465830398046263
0.5319715589758088,0.01851355762784142,0.5364004289076006,0.034648290720861445
0.5320858134059407,0.018503220694967983,0.5364471607480901,0.03462846108546099
0.5321773425082298,0.01848063906088374,0.5364682801076134,0.034559702472878505
0.5322257984461988,0.018479978103535945,0.5365755597164354,0.03455684705595388
0.5323316204951521,0.018473617425406763,0.5366467239079381,0.034525689375452265
0.5325218963245119,0.018461826456475355,0.53673985952433,0.03452159006053953
0.5326306732143317,0.018460790371033844,0.5368448446178319,0.034478316792979205
0.5326895638487564,0.018460656823170104,0.5369000013599329,0.034360009443954266
0.5327120393374077,0.018443872633570283,0.5370602246382914,0.034343954770102075
0.5328122439386502,0.018440963178518222,0.5371095586714529,0.034342201694072545
0.532918129816638,0.018411581650059447,0.5372221200606595,0.03431923491967694
0.5329684252820618,0.018406287653051218,0.5373107699502286,0.034313236416003215
0.5331026055668889,0.018398253334988856,0.5373547995944117,0.03430314528290645
0.5331354684026433,0.01833657798842081,0.5374907791206681,0.034280837940532875
0.5331955137530581,0.018330332342611066,0.5375858546249254,0.03428053087441283
0.5332506029199704,0.018326019516087998,0.5377192395017865,0.03426376469518875
0.5333732115972033,0.018312295411882396,0.5377681565735227,0.03422980439456524
0.5334083403594284,0.018307864980935437,0.5378582883432327,0.03416768927059288
0.533490840881341,0.01830262968612233,0.5379209876146808,0.034126921239507176
0.5337133282528786,0.018284190668459262,0.5380694117978834,0.03411378737721966
0.5337881676427056,0.018283608102552966,0.538191264796774,0.03408815585164343
0.5339156770968833,0.018274442195235028,0.5383212611198324,0.034083501111026086
0.5339853819701185,0.018271174159894064,0.5384489912318481,0.034059759456620674
0.5341935404624902,0.018232730110927967,0.5385191109725697,0.034025425793412944
0.5342516533536384,0.018231423026169178,0.5386164573429547,0.034025113960285104
0.5343794910422964,0.018213166347781067,0.5387417677705232,0.03401368458123937
0.5344397726382895,0.018202787627945024,0.538917925201927,0.033957943856853016
0.5345881968214921,0.018196075444009852,0.5389784149430927,0.033957715667777034
0.5347096006895999,0.01817745976728725,0.5390865290524035,0.033915583383071504
0.5347560114353883,0.018176086388908518,0.5392044412157951,0.03389523659026379
0.5348391004348337,0.018168913005933904,0.5393586206644161,0.03387792979454453
0.5349364468052188,0.018166087490541563,0.539443397208728,0.03386360461278897
0.5349993571779887,0.018153287671018817,0.539757452571205,0.033849516362860585
0.5351252735906278,0.018128479110528534,0.539912781859869,0.033841428057316436
0.5352136777375653,0.018125421870795525,0.540073453453521,0.03382447134178881
0.5352670606585704,0.01812175122586144,0.5401315663446692,0.03382170856796282
0.5353259512929952,0.018109941265498926,0.5403842482303197,0.033814505328434115
0.5353751389585528,0.018092094904481968,0.5405084500425327,0.033808027790937514
0.5355304682472168,0.01806643232924052,0.5406579936548199,0.0337958988871971
0.5357723391899932,0.018063256811290018,0.5407121634169051,0.03377607441057125
0.5359538614542794,0.018030639126994017,0.5408023666013996,0.03376694861138678
0.5361036526355546,0.01800313679236633,0.540902456932191,0.033720971050592394
0.5362018803036271,0.017974332738664143,0.5410023489546504,0.03371964550050111
0.5362568095709084,0.01796050755900136,0.5410531033792031,0.03370760653933704
0.5363384084163935,0.017956790482872183,0.5412122990899592,0.03368496046261261
0.5364836378179655,0.01794939222069149,0.5412399254156085,0.03364239469594031
0.5365751669202544,0.017938374218412205,0.5413597158719324,0.03361192804040786
0.5366139687507624,0.01791317535348512,0.5416414234715242,0.03360806839547587
0.5366644719238827,0.01790832308566854,0.5417255242469596,0.0336034135760793
0.5367368813761823,0.01790803692684663,0.5417825562366497,0.033581578006251354
0.5367951993204392,0.017899005242474137,0.5419011500897106,0.03349759388675043
0.5368793000958747,0.017898217815031998,0.5420102308172865,0.033488907401940285
0.5369267573226731,0.01789159912007531,0.5421377402714641,0.0334815556671964
0.5371686282654495,0.017860382163880955,0.5422202407933767,0.03347676705178605
0.5375216162807719,0.017850562049205588,0.5423165253031316,0.03346641658969432
0.5376092619461224,0.017843939778439843,0.5423691141710723,0.03342805544997926
0.5378364990676683,0.01784361497192086,0.542488751910018,0.0334246040222714
0.5379013829375096,0.01783681948620698,0.5425945739589715,0.033411060467025314
0.5379116854684065,0.01782496418329416,0.5427659715826647,0.03340257076430458
0.5380399884362363,0.01782490567144635,0.5433885190389842,0.03338708799358733
0.5380860132346804,0.01781953260504183,0.5435067340632436,0.03337596760599102
0.5382001607592498,0.017796153661219723,0.5435719262050646,0.03336959662128009
0.5382177553633761,0.017759840691057602,0.5436420459457861,0.033357228705462844
0.5383064276873982,0.017752709837832968,0.5436969752130674,0.03333360002468443
0.5402027341007526,0.017750892939150772,0.5437298380488217,0.03333093461827612
0.5402868844681368,0.017747917632163848,0.5437833946860567,0.03332352632093189
0.5403617757944443,0.01773949461664469,0.5439369965982942,0.03330463300488906
0.540984323250764,0.01772250641132269,0.544056575562541,0.03328220236823158
0.5410410212678164,0.017722292593894132,0.5441436426466624,0.033265941495018714
0.541190152616237,0.017708625736513873,0.5442162075856061,0.033263065874042215
0.5412484495106741,0.01767231741110073,0.5442799497702981,0.0332610895391654
0.5413896032746515,0.017656845856580578,0.5444294933825853,0.03325306868097813
0.5414755994088336,0.017645427736466688,0.5447824813979076,0.03325142837175374
0.5415944821914851,0.017644856247267554,0.544840684991014,0.03323295064318012
0.5416997626705353,0.017602923293921758,0.5448896020627503,0.03321036503329316
0.5417531740232383,0.017562192870478974,0.5449477272966702,0.03319959884937582
0.5418059647120615,0.01756122309985908,0.5450330270538795,0.03314877138599036
0.5418734235278853,0.017548452490368235,0.5450858177427027,0.033127861513363194
0.5419710751376489,0.01754786359170836,0.5451365909022747,0.03311907930099817
0.5420846755792669,0.01754455149914061,0.5451901475395098,0.033073931295995396
0.5421242343920506,0.017543115507554552,0.5453179852281678,0.033028506012028884
0.5421655496925333,0.017531356644683492,0.5454780061292421,0.032993626589845275
0.5422713717414868,0.01751698933213665,0.5456905410983421,0.03298959247638463
0.5423852611466741,0.017500059543260966,0.546027767640498,0.0329862825116466
0.5425106245215903,0.01747029484349768,0.5460774695825483,0.032982621642458215
0.542613788389428,0.01745873615774434,0.5461840590155147,0.032975752267755766
0.5428074236273394,0.01745122210596804,0.5463377898770123,0.03296785486246088
0.5428567576605009,0.01743922340570733,0.5464144883872761,0.032945101780511576
0.5429981341040504,0.017371780800585553,0.5464705418831369,0.03289597933357648
0.5430971782553929,0.017364644004082438,0.5469584125235255,0.03289075784850186
0.543240887414844,0.017362006571795312,0.5472829990480577,0.03286297397860156
0.5432944440520789,0.017355602950278944,0.5473591898652067,0.03284199044399863
0.5433845758217889,0.017354891418674114,0.5474597124733335,0.03284007739562873
0.5434900860394912,0.01731952856472862,0.5475427893423741,0.032805367788094564
0.5435475746777569,0.01731164423973341,0.5476324479413535,0.03276959444548026
0.5436214849363469,0.01729276430811875,0.5476824568047292,0.03276787198443314
0.543946071460879,0.017292577677122035,0.5477754629536853,0.03276663759438202
0.5440536030729127,0.01728383639054083,0.5478793754577744,0.03275947928123762
0.5440800150329207,0.017282672579685743,0.5480385711685306,0.03269707341862487
0.5441648769657678,0.01727640660417421,0.5481424836726198,0.03266981822199687
0.5442795984249758,0.01726568039502393,0.5481924925359956,0.032668389798200415
0.5444137787098029,0.01725883514097521,0.548273261408657,0.032660722720076835
0.5444316017889976,0.017257466628994095,0.5483815257973723,0.032624684495726176
0.5444744007959775,0.017248784992384678,0.5485092103609076,0.032616323352279895
0.5446295668508482,0.017244485219285215,0.5485462407785618,0.0325380152007988
0.5446741885233407,0.017237778220308156,0.5486845363371659,0.032526966265840396
0.5447960415222315,0.017236412054225166,0.5487337240027235,0.03251160457628096
0.5448330719398856,0.017232769281989736,0.5488125296101569,0.03250791959557394
0.5448909259089044,0.01721413705925206,0.548868430044605,0.032493152901994865
0.5452408277386002,0.017210534253476108,0.5489898339127128,0.0324812055991441
0.5452967657110444,0.017197983236275523,0.5490973655247465,0.032415755648777626
0.5454048798203551,0.017193121702359537,0.5492589290259426,0.0324096296759579
0.5455227555755433,0.017192683166936056,0.5493472029749019,0.032361632349747343
0.5455403501796696,0.017174274669423013,0.5494755059427316,0.03234799656698572
0.5455826279062922,0.01715678119840772,0.5496030153969093,0.032310056613757424
0.5456774983064726,0.01714195479877446,0.5497188083921895,0.032285784408234264
0.5457195713240209,0.01714185969710133,0.5498488047152478,0.03227431362318753
0.5458292545283642,0.01713039635376906,0.5502062195467788,0.032270158047006156
0.5459837503019225,0.017063244979362166,0.5502796223585997,0.0322425693410974
0.5460421079375771,0.017056282452037407,0.5504314021617263,0.03222975854409488
0.546090288694597,0.017025866438739736,0.5505035636203037,0.032225029309422205
0.5461303410186253,0.017022255746912338,0.5505827822646197,0.0321685516609379
0.5461820876346807,0.01702067079415871,0.5506540795847658,0.032167135824169045
0.5463902461270524,0.017011460074059393,0.5507119767619802,0.03213786604033848
0.5464407863369827,0.017011161824609107,0.5508044262205006,0.032054071617092
0.5465756737700386,0.016996518823030465,0.550825545580024,0.03203128687556031
0.5466279059335749,0.01699076904648657,0.5509370175348651,0.032027297173277354
0.5467221576406416,0.016962285852499547,0.5509972437667736,0.032022066589865464
0.5468195040110267,0.016954596314069658,0.5511508456790111,0.03199008967973561
0.5468684833827547,0.01693757643853263,0.5512260206512176,0.031980171213479854
0.5470235509333026,0.016937463128213124,0.5512763161166414,0.03197287320732854
0.5471728504933998,0.016919334432834745,0.5514050320024282,0.03194974000489092
0.5472399698362799,0.016902705959033353,0.551541566180397,0.031945247969485356
0.5472925822132507,0.016857893639207484,0.5516870442892442,0.03194046901988343
0.5474008466019661,0.016856774444190377,0.552025583973194,0.031926217593197775
0.547419104736257,0.01685308533160009,0.5520999460468861,0.03190264137028126
0.5474616290507319,0.016838203806646107,0.5521810385838894,0.03189121387570968
0.5475203504201396,0.01680678877343516,0.5522697109079114,0.0318853421925659
0.5476181630890582,0.016789415084442875,0.5523620435560711,0.03187690620955066
0.5481280512634653,0.01677003967541733,0.5524117454981214,0.031820506649789686
0.5481727194570792,0.016764587308931763,0.5525115168536349,0.03179565897836118
0.548248497152399,0.016741102727433448,0.5526552260130859,0.03179315427699475
0.5487451753840332,0.01673105395196839,0.5527392542609335,0.031790116928733125
0.548762998463228,0.016720139410034283,0.5527981448953583,0.03178230803547575
0.5488561340796199,0.016705876607337126,0.5528478092526917,0.03177874171655202
0.5489286990185636,0.016679960254915468,0.5529350665836926,0.0317581552275701
0.5490162942679814,0.016656398149857112,0.553030803211996,0.03172910208044121
0.549134436441855,0.016621506616508852,0.553092739835216,0.03170855308631095
0.5492056006333578,0.016603499581772346,0.5531871646044223,0.03169768084942746
0.549251531179067,0.0166030089226772,0.5533097732816552,0.031683064309834544
0.549338579540911,0.016602163651430035,0.5533643161853528,0.03165388214044447
0.5494424920450003,0.016588974967236776,0.5534301523514267,0.03163385582763165
0.5496549809729283,0.016585617914400868,0.5536237875893381,0.031610098238299925
0.5497162931266515,0.01658537351596626,0.5537041704466977,0.031607032012432174
0.5497845965516346,0.016577467127223657,0.5537519426987475,0.03157207049424861
0.5500106557667106,0.016563926629176842,0.5538733465668554,0.03156322646467543
0.5500516367632632,0.016558558260562264,0.5539987831659232,0.031528459075922124
0.5501963445574326,0.01654114521681048,0.5541472073491258,0.031520763530611916
0.5502799810051006,0.016540198914652825,0.5542513313028187,0.031478929893949154
0.5503890617326764,0.016517751319812222,0.5543702140854702,0.03145618568008196
0.5504818597279653,0.0165006565088213,0.5544060185464905,0.03142674583908503
0.55061157559063,0.016495608751306064,0.5544673307002137,0.03141412854108438
0.550725845285704,0.016468074623621168,0.5545178338733341,0.03138964809334795
0.5508097797013034,0.016454916409006787,0.5546420054274928,0.03137699626592645
0.5508488286888074,0.01642642011873798,0.5547391524362054,0.03137354975588873
0.5509387870056225,0.016409398878913715,0.5548517023575925,0.031358110621073035
0.5509877663773505,0.016406999357951174,0.5549572125752948,0.03135049980037771
0.5511663708205908,0.016400263491416663,0.5550174941712879,0.031339713276867534
0.5517889182769103,0.016398878484278286,0.5550918562449798,0.03133803431599224
0.5518705171223955,0.016386459396352138,0.555145239165985,0.0313062949039355
0.5519923701212862,0.016365833096061162,0.5552385471394577,0.03126900745870323
0.5520408260592552,0.016365292768375297,0.5552762379803469,0.031233415746923884
0.552162679058146,0.016360835498075262,0.5553227923754412,0.031224188048749504
0.5522091285141965,0.016351835330353486,0.5553734085065845,0.031214458056135985
0.5522965952645722,0.016350973910472254,0.5555858974345125,0.031214302833454596
0.552359731893175,0.016339368340018683,0.5558119566495885,0.03120375722872073
0.5524326784981437,0.016320158811465396,0.5558894170647959,0.031170155647405735
0.5524883794987147,0.016307468376498536,0.5559780718727854,0.03116517151346409
0.5526056928465465,0.016276013195265542,0.5578743782861397,0.031162512728854022
0.5526699108862884,0.01627247978104836,0.5580070943003002,0.031116612157815072
0.5529225927719389,0.016267921711594812,0.5580673204430144,0.03107318037016635
0.5548188991852933,0.01626430340126186,0.5581250226503068,0.03104293230521598
0.5548830553370354,0.016262518271515418,0.558175552895976,0.030958086975341928
0.5549412589301418,0.016254945899534922,0.5582726257801008,0.03092941777294396
0.5550006830730174,0.016250839471533083,0.5583320499229765,0.030924366815105846
0.5551498144214381,0.016248256127467265,0.5584734263665261,0.030906713057723332
0.5552553688114825,0.016245134903217738,0.5585101488307511,0.03090194064441508
0.5553212049775564,0.01624324207633184,0.5586355122056673,0.030853331201444695
0.5556597446615064,0.016237819304506542,0.5586867958785883,0.03084718475555035
0.5557520773096659,0.01622773137582189,0.5588352200617909,0.030816803817253564
0.5559939482524422,0.016215434825059414,0.5589893995104117,0.03077280261166769
0.5561390822927234,0.016214906043482545,0.5591680039536522,0.030732388750458726
0.5562326218651836,0.016207567024584427,0.5592169833253802,0.030713172934598302
0.5562969568809325,0.016194888702933365,0.5593411548795388,0.03069853729666306
0.556417608672443,0.016157768717614422,0.5594927722813507,0.030685182613643315
0.5565244459377325,0.016155742686152212,0.5595857784303069,0.030634524708127546
0.5566155540181387,0.016155300283342333,0.5596446690647316,0.03062331950116626
0.556719195473941,0.016134387799814905,0.5596741602638406,0.030592833623574844
0.5569452546890171,0.016128144430759005,0.5597249334234126,0.03051170310875902
0.5570907327978644,0.016126629469334644,0.559873836230931,0.030501180404499537
0.5571435234866876,0.01612473951655179,0.5599456040799619,0.030486134048204487
0.5571830822994713,0.0161223683191457,0.5605681515362814,0.030423023105520485
0.5572388154396685,0.0161200246573159,0.5606267516950835,0.030419917199561036
0.5572933820477739,0.016114984781034403,0.5606781751309937,0.030403659687204147
0.5574418062309765,0.01611358017020778,0.560792064536181,0.03035924946261739
0.5576212003907466,0.016112141579536346,0.560868670590335,0.03035628646327613
0.5576922077237142,0.016071871825587544,0.5609779696991744,0.03032113014957703
0.5577563638754564,0.016050927537486527,0.5611776366194293,0.03031057840393549
0.5578261279014038,0.016049241082407812,0.5613118169042565,0.03030587455833605
0.5579237795111675,0.01604703224681218,0.5614955479045725,0.030282964443744873
0.5580292897288699,0.016046868478794066,0.561594004223978,0.030278406286626817
0.5581590055915346,0.016043468483365873,0.5616763670895822,0.030264694176491854
0.5582525451639949,0.016026751831898427,0.5617183374489088,0.030262938209983156
0.5583288755317662,0.01602442982847024,0.5618385172759334,0.0301633364418256
0.5583790833575643,0.016018332687245552,0.5619335927801906,0.03013344175420122
0.5584158058217893,0.016016588985760274,0.5620394786581785,0.03013024123257084
0.5584658146851651,0.016008465069552773,0.5623674095386872,0.030096838812657963
0.5586153582974522,0.015996021358190688,0.5624061515751345,0.030040881801682275
0.5586764077021921,0.015987911414783895,0.5625612191256824,0.030005557917705154
0.5587346112952984,0.01598346559277877,0.5626818160245631,0.029991853443723397
0.5587723595220062,0.015981541464706227,0.5627308701494854,0.029954429617474333
0.5589469434666275,0.015957512714657993,0.5628179372336067,0.02995174354810372
0.559050264324668,0.01595541454416256,0.5628900649598053,0.029927109016330056
0.5591724152829954,0.015948352478774415,0.5630618567876728,0.02988637872731793
0.5592250276599662,0.015928109067920432,0.5632163525612311,0.029876010520826862
0.5592784390126692,0.015919792938525253,0.5632902628198211,0.02983105013178519
0.5593249934077635,0.01591528717459084,0.5633325405464437,0.02981708493240631
0.5593993554814556,0.015893106700752502,0.5634060398153692,0.02981649340808909
0.5594244975439677,0.01589016100678272,0.5635029286367425,0.0297309546479788
0.5596181327818791,0.015889181964857443,0.5635912025857017,0.029721663173467364
0.5596892219483578,0.015883225040450262,0.5636490565547205,0.029698853971738937
0.5598410017514843,0.015851141097366624,0.5636993373498298,0.029679956895118317
0.55989101061486,0.015842490611186935,0.5637218128384812,0.02964326110797048
0.5599677091251238,0.015840930686159632,0.5638629666024586,0.029624620104431603
0.5600184480001626,0.015818271516293156,0.5639768560076459,0.029619217601724635
0.5600882120261101,0.015816315714080764,0.5643267578373417,0.029566827519526526
0.5601246634208118,0.015768604165823923,0.564384460044634,0.029536100987190127
0.5602057559578151,0.01575660657167234,0.5644457721983572,0.029515008141164922
0.5602845615652485,0.0157428130479406,0.5645167795313248,0.02950034015829778
0.5604559591889416,0.015741257200450467,0.5645982575824436,0.02949513078393512
0.5605001688821394,0.01573554650205896,0.5647181318642813,0.029484181219124474
0.5606101832856067,0.01572539159995185,0.5648650413778739,0.029452598210365225
0.5606739254702988,0.01571283021985785,0.5649413717456452,0.029435575916920854
0.5607347149930103,0.015695650840857656,0.5650571704238669,0.029425892404037722
0.5608696024260662,0.015691702205124405,0.5651347627784622,0.029394949900997613
0.5609758787026111,0.015674528172429234,0.5652416000437517,0.029388229621788553
0.5611006845206341,0.015667510617798502,0.5652880107895402,0.029341592782060607
0.5612167868242449,0.01566359618689561,0.5654934764509917,0.029324661135827882
0.5613881844479381,0.015642987414592333,0.5656348528945412,0.029291945969284944
0.5615336625567854,0.015622035721652935,0.5657940486052974,0.029285793738473356
0.561756149928323,0.015610536307089008,0.5661470366206196,0.02927248790905289
0.5618220561840113,0.015605095852148155,0.5667695840769391,0.029238385521652838
0.562023073792551,0.015598795018754212,0.5668937858891522,0.02920760916925165
0.5620954832448505,0.01558263385578625,0.566988037596219,0.029205951822207588
0.56219537526731,0.01555842177555467,0.5670448322657538,0.029200354207145042
0.5623280912814704,0.015558029028054166,0.5671388705609455,0.029142873435998258
0.5623655356491853,0.015557188988375312,0.5671901542338664,0.02907701775602647
0.562478097038392,0.01555393842349271,0.5673443336824873,0.029070310054438143
0.5626068129241788,0.015548230779236618,0.5674084898342295,0.02901276334792029
0.5627829703555827,0.015537279501828526,0.5674909903561421,0.028979338853541085
0.5628318286356305,0.015527570902272757,0.5675646997664905,0.028973573632551534
0.5629595131991658,0.01551197125932457,0.5676548315362003,0.0289698254481857
0.5630653352481193,0.015499651680814871,0.567828834036885,0.028962568334413227
0.563184914212366,0.015470570838447557,0.5679477168195365,0.028944604290726258
0.5632471204397771,0.01544176718641205,0.5680470353660702,0.028922655068283308
0.5632850850939717,0.015409475219612315,0.5681769699243017,0.028917426251707144
0.5633314197826322,0.015405678964738495,0.5682641435741983,0.028868902219194942
0.5634205782572577,0.01538943235092888,0.5683413495142419,0.028866402135808673
0.5635053393412499,0.015381503649732398,0.5684825032782191,0.028837608028812623
0.5637489066888453,0.015374244601014076,0.5685298596858942,0.028832370129894223
0.5638570207981561,0.015364166212601687,0.5685546539825302,0.028776054416720143
0.56403317822956,0.01535335469308883,0.5686520003529154,0.02877600436015079
0.5640839326541126,0.0153398961947307,0.5688780595679914,0.028735454127183254
0.5641764714172162,0.015321176975102761,0.5690716948059028,0.028700183045083035
0.564331538967764,0.015319921596008462,0.5691234414219581,0.028694938484969068
0.5644025463007316,0.015316348871333704,0.5691816450150646,0.02869076254448386
0.5644533194603035,0.015307938721368592,0.5693158252998918,0.028651459626574987
0.564469883176469,0.015303858232235004,0.5693761068958847,0.02864490484230719
0.5645259366723296,0.015302066783213868,0.5695757738161397,0.02863232502949695
0.56457643984545,0.015280003831503068,0.5696406576859809,0.028632136029549532
0.5646575323824533,0.01527001542829101,0.5697648292401396,0.028619043618493847
0.5647867164950663,0.015262972985646103,0.5698846196964635,0.028599343768531255
0.5648798521114581,0.015254296027169557,0.5700300978053108,0.02859729107565292
0.5650075366749934,0.01524338943215049,0.5700668202695358,0.028577626625773678
0.5651271156392402,0.015184110002546047,0.5704167220992316,0.02854830562443803
0.5652743277333759,0.015177220759304683,0.5706103573371429,0.02850446164091275
0.5653284974954611,0.015154718267976822,0.5707865147685468,0.028503356183661805
0.5654014441004298,0.015154713281696977,0.5709248103271509,0.028496431887692828
0.5654633807236498,0.015146546529645035,0.5710226229960694,0.028494626904472065
0.5655351485726806,0.015125121587664955,0.5710685535417787,0.02848884898156668
0.5656831615963251,0.015124108809540406,0.5711679775582738,0.02847698779444027
0.5658109992849832,0.015105633360333975,0.5712377415842212,0.02844136542398201
0.5659083456553683,0.015100665524310716,0.5713573205484681,0.02838036811701798
0.5659246131620013,0.015081996820574949,0.5714783946870317,0.028315143114801277
0.5660812200507134,0.015072958935082021,0.5715836111246805,0.02830261505958064
0.56620959184245,0.015066022732923666,0.571612683039069,0.028283439005878274
0.5663069382128351,0.015065928265407966,0.5717912874823095,0.028280901205146026
0.5663924774351066,0.015037957728767119,0.571852660423971,0.02827663686685641
0.5664834658424444,0.015034780759664964,0.5719060433449762,0.028271039209140345
0.566556030781388,0.01503300972526572,0.5720406628218091,0.028265314082659223
0.5667044549645907,0.015006437826308274,0.5722022263230052,0.028246280246311303
0.5668595225151385,0.015000846844682026,0.572289821572423,0.02821793764322921
0.56692964225586,0.01499352755185712,0.5723660123895721,0.02821333956724739
0.5669855802283041,0.014993172908498133,0.5725021971728096,0.028187676290338314
0.567139759676925,0.014982251696572262,0.5725751437777783,0.028137955575581346
0.5672942554504833,0.014978694601252509,0.5726475532300778,0.028119653600559368
0.5674024525698186,0.01496723663807245,0.5727159370869496,0.028108689959586583
0.5675065765235114,0.014961358830477766,0.5727406105616116,0.028073349864075028
0.5675809385972035,0.014956703439309459,0.5732615979543931,0.02805699846558278
0.5676419574975433,0.01494949678362068,0.5733198948488302,0.028036640558467447
0.5677520805394881,0.014940596077154998,0.5734014936943153,0.028002598857413446
0.5677930615360407,0.014939004552263557,0.5734615549127946,0.02799771039328184
0.5678626216046933,0.014923241259292432,0.5735345015177633,0.02798391816790245
0.567945667858903,0.01488466000413277,0.5736632174035501,0.027972593347813837
0.568001568293351,0.014877900344411757,0.5737694936800951,0.027969439603085428
0.5680993809622696,0.014871902182540512,0.5738377971050781,0.027968484073090733
0.5681542230571327,0.014863245870217132,0.5738900292686144,0.02794596121410045
0.5682499596854361,0.01486168256707538,0.5739842809756812,0.02794433640796676
0.5682794508845452,0.014848290354160354,0.5740684294317622,0.027901625497053384
0.5684778913427327,0.014781879105911366,0.574124130432333,0.02790087380272178
0.5684863018400198,0.01478168303129702,0.5741890143021744,0.027896560148221023
0.568544414731168,0.01477446866242318,0.5742452088564632,0.02788735235367722
0.5686437332777017,0.014771900844952715,0.574526916456055,0.027787077571725768
0.5686857036370281,0.014762109632987457,0.5746399066992406,0.027783217686793576
0.5687454410170245,0.014760567167263195,0.5746834146340849,0.0277818042550332
0.568864323799676,0.014755219290011974,0.5748235436082205,0.027771387711932695
0.5689636423462097,0.014739083907752892,0.574868165280713,0.02776192589930276
0.5690128300117673,0.014726878331429957,0.5749187054906433,0.027757796962132916
0.5691431833662752,0.014710224870444908,0.5749975110980767,0.02770824664351054
0.5692133031069967,0.01469286410750587,0.5751185852366403,0.027697136283129906
0.5693211362802119,0.014685824379742194,0.5751786742921898,0.02767378727800824
0.5694122232173566,0.0146729364716477,0.5752233424858038,0.027668091647543
0.5694624310431546,0.014668991656569565,0.5752820638552115,0.02766559771415132
0.5695207279375917,0.014664352276703107,0.5753408411663421,0.02763746150645487
0.5696622599102588,0.014653062786579803,0.5754568133909003,0.027632256487091344
0.5698238234114549,0.014637350317590649,0.5755724785157447,0.027629361189964324
0.5698797613838991,0.014608140080392075,0.5756414918922013,0.02758535589593504
0.5699174522247882,0.014604612128551575,0.5757221236692033,0.02758039052206241
0.5699805233339151,0.014560713419343712,0.5757864586849522,0.027571079818294677
0.570064671789996,0.014551853927624992,0.5758833475063254,0.027567565736598937
0.5701235481576037,0.014547451660149337,0.576003999297836,0.027545961174676316
0.5701794861300479,0.014524771396741184,0.576160606186548,0.027532623273486885
0.5702990650942947,0.014516851785240195,0.5762688033058833,0.027491888018743818
0.5703803704655348,0.014509130500053998,0.576342669366647,0.027464307917102988
0.5704575764055783,0.014503435666209423,0.5763791207613487,0.027428071792838613
0.57066278841585,0.014501059132211927,0.5765282521097693,0.027418308373816043
0.5707337957488177,0.014493641491006485,0.5765742187918522,0.02740854537431153
0.5708403897689118,0.0144860955443764,0.5766234064574098,0.027390854988829896
0.5710219120331981,0.014478246055624503,0.5767766600537406,0.02738388961733265
0.5711400542070717,0.01446866451068322,0.5768315021486037,0.027375062814271076
0.5714006546816047,0.014459324773210236,0.5768539776372551,0.027353026637047848
0.5714593760510125,0.014454052627660217,0.576965174109586,0.027303142891035297
0.5715389545724961,0.014446703356220803,0.5770926835637636,0.027289656870520075
0.5719754540362532,0.014443868102344026,0.5772275709968194,0.027177503165722268
0.5720579545581658,0.014435483587028869,0.5773224534084791,0.027134586780917954
0.5721000275757141,0.014427550041616668,0.5773644237678055,0.02709797794197619
0.5721913644433683,0.014419610654417723,0.5774892295858284,0.02706651376598984
0.572249218412387,0.014417879262025965,0.5775950516347819,0.02698043354569901
0.5723374923613462,0.01439717743371744,0.577711779435746,0.026978622102684997
0.5724343811827195,0.01439348328297418,0.5777861415094381,0.026969764122626628
0.572606173010587,0.014392249678862079,0.5778949183992579,0.026951259833335076
0.5726997010982383,0.014387808530670607,0.5780208348118969,0.026930427138957432
0.5727744604936527,0.014386867874469064,0.5780546516725514,0.026923131693965416
0.5728854632702636,0.014381385718535063,0.5781052420393267,0.02687166369429257
0.5730745631639195,0.014348309452941839,0.5783190792940182,0.026842987245138516
0.5731587135313037,0.01434140756534127,0.5784198622301441,0.026826350738190313
0.5732989907970885,0.014327528495364747,0.578533462671762,0.026816407568375895
0.5733430204412715,0.014286544802133415,0.5786553156706528,0.02680940599385163
0.5734040393416113,0.014273099800907919,0.5787437198175903,0.026789643618157066
0.5734897515750541,0.014272022091068329,0.578783278630374,0.02678736965738855
0.573697910067426,0.014254770549795246,0.5788231695129867,0.02676079108186446
0.5738262818591626,0.01425383739935294,0.578972960694262,0.02675184587262075
0.5739674356231399,0.01424828785175186,0.5795951627228664,0.026719742543054426
0.5740094059824664,0.014224351020156924,0.5799281769904809,0.02670219297940847
0.5740696875784593,0.014221941327400804,0.5802667166744309,0.026687434153335975
0.5741907617170229,0.014213955490997219,0.5803018454366559,0.026681824730358693
0.5743199458296359,0.01420021132271905,0.5803508248083838,0.026650188676325324
0.5744636549890868,0.014193961290207455,0.5804613728901957,0.026647275433850988
0.5745793201139313,0.014179134522807295,0.580539493792348,0.026645821966411385
0.5746732911057642,0.014176853358500127,0.5806393858148076,0.026596072077679514
0.574766147153704,0.01416985947456999,0.5807106831349537,0.026574457554383035
0.5748874627960532,0.014168910765129064,0.5812205713093607,0.02656798959810859
0.5749696652396036,0.014166859048723425,0.5813047216767449,0.026561687697108986
0.5751288609503596,0.014150421560694109,0.5814396091098007,0.026556318692475905
0.5752575768361465,0.014123050002823618,0.581549623513268,0.026546264192943404
0.5753989799275109,0.014116468696978806,0.5816577977479322,0.026531306346217073
0.5755187703838348,0.014090800709278166,0.5817513258355835,0.026482969075917195
0.5755909967332817,0.014080629604126328,0.5818344027046242,0.026463461676003885
0.575673199176832,0.014043136718809928,0.5818732045351321,0.02644514772495568
0.5758294803284999,0.014015490469129222,0.5819277474388297,0.02641436816348742
0.575921261901208,0.013990741862323467,0.5819694129113069,0.026407433722381916
0.5760574589337758,0.013982769266479074,0.5820693049337664,0.026403388432215
0.57610439006798,0.013968361447612503,0.582224470988637,0.02636747179794404
0.5761535777335377,0.01395086843372626,0.5822823292517172,0.026307659333411122
0.5762008681842608,0.013944934820000737,0.5823547387040168,0.026304514473772602
0.5762881255152615,0.013929635909742808,0.582464753107484,0.026296627710356957
0.5763168828992141,0.013926353768468399,0.5825786425126714,0.02629175252417292
0.576373077453503,0.013905974522680366,0.582671824790347,0.026247857539335902
0.5764681529577602,0.013889168353992875,0.5827301441744523,0.02619435606070058
0.5765220942171693,0.013873650650985728,0.5827887271060411,0.02619028722878134
0.5765770234844506,0.013872668517421943,0.5828282859188249,0.026172013947246973
0.5767314212633669,0.01387211022564398,0.582921825491285,0.026101879919531282
0.5768786333575027,0.013833893563162709,0.5829991018437408,0.02610163443551887
0.5769691597900998,0.013832561234628235,0.5830493973091645,0.026082955362937987
0.5770827602317177,0.013821664232731984,0.5831035670712497,0.02605109721725405
0.5771987324562758,0.013810978607327747,0.5831857695148001,0.026035340903733127
0.5772251444162838,0.013806842042473694,0.583257995864247,0.026034340176945614
0.5773143028909093,0.01380232807285008,0.5833722655593209,0.02601128504790963
0.5774504876741469,0.013799584582804903,0.5834256769120238,0.02599198404200727
0.5775374173992737,0.013794362351572213,0.5834824715815587,0.025982058347336214
0.5776123087255813,0.013788515599816762,0.5835632399445393,0.02596896248035801
0.5776725074771962,0.013786780434101717,0.5836134477703373,0.02594147051464562
0.5777383216547879,0.013776704038845324,0.5836594597630497,0.02593011532466865
0.5779563801034358,0.01376719896011757,0.583901330705826,0.025915548790334978
0.5781548205616234,0.013765168500093966,0.5839572686782701,0.025911445267132734
0.5782848168846817,0.01372788972827797,0.584082074496293,0.025901197394717027
0.5783938976122576,0.013718296230108274,0.5841813039760947,0.025889299917623575
0.5784763981341702,0.013712175965421283,0.5841988985802209,0.025827457692840547
0.5785431634229864,0.013665318801825487,0.5844205484271633,0.025818319866239732
0.5786633432500111,0.013657284125793426,0.5844942578375116,0.0258052530574434
0.5787535464345056,0.013656021080103551,0.5845807638309524,0.025771475831099264
0.5788138280304985,0.013653125077665482,0.5847932988000524,0.025767595539336188
0.5793237162049056,0.013647380736108385,0.5849157749007963,0.02574933529394099
0.5794296020828934,0.013646566568370164,0.5850059780852908,0.025739459202381455
0.5794927387114963,0.013612813027574689,0.5851346939710775,0.02571321414718415
0.5796341151550458,0.013612672896499327,0.5851988501228198,0.02569353093406226
0.5798337820753008,0.013602689637150805,0.5852326669834743,0.025659828918147453
0.5800039733863104,0.01359341067111461,0.585326637975307,0.025617404477704126
0.5801350521271273,0.013577117267984848,0.585371306168921,0.02554140692352266
0.5802894499060437,0.013562828168653928,0.5854583545307651,0.025534733605276128
0.5804243373390995,0.013548528785917566,0.5855313723041726,0.025511444513208522
0.5805646146048844,0.01354555527367792,0.5856105909484886,0.02550047456472239
0.5806059299053671,0.013539847029346982,0.5856722287458143,0.025477189868958135
0.5806667332786563,0.01352925926659,0.5857700474969246,0.02543376336457673
0.5807942427328339,0.01352711059405051,0.5858685038163302,0.02542107733481155
0.5808543317883834,0.013524529560773822,0.5859185126797058,0.02537925380985963
0.5811360393879752,0.013522841756876684,0.586015859050091,0.02536663825946921
0.5812393602460156,0.01351447089422268,0.5861457936083225,0.02534730082540511
0.5813316928941752,0.013506432856161862,0.5862245992157559,0.02533139224691183
0.5814260986183062,0.01350641921821866,0.5862723714678056,0.0252404023592601
0.5815084614839104,0.013503341018513517,0.5863433788007733,0.025238513167101836
0.581534536340991,0.013494038320553495,0.5864675806129862,0.025229047091745567
0.5816587078951496,0.01349091013605007,0.5865512205010002,0.02521170086963802
0.5817092982619247,0.01346243994312544,0.5866040111898234,0.02517928197088988
0.5817626811829298,0.013456350467962569,0.5872262132184278,0.025148681145277917
0.5818611375023355,0.01345615801429893,0.5872626594865893,0.025122867426138902
0.5818875494623434,0.013423948765438839,0.5873242972839151,0.025083535392969574
0.5819601726663053,0.013421844019655415,0.58736174165163,0.02506410920550252
0.582070720748117,0.013417224848540885,0.5874163767693391,0.025064057215563998
0.5821309469800255,0.01339548319819596,0.5874580422418163,0.02502689135715159
0.5821823704159358,0.013392415707738818,0.5875119835012254,0.02501885700894944
0.5822663986637834,0.013389481400750929,0.5875761396529676,0.02499299588690901
0.5823191893526067,0.013361633922420752,0.5876730284743409,0.024983947133516402
0.582449185675665,0.013361175532066283,0.5877717658742516,0.02494593651222537
0.5824905009761476,0.01335663520781159,0.587841912874405,0.024919100317945638
0.5825384174806256,0.013351278578977563,0.5878679877314855,0.024885327606127734
0.5826448927110983,0.013327963376224878,0.5880083604859814,0.024832582864465443
0.5828385279490097,0.013319729114047255,0.5880652310427504,0.024831518653966305
0.5829080510318205,0.013306759948488586,0.5881201450833158,0.024815443122180248
0.582979049458115,0.013282433528030064,0.5882493291959286,0.024800624205208847
0.5830552402752639,0.013273927009887847,0.5883660569968928,0.024785612574723687
0.583127022718157,0.013260532681491386,0.5902623634102472,0.02477653978280805
0.5832380456696356,0.013248161401571052,0.5903985481934847,0.024755443683345466
0.5832757938963433,0.013231694929670159,0.5905058278023068,0.02475133447196239
0.5833563075548036,0.013211045675601652,0.5905930901366748,0.024748397136095182
0.5833958663675873,0.013210612868045713,0.5907399996502674,0.024730200785485355
0.5834876479402954,0.013173042968912156,0.5908019362734873,0.024715835886384836
0.5835875399627548,0.013167449502743718,0.5908419885975157,0.02471431728497782
0.5837074142445925,0.013161502820253685,0.5908934120334258,0.024705212556557516
0.5838776055556021,0.01315156647134438,0.5910679959780472,0.024689886580185446
0.5840313364170997,0.013135071308815732,0.5911120256222302,0.024686463985747423
0.5841121052897611,0.013091841861370362,0.591297396282895,0.024669270084837408
0.584199850725142,0.013086276905782903,0.5913972883053545,0.02464517035722286
0.5842976694762523,0.013062509081647989,0.591453986322407,0.024630539727422844
0.5844058437109165,0.013048174549901835,0.5915419409902798,0.024621904603924848
0.5845804276555379,0.013043515720878826,0.5920518291646869,0.024594828980077827
0.5846995372121978,0.013005385049935689,0.5922034465664988,0.02458932847048377
0.5847973559633082,0.012997732003527196,0.592258360607064,0.024585638170844734
0.5848924314675654,0.012987868043452661,0.5923085684328622,0.024576836185780028
0.5850065789921348,0.01298271428508761,0.592395825763863,0.024543248865486363
0.5851037063441553,0.012978938157710031,0.5925042647692446,0.024536738616128248
0.5852378866289825,0.012952166327311998,0.5925974003856364,0.024470639760144696
0.5853715185481614,0.01291784927250702,0.5926696724024892,0.024420258541082714
0.5854105675356653,0.012900240761829362,0.592783953480436,0.02439822523684263
0.5854757596774863,0.012862795601879815,0.5929383512593523,0.02439517842437975
0.5855308102233306,0.012848343741039858,0.5929897746952626,0.02437563457519001
0.5856514620148412,0.012836931964380276,0.5931093536595093,0.024373967080126006
0.5857705715715011,0.012835007713647824,0.5931904461965127,0.02436779731052317
0.5858497902158171,0.012831621752739365,0.5932152404931488,0.024363462506759945
0.5859319926593675,0.012821596631244598,0.5934043403868047,0.024362535459595665
0.5859872698985208,0.012820753416526984,0.5934886688281902,0.024329038783545424
0.5860653615449912,0.012820506785218158,0.5935796572355281,0.02432797442646137
0.5863899480695234,0.012815955227699582,0.5936977994094017,0.024266253846335455
0.5864992471783628,0.012804190424044558,0.5938850124814655,0.024262375006423784
0.5865915798265223,0.012783435638602583,0.5939364359173758,0.024256029939223153
0.5866501627581111,0.012774080799739958,0.5940269623499728,0.024236199248914837
0.5867274391105668,0.0127493522418679,0.5941802159463035,0.024231077759119576
0.5868246398651273,0.012740611592621439,0.5942778675560672,0.024213685114511586
0.5869778934614581,0.012709594541336102,0.5943756802249858,0.02419156654785958
0.5870834036791606,0.012697304297313826,0.5944868766973166,0.02418704889336427
0.5872248067705249,0.012691529988108506,0.5945924310873612,0.02417838660727744
0.587315914850931,0.012682423150291333,0.5947261761726825,0.024164847221028483
0.5875143553091187,0.012673957911446487,0.5948827830613946,0.0241558794504631
0.5876343103244062,0.01265721594396355,0.5949523061442055,0.024154450022928157
0.5876807210701946,0.012639925456039624,0.5950028093173257,0.02411698485770857
0.5877859375078435,0.012628169341646176,0.5950578598631702,0.024116113682821228
0.5879273405992078,0.012608715833923555,0.5951661242518855,0.024095179070361874
0.5879758966257577,0.01259999455909326,0.595299869337207,0.024094697693146094
0.5881118761520141,0.012596828438780237,0.5953724342761506,0.024071535791611868
0.5882020079217241,0.012595699415528714,0.5955139662488178,0.024049294355445876
0.5883102723104394,0.012583500929426719,0.5956690337993656,0.024035058746169544
0.588377854596454,0.012580232727491166,0.5957770356089914,0.0239838635093396
0.5884583682549143,0.012576554279210294,0.595930766470489,0.023974735841841108
0.5885564470452046,0.012576159335447295,0.5960645115558105,0.023970455888561233
0.5887130539339166,0.012574940867830274,0.5961372626811761,0.023949126995798133
0.5888848457617841,0.012573703795156434,0.5962409041369785,0.02391494530648363
0.5889431426562212,0.012564019220392174,0.5963126719860092,0.023888709670951625
0.5890814382148252,0.01255358168206677,0.5964410437777459,0.02386249686499817
0.5891376645009956,0.012553518406777625,0.5965328253504539,0.02385391988370566
0.5892512649426136,0.012546457621357646,0.5966450277289502,0.02384602107435619
0.5893668089333046,0.012523739879557105,0.5967121470718303,0.023839882497139843
0.5895749674256764,0.012509600666051678,0.5968288748727945,0.02381054485719536
0.589647376877976,0.012508658139950399,0.5968778542445224,0.02371397329444178
0.5897910860374269,0.012486360102306837,0.5969860139023138,0.02369483220310753
0.5898766252596983,0.012484402597654072,0.5970865365104405,0.0236449218080991
0.5899449286846814,0.012470860151827249,0.5971041311145668,0.02360228963370007
0.590105297408971,0.0124707014630739,0.5973051487231066,0.023570306932221077
0.5901986053824437,0.012466643298867932,0.5974584023194374,0.023568314218188165
0.5903348024150116,0.01245931478084041,0.5978949017831943,0.023558104244903174
0.5903825746670612,0.012457039403152374,0.5980105669080388,0.023549412409317107
0.5904862161228637,0.012455963480398962,0.5980647366701239,0.023534285303666014
0.590644699333742,0.012435262460806238,0.5982075423862538,0.02353202808230638
0.5907445913562014,0.012433210130591201,0.5982967008608793,0.023529829677917922
0.5907974292542153,0.012432944200393307,0.5984510986397956,0.023514161425486447
0.5908945762629281,0.012414735604957972,0.5985601793673715,0.02350882796474114
0.5909837347375535,0.012409889994941923,0.5986653958050203,0.023500195077631
0.591082778888896,0.012398024237781425,0.5987338727975764,0.023491649536611023
0.5911866913929852,0.012362515577749702,0.5987846116726151,0.023452550469713177
0.5912557047694418,0.012358441818966224,0.5988662105181003,0.023398789136139332
0.591366852448324,0.012344148566518776,0.598935733600911,0.023349786259595856
0.5915163960606112,0.012324556687172843,0.5990467363775219,0.023297281729752324
0.5916306349454765,0.01231695063864373,0.5991360029554599,0.02329190672380782
0.591658261271126,0.012316534474114705,0.5992657188181247,0.023274623619097542
0.5917526860403322,0.012299961259168074,0.5993258078736743,0.023269808763434274
0.5919537036488719,0.012297914644375173,0.5994413518643652,0.023243943649723292
0.5920000383375325,0.012281114504910737,0.5994841508713451,0.023238014178037926
0.5920639259639082,0.012280767375489094,0.5995818024811087,0.02322676466872251
0.5922103821163667,0.012276694359426554,0.5996278272795529,0.023218371765628108
0.5922745382681088,0.012274661657292688,0.5997477015613906,0.023215204846403794
0.5923556308051122,0.012246953446637999,0.5999077224624649,0.023175366410538755
0.592505551988988,0.012243789209108813,0.6000002612255684,0.023168116504531235
0.592640171465821,0.012238456212210477,0.6000424202177849,0.023157907471083837
0.5927342097610128,0.012227152796821895,0.6001229338762453,0.023141872203572687
0.5927801764430957,0.012198368886090629,0.6002368232814326,0.023097439580586025
0.5928672435272171,0.012197329305582798,0.6003373458895593,0.023097320151017686
0.593010952686668,0.012194568339194587,0.6003750941162671,0.02309238413212995
0.5931096900865789,0.01218707196511064,0.6004225513430655,0.02304710793337131
0.5932049167282035,0.012178974791980178,0.6006350863121656,0.023042200102818627
0.5933161132005343,0.012176205931917563,0.6006933832066026,0.023036612283055025
0.5933819493666083,0.01216245333718105,0.6007482972471678,0.02302848665727179
0.5935072597941767,0.012140924041103632,0.60085944492605,0.023019408282665327
0.593601684563383,0.012127559562088112,0.6009660389461443,0.02299908540224459
0.5936872237856544,0.012122002713462506,0.601024929580569,0.022959600148965226
0.5937451740079055,0.01212057613972832,0.6011065284260542,0.022947083531559935
0.593845378609148,0.012116230379598901,0.6011723645921281,0.022934180764451403
0.5939986322054788,0.012094105928434667,0.6012798962041617,0.02293238240825433
0.5941522341177163,0.012086916963225131,0.6014402649284513,0.02292713373503821
0.5942350663144552,0.01208067244127541,0.6015303966981611,0.02289936215005385
0.5943441470420311,0.012072747961288046,0.6016014858646398,0.022893249951328628
0.5944199926353373,0.01206555287726647,0.6016823221935643,0.02289267668850904
0.594593995136022,0.012060721790038921,0.6017642027396665,0.022874308033654835
0.5947190859166194,0.012055357321785165,0.6018134334690103,0.022866445035860127
0.5949187528368743,0.012053709370225955,0.6018682755638733,0.02286443707914199
0.5950185241923878,0.012017777426996256,0.6019721880679626,0.022850130913169276
0.5950734382329531,0.012016171182935426,0.6021167518942755,0.022801093899169934
0.5952024703842145,0.012014479477456921,0.6021726898667197,0.022779865883245244
0.5954106288765862,0.012004757144467103,0.6022370248824686,0.022750085565349278
0.5956160945380378,0.01200014269201633,0.6023095221357927,0.022739198626541036
0.5956765842792034,0.011991067703779107,0.6023994804526077,0.022719111209197607
0.5957845860888292,0.01198463647378546,0.6024633680789835,0.022705360715941498
0.595822334315537,0.011971402420332825,0.602512702112145,0.022689086824989397
0.5959207906349425,0.011965292123528799,0.6027063373500564,0.022660647959511355
0.5962580171770984,0.011920315103208127,0.602742085295963,0.022652689885636627
0.5964940831945502,0.011915598880773074,0.6028403129640354,0.0226498851194499
0.5966543064729087,0.01189896498551727,0.6029700288267001,0.022646231914163754
0.5967070971617321,0.011892533584812931,0.6030776442387635,0.022617693975866326
0.5968525752705793,0.01189251076784005,0.6031990900790911,0.022607529044835258
0.5969249136733655,0.011890628512612427,0.6033975305372787,0.022549972777143018
0.5972528445538744,0.01188689035177575,0.6035217020914374,0.022505393449296675
0.5973404398032922,0.01187246021803051,0.6035918218321589,0.02245874513036827
0.597433575419684,0.011865039986078239,0.6037132676724865,0.02242560890221281
0.5974993895972758,0.011854162809915568,0.6038109192822501,0.02242269240045465
0.5976585853080318,0.01183632721539503,0.6038621039284253,0.022370541133589272
0.5977925279116798,0.011822231281453195,0.6039546426915288,0.022353892763065975
0.5979329006661758,0.01181813114054251,0.6040272658954906,0.0223491898452903
0.5985551026947802,0.011814081504019214,0.6041224925371153,0.02231717009158405
0.5985971757123285,0.011806010497744664,0.6042475833177127,0.0223140195659287
0.5986486035484836,0.011801182731817185,0.6043123318035729,0.022305432424331757
0.5987773194342704,0.011782531428320458,0.6044058713760331,0.022300468253363504
0.5989048288884481,0.011781816395518434,0.6045046087759439,0.02223965969320624
0.5990198808502163,0.01177725364625253,0.6046237183326039,0.02222834004429279
0.599173845451361,0.011763445117823254,0.6046850912742655,0.022219128647212653
0.5992626362931748,0.011758964650722575,0.6049991466367425,0.022218457197623855
0.5994751252211029,0.011749678863880493,0.6051536424103008,0.022207051142737678
0.5995247895784364,0.011729672978751719,0.6053254342381683,0.022204656049510413
0.5996613237564051,0.011726865959834375,0.6053843248725931,0.02220402379045608
0.5998082332699977,0.011723163077018041,0.6055032076552446,0.02219648108751118
0.600001868507909,0.011705729773536826,0.6056368395744235,0.022189952248715825
0.6000929554450537,0.011703002292430003,0.6057036048632397,0.02214367907320371
0.6002135523439345,0.011687455020152152,0.6058901209806922,0.02211143744714021
0.6005634541736302,0.011682422186114956,0.6059306085212156,0.022081663582254146
0.6007046079376076,0.011680189718660238,0.6059752301937081,0.02203402653743166
0.6008392996192305,0.011676920460311938,0.6060404223355291,0.022021626860190786
0.6009808315918976,0.011672089171554975,0.6061738072123902,0.02201385657448846
0.6010207224745103,0.011670348930212696,0.606308694645446,0.022012761355994226
0.6011142505621616,0.011633238975793147,0.6063875002528795,0.021977781682315248
0.6012018458115794,0.011620728525137892,0.6064457971473165,0.02188020400246469
0.6015297766920883,0.011613217618341023,0.6064992073659795,0.021861017036469865
0.6017514265390307,0.011596375005588827,0.6065506352021346,0.021848585264845292
0.6018713008208683,0.011594212327016466,0.6066200877790917,0.021824148467233587
0.6019881102642132,0.011590263551242198,0.6068252997893634,0.021692723822696127
0.6022005991921413,0.011585845220774953,0.6068781376873773,0.021641607722327007
0.6022593765032719,0.011582621016311193,0.6069330669546585,0.021626330677486486
0.6023586059830734,0.011573346285933917,0.6070498763980035,0.02162153710453096
0.6029808080116779,0.011572045056737526,0.6070968075322077,0.021568127241797685
0.6030614397886799,0.011562521257747692,0.6072904427701191,0.02156198281396001
0.6031774656911283,0.011558849385254635,0.6074318458614836,0.02154728827109029
0.6033488633148214,0.011549295205951849,0.6076400043538553,0.021546239754475918
0.6034674571678823,0.011526671290980806,0.6077550563156235,0.021537860527059544
0.6035418192415744,0.01152519152775417,0.607852183667644,0.021532279119654118
0.6036992846707229,0.011512865674011817,0.6078999559196937,0.02149580725122621
0.6037492935340986,0.011512593633761092,0.6079970832717143,0.021485153147447703
0.6038711465329893,0.011505665306861465,0.6080258406556668,0.02147327672873196
0.6038894046672801,0.011499541309800002,0.608120916159924,0.02143802879489854
0.6040946166775519,0.011488256190460485,0.6081573624280855,0.021428759235856364
0.6042308014607894,0.011481867609668066,0.6082673768315529,0.02142269523664925
0.6043207597776046,0.011467143198773285,0.6083374965722744,0.0214076150455142
0.6043712999875348,0.01146433346144328,0.6084310246599257,0.021390212247520742
0.6045141057036646,0.01146281060504013,0.6085200279876942,0.021384480072362214
0.6045858735526954,0.011456676794888102,0.6085538448483487,0.02138422925339953
0.604659372821621,0.011438638200423484,0.608642118797308,0.021362094769678788
0.6047598954297477,0.011429813987121909,0.6086830997938606,0.021357666490279766
0.6050125773153983,0.011423567236710216,0.6087399703506297,0.021324801367131604
0.605165830911729,0.01142064288216156,0.60884329120867,0.021297950464673542
0.6052393301806546,0.011397139244680502,0.6088936667661952,0.02127223711091547
0.6055579518080265,0.01137581234030247,0.6089698575833441,0.02121276460060537
0.6056836939947549,0.01137260980300622,0.6090285789527519,0.021210446612133414
0.6057451386230308,0.011367937738989165,0.6091400622225085,0.02116463536333088
0.6058693101771895,0.011367317835994298,0.6092526121438955,0.021129390807315112
0.6060917975487271,0.01134813107423382,0.6093673336031035,0.021116057681162984
0.6061886863701004,0.01134000235207541,0.6094158896296533,0.021080266885484852
0.6062746618027446,0.011330592709977137,0.6095301285145187,0.02107386272892496
0.6063232178292944,0.011310384320330751,0.6096451804762869,0.021073531629798293
0.606422447309096,0.011307300055435272,0.6096985906949499,0.021071786442039355
0.6064472416057322,0.01130688322463716,0.6098388679607348,0.021046603039690095
0.6065464710855337,0.011301849815920568,0.6099886591420101,0.020984898537810534
0.6066442837544523,0.011296472584300929,0.610132368301461,0.020949123210349706
0.6067176865662732,0.011288398140855794,0.610222500071171,0.02094840312236831
0.6067462068445612,0.011288315187445061,0.6103636538351483,0.020923535805105444
0.6068397464170214,0.011285881998728202,0.610562094293336,0.020914889881806658
0.6069501757007171,0.011254192693558946,0.6107366782379573,0.02089354712810092
0.6071373887727809,0.01124354768818871,0.6108025144040312,0.020893304197948364
0.6071814184169639,0.011210435091427868,0.6109015585553736,0.020884992333511408
0.6073000122700247,0.01120998776666598,0.610954349244197,0.020837682737915884
0.6073992417498264,0.011202463462021797,0.6110957256877465,0.02083147987268439
0.6075173839237,0.011174451595236628,0.6111705650775735,0.020827094868404714
0.6075910933340484,0.011167037291280837,0.6112848195077054,0.02081266026686822
0.6076975685645212,0.011159247279455348,0.6114123289618831,0.020796231046268276
0.6077970267890973,0.011142353501296417,0.6115262183670704,0.020757805883012192
0.6078217002637594,0.011138599503650638,0.6115845363113274,0.0207253074698037
0.6079076756964036,0.011136239700877817,0.6116305483040396,0.02070680582903013
0.6080188721687345,0.011136161299268026,0.6116915977087796,0.020666767524986997
0.6081220360365721,0.011122831865994968,0.6118277824920171,0.020644363346322893
0.6081578404975925,0.01108179180483448,0.611876640772065,0.020640724312236743
0.6082386768265171,0.011067061911075664,0.6120049437398948,0.020636490609979994
0.6083034194213159,0.011055045094459794,0.6121291152940534,0.02062850850236216
0.6083433103039286,0.011049035205822857,0.612196697580068,0.020624819017682067
0.6084753044315885,0.011046805511698324,0.6122614460659281,0.020617357670860145
0.6086878394006885,0.011037353943930288,0.6123035190834766,0.02061387425382712
0.6088120109548472,0.011037298873272388,0.6123935620582841,0.020590867851360432
0.6088536764273244,0.011012769728656549,0.6125681460029054,0.020580719994258645
0.6092110912588555,0.01100078223105602,0.6126294581566286,0.020579735519182744
0.6092601453837778,0.01099439658930931,0.6127170534060464,0.02055969938328939
0.6093350367100855,0.010989805522369505,0.6128043157404145,0.02051663489798768
0.6093933546543424,0.010978939660076069,0.612990831857867,0.02048489489172847
0.6094350201268197,0.01097664436574648,0.6131012611415626,0.020469698267128383
0.6095026765841428,0.010970988502271318,0.6131935937897223,0.020447661224568186
0.6096428055582785,0.010968930096606403,0.6132519131738277,0.02043536003916431
0.6096987059927266,0.010964599536890149,0.6133873552416065,0.02043310641633518
0.6098073811587393,0.010942095133182296,0.613535779424809,0.020432551200290222
0.6099068051752344,0.010938879133341049,0.6138637103053178,0.02042712372679798
0.6099466960578471,0.010926293697436484,0.6139484868496298,0.020419077940433975
0.6100001062765101,0.010920378199564429,0.6140020434868648,0.02040873592674449
0.610088060944383,0.010898536369103424,0.6140573207260182,0.020399559048578562
0.6101441144402436,0.010891609751671182,0.6141603405155686,0.020396499728855547
0.6104258220398354,0.010863915946101806,0.614231338941863,0.020358045857844217
0.6104995314501839,0.010858412814162907,0.6143675237251005,0.0203439246376335
0.6105722825755494,0.010840159079803768,0.6144753568983157,0.020256863232603364
0.6106614410501748,0.010815070342725577,0.6147232994994052,0.020233257607518745
0.611171329224582,0.0108089329151824,0.6148530153620699,0.02022878678373637
0.6112100270207296,0.010804913409016651,0.6150540329706097,0.020220553118734778
0.6112722332481406,0.010800905085468616,0.615214053871684,0.02021773787805333
0.6113530571068732,0.010799578251220554,0.61530804156406,0.02019888329315235
0.6114515134262788,0.010796226552056913,0.615343170326285,0.020192760262960484
0.6115591288383422,0.010780017016389866,0.6154180616525927,0.020178047832592347
0.61168948219285,0.010773817760990411,0.6156616290001881,0.020171234398211432
0.6117719925006353,0.010769222108406043,0.6157457297756236,0.020169681195527624
0.6118568544334824,0.010768248905138606,0.6158088008847505,0.02016169782062061
0.6119902393103435,0.010767555170209752,0.6159019831624261,0.020135861027275374
0.6120312558656315,0.010762121634508995,0.6160078690404139,0.020131788926486236
0.6121650009509528,0.010760815841082584,0.616116532500756,0.02012966568573014
0.6122334779435089,0.010758691320740761,0.6161984130468581,0.02012918010352472
0.6123592201302372,0.010732562418623075,0.6162888622628033,0.02009269366250289
0.612391736304424,0.010721322260078707,0.6166074838901753,0.020090021155925376
0.6124488566090668,0.010713767901189932,0.6166882522531557,0.020080007933661936
0.6124893441495902,0.010707131920279871,0.6167295675536384,0.02007345351399066
0.612609941048471,0.010706637966371148,0.6167691263664222,0.020045789255784225
0.6127062990881861,0.010674681593197488,0.6168688977219356,0.020039299047165053
0.6128102115922752,0.010657419429949567,0.616974407939638,0.02003743345807397
0.6128636218109382,0.010643306991048167,0.6170371072110862,0.02003454447164902
0.6130105313245308,0.010634938415032455,0.6171334652508011,0.020024447936687284
0.6131970474419832,0.01060375979744979,0.617257205631933,0.020019234655194028
0.6132504587946862,0.010598209661619513,0.6177538838635673,0.020004634322398938
0.6133419878969752,0.010573026254468765,0.6178519626538577,0.019979619336265797
0.6134027774196867,0.010557396725484244,0.6179839567815175,0.019963786336495468
0.6135285788568161,0.01055072886880377,0.6180524337740736,0.01994204514316122
0.6136037852168696,0.010543179563220297,0.6180775758365858,0.01991257829583321
0.6136510756675928,0.010528404338104402,0.618181488340675,0.01989896203515605
0.6137509676900522,0.01052337429907192,0.6182725752778198,0.0198967039893959
0.6137886585309413,0.010522401579155264,0.6183540533289386,0.019885150282936893
0.6138774493727551,0.010521817796271822,0.6185524937871262,0.019876171990129362
0.6139321260167131,0.010513637418050484,0.618643580724271,0.019870445998103413
0.6141115201764832,0.010505338943884076,0.6187170799931965,0.01986458926779832
0.6141809529693278,0.010487791803392679,0.6188120343887843,0.0198590312751445
0.6142874281998005,0.010481978452409023,0.618926315466731,0.019833245222320488
0.6143850798095641,0.01046589899025855,0.6189727649227816,0.01982370885143485
0.6144097532842262,0.010465689286967046,0.61908879082523,0.019814342455584062
0.614510275892353,0.010461353057526502,0.6192253250031988,0.019802363009585235
0.6145751597621943,0.0104473902429149,0.6192540823871513,0.019778692842337783
0.6146313860483648,0.010445820358874864,0.6194622408795231,0.01977327782428451
0.6147725398123421,0.010444161399410283,0.6195316736723677,0.019770037703808304
0.6148847421908384,0.01043380697639563,0.6195789641230908,0.019749234613453372
0.6150549335018479,0.010429096236077722,0.6196911665015871,0.01974883411830446
0.615210262790512,0.010419057414129598,0.6197375011902477,0.01974402386460041
0.6153571723041046,0.010405873598604965,0.6198098395930339,0.019725290790702434
0.6154515780282356,0.010402566182069797,0.619916838486622,0.019723035223595
0.6155227639618748,0.010398676404009688,0.6199346615658168,0.019713425597082467
0.6155587483997051,0.010398194245254788,0.620060403752545,0.019698858133104718
0.6156615847805944,0.010304145367592,0.6201473334776718,0.019678213400123
0.6157333672234874,0.010288336292669264,0.6202175042162118,0.019674608217880855
0.6158237807702663,0.010284982729230485,0.6202680073893321,0.01965653900913738
0.6159245637063923,0.01028340121503048,0.6203261326232521,0.019629961722470102
0.6160845846074666,0.010268367370634,0.6203770227418417,0.019622350832923928
0.6161493330933268,0.010256976937948614,0.6204861034694176,0.019621451541266006
0.6167715351219312,0.010250981367553804,0.6205320340151268,0.01961391618103261
0.6168315963404105,0.010245798380084804,0.6205699986693214,0.01960450814662617
0.6168817862721627,0.01021863062931746,0.6206205388792516,0.019570498953767636
0.6169628599849526,0.01021309251383661,0.6207118715250493,0.01956388027803196
0.6171170394335735,0.010205086908714514,0.62073012965934,0.019548835525048956
0.6172490335612334,0.010203719371299848,0.620870502413836,0.019524251391784073
0.6173732353734465,0.010180563724272274,0.6209363165914277,0.019502427513310727
0.617571675831634,0.010178990668634239,0.6210038988774422,0.01948883051832865
0.6176074237775405,0.010173452412006028,0.6210736629033897,0.019456799351290514
0.617686229384974,0.010166888629614403,0.6211728923831913,0.019454001147962946
0.6177974258573049,0.010141433069997749,0.6212440783168305,0.01944332219411137
0.6179199019580488,0.010140726943132212,0.6212925342547995,0.01942269825729879
0.6180104283906458,0.010131097152840555,0.6214389904072579,0.01940192398179838
0.6181976414627096,0.010130930737379067,0.6215099977402255,0.019365073381764866
0.6183867413563655,0.010124210973967991,0.6216038618689692,0.01934585722756365
0.6188746119967541,0.010117936725680428,0.6216849544059726,0.019332567988366224
0.6192598623694372,0.010111569115795234,0.6217428083749914,0.019318770100288846
0.6193631832274775,0.010108425965961593,0.6218848785706574,0.01929687433551168
0.6193715937247646,0.010108411032006775,0.6220400446255281,0.01927716828124589
0.6195129701683141,0.010107590553102105,0.6221846084518411,0.019271557350928906
0.6196296979692782,0.01008249978139355,0.6222428120449475,0.019251661700378092
0.6196911425975543,0.010081474062730083,0.6223843440176146,0.0191829023264832
0.6197395518275188,0.010072795401611512,0.6224779578081041,0.019162254872272654
0.6198636560783186,0.010068719050555163,0.6225189743633921,0.019147425850003105
0.6199970409551797,0.010062699374798041,0.6226049704975744,0.01910890370357987
0.6201307860405011,0.010060943679101127,0.6226583818502773,0.01909690555202109
0.6201890829349381,0.010056190088201612,0.622716739485932,0.01909571967836236
0.6202548971125299,0.010034254200794379,0.6228159689657337,0.01909461908480097
0.6203572354417674,0.010020980972225266,0.6229130418498585,0.019092380024905597
0.6205070266230426,0.010014259667583713,0.622980624135873,0.019067306531285366
0.6205857531364997,0.009999643533540622,0.6236028261644774,0.019065867286036948
0.6206580251533526,0.009991289687081654,0.623760291593626,0.019052787915049926
0.6207564814727581,0.009965613194913677,0.6238205178255344,0.01902466847101516
0.6208753642554096,0.009962546504475712,0.6240385762741822,0.019022717271950353
0.6210154932295452,0.009955362504023436,0.6243959911057134,0.018989620596803685
0.6211084993785013,0.009925791854058338,0.6245024663361861,0.018948296358192288
0.6211833387683283,0.00992368722751256,0.6246231181276966,0.01894606936056487
0.6212558360216525,0.009921961388374347,0.6248046403919828,0.01894108577936613
0.621402745535245,0.009913288998772843,0.6248923858273637,0.01893757185715643
0.6215127599387122,0.009912050289250258,0.6249485803816526,0.018920924019987403
0.6216294877396765,0.009905421630999157,0.6249989559391778,0.01890135042298698
0.6216862824092113,0.009904734660767304,0.6253406491206077,0.01883691978733586
0.6220049040365833,0.009897386589981095,0.6254311755532047,0.01882015518432091
0.622120702714805,0.009896015321110568,0.6254710664358174,0.018818845212217165
0.6221959090748586,0.009872855582142964,0.6255968086225457,0.018761092449636217
0.6223572659004618,0.009869057207615672,0.6256678977890244,0.0187449908401615
0.6224175474964547,0.009859536294204028,0.6257436754843441,0.01865028040000808
0.62256733867773,0.009850300661717899,0.6258379263589321,0.018649862838721117
0.6227166382378272,0.009840278707435044,0.6259137719522383,0.018604015134791475
0.622827641014438,0.009814828836865219,0.6260851695759315,0.01860347596874337
0.6231661806983878,0.009780304560212177,0.6261272741172417,0.018601228202678895
0.6233800179530793,0.009767262924705217,0.6261930882948334,0.018580475456828546
0.6234778367041897,0.009767261286139665,0.626292317774635,0.018551629741387573
0.623721404051785,0.009765382365453821,0.6269145198032394,0.018547020645291224
0.6238194828420753,0.009753692361526914,0.6270089445724457,0.01854695250614182
0.6239285635696512,0.00974945261753935,0.6270892008590558,0.01853834648557551
0.6240527653818642,0.009739358736411373,0.6272876413172435,0.01853759854861658
0.6243007079829537,0.009734655288536228,0.6273781677498406,0.01852892658265559
0.624475291927575,0.009711680668104088,0.6274254582005636,0.01845373994722359
0.6245662803349128,0.009700944783671096,0.6275137079651656,0.01843227771482854
0.624650430702297,0.009699391611802222,0.6275221184624525,0.01842262941887161
0.6246868769704584,0.00969808365789211,0.6275964805361446,0.018415339172980428
0.6248410564190793,0.009686751432473334,0.6277163548179823,0.018403323976764988
0.6249392840871518,0.009685579596597155,0.6277940873857849,0.018395519277696924
0.6250122189609658,0.009684047079563817,0.6278663594026378,0.018375946761536918
0.6250628350921089,0.00968390754849119,0.6279594950190297,0.018359731443282155
0.625134936960498,0.009681333479577494,0.6279972432457375,0.018328748759997144
0.6252509628629465,0.00966931095232506,0.6281051435948913,0.018298342558122776
0.6253572391394915,0.009668498908383947,0.6282142243224672,0.01829604948098997
0.6255000448556213,0.009664173449063009,0.6283092998267245,0.018292478397216407
0.6256575102847699,0.009661648700814658,0.628409504427967,0.01828569505119312
0.62577330328005,0.009659857056483956,0.6285769531122352,0.01826082091996926
0.6257817137773369,0.009655004654041201,0.6287059852634966,0.01823087192473218
0.6259182479553057,0.009647260251761913,0.628748058281045,0.018226282080566727
0.6260382029705932,0.009643274877932016,0.6288042845672154,0.018220956457517545
0.6260964065636997,0.009637886156007228,0.6289081970797993,0.018220005942458792
0.6262240407537756,0.009632199907640101,0.6289933449690985,0.01819896029700392
0.6262728990338235,0.009623029702367045,0.6291253390967585,0.01816854448137814
0.6263759188233738,0.009619636364554431,0.6292805051516293,0.018154557296396673
0.6269981208519783,0.009617580339010121,0.6293500652202818,0.01814694265808035
0.6270822693080592,0.009615537014350537,0.6294349271531289,0.018122003648100238
0.6272037151483867,0.009615505603755153,0.6295237179949427,0.018105106786489814
0.6273711638326549,0.009607828711039258,0.6295773649816067,0.01810012702484304
0.627526493121319,0.009600417866187974,0.6296432011476806,0.018068731543709433
0.6277481429682614,0.009561074822425498,0.629685171507007,0.018062753628040044
0.6278017899549253,0.009553077067095302,0.6297473777344179,0.018033649571653407
0.6278438944962356,0.009552105225439452,0.6298409173068782,0.018024978898552934
0.6279204263918229,0.009541623857556471,0.6298587403860729,0.018015849040704617
0.6282703282215186,0.009540922614741681,0.6299619042539105,0.018005909049319955
0.6283286461657757,0.009538272360348618,0.630087214681479,0.017939284152363125
0.6283778768951195,0.009532053173737814,0.6301619740768934,0.017937389809551105
0.6284304892720903,0.009531178346342858,0.6302779463014515,0.017891269066646016
0.6285602051347551,0.00952441760439497,0.630392551451485,0.017888750392949467
0.628689389247368,0.00951313883805829,0.6305201856415609,0.017870767963227212
0.6287522996201378,0.009497299438885515,0.6306105991883398,0.01783772799646798
0.6288461637488815,0.0094925469218924,0.630682701056729,0.01783546349279552
0.6290003431975024,0.00949113902968504,0.6307914779465487,0.017814838743518857
0.6290945940720905,0.009484086678130721,0.6310039668744768,0.017794395946521647
0.6292462114739023,0.009471808167027175,0.6310820877766291,0.017789772386595314
0.6292878403937664,0.009457399281379713,0.6311569271664561,0.017757460243915144
0.6293203565679532,0.009454443043667634,0.6312000733553028,0.017751684693600247
0.6295213741764929,0.009448107951426985,0.6314225607268404,0.017734982395707182
0.6295943919499004,0.009436907143019929,0.6315478711544089,0.01772652565373997
0.62967016964522,0.009424446939277714,0.631689403127076,0.017700196111539696
0.6298246654187784,0.009422649313941864,0.6318256001596437,0.01769956529531368
0.6299054337817589,0.009416667479091801,0.6319234189107541,0.017678798339005174
0.6299937077307182,0.009416235930974964,0.6319892330883458,0.017648205657346754
0.6301001829611909,0.009413099062888569,0.6320068276924721,0.017645948440138694
0.6301992271125334,0.009411464336493602,0.6321210973875461,0.01762221294209301
0.6302405424130161,0.009405681711085304,0.6322182443962588,0.017618982783845605
0.6303702582756808,0.009403545803486226,0.6323021788118582,0.01759618779107527
0.6304123628169911,0.009392194058382115,0.6323913372864837,0.017563437274368137
0.6304665325790763,0.009389426309475719,0.6324754857425646,0.017547688044417163
0.6305170357521965,0.009384179872747742,0.6325817620191097,0.01753074055899248
0.6305784086938582,0.009375625453711704,0.6326882372495823,0.017519367229325986
0.6306509736328019,0.009373284594236723,0.6327863160398726,0.01750320614043423
0.6306956418264158,0.009366542983882538,0.6328626464076439,0.017476962216160196
0.6308293869117372,0.009358467428725502,0.6329134195672158,0.01747400455777337
0.6309359763447036,0.009357909833869797,0.6329696458533862,0.017469759853753295
0.6310054994275144,0.009353737040504915,0.6330054287973792,0.01746505826539945
0.6310713355935883,0.00934739413186006,0.6330817288391387,0.017447421391254242
0.6311436076104412,0.009344287078778263,0.6331174767850453,0.017430262886025817
0.6312328741883793,0.00934172998514767,0.6332226932226941,0.01741535790905597
0.631283613063418,0.00933458073871063,0.6333681713315413,0.0174120641869466
0.6313838176646605,0.009332509131542316,0.6334010341672957,0.017408451230688477
0.6315963526337605,0.00931259758616351,0.6334734436195952,0.017371164650326617
0.6316707147074525,0.009284117492052602,0.6335144601748831,0.01736575108261257
0.6317800138162919,0.009267141693367032,0.6336036186495085,0.01735501164871471
0.6318672711472927,0.009253396142173362,0.6338853262491003,0.01735457645071284
0.6320070312398987,0.00925075198174395,0.6339412642215445,0.017345209171077652
0.63218161518452,0.009246234787714648,0.6340220880802772,0.017310409864968748
0.6322513792104675,0.009242665941566685,0.6340804060245341,0.01730988309722448
0.6323771213971957,0.009242177632651628,0.6341659452468056,0.01727937279492742
0.6325392717789246,0.009223705666866545,0.6342884213475495,0.017266398569555797
0.6325975897231815,0.009221352733375307,0.6343966857362648,0.017264982199715784
0.6326366387106854,0.009198037176022552,0.6347465875659606,0.01724689942296999
0.6326748297523805,0.009195026071969628,0.6348237935060042,0.0172261335665944
0.632800140179949,0.009194574610994308,0.6348624913021518,0.01720634456560658
0.632841156735237,0.009192050924628544,0.6349596186541724,0.017197153569708884
0.6328791081547183,0.00917999430767357,0.6350795736694599,0.017181755827190517
0.6329486682233709,0.009177989817740515,0.6351666407535812,0.017163571665170727
0.6330272889440687,0.009177226769368468,0.6351830317750021,0.01715760963960619
0.6331718527703816,0.009177145882357587,0.6352472498147439,0.01715483731068057
0.633413723713158,0.009170524890749482,0.6353630428100241,0.017145703776864918
0.6334644781377106,0.009168196499033202,0.6354235325511898,0.017130760452178276
0.6335903945503496,0.009168060862515839,0.6355317067858539,0.017130479750071814
0.6336061560649277,0.009155597738417945,0.6356856713869986,0.01710271635574028
0.6338186910340277,0.009151188415294388,0.6357739211516006,0.017040737313693075
0.6339046871682099,0.009150844107026785,0.6358246600266394,0.017039166758007648
0.6340147409700085,0.009136486217608698,0.6359285725392232,0.017022660646675947
0.6340848879701619,0.009132847141468977,0.6359448400458562,0.01700822475399575
0.6341685278581758,0.009131765206640597,0.636068944296656,0.01700483829873651
0.6342772030241886,0.009128195066466822,0.6362361028875622,0.016956021084052718
0.6344768699444435,0.00910231000894542,0.6363175809386811,0.01695251337568326
0.6345054605969177,0.009088811654490391,0.6364203273524021,0.01682915652274259
0.6346458333514136,0.009081663234899002,0.6365256831537901,0.016828432487260413
0.6348011626400777,0.009068135829301487,0.6367308951640619,0.016810271305838044
0.6348573571943665,0.009063146385341876,0.6368350191177548,0.016800335754878437
0.6349849913844425,0.009054335547506802,0.6368944432606304,0.016739408398397895
0.6351187364697639,0.009040410317705786,0.6369755185194522,0.016725786559466133
0.6352642145786112,0.009031613400485392,0.637115647493588,0.01668758906218427
0.635380013256833,0.009030579928697286,0.6372503391752109,0.016649564938813054
0.6354950652186013,0.009027469213538282,0.6376355895478939,0.016639741388164198
0.6355661543850799,0.009026877714117589,0.6376927098525368,0.016629630245268864
0.6356693390903705,0.009026290376309433,0.6378082538432277,0.016623564111983756
0.6358191302716457,0.009021434303684512,0.6379431412762836,0.016610051357913803
0.6358867125576603,0.00901614692737076,0.6380353642411198,0.016603385053211645
0.6359355708377081,0.009001726919422618,0.6381140907545769,0.016564144442134568
0.6361030195219763,0.008984970581740994,0.638172040976828,0.016550701879514837
0.6362791769533802,0.008983266419668843,0.6382330903815678,0.016511154204766846
0.6363306003892905,0.00897578074608528,0.6383362750868585,0.016505850935939075
0.6365171165067429,0.008972208745189746,0.638434731406264,0.01649617616441803
0.6366932739381468,0.008960459009016254,0.6384928442974122,0.01646314358434334
0.6367747519892657,0.008959515270275463,0.638608642975634,0.016457416765757054
0.6368893571392991,0.008949116205021625,0.6386935049084811,0.016431250851616633
0.6369306724397817,0.008941011305370679,0.6388363106246109,0.016415698112645285
0.6370708014139175,0.008930653092814956,0.6389800197840619,0.016391578003838735
0.6371265024144883,0.008927970094646883,0.6390177680107697,0.016390140561914637
0.6371867286463967,0.008920502088291864,0.6390685224353223,0.016378171015191442
0.6372375018059687,0.008911375672733443,0.6391785762371209,0.01637246586350836
0.6373218302473542,0.008909065270806238,0.6392890055208166,0.01636803319400864
0.6374521836018621,0.008904428315549126,0.6393417962096399,0.016367841116910226
0.6375001001063401,0.008901798000228235,0.6393777806474702,0.016366930057385015
0.6375422590985566,0.008898477685205632,0.6395191837388347,0.01633096316545011
0.6376450055122775,0.008867094098420777,0.639622504596875,0.016319004459347163
0.6376827537389853,0.00886409771951232,0.6396731207280182,0.016314189984888774
0.6378429770173438,0.008858091257646902,0.639721676754568,0.016310713267672375
0.6379193810509902,0.008856655881463124,0.6398430806226759,0.016310189506553663
0.638201088650582,0.008846965280965994,0.6399572281472453,0.016279616309496918
0.6383101693781579,0.008830173116065166,0.6400060864272933,0.016254082102824644
0.6384167588111241,0.008797612955284806,0.6400873917985334,0.01620090143516509
0.6385712545846824,0.008794272968518192,0.6401746541329014,0.016195457138192235
0.6386595043492844,0.008777766968914014,0.640258682380749,0.01616482767759493
0.6388266629401907,0.008766028522152828,0.6403522104684003,0.016159181662288215
0.6389433907411549,0.008754539963252183,0.6404260765291642,0.016133667470724995
0.6390544136926335,0.008745686223009887,0.6405428859725091,0.016113609035709846
0.6391631905824533,0.008726432004963848,0.6407300990445728,0.016082253604504174
0.6392556400409736,0.008715711568296357,0.6407889754121805,0.016073372239600606
0.6393643035013158,0.008711331939506697,0.6408913137414181,0.01605927737835161
0.639430209757004,0.008707989012469256,0.6409664887136247,0.016056024334413454
0.6395179551923849,0.008701392157637974,0.6410413800399323,0.01588997428226865
0.6398177067350055,0.008693202872738587,0.6412175374713361,0.015889900993575647
0.6399419085472184,0.00869144317053599,0.6412939415049825,0.0158871184231791
0.6400672719221346,0.008683510053025874,0.6413467794029964,0.01588534971734731
0.6401602780710908,0.008656357746918732,0.6413858283905004,0.015812339859567787
0.6402181363341709,0.008652119259216634,0.6414625269007642,0.015757762816029586
0.64027500689094,0.008644413431210543,0.6416123180820394,0.01573168046875749
0.6403960907474189,0.008640936417212723,0.6416481225430598,0.01573106756178975
0.6404709301372459,0.008629550031718856,0.6417457741528234,0.015716790421329698
0.6405557066815578,0.008620243947815564,0.6418452323773995,0.015705758456680867
0.6406725161249026,0.00861326807481206,0.6419307715996709,0.015677290406262066
0.6410142093063327,0.008586001776229117,0.6420009423382109,0.015669829258121847
0.6410645848638578,0.00858568359375381,0.6420617318609224,0.01565483765726037
0.6411294687336991,0.008578318832487438,0.6421076985430053,0.015654210159195502
0.6411749794595228,0.008574232541643535,0.6422007046919614,0.015652353178132943
0.6412407936371146,0.008550201627114057,0.6422529368554978,0.015643427739670392
0.6413336496850545,0.008546748317934397,0.6424275208001191,0.015635041394909663
0.6413795802307637,0.008522591402312582,0.6425022481026281,0.015608218616359828
0.6414339297785285,0.008507375968074582,0.642546916296242,0.01559973741312392
0.6415310026626534,0.008495380159486091,0.6426320641855413,0.015598007034160456
0.6416138348593923,0.008488618849736935,0.6427758446493461,0.015540118069609246
0.641946849127007,0.00847104741589375,0.6428634398987638,0.01553734099031566
0.6420127553826952,0.008458754246421002,0.6429118958367328,0.015523288438202897
0.6421181111840832,0.008458581441975891,0.6430329796932117,0.01552058511898278
0.642326269676455,0.008445448474619565,0.6431571815054247,0.015485420401548128
0.6425523288915311,0.008440346380671,0.6433246301896929,0.015485282726374828
0.6426591661568206,0.008436627422859335,0.6433797193566052,0.015471537293461332
0.6427402586938239,0.00839610944141785,0.6435054615433334,0.015470229853915699
0.6428379103035875,0.008395017186869459,0.6435772439862265,0.015410525968545054
0.6428998469268076,0.008391841826386819,0.6436219121798404,0.015390010148410377
0.642949511284141,0.008388915550240548,0.643795914680525,0.015389195122338556
0.6431479517423286,0.008386536565709557,0.6439049954081009,0.015380449614746846
0.6432380835120386,0.008375263022792083,0.6440112716846459,0.015367917443652797
0.6433330379076264,0.008374358404498362,0.6440715532806388,0.015340071913026339
0.6434882039624971,0.008372122512713508,0.6440898114149297,0.01533842407037844
0.6435972846900729,0.008370408621887846,0.6442157278275688,0.015279365864290085
0.6437464160384936,0.008364141665156172,0.6443355182838927,0.015278641231649244
0.643851926256196,0.008360055905081711,0.6449580657402122,0.015268453370084062
0.6438883725243575,0.008355380749772398,0.6449957565811013,0.015230137576760602
0.6439617753361784,0.008343827402902146,0.6451941970392889,0.015196533994004105
0.6440760564141251,0.008342642801976087,0.6452801724719331,0.015178353431127367
0.6441673890599227,0.00832674455116674,0.6454346682454914,0.015173537232697877
0.644252536949222,0.008321773173707234,0.6454835265255393,0.015158543363462102
0.6443680809399129,0.008321649923623631,0.6456420097364176,0.015154331821626893
0.6444629633515726,0.008320695374380262,0.6456893001871407,0.015145763090144307
0.6448994628153295,0.008297370003632667,0.6458053260895891,0.01513774686220086
0.6449922608106182,0.008294907863896157,0.6459331637782472,0.015137416154065771
0.6450854430882937,0.008291159971952974,0.6459794984669077,0.015124254104111194
0.64517302492461,0.008287110128715929,0.6460818367961453,0.01510822655650263
0.6452570531724576,0.008283165655329234,0.646137890292006,0.015085237714966384
0.6453333532142171,0.008282560107493135,0.64620051840351,0.015071945392700832
0.6454530461770853,0.008268277225439274,0.6462421473233741,0.015057126939646337
0.6455282211492919,0.008263828155445883,0.646323221036164,0.015014304418693
0.6456070267567253,0.008263277832922565,0.6463478945108261,0.015006232970460453
0.6456533614453859,0.008258585225188832,0.6464267001182595,0.014990941830276557
0.6461743488381673,0.008248797456366447,0.6465669773840443,0.014987018609719295
0.6462246296332766,0.008240409365225243,0.6467154015672469,0.014934538959543732
0.646399213577898,0.008239435115363448,0.6467982337639858,0.014907902295238487
0.6464506370138082,0.008227127737744026,0.6469128389140193,0.014890572621014281
0.6465357849031075,0.008218719496085769,0.6469840031055221,0.014888504797601156
0.646571532849014,0.008197127598409399,0.6470717485409029,0.014876478635366628
0.6466425401819816,0.008193384818547051,0.6472659303775689,0.014842826741504146
0.647139218413616,0.00819251229235053,0.6473411367376224,0.014835298312625825
0.6473376588718036,0.008171178529717715,0.6478510249120295,0.014832450164080588
0.6473878488035558,0.008167404884827409,0.6479723405543788,0.014794171430543472
0.6475411023998866,0.008165144221659268,0.6480695413089392,0.014784314608127638
0.6476347161903762,0.008161845558681853,0.6482911911558816,0.014771295114111845
0.6477409924669212,0.008155932999831665,0.6483570273219555,0.014758836560368563
0.6479127842947887,0.00815408974502655,0.6483856179744297,0.014742409493225523
0.6479910533866541,0.008131560452651754,0.6484696462222773,0.014673036094289509
0.6481775695041065,0.008122887291692247,0.6486133553817284,0.014664835128779703
0.6482203685110864,0.00811140602793388,0.6487077611058594,0.01465685553700346
0.6483641489748913,0.008092107906873727,0.6487555333579091,0.014623826269776817
0.6484863559216623,0.008073493541531576,0.6487919847526107,0.0146191954232476
0.6486649603649027,0.008065648498063028,0.6488379152983199,0.01460039022919406
0.6487014117596043,0.008058393776914564,0.6489038215540082,0.014595927598429198
0.6488102707844964,0.00804640445770371,0.648993953323718,0.014579628647422087
0.6489260694627181,0.008044048897542282,0.6490570899523209,0.014574126733327253
0.6489839277257983,0.008035354263056575,0.6491514956764519,0.014552264132877062
0.6490449771305381,0.008006178640489333,0.6492818490309599,0.0145212978889423
0.6491865091032052,0.00799592691924915,0.6493894644430233,0.014510964732488559
0.6492427353893756,0.0079565400356591,0.6494781458733435,0.014498975930915727
0.6493074779841744,0.00793839255360676,0.6496543033047474,0.0144920910856552
0.6494256930084339,0.007899499340391653,0.6497624629625386,0.014480323946919902
0.6495290138664742,0.007898174776186593,0.6498473248953857,0.014445079526046217
0.6496496656579848,0.007896253774849614,0.6498898492098606,0.014434275651792351
0.649725996025756,0.007895377321923056,0.6499517858330806,0.01442815999372248
0.6497547534097085,0.00789135555956963,0.6500078393289414,0.0144120516604904
0.6498766064085992,0.00788795380186504,0.6501148382225295,0.014382641065031837
0.6504991538649187,0.007871552407541017,0.650214067702331,0.014381948259051626
0.6506205577330266,0.007871213453417224,0.6502708623718659,0.014366986567336737
0.6507233941139159,0.007821852760990409,0.6503265633724368,0.014364983526590444
0.6507892302799898,0.007818703417066026,0.6504711271987497,0.01433989187184348
0.6509039517391977,0.007789978951827874,0.6505463021709563,0.01432670677315816
0.650955136385373,0.007776792867363207,0.650695433519377,0.014304685522405663
0.6510574747146104,0.007774806183564139,0.6507750120408606,0.014298960367570277
0.6511731398394549,0.007771062942300386,0.6508163273413433,0.01426814065651222
0.6512772637931478,0.0077709388074130295,0.6508893451147508,0.014243556591385416
0.6513673955628577,0.00776946572937091,0.6510877855729384,0.014221385910579183
0.6514599343259612,0.007748158887882542,0.6511575280733639,0.014206877840338675
0.6515346616284701,0.007743758452040108,0.6511659385706509,0.014200564142839663
0.6516085276892339,0.007738381845749902,0.6512949707219122,0.01419955892986636
0.6516666405803822,0.007737989220802534,0.6513414201779628,0.014192756822732522
0.6517549145293414,0.007727459499746256,0.6514955996265837,0.014182494465666396
0.6518431884783006,0.007723800893216783,0.6515534578896638,0.014181262874599166
0.6519510888274545,0.007723547290510722,0.651698935998511,0.014169728708786127
0.6520067898280254,0.007718755474271752,0.6517473452284757,0.014168870600642402
0.6520882678791443,0.00769540295280319,0.651961182483167,0.014168703699084899
0.6521530163650044,0.007694979851905113,0.652024092855937,0.014166163255617217
0.652199465821055,0.007685772432108987,0.6520745960290573,0.01414200310016128
0.6523594867221293,0.00768560669312203,0.6521225125335353,0.014120112809864029
0.6524534744145053,0.0076802097977309745,0.6523585785509872,0.014087452740485737
0.6525512931656157,0.007667068712325955,0.6524862127410631,0.014079943498712227
0.6526064499077167,0.007655333218027003,0.6525737945773794,0.014062922703684217
0.652684570809869,0.007653731545319431,0.6526597700100235,0.014062897949174334
0.6527334290899169,0.007618851403390444,0.6527797250253111,0.014040041937804393
0.6527753994492433,0.007584024257956631,0.6528205506753818,0.014003504594455683
0.6528455701877833,0.007579082430748944,0.6529105089921968,0.013990465201323701
0.6528872356602605,0.007573021611869793,0.6529430251663836,0.013983778865050887
0.6529036266816813,0.007572985200766976,0.6530972046150044,0.013979330820617829
0.6530006995658062,0.007569253495400926,0.6532053642727957,0.013963044636236106
0.653150620749682,0.007564160608114666,0.6532724836156758,0.013937823150110261
0.6532304343614671,0.007554627537014664,0.6534242634188023,0.013929805073586923
0.6533120332069523,0.007551645719827207,0.6535168021819058,0.013897233872333457
0.653357543932776,0.00754385402948922,0.653609808330862,0.013882207564848583
0.6534302950581415,0.0075355330472982205,0.6537050349724867,0.013874883993971441
0.6535500855144655,0.007532473396943504,0.6537471395137968,0.013870069600269524
0.6535986415410153,0.0075324319694432176,0.6538326787360682,0.013843988411561139
0.6537522434532528,0.007530158097741079,0.6539049507529211,0.013791919970910867
0.6538536877937493,0.007524878726119942,0.6541046176731761,0.013779870036802458
0.6539589682727995,0.007493017710799331,0.6541685052995518,0.013764147423482122
0.6540377738802329,0.007490123452994974,0.6543096590635292,0.013724931740363551
0.654163690292872,0.007470832506256402,0.6543643357074872,0.013702343249772306
0.6542145804114616,0.007470289002195203,0.6544682482115763,0.013701603259703739
0.6542562093313258,0.007469436442217833,0.6546468526548168,0.013697386202346564
0.6543410712641728,0.007461647145243789,0.6547889228504828,0.013688532127466112
0.6543862011352137,0.007441489794056675,0.6549635067951042,0.013688410776532317
0.6544456252780894,0.007411656050059468,0.6550700962280706,0.013674208686638486
0.6544929157288124,0.007410454896081086,0.6551251258727518,0.013653468628928618
0.6546212186966421,0.007400851465070099,0.6552473328195229,0.0136152783006106
0.6547183460486627,0.0073993053268655235,0.6555393907633864,0.013610477280412233
0.6547964669508151,0.007385885204704658,0.6556388489879625,0.013608621126017621
0.6549202073319469,0.007385032286730354,0.6557451252645076,0.013605748199033799
0.6549828354434508,0.007373156459672937,0.6557914599531681,0.013587936366503841
0.6551312596266534,0.0073523106025033145,0.6558961054802849,0.013570958760102135
0.6552710197192593,0.007350049022817204,0.6563927837119192,0.013528159201797644
0.6554199225267777,0.007339572007766874,0.6565088096143676,0.013524126148757525
0.6555401023538024,0.007331070301678195,0.6566347260270068,0.01352070286321856
0.6555969939561441,0.007326720974109771,0.6566980823662907,0.013519254927485147
0.6556962234359457,0.007312332407491363,0.6567266026445787,0.013492507946941417
0.6558946638941333,0.007306417306843407,0.6567721133704025,0.013490113328580996
0.6559761419452522,0.007304425491184951,0.6568503824622679,0.013467744286695598
0.6561015053201684,0.007289843210270177,0.6570939498098632,0.013457515071079718
0.6561582999897032,0.007285451890035458,0.657214129636888,0.013456720358241737
0.6562063041210648,0.007278659173757047,0.6572633603662318,0.013456675508431366
0.6563614701759355,0.007270221034765576,0.6573046756667145,0.01345068108335751
0.656454008939039,0.007268249164762558,0.6573463045865786,0.01344867049530461
0.656768064301516,0.007267615526902371,0.6574839604956906,0.013433447758990745
0.6570959951820249,0.007250937025940488,0.6575710275798119,0.013420068088396622
0.6572217373687531,0.0072505134380285345,0.6576206919371455,0.013416742018424698
0.6573168128730104,0.007243974864983537,0.657706805824598,0.013380737915406097
0.6573677029916001,0.0072331037163558135,0.6577938729087194,0.013355132626768745
0.657433539157674,0.007229452952295942,0.6578726785161527,0.013355085903573621
0.6574827268232316,0.007227060755604617,0.6579493770264166,0.013346198612921287
0.6575248313645419,0.007210283327525487,0.6580027872450797,0.013313278286337401
0.6576192370886729,0.007205588457624679,0.6583168426075566,0.013309209877309299
0.6578046077493377,0.007192417106792131,0.6583862754004013,0.013295555464327482
0.6581043592919582,0.007191034398088323,0.6584972781770121,0.013275579078901742
0.6581733707231329,0.007182593498660344,0.6585350264037199,0.01326347915088874
0.658210401140787,0.007175757891848805,0.6586278243990087,0.013238003689777116
0.6583072899621603,0.007171804518942261,0.6590643238627656,0.013237145020305334
0.6583878036206205,0.007150251558382151,0.6591515861971337,0.013230238316456843
0.6584789117010267,0.007135248161156654,0.6592099041413906,0.013189960272204164
0.6585602170722668,0.007111545773892004,0.6593643999149489,0.013160354590378523
0.6586683767300581,0.007097131718448093,0.659390811874957,0.013153387435838835
0.6587883317453456,0.007072898550721754,0.6594375437154463,0.013121720332799623
0.6588755053952422,0.007071579291368058,0.6596736097328981,0.013108813451049403
0.658947273244273,0.0070699909257807975,0.6597269926539032,0.013038685586184326
0.6590083226490129,0.007052277507768837,0.65975950882809,0.01302738797764368
0.6590983656238205,0.0070491309872622405,0.6599208656536932,0.013013193468629393
0.6592065252816117,0.007022796137694266,0.6600697684612117,0.01301126823020691
0.6593073082177376,0.007017913413101908,0.6601602176771569,0.012985975923470812
0.6594135844942827,0.00701585772030556,0.6602512060844947,0.012968145802855838
0.6595240137779783,0.007010717919017688,0.6603298268051925,0.012967382576133559
0.6596454176460862,0.006992171985059643,0.660817697445581,0.012966381502782008
0.659701471141947,0.006991585787335692,0.6608598019868912,0.012933026608596007
0.6597756449395256,0.006976224492811312,0.6609002895274146,0.012922327545957393
0.6599496474402101,0.00696442526046721,0.6610010724635406,0.012915272419114967
0.660057544433965,0.006961851046195937,0.6610427013834047,0.012910818097892135
0.6604074462636608,0.006954480597835631,0.6611441457239012,0.012908167435936485
0.6604979726962578,0.0069478758859266715,0.6612001992197619,0.012907250084822516
0.66052311475877,0.00693691536399452,0.6612812917567653,0.012878555932910745
0.6605682446298108,0.006931985135173381,0.6614348936690028,0.012858981102290034
0.6606553117139322,0.006920813789688612,0.6615059010019704,0.012847281559564074
0.6607304866861388,0.0069123386734894765,0.6615660997535853,0.012818375044284019
0.6607709742266622,0.0068987635477742795,0.6616843147778446,0.012805273506079103
0.6608570881141148,0.0068869118669253136,0.6620122456583535,0.012800237533926796
0.6609811923649145,0.006876984226616658,0.6620614333239111,0.012771549051335459
0.6611937273340145,0.006873516759693859,0.6621711165282542,0.012766206507296058
0.6612989437716633,0.006868699401583762,0.6623070960545107,0.012765605848907152
0.6613474997982132,0.006868680107244639,0.6624562274029313,0.012764143191164451
0.6614765319494746,0.006858522180966222,0.6625859432655961,0.012755465072533875
0.6615561104709583,0.006831684826988441,0.6626120181226766,0.012751480812339507
0.661698796429073,0.006810934108716597,0.6626931106596798,0.012725729557299902
0.661734579373066,0.006791951385143447,0.6628649024875474,0.01266644137180033
0.6618233702148798,0.006789618815380068,0.662933913918722,0.012666407058061513
0.6619355725933761,0.006788068776126789,0.6630250219991282,0.012627310813794299
0.66198024078699,0.006772175359395789,0.6631138128409418,0.012626747963257101
0.6620513299534687,0.006769119555690493,0.6631602235867303,0.012625365651239819
0.6621102063210764,0.006752340880660739,0.6632484733513323,0.012603281037182406
0.6621469287853016,0.006747004433194564,0.6633762457328816,0.01259650708121623
0.6622447475364118,0.006732709117272968,0.6637092600004961,0.012572109027806963
0.662352921771076,0.006721063124521525,0.6638333642512959,0.012567213545867383
0.6625020531194966,0.006690537076372847,0.6639161964480348,0.012546286374570972
0.6625345692936834,0.006689675883187598,0.6639776410763107,0.012501148343184804
0.6626784966814937,0.006686837854560644,0.6643628914489939,0.012497315370754875
0.6627319069001567,0.006675298589723878,0.6645390488803977,0.012486963790068065
0.6628836867032832,0.006670582634518436,0.664645638313364,0.012486267773350141
0.6629534292037087,0.006665687277389298,0.6648440787715516,0.01247323691830799
0.6630649124734652,0.006662671226091079,0.6649503550480966,0.01244648195960384
0.6632010972567027,0.0066542352863031675,0.6652501065907173,0.01242345531547466
0.6634092557490745,0.006650045224983342,0.6654241090914018,0.012400453830540906
0.6634895120356847,0.006648347310148912,0.6655191845956592,0.012398793571926204
0.6635508849773464,0.0066276719532832795,0.6655697248055894,0.012368984321722072
0.6635896270137935,0.006627365183919665,0.6657000781600972,0.012358398637497247
0.663734334807963,0.006626671151952417,0.6658199524419349,0.012353578233592635
0.6638692222410187,0.006617856801697762,0.665844746738571,0.012351196675606416
0.6639111926003451,0.006601929463870075,0.6659538274661468,0.012337245522349957
0.6641053458439143,0.006600354867702954,0.6660590439037957,0.012313931799064646
0.6641137563412013,0.006594418342946687,0.6661796956953062,0.012301933135207232
0.6642991270018661,0.006583156313455357,0.6662346097358715,0.012285429976453295
0.6644127274434841,0.0065691773248955036,0.6663426115454972,0.012279351063676275
0.6644999847744849,0.006548828081118374,0.6664465240580811,0.012262431557146555
0.6645971121265054,0.006537159032581326,0.6665148624896453,0.01225543943225147
0.6646789926726075,0.00653696574202495,0.6665656169141979,0.012210975456214527
0.6647528587333714,0.00652087645609263,0.6666353594146234,0.012183015904379643
0.6648347392794735,0.006520755371631782,0.6667553144299109,0.01217440329084357
0.6649124718472761,0.006507041948482476,0.6669174648116397,0.012163322259868633
0.6649725609028256,0.006504889885808437,0.6669832789892314,0.012160272358114616
0.6651540831671119,0.00649978144688003,0.6670874029429243,0.0121455049834338
0.6653482650037779,0.006480744993205284,0.6672100116201573,0.012144268455076115
0.6654254709438213,0.0064797330645377,0.6673598028014325,0.012131510837412625
0.66554964249798,0.006473738972699355,0.6674629666692701,0.012095144138582758
0.6656580815033616,0.006458758597592714,0.6675708636630249,0.012087414149871837
0.6657723511984356,0.0064416983745017925,0.6676473955586123,0.012076693397969218
0.6659100071075474,0.006432626765401121,0.6676955763156321,0.01205223096154352
0.6659810055338419,0.006422518414629328,0.6677614825713204,0.01204307036243794
0.6661294297170445,0.006388452173515771,0.6678543386192602,0.012043050642808438
0.6661710586369086,0.006382708248715527,0.6679439972182396,0.012017522353256115
0.6662061873991337,0.006355182986895516,0.6679914715745626,0.012003425044791155
0.6662554181284776,0.006317323298740718,0.6680313624571753,0.012003298486277205
0.6663440680180466,0.006292184395668796,0.6681423854086539,0.011932968773981522
0.6664499538960345,0.006286211577464392,0.6681916161379978,0.011921121451808493
0.6665900828701701,0.006271548210799886,0.6683343020961124,0.011915120030513248
0.6666322418623866,0.006256546002904161,0.6684538810603593,0.011913278761369496
0.6666730675124573,0.006252820909674898,0.6685627400852513,0.011903817571617795
0.6667372236641995,0.006237909852304555,0.6687572651580046,0.01186726661593157
0.6668515047421463,0.006234686502845662,0.6688910102433261,0.011848509082406526
0.6669556286958391,0.006219190475497719,0.6689811420130359,0.011843731906742606
0.667096001450335,0.0062095596197296946,0.6690347678097177,0.011828413462858369
0.6671685663892787,0.006204972880435075,0.6690995104045165,0.011822219590036029
0.6672558287236467,0.006196660254927973,0.6691411758769937,0.01180878125699209
0.6673552869482229,0.006186839292085736,0.6692361302725816,0.011805567650196518
0.6674457361641681,0.006168265125990815,0.6693078981216123,0.011789281893203992
0.6675612801548592,0.006164850380340072,0.6693630548637133,0.011764568824051684
0.6676909960175239,0.006154127433960706,0.669413944982303,0.011748356838864256
0.6677524406457999,0.00615163260452514,0.6696194106437544,0.011681209037306066
0.6678030567769431,0.006145972037561119,0.6696962456465554,0.011674142998868703
0.667947620603256,0.00613616553060354,0.6698390513626852,0.011663048900881417
0.6680940767557144,0.006131991069444857,0.6698548128772632,0.011637285344482563
0.6681891522599717,0.006119358894667299,0.6699050936723726,0.011636892971631311
0.6682855102996867,0.006113130315553865,0.6699262130318959,0.011511447349557904
0.6683641310203845,0.006106884137352086,0.6701127291493484,0.011496176521318121
0.6684119032724342,0.006103980800293996,0.6702195664146379,0.011485850968232549
0.6684933250208063,0.0060881952323381195,0.670319024639214,0.011482106989698806
0.6687930765634268,0.00608183698197519,0.6703995382976743,0.011481390299428103
0.6691210074439357,0.006073971691691249,0.670508213463687,0.011473760676037139
0.6691504986430447,0.006073929404139147,0.6707092310722268,0.011436913603870636
0.6692200217258555,0.00606273266360237,0.6707873227186972,0.011354940127625043
0.6692713053987764,0.0060564708751160694,0.670934534812833,0.011346975570727008
0.6693218456087067,0.006055643478218132,0.6709766078303814,0.011346625671800814
0.6694048918629164,0.006051100752574585,0.6710017498928936,0.011343405862866139
0.669448038051763,0.006041897721003229,0.6710759236904722,0.011337677396747736
0.669511394391047,0.006031532841917205,0.6712214017993194,0.011337166743878035
0.6696389038452246,0.006029196287072095,0.6712298122966064,0.011335570756395217
0.6697199791040465,0.006027951207256943,0.6713261703363214,0.011331534473351671
0.6697807686267581,0.006021049542159942,0.6718360585107285,0.01130680717771706
0.6699407895278323,0.006012247210603816,0.6718773738112112,0.01130535776065611
0.6701768555452843,0.0060101680484847,0.672001114192343,0.01129407949983276
0.6702914606953176,0.005990459014647555,0.6720816278508034,0.011274413851430428
0.6703797104599196,0.0059702473637157655,0.6721671670730748,0.011255783979422247
0.6705038820140783,0.005966337452148363,0.6722240586754165,0.011245642195575913
0.6705734050968891,0.0059537822827424435,0.6722889425452578,0.01121096806968944
0.6707958924684267,0.005925033392329323,0.672353098697,0.011197364933847187
0.670909781873614,0.0059240116473844254,0.672404382369921,0.011193578463475542
0.6710075945425327,0.005922886441752689,0.6725659458711171,0.011192684421936
0.671035220868182,0.005922872361253143,0.6726260349266666,0.011175919726975233
0.6711391333807659,0.00592045860787757,0.672725079078009,0.011155189267270698
0.6712248456142087,0.005918420017605696,0.6728283999360495,0.01113057276424509
0.6714303112756602,0.0059144652256983956,0.6728772582160973,0.011123041287898355
0.6715151732085073,0.005913176703274637,0.6729827684337998,0.011098698802079431
0.6715892041425379,0.0058925744004001334,0.6731230456995847,0.011076011013864665
0.6717337679688509,0.005882361443026994,0.6732045237507035,0.011056639662877473
0.6718085273642652,0.005873964918373224,0.6734041906709585,0.011035906236332828
0.6719310034650091,0.005860191630641458,0.673557792583196,0.010970420066934253
0.6720206620639885,0.005826756436536598,0.6736303575221397,0.010940521083650238
0.6721285624131423,0.005795256862060649,0.6736514768816629,0.010933521889171464
0.672227791892944,0.005793633420893038,0.6737661983408709,0.010933490802975105
0.6723044904032078,0.005780834933737536,0.6739552982345268,0.010903042406988559
0.6723519476300063,0.005752408750382631,0.6740890433198483,0.010887292004819403
0.6724311662743222,0.005750512598016153,0.6741452696060187,0.010864838179386046
0.6725454207044541,0.005746439426896201,0.6742204759660723,0.010860069452802894
0.6726518959349268,0.005745848672459726,0.6742763764005203,0.01084134946887131
0.6727216384353523,0.0057417217947580024,0.6743344892916685,0.010793305048126907
0.6728430423034601,0.005721786064758414,0.6744505151941169,0.010775530015666437
0.6729301093875815,0.005675704199368583,0.6745293208015504,0.0107662156003178
0.6729477039917078,0.00566122858729665,0.6745650687474569,0.010764477797552739
0.6729969347210516,0.005648734341972269,0.6746599511591165,0.010764350048247804
0.6730851844856536,0.005648654640457998,0.6747294742419273,0.010753990587373828
0.6731388102823354,0.005630626824501797,0.67479903431058,0.010720317331479422
0.6732131723560274,0.005626093354186785,0.6748729003713437,0.010653901479689523
0.6732944777272675,0.0056207420525540615,0.674975736752233,0.010635522386767241
0.6734365479229335,0.005609542942767689,0.6751611074128978,0.010635478285055882
0.6735607497351465,0.005608803242727507,0.6752613120141402,0.010619818492327585
0.6736806240169841,0.0056046750357240625,0.6753499619037093,0.010615365148000018
0.6737091442952722,0.005594819867015939,0.6754481895717819,0.01060064575161249
0.6738607616970841,0.00558842277256767,0.6755582039752491,0.01056041378068822
0.6738790198313749,0.005586729030711788,0.6757066281584517,0.010559688447993522
0.6739211788235914,0.005580796194911686,0.6757448192001468,0.010554103735481631
0.6740134017884277,0.0055775119042592,0.675864512163015,0.010536663399696477
0.6740844909549064,0.0055686424219283485,0.6760048849175109,0.010525914878768692
0.6741378738759115,0.005547041609082825,0.6761191659954576,0.010518465119996238
0.6742833519847587,0.005543217028105839,0.6761806106237336,0.010359963392407124
0.6745831035273793,0.005528359795184213,0.6762363116243045,0.010359782682757971
0.6746864243854197,0.005523720115530187,0.6762779405441687,0.010346307749169078
0.6747903368980036,0.00549887709970159,0.6763474636269795,0.01032016645739004
0.6752268363617605,0.005485492216635094,0.6764077452229724,0.010301473819216016
0.6752836310312954,0.005472666382505665,0.6764579351547246,0.010284935666476286
0.6754264367474252,0.005466389132016669,0.676604844668317,0.010277318029835694
0.6755486436941963,0.005464694347139282,0.6767290464805301,0.010216450090131583
0.6756391701267933,0.005449728192854981,0.6768346008705746,0.01019764372704147
0.6756807990466575,0.005445736404773376,0.6771163084701664,0.01019471231160162
0.6757365321868546,0.005437785892677502,0.6771448991226405,0.010194658803673175
0.6760362837294751,0.005423899773654447,0.677264854137928,0.01018788676076926
0.6761080661723682,0.005400460027735711,0.6773896599559509,0.01017554260340743
0.6761496950922323,0.0053756997461008454,0.6774555662116392,0.010175089269610214
0.6762333349802462,0.005370002338363323,0.6774925966292934,0.010173187426163806
0.6763388893702907,0.005367145455176704,0.677568374324613,0.01016165332000429
0.6764595411618012,0.005364577351295334,0.6776272506922207,0.01014233921759228
0.6765247333036222,0.005360317938029026,0.6779270022348414,0.010131011529178167
0.67661232855304,0.0053552006748514075,0.6779877917575529,0.01012240771724818
0.6766765465927819,0.005345853991613442,0.67804352489775,0.01010492179431657
0.6767613231370938,0.005333208219032686,0.6780854952570764,0.010088694316631047
0.6768109874944274,0.0053306859370074846,0.6782979841850044,0.010061907549929756
0.6768840052678349,0.005330503895942584,0.6783795830304896,0.010043749870061867
0.6769513387446379,0.00532800313979225,0.6785072675940249,0.010040499189000707
0.6769724581041612,0.005326992375543703,0.6785977940266219,0.010031017886642726
0.6770821413085044,0.0053254211864383035,0.6789164156539939,0.010012614826316409
0.6772063431207174,0.005301807449161984,0.6790095979316694,0.010010784817086942
0.6773150182867301,0.005301161950462642,0.6790973433670503,0.009958456659717148
0.677469197735351,0.005288274858385952,0.6792970102873052,0.009946295314545498
0.6776307612365471,0.005284978245953448,0.6794417180814746,0.009937916625449471
0.6777649415213742,0.005284024952906968,0.6795503932474873,0.009896572329339767
0.6778573909798946,0.005279829903239894,0.6797001844287626,0.009888632797482321
0.6779392715259966,0.005274635077016383,0.679769926929188,0.009872470772106793
0.6779973967599167,0.0052740731190143945,0.6798529731833977,0.00986582572373766
0.678013960476082,0.005260015726943776,0.6799611474180619,0.009859149353028339
0.678061434832405,0.005234682745232823,0.6800690477672158,0.009851155427911191
0.6781669892224496,0.005222218729235777,0.6801476684879135,0.009839887695222002
0.6782090622399979,0.005216293583557184,0.680194117943964,0.009835622490550385
0.6782460926576521,0.005210705016222497,0.6803338780365699,0.009813759606276859
0.6786313430303351,0.005186449773410627,0.680468058321397,0.009792151054076811
0.6786690338712242,0.00518317282833299,0.6805670863838134,0.009783318697942661
0.6787625734436845,0.005170483511760301,0.6806553603327726,0.009779203000368828
0.6789163043051821,0.005152255542751136,0.6806975193249891,0.009764132867167352
0.6789860468056076,0.005151212845796783,0.6807823812578362,0.009729802303937642
0.6790502648453495,0.005148255478650352,0.6808402395209163,0.009685793695408531
0.6790763397024299,0.005137844138407035,0.680881554821399,0.00968523998698784
0.6792011455204527,0.0051107842547990666,0.6809295589527606,0.009673410890839323
0.6793207244846996,0.0051064157504303615,0.6810087775970766,0.009650005417071431
0.679410383083679,0.005105083865222271,0.6811301814651844,0.009640973872099244
0.6794516983841616,0.005100959184896478,0.681378124066274,0.009635618801372517
0.6795051629730315,0.005091814470660607,0.6814499065091669,0.00962755245098256
0.6795793367706101,0.0050888765868536846,0.6815056075097379,0.009609902546176578
0.6797153162968665,0.005071587232224887,0.6815980569682581,0.009593988354640414
0.6797964088338698,0.005068906276311039,0.6816881887379681,0.009588578601883033
0.679946200015145,0.005066838457296765,0.6817757839873859,0.009555046572648896
0.680051749970966,0.005064466810997821,0.6818614962208287,0.009426086972208413
0.6801400239199252,0.005061029187353188,0.681936255616243,0.00940325414550838
0.680216809526155,0.005059056060925832,0.6820390919971323,0.0093956905026387
0.6803685893292816,0.005056592114800821,0.682130644315385,0.009377414829800243
0.680482736853851,0.005041325217571102,0.6822078502554284,0.009354961448836406
0.6805248098713993,0.005035707595051085,0.6823596300585549,0.009311745130057213
0.6806152590873445,0.005033679665099746,0.6826981697425047,0.009307704579604755
0.6806447502864535,0.005030555287137974,0.6828514233388355,0.00927717042337273
0.6807145346231838,0.005027535412193726,0.6828809145379446,0.009260657448929888
0.6808305605256322,0.005026001393713535,0.6829222298384273,0.009257993303586315
0.6808856496925445,0.005010386106342331,0.6829949809637929,0.009229798045252027
0.6809361899024747,0.005007849288629597,0.6830690118978235,0.00922021111293782
0.6810689059166352,0.0050015108544750105,0.6831601199782297,0.009214562512229145
0.681156501166053,0.004999279376335601,0.6832215646065056,0.009212237560755752
0.6812455044938216,0.004994086613454226,0.6833193772754242,0.00920906048197888
0.6812940605203714,0.004983448045778248,0.6834539967522573,0.009193256822527624
0.681385612838624,0.00494996438553798,0.6836476319901686,0.009190504733782617
0.6814730714680846,0.004945321834496188,0.6837301422979539,0.009174274955777379
0.6815499064708854,0.004945319328363084,0.6839062997293578,0.009170851630011684
0.681647558080649,0.004916713964359382,0.68423088625389,0.009161903791832692
0.6816804209164034,0.004916459767429686,0.6842930924813009,0.009133214838000626
0.6817884227260291,0.004909431653459904,0.6844091183837493,0.00912183225499459
0.6819246075092666,0.004898657298573103,0.6844674363280063,0.009119842796649364
0.681971339349756,0.004893193664441934,0.6845209009168761,0.00910732313590286
0.6820203934746784,0.004891558946243328,0.6845938357906901,0.009104372617394104
0.6820468054346863,0.004878299587938403,0.684748015239311,0.009039750402293894
0.6821340677690544,0.004864674733223226,0.6847867572757582,0.00902053594870217
0.682184822193607,0.004851337694358848,0.6848764158747376,0.009002227557393532
0.6822059415531303,0.004843072771226668,0.6849461799006851,0.008987918884569113
0.6822607836479935,0.004831004826272752,0.6850239124684877,0.008983509781194828
0.6822790417822843,0.004829458307204685,0.6850982745421798,0.0089742018362237
0.6824211119779503,0.00482550331405283,0.6852092974936583,0.008959860262944326
0.6825018803409308,0.004785594723767204,0.685509049036279,0.008956661157118136
0.6825716646776611,0.0047794082445779965,0.6855763825130821,0.008955642929278298
0.6826617964473709,0.004779365162600948,0.6856912248685924,0.008955321726268433
0.6827095200333922,0.0047690589713329816,0.6857748647566063,0.008944748279270198
0.6827647860553191,0.004760112983650705,0.685873602156517,0.008922755174395452
0.6828534674856394,0.0047527488022111805,0.6860175295443274,0.008922705420502263
0.6833633556600465,0.004749833302420965,0.6860938599120986,0.008881109716610085
0.6833884977225587,0.004737572341683663,0.6861540861440071,0.008856934803362498
0.6833969082198457,0.0047369678676697355,0.6862047022751503,0.008843090187471817
0.6835039071134338,0.004735961297876067,0.6862524258611715,0.008836093578158566
0.683589882546078,0.004735823126320018,0.6863251769865371,0.008758189299579671
0.6836676151138806,0.004730483300913508,0.6863961754128315,0.008731907124321816
0.6837874055702046,0.004725580885908711,0.686469193186239,0.008705758046167994
0.6839276828359894,0.004721280616354853,0.6865490067980241,0.008672671046670606
0.6840425251914998,0.004701593038908326,0.6866200959645028,0.008649162443416696
0.6841456890593375,0.004699931000514931,0.6866571263821569,0.008589643765761979
0.684258250448544,0.004694279451648447,0.686765789842499,0.008560193919853621
0.6843782054638315,0.004686124418647393,0.6868783512317057,0.00854613412322221
0.6843866159611186,0.004681194972092908,0.6869839056217502,0.008535867170771797
0.6847145468416274,0.004677830677307529,0.6870387477166132,0.008472652514877653
0.6848038134195654,0.004669231983174004,0.6871932434901715,0.008464953342943593
0.6848982381887716,0.004661622875831268,0.6872579860849704,0.008421846166087583
0.6850344229720092,0.0046400624904999604,0.6873484353009156,0.008398125818145167
0.6851621953535584,0.004625334393458369,0.6876983371306113,0.008386908620200795
0.6852968148303914,0.004623147752858536,0.68782250868477,0.008379521018185431
0.6853514499481005,0.004621796135412946,0.688207759057453,0.008334365622488299
0.6854237219649534,0.0046200332013768206,0.688263953611742,0.008316180216357506
0.6855782177385117,0.00461146210774806,0.6884184027834793,0.008212155285504126
0.6856942436409601,0.004607546017653145,0.6885160543932429,0.008205792582232845
0.685766515657813,0.0045894016215722,0.6888158059358636,0.008204397010781742
0.6857863474148013,0.004577326295609124,0.6888509346980886,0.00818920794467954
0.6858630459250651,0.004567761517578569,0.6888929050574151,0.008188653218604304
0.6859538507793321,0.00453308787774105,0.6891364724050104,0.00818161017382436
0.6860221892108963,0.004503005958760944,0.6892132580112403,0.008178246821096176
0.6860612381984003,0.00450215864789652,0.6893057074697606,0.008171366341550182
0.6861699016587424,0.004500422871908907,0.6894281835705045,0.00816013463614219
0.6862789823863182,0.004499625746440805,0.689528388171747,0.008139437343127732
0.6864126143054972,0.00449362196187053,0.6895785781034992,0.008133024429944291
0.6864998766398652,0.004487521786567686,0.6896114409392535,0.00811834478873559
0.6865903258558105,0.0044843737519454745,0.6896756589789954,0.00811263482691217
0.6867193580070718,0.004474290455048629,0.6898811246404469,0.008104081731889654
0.6867672745115498,0.004464698570177957,0.6900025285085548,0.008079702989117834
0.6868910148926817,0.004461246276415255,0.6903022800511753,0.007980583628708009
0.6869991891273458,0.004449705778126062,0.6905455114001517,0.007956509147969193
0.6871487327396331,0.0044374042548266405,0.6906177834170046,0.007886184558841509
0.6872824778249544,0.004435948141533466,0.6907065742588184,0.007841353823067575
0.6873241067448186,0.004433126226796252,0.6907264060158067,0.007817619027705293
0.6874118521801995,0.004421720390447064,0.6908032410186076,0.007807894367856797
0.6874749232893265,0.004411817141829426,0.6909221238012591,0.007795604637179296
0.6875819221829146,0.0043931417056403,0.6909993297413025,0.007787533045516058
0.6876851068882052,0.004386434940989351,0.6910879845492921,0.0077687156290684655
0.6877833345562776,0.004383843297009772,0.6911577688860223,0.007753234307643215
0.6880194005737296,0.004380851482076339,0.6912467722137908,0.0077518789433850144
0.6881939845183509,0.004348814622934893,0.6913871449682868,0.007745689158866209
0.688325063259168,0.0043444316614297835,0.6914377610994299,0.007703393217642651
0.6883852894910764,0.004330619340024092,0.6915409458047205,0.007695281403913386
0.6884495075308182,0.004317992328146941,0.6915575095208859,0.007676768194470542
0.6885485355932346,0.004307336122747755,0.6916911414400648,0.00765190553423983
0.6886198329133807,0.004302048385608729,0.6917187677657142,0.0076505089907509165
0.6887601101791655,0.00426614736203981,0.6918464978777299,0.007627379492053296
0.6889861693942416,0.00425914919436106,0.6919065432281448,0.007624600440338442
0.6893191836618563,0.004253291875065212,0.6919879649765169,0.0076143331126051345
0.6893727402990912,0.004241260543349585,0.6920387381360888,0.00760698230396965
0.6898606109394799,0.004238634161366215,0.6925266087764774,0.007599889683148424
0.689897641357134,0.00421491950744343,0.6925799916974825,0.007593361617297457
0.6899674053830815,0.004209907325816448,0.6926251215685234,0.007547758428582856
0.690101150468403,0.004198899366237284,0.6926829798316035,0.007545099153388819
0.6901750165291669,0.004191130351792794,0.6928067202127354,0.007541454809552045
0.6902814917596396,0.0041723150891269595,0.6928677696174752,0.007539458236213457
0.6903802291595503,0.0041579862635174065,0.6930423535620965,0.007472309139251692
0.6904364237138393,0.004153196867408,0.69308284110262,0.007462092816175361
0.6904978683421152,0.004148783716203694,0.6931249141201683,0.007420799197844257
0.6905736460374349,0.004144789032588874,0.6931734701467183,0.00738173964452512
0.6906707189215597,0.004105968185819579,0.6932246547928934,0.007376027982981366
0.6908109961873447,0.004079493775269302,0.6933546511159517,0.007358025287627926
0.690955703981514,0.004077481926474742,0.6934538805957533,0.007325312665661683
0.691046117528293,0.004073548127855679,0.6934960395879698,0.0073243540309449046
0.6910967336594361,0.004073294716625421,0.6935756181094536,0.007307063138154594
0.6911553165910249,0.004063599450634492,0.693691979237505,0.007285447136700511
0.6912277260433245,0.00405246032306277,0.6938399922611496,0.007284368472556706
0.6912712339781687,0.004039595356257911,0.6938896566184831,0.007270346033598776
0.6915529415777605,0.004031490066018386,0.693937573122961,0.007255992810652952
0.6916440285149053,0.004027490971635632,0.6940279866697401,0.007225028516029809
0.6917472132201958,0.004024406326574254,0.6940462448040309,0.0072118720441325165
0.6918819049018188,0.004022839840814551,0.6941411991996187,0.0071804842345496575
0.6919566642972331,0.004021649123723501,0.6942809592922246,0.007117866834798004
0.6922707196597102,0.0039618079499002135,0.694413675306385,0.007097290496075326
0.6923293198185123,0.003960107507438061,0.6947277306688621,0.007096605275890714
0.6924325045238029,0.003907688078027015,0.694785855902782,0.007063342201324403
0.6925260722391419,0.003903658509106093,0.6948926931680715,0.007056564750742639
0.6928646119230917,0.003902148258826591,0.6952653752182398,0.007043947133049809
0.6929460336714638,0.003898529764424486,0.6953502371510869,0.00704123863633114
0.6931896010190591,0.0038944917658785706,0.6953684952853778,0.007023438492679011
0.693306410462404,0.0038888935083565028,0.6953970155636657,0.007021798931930014
0.6933992084576928,0.0038858036934313147,0.6954054260609528,0.006992987472535074
0.6934902953948375,0.003883684376397947,0.6955059486690796,0.006978500577643987
0.6935459963954084,0.0038678493144193443,0.6955616818092766,0.006973845765080094
0.693634651203398,0.0038613638737188516,0.6956587546934014,0.006972952644172326
0.693690384343595,0.0038612042199840987,0.6957755641367463,0.00697035095274374
0.6937452264384582,0.0038583510831419047,0.6959848669136398,0.006874450467987844
0.6938277269603708,0.0038533615001271034,0.6960303776394636,0.006866803357549227
0.6939125035046827,0.0038527493604200583,0.6960738855743079,0.006860846883440694
0.6940122748601961,0.003848228868322715,0.6961569318285177,0.0068434096674265445
0.6940749741316442,0.0038426597034349626,0.6963169527295919,0.006826294383579843
0.6941991456858029,0.0038417853673018442,0.6965503216008255,0.006813247006851986
0.6942735077594949,0.003821759122064539,0.6966037329535285,0.006779639920258829
0.69437085412988,0.0038148398740409624,0.6966642936082926,0.006765377365374889
0.6944834155190867,0.0038140616796912374,0.6967926654000293,0.006705181937332796
0.6945720654086558,0.0037931063455072665,0.6970187246151053,0.006695425311056695
0.6947665904814091,0.0037908599409355688,0.6971602565877724,0.006688519076409536
0.6948536575655304,0.0037838348600948927,0.6973224069695012,0.006686606260735126
0.6950081067372679,0.0037765120160688074,0.6974071835138131,0.006683513426581745
0.6953807887874363,0.003771489320327997,0.697471401553555,0.006675336935565707
0.6954450068271781,0.0037692898894704915,0.6976930514004973,0.00666959124324336
0.6955750031502365,0.0037565178437847582,0.6977297738647225,0.006643264458687839
0.6957291825988573,0.003740957827282245,0.6977803140746527,0.00664193387585184
0.6958763946929931,0.003730558531807602,0.6978288701012025,0.006636279689547752
0.6960700299309045,0.0037304447322493825,0.6979784137134897,0.0066352674418209134
0.6961681087211947,0.0037234658470847366,0.6980481980502199,0.006612379693209724
0.6962286693759588,0.0037016742105956987,0.6981277765717037,0.006564761400601643
0.6963454788193038,0.0036877182147032023,0.6981644990359287,0.006564290318576157
0.6963740694717779,0.0036816182405865075,0.6984831206633006,0.006550321986644413
0.6964690238673658,0.003674258687882265,0.6984915311605876,0.006499315322192791
0.6967936103918978,0.0036698990563769434,0.6985850707330478,0.006483434031216572
0.6968464482899117,0.003635728257560652,0.6986399128279109,0.006472674431944618
0.69696150025168,0.003630436104269809,0.6986920897505356,0.006452473512824212
0.6970410787731637,0.0036249758945224287,0.6987952744558262,0.006432974253170939
0.6971052968129056,0.0036083130818183482,0.6988604665976472,0.0064213637248714634
0.6971747296057502,0.003606315780495856,0.698995354030703,0.00638418845398581
0.6972325878688304,0.0035841595206222284,0.6990037645279901,0.006378041053053269
0.6973043557178611,0.0035809064087359275,0.6991315369095392,0.006361589662534514
0.6973936222957992,0.003556699654704746,0.6992483463528841,0.0063608596886291745
0.6974395528415084,0.0035551647288354572,0.6998705483814885,0.006352671006037112
0.6975935174426531,0.003546331965598135,0.6999678947518737,0.006346938748444797
0.6976470740798881,0.0035425786487828155,0.7000583082986527,0.006337249873859015
0.6978210765805727,0.0035333718415348405,0.7001457669281133,0.00631706768677959
0.697909758010893,0.003521522475463028,0.700299731529258,0.006309295455975589
0.6980639374595139,0.003519735805550667,0.700388998107196,0.006303107948666471
0.6982108469731064,0.003512123453217386,0.7004380522321183,0.006303020004701059
0.698257181661767,0.003504631766001016,0.700509820081149,0.00629332654485398
0.6983784973041163,0.0035009535534201624,0.7005572773079475,0.006274621398928447
0.6983947648107491,0.003473132123043506,0.7006296867602471,0.0062591999645775385
0.6987800151834322,0.0034727455986247224,0.7008036892609316,0.006252217853172355
0.6988692817613703,0.003469348210676213,0.7008139917918286,0.006242682432090851
0.6989969663249056,0.0034653872922685686,0.7009230725194044,0.0062400730102257634
0.6990800125791152,0.003461091104546018,0.7010158705146933,0.006236765966701067
0.699184658106232,0.0034605907048347513,0.7011314145053842,0.0062075190343963
0.699232014513907,0.0034373577798014025,0.7012139150272968,0.006189928332389908
0.6994752458628833,0.00343534580308531,0.7013619280509414,0.006165186741928533
0.6995381562356533,0.0034302237474430237,0.7013914192500504,0.006132812666022366
0.699598130201015,0.0034226166867180902,0.7015855724936196,0.006108213840176782
0.6997396621736821,0.0034198766992654165,0.7016568698137656,0.0061026572730099905
0.6998247419356384,0.003413287995808563,0.7017461363917037,0.006102308303469496
0.6999152683682355,0.00339586756068001,0.7018383593565399,0.006083120768156694
0.700087060196103,0.0033946342985649515,0.7018799882764041,0.0060748595836670125
0.7001599950699169,0.003391798613244153,0.7019610635352259,0.006062116125456824
0.700217027059607,0.003385089822855975,0.7021126809370378,0.006031643095941865
0.7002547752863147,0.0033776202614839066,0.7021497113546921,0.00602399947346154
0.7003081866390177,0.003374061534933143,0.7022822276164248,0.005977014101840399
0.7004306627397616,0.0033737618921861395,0.7023961170216121,0.005968809813362044
0.7005981114240298,0.0033634044622520122,0.7025679088494796,0.005961589559649232
0.7006385989645532,0.0033468980261826373,0.702789558696422,0.0059549924851192895
0.7006865154690312,0.003324533565366265,0.7029255382226784,0.005910551268461906
0.7010005708315082,0.0033230517941884885,0.7030929869069467,0.005858511576310904
0.7011256616121057,0.003307189440991582,0.7031857849022354,0.005832161404963702
0.7011758515438579,0.003302372075802202,0.7033479352839642,0.005786473454024372
0.7012648548716264,0.0032972291150266237,0.7034014919211993,0.005785779317153879
0.7013451111582366,0.0032689549297740947,0.7035216717482239,0.005769813832854416
0.701461137060685,0.0032661675221386864,0.7035668016192648,0.005704307243468857
0.7015605952852612,0.0032328449031609266,0.7036660310990663,0.005703142400462851
0.7016684284584764,0.003228579360282879,0.7037194956879362,0.005662401801501779
0.701716837688441,0.003227734923131008,0.7039419830594739,0.005655928045204748
0.7018033436818817,0.0032268423699367654,0.7043146651096424,0.005643729713115859
0.7018539598130249,0.003222193033529156,0.7044848564206518,0.005641987283174861
0.7018938506956376,0.0032137785898110997,0.7047989117831288,0.005631943987551969
0.7020006879609271,0.0032067295986431808,0.7048969905734191,0.00561334264165013
0.7021420644044766,0.0032051552562411406,0.7049941913279797,0.005590087362611119
0.702764266433081,0.00319734233441376,0.7050556359562556,0.0055607717345756875
0.7028340304590286,0.003192754785606782,0.7051602814833724,0.005552293188242499
0.7029665467207613,0.003182745371906134,0.7052374874234159,0.0055437797876053034
0.7031231536094733,0.003176271256960812,0.7053430373792369,0.005528721553070721
0.7032027321309571,0.0031610170665808696,0.7054316872688059,0.005515761812198263
0.7032808237774275,0.0031535448360325642,0.7055203686991263,0.005513393936401328
0.7034086614660855,0.0031513537259069842,0.7056096352770642,0.005475014708300027
0.7034990750128645,0.0031401563011981175,0.7056838090746429,0.005445015002460444
0.7035476310394144,0.0031381409518410753,0.7057215573013506,0.005410113366988032
0.7036404290347031,0.003133410811049998,0.7058213286568641,0.0053808245053680185
0.7037018736629791,0.003132698020724407,0.7058629575767282,0.005373402215954445
0.7038233195033067,0.0031308414091444294,0.7059092922653888,0.00537065510929254
0.7039459281805396,0.003123972767230641,0.7059578482919386,0.00536488343299416
0.7040606496397476,0.003115809959096088,0.7060131143138655,0.005323067539889942
0.7041684828129627,0.0031029102335681257,0.7062076393866188,0.005321878227859601
0.7042052052771878,0.0030746910236985024,0.7063523471807882,0.005321410412332104
0.7042574374407242,0.0030620100095480993,0.7064781486179177,0.005302333319030348
0.7043852098222734,0.003061508494090539,0.7065317052551527,0.005301834581797766
0.7044904262599222,0.003029690949790253,0.7065479727617856,0.005269423402009063
0.7048403280896179,0.0029959366917392642,0.7066065556933744,0.005238977402602564
0.7050024784713468,0.002981615557223154,0.7067195997163863,0.005220003196853491
0.7050793134741477,0.0029810180994260596,0.7068227844216769,0.005219475666693562
0.7051981962567991,0.002941317889344598,0.7068687149673861,0.005191419118025916
0.7052945542965142,0.0029319699036392394,0.7069598019045309,0.005182402874417648
0.7053937837763158,0.002928474075858429,0.707075774129089,0.005175740440393127
0.7055215138883315,0.002926631286444905,0.7071227052632932,0.005164868682905438
0.705621718489574,0.0029250346809279217,0.7072564503486147,0.005152033682694544
0.7057454588707058,0.0029183362247813456,0.7073262346853448,0.005127132223888176
0.7058262951996304,0.0029075066446348995,0.7074039672531476,0.0051127522341225745
0.705974308223275,0.002894866775529364,0.7074575930498294,0.0050907562635393346
0.7061026800150116,0.002867049361403819,0.7075122281675383,0.005035908448064777
0.7061930935617906,0.0028647476110354917,0.7075298227716647,0.0050075830868770805
0.7062394282504512,0.0028578592622690567,0.7076494017359115,0.005006166346852125
0.7063600800419616,0.002848958039433585,0.7077770862994468,0.005003112171673925
0.7064201253923765,0.0028456495256387695,0.7078585080478188,0.004981603264848636
0.7065343642772419,0.002803693768623281,0.7079835988284163,0.004976967389137204
0.7065893939219232,0.002796333928301317,0.7081195783546728,0.004966576903083609
0.7066565132648034,0.0027923383947608756,0.7081674948591506,0.004965758759834515
0.7068081306666152,0.0027754920424276023,0.7082203327571646,0.004934278031425294
0.7068463217083103,0.002761235427276203,0.7082637559235855,0.004894506424232381
0.707096068562691,0.002746433090288468,0.7083207879132755,0.00485717541222198
0.7072211593432884,0.0027384700616570334,0.7084286210864907,0.004842652885657015
0.707298365283332,0.0027264821175549815,0.7087616353541053,0.0048080450179855344
0.7074837359439968,0.002719542035013645,0.7088520489008844,0.004803618718836347
0.7077053857909391,0.0027074164761884895,0.7089771396814818,0.004798868819909925
0.707839017710118,0.0026898360258771096,0.7090398389529299,0.004792937579835843
0.7078676083625922,0.002671178291438369,0.7091246154972418,0.004773196190271017
0.70796256275818,0.0026701023526329677,0.7093099861579066,0.004749900239350913
0.708020880702437,0.0026625558099259367,0.7093730572670336,0.004748186027110378
0.7081131036672733,0.002655188466047799,0.7095168377308383,0.004743489145497129
0.7081981834292296,0.0026490094230180333,0.7096092871893587,0.004732180667113027
0.7082712012026371,0.002625410755426347,0.709687556281224,0.004706473978458502
0.7083091526221184,0.0026068576994316066,0.7097765596089927,0.004669006684379601
0.70834560401682,0.0026056144352190527,0.7098616393709489,0.0046680549420306605
0.7084615762413782,0.0026012926556240297,0.7099757868955183,0.004663041043280363
0.7085097569983979,0.0026007882705588853,0.7101094188146972,0.004659029913286738
0.708571963225809,0.002588579740974779,0.7102252118099773,0.004644335787102494
0.7087157436896137,0.0025753470856129976,0.7103818186986893,0.004619753889327697
0.708875764590688,0.0025680449664743296,0.7104870351363382,0.0045958059434878795
0.7089293903873698,0.002551969899378932,0.710583319646093,0.00458553652038738
0.7090551918244993,0.002540202414563055,0.7106253926636414,0.004518831843685073
0.7091570791626187,0.0025373481245225585,0.7107335668983056,0.004505431995043039
0.7092074547201439,0.002535100716097871,0.7107802987387949,0.004502034043163105
0.7092596316427686,0.0025206709895510336,0.710805440801307,0.004499638565173425
0.7093084899228165,0.0025151979032052682,0.7109468172448566,0.004499048202507349
0.7094227288076819,0.0025051738317492882,0.7109867081274693,0.004497309615076152
0.7094761401603848,0.0025044387638918034,0.7110389402910057,0.004449246183994416
0.7095216508862087,0.0024926656908069796,0.7113761668331615,0.004429146798717128
0.709568382726698,0.0024860980440258493,0.7117147065171113,0.004428218264354152
0.7097776855035914,0.0024808031769819644,0.7118289454019767,0.004426572054557607
0.7098487746700701,0.0024801783231837033,0.7119007278448697,0.004421145170592118
0.7099265072378728,0.0024734007974248676,0.7119575984016389,0.004420761754630329
0.7100333445031622,0.0024718333742143354,0.7120757405755125,0.00441751713868991
0.7100830464452126,0.0024534666509582644,0.7121979475222835,0.004370526062755254
0.7102114182369492,0.0024362102430802767,0.7122579214876452,0.004367509109027048
0.7102626028831245,0.002430929736424867,0.7123430012496015,0.004334356206425721
0.7106352849332929,0.0024253129133632203,0.7124072192893434,0.0043260997279868695
0.7106961854602506,0.002422078063630972,0.7124560775693913,0.004324951231546292
0.7108157644244973,0.002417756816614187,0.7125558489249048,0.004301798867726538
0.7108934969923,0.0024136217097019963,0.7127053925371919,0.004296185008653291
0.7109503675490692,0.002395761785100823,0.7128553137210678,0.004263355100737339
0.7109923379083956,0.00237809923044917,0.7132052155507635,0.0042418532316537225
0.7113775882810786,0.002374226584401479,0.7132917215442043,0.004233041942227817
0.7114327450231795,0.0023738487352247106,0.7133500394884612,0.0042238823716844376
0.7115251944816999,0.0023522429392447055,0.7134519268265808,0.004208152211660544
0.7116249658372134,0.0023458716905855053,0.7135296593943834,0.004134615592828867
0.7118510250522895,0.0023336968964074545,0.7136156348270276,0.004133135506514798
0.711972470892617,0.0023307405278070164,0.7137281962162342,0.004131929947329925
0.7121151568507317,0.002305132573542656,0.7137783861479864,0.0041176364011354175
0.7122123576052922,0.002296795194408955,0.7138969800010473,0.004044068936809073
0.712312880213419,0.002293637581650773,0.7139349314205286,0.004027912872843718
0.7124039671505636,0.0022636124005097806,0.7139855475516718,0.004026062846075529
0.7125195111412547,0.002237965400939506,0.7140339567816364,0.004008597605619536
0.7126353041365348,0.002222100397303956,0.7140794675074601,0.0040074988522638775
0.7126787273029557,0.0022143568025120262,0.7142078392991967,0.0039917573307689126
0.7127301551391108,0.0022118904300296627,0.7143001719473564,0.00395616589573434
0.7127836197279807,0.0021974002281658443,0.7143912588845011,0.003945863441081314
0.712861888819846,0.0021921564823494605,0.714464193758315,0.0039354716989450185
0.7131991153620019,0.002175790979647828,0.7145856395986425,0.003911722658791133
0.7133121593850138,0.002170880177375383,0.7146760531454215,0.00388986089774179
0.7133936374361327,0.0021536471652353426,0.7147471423119002,0.003886413036517869
0.7134975499487166,0.002153307508947077,0.7147968442539505,0.003865897757653714
0.7135970081732927,0.002130844928186937,0.7148520009960515,0.003862524855765839
0.713818658020235,0.002128570830903912,0.714950228664124,0.0038400446605977084
0.7139041972425065,0.0021059089624719516,0.7149915439646067,0.003823257362583091
0.7139630736101142,0.002104060922784483,0.7150380983597011,0.0037735753445784868
0.7140554062582738,0.0021014707267656093,0.7152597482066434,0.0037410827400937833
0.7141199427890967,0.002083313101505796,0.7157564264382777,0.0037239750715418935
0.7143533116603303,0.002069939830037639,0.715807042569421,0.003710988483653437
0.7144111699234105,0.002061614740353428,0.7159148757426361,0.0037099820421038505
0.7145733203051393,0.0020474136360219986,0.7160690551912571,0.0036980727877151095
0.7146193322978516,0.0020223690547513675,0.716178135918833,0.003687472323797668
0.7146699484289948,0.00199636107566191,0.7163208218769476,0.003676017624770913
0.7147880906028684,0.0019858511735418535,0.7163850399166894,0.003675921851755826
0.7149218356881899,0.0019733572515195316,0.7164258655667601,0.003602429753722713
0.7150657630760001,0.0019531906370772417,0.7165499698175599,0.0035853902066779837
0.7151078360935486,0.0019488107158036822,0.7167997166719405,0.0035846135842332273
0.7151543904886429,0.0019389670728550215,0.7168531280246435,0.003578692777850773
0.7152066226521793,0.0019006835573303342,0.7169109862877237,0.0035739999256562053
0.715314624461805,0.0019001309373682014,0.7169529566470502,0.0035665145009926066
0.7153724784308239,0.0018980752630405257,0.7170003130547251,0.003564003059710389
0.7154707060988963,0.0018909510864974061,0.7171472225683176,0.0035529393792640878
0.715529289030485,0.0018838623000603043,0.7172873515424534,0.003549954882304645
0.7156383697580608,0.0018681558667919124,0.7173809192577922,0.0035239593127184216
0.7157316777315337,0.0018672700444057916,0.7175273754102507,0.0034926392802044452
0.7158348415993714,0.0018658410872697303,0.7175694484277991,0.003486475529324478
0.7159843852116585,0.001855531889430174,0.7176876634520585,0.003472645884800467
0.7160747987584375,0.0018545104709440238,0.7177275543346712,0.003460843657632221
0.7161254148895807,0.0018468238099035629,0.7178033320299908,0.003438385865910602
0.7161816411757511,0.001819588526391405,0.7178675500697327,0.003430389779325913
0.7162980023038026,0.0018044054495614914,0.718011477457543,0.003425703712798357
0.716433981830059,0.0017967305508489518,0.7180700776163451,0.003419134685971471
0.7164886169477681,0.0017936993356835523,0.7181498912281302,0.0033978053611114197
0.716567835592084,0.0017863883432689789,0.718269470192377,0.0033871504510684038
0.7167894854390263,0.001772197812771551,0.7183741157194937,0.0033677556471013005
0.7167997879699233,0.0017660020921789997,0.7184842387614385,0.0033532025725605354
0.7168472451967218,0.0017611073247261167,0.7185775467349114,0.0033509459598304184
0.7170697325682595,0.001751532605626028,0.7186626946242106,0.003340823755650664
0.7170862962844248,0.0017384150451048587,0.718776933509076,0.003332580718906086
0.7172104980966378,0.0017184058634012868,0.7188466975350235,0.003325604116933189
0.7172915733554597,0.0017119402963399382,0.7188955558150715,0.0033202537321252233
0.7173679773891061,0.001704779350151217,0.7190170016553991,0.0033182901613360706
0.7175381687001156,0.0017010035586110727,0.7190799120281689,0.0033148062922694664
0.7175881775634912,0.0016915975585650546,0.7191879138377947,0.0033142589016230337
0.7177735482241561,0.0016877341599292675,0.7192693918889136,0.0032870701219037055
0.7178433325608863,0.001681586227868201,0.7193899887877944,0.003238508390344129
0.7179062429336561,0.0016613218790785193,0.7194954990054967,0.0031919931691039797
0.7180264227606808,0.0016586997136557042,0.7198234298860056,0.003170552237925463
0.7199227291740352,0.001635913787701958,0.7198944283123,0.003169216345848039
0.7200504137375705,0.0016313252339239138,0.7199834316400685,0.0031349454884260666
0.7201516582576818,0.0016161986370415912,0.7200976705249339,0.0031331457435174567
0.7202409248356199,0.001609156342867854,0.7201562534565226,0.003121228734241437
0.7203257013799318,0.0016005977710257455,0.7202564580577651,0.003117617602011082
0.7206756032096275,0.001597916560734226,0.7202946490994602,0.0031104169707758807
0.7207938182338869,0.0015903634603233532,0.7204076931224722,0.0031069463339788326
0.72086115171069,0.0015871872318940978,0.7205334353092004,0.003076454343904547
0.7209019773607606,0.0015844326406711314,0.7206365991770382,0.003059454402703551
0.7209817909725457,0.0015834355500772093,0.7207857305254588,0.0030502051209251434
0.7211828085810854,0.0015690546009380657,0.7208342865520087,0.0030500822421225247
0.7216794868127198,0.001563312461934054,0.7208951870789664,0.0030481414897396094
0.7217873838064746,0.0015616801430251583,0.7211212462940424,0.0030468440957791385
0.7218748424359351,0.0015349486993096548,0.7211987067092497,0.003026946377019713
0.7219794879630519,0.0015320874345865882,0.7213066037030046,0.0030102823705751083
0.7220515898314409,0.001526115954471843,0.7213430550977061,0.003008673952498383
0.7220914807140536,0.00150739458467989,0.7214207876655088,0.0030009574900839208
0.7221723045727862,0.001502208813217737,0.7214630653921313,0.003000296721462839
0.7222613079005548,0.00149928074114807,0.7215360831655389,0.002975287260163825
0.7223441400972936,0.0014765394640197274,0.7216253497434769,0.0029559379613533034
0.7224404246070485,0.0014608725392574724,0.721676777579632,0.0029475166674581264
0.7225305563767583,0.001459905115717691,0.7216933412957973,0.0029402264500140046
0.7225849059245232,0.0014580069120690496,0.7217735975824076,0.00293937129983374
0.7226904161422256,0.0014494616303922486,0.7218350422106835,0.0029389809631737086
0.7227392744222735,0.0014373385012749877,0.7219314002503986,0.0029162190742541196
0.7227972246445247,0.0014219778456740382,0.7219902766180063,0.00291620130464541
0.7229022097380264,0.0014175675747581458,0.7220865611277612,0.002910286509552311
0.7230476878468737,0.0014024618328047139,0.722202663431372,0.0029082531788903244
0.7232199686625681,0.00139284555843489,0.7222724274573196,0.002895228204991147
0.7232746037802772,0.0013849641256382613,0.7223303776795706,0.002888810557124595
0.7234237351286978,0.00138254591942652,0.7224298359041468,0.0028579960139436364
0.7236497943437739,0.0013589467195806166,0.7225146124484587,0.0028515764018288985
0.7237997155276497,0.0013407160570615571,0.7225819459252617,0.002851214447071736
0.723884863416949,0.0013369481044496485,0.7227337257283882,0.0027998940962025176
0.7239929775262598,0.0013295787389511159,0.7228327537908046,0.0027215431112535614
0.7240920055886761,0.0013168175933988844,0.7228827626541803,0.002698171611622385
0.7242021286306211,0.001302906594095267,0.7229886485321682,0.0026809165929905713
0.7244518754850017,0.0013004759316158664,0.7230052122483335,0.00260193696834992
0.7245428638923395,0.001297979148546365,0.7232062298568732,0.0025964957592081706
0.7246614577454004,0.0012842640506017695,0.723297218264211,0.0025808271766290243
0.7247324561716948,0.0012736592540408434,0.7233984627843224,0.0025343242379003545
0.7247747338983174,0.0012671790005120292,0.7234488383418475,0.0025334703399615003
0.7248828480076281,0.0012632788407058802,0.723555675607137,0.00251519304750108
0.7249718513353968,0.0012586740693111323,0.7236916551333934,0.0024718108325770885
0.7250225902104355,0.0012581765639443842,0.723779113762854,0.0024576724933397897
0.7251641221831027,0.0012568144074187762,0.72400517297793,0.0024224679819847745
0.7252413281231461,0.0012265606911766964,0.7240526302047284,0.002407321738562564
0.7254940100087967,0.0012260814445970855,0.7241607443140393,0.002368631777101356
0.725608248893662,0.0012260595365719941,0.7241710468449363,0.0023630396139767565
0.7257547050461205,0.0012174210919071585,0.724324300441267,0.0023479024728929273
0.7258402442683919,0.0011977868447562586,0.7244090615252593,0.0022951661076058257
0.7259543917929613,0.00117122559743564,0.724758963354955,0.0022683176442691204
0.7260013229271656,0.001166311666123938,0.7248097022299937,0.0022637936585928557
0.7260799436478632,0.0011438208860475862,0.7248925344267327,0.0022471240734770227
0.7261614216989821,0.0011286134040112766,0.7249711551474304,0.0022437748141403507
0.7262871638857105,0.001111742421704222,0.7250473216018338,0.0022044474077747085
0.7264407657979479,0.0010858147116668709,0.7251287996529527,0.00220175171008018
0.726629499553856,0.0010821182837382336,0.7251866536219715,0.002184453040476695
0.726783679002477,0.0010749482762089785,0.7254364004763522,0.002184221187015212
0.7268967230254889,0.0010741099370111483,0.7255172243350848,0.0021678094468020118
0.7269503488221707,0.0010740453294387018,0.7255632363277971,0.0021548838845352044
0.7269754908846828,0.0010522032771152353,0.7256138524589403,0.0021537859787312263
0.7271287444810136,0.0010491942306266298,0.7256859543273294,0.0021438433379600205
0.7272346303590015,0.0010395213526422278,0.7257909394208312,0.002121046934678261
0.7273587346098012,0.0010389496996936693,0.7276872458341855,0.0020969521687717336
0.7275105144129277,0.0010308505188494552,0.7277415953819504,0.00204572113962976
0.7276585274365722,0.001011405896904892,0.7278271346042218,0.002029750712310353
0.7277432885205645,0.0010029989408887167,0.7279352487135327,0.0020232153483583366
0.7277994830748534,0.000982324056048283,0.7279981590863025,0.0019883907560432367
0.7279041286019701,0.000934611591547037,0.7281704399019969,0.001975589506745211
0.7279784906756621,0.0009257942737030501,0.7283159180108442,0.0019569223518958786
0.7281144702019186,0.0009201386759520725,0.7284695199230816,0.001925557587180208
0.7281796623437395,0.0009038274803330864,0.7287222018087322,0.001919553546152934
0.7282276664751012,0.0008965481286063735,0.728812333578442,0.0018966421215736698
0.7282442301912665,0.0008910091340696319,0.7289725568568005,0.001881016834510988
0.7284387552640198,0.0008906228036667629,0.7290271919745096,0.0018700824321791522
0.7285788842381555,0.0008883651925953768,0.7291687239471767,0.0018476450827982095
0.7286563446533628,0.0008768232958933764,0.7292051702153381,0.001829868824620373
0.7288099465656004,0.0008745072701658039,0.7292598053330472,0.0018269295436476307
0.7289305434644812,0.0008680995818280671,0.7293341674067393,0.0018104271231720777
0.7292584743449899,0.0008542315551559706,0.7293987039375622,0.001785074105946243
0.7293881902076548,0.0008517262719764874,0.7295333956191852,0.0017740941693735815
0.7295042925112656,0.0008463299488688308,0.7296375195728781,0.0017680105533062298
0.729640272037522,0.0008444282401857821,0.7299192271724699,0.001768009499802487
0.7296988721963241,0.000842758426812837,0.729934988687048,0.0016639810253651617
0.7297952302360392,0.0008356298724433361,0.729992846950128,0.0016519292026027214
0.730076937835631,0.0008253039471140406,0.7300654701540898,0.0016511933423220483
0.7301192155622536,0.0008239094223161231,0.7301216964402603,0.0016446731677262623
0.7301652403606977,0.0008151086443948654,0.7301800143845173,0.0015744657057657294
0.7303121498742902,0.0008093391169456018,0.7302564184181637,0.0015433536905376253
0.7303724314702832,0.0008013233452420973,0.7303419576404351,0.001486095995980061
0.7305984906853592,0.000800430101665608,0.730464566317668,0.0014616097592022928
0.7307587139637177,0.0007945176244650013,0.7305179492386731,0.001440761225327247
0.7308189955597106,0.0007901065940886721,0.730574143792962,0.0014210598525159946
0.7309278545846027,0.0007656403184867795,0.7306267561699329,0.0014190458009237118
0.7310504632618356,0.0007652160641836571,0.730815489925841,0.0013520698464659553
0.7311573005271251,0.0007599157713316951,0.7309044932536095,0.0013469435730037653
0.7311937467952866,0.0007582793268440808,0.7309696853954305,0.001308970104379966
0.7312978707489795,0.0007507370379780421,0.7310282855542327,0.0012984531038416037
0.7313486439085515,0.0007472654772654738,0.7311351228195222,0.001275077363406804
0.7314282224300351,0.0007171029524764445,0.7312662015603392,0.001253700039668769
0.7316542816451113,0.0007053077936326146,0.7312947922128133,0.0012386600131663176
0.7317125995893682,0.0006998082335908565,0.7314036512377053,0.0012316510759339879
0.7317998619237363,0.0006970742609693113,0.7316297104527815,0.0012170312608824627
0.7318101644546332,0.0006960624628037466,0.7317104793254429,0.0012157093940887006
0.7324327119109527,0.0006573287878073836,0.7317707609214358,0.001197581663885222
0.7325811360941553,0.0006559010609600769,0.731864300493896,0.0011817511964732268
0.7325968976087334,0.0006524066320735979,0.7319150393689348,0.001168657368595085
0.7326904371811935,0.0006514126844889747,0.7321231978613065,0.001162783809910234
0.7327551797759924,0.000645071772878772,0.7322529137239713,0.001153331321460843
0.7328249438019399,0.000642582408638383,0.7324065156362088,0.0011488116065928402
0.7329677495180698,0.0006145069950083371,0.7324860941576925,0.00114323805568035
0.7331024411996927,0.0006060865410653159,0.7325562411578459,0.0011130490631081715
0.7331889471931334,0.0005990156936714407,0.7326098669545277,0.001112468483373026
0.7332615703970953,0.0005939633245164389,0.7327591665146248,0.0011006089191883785
0.7333149806157583,0.0005860354460563586,0.7328748316394693,0.0010967803799448934
0.7334039839435269,0.0005690688671002994,0.7330048279625276,0.00109575005961965
0.733419745458105,0.0005658763459799928,0.7330471056891502,0.0010867192947727792
0.7334723578350757,0.0005600714378119823,0.73318991140528,0.0010747732541398906
0.7335849077564628,0.0005307364665848681,0.7332481149983864,0.0010161946356364161
0.733613498408937,0.0005284055243242624,0.7333430693939742,0.0010126710363063409
0.7337203356742265,0.000515843699773486,0.7334914935771768,0.0010007862575489015
0.7338201070297399,0.0005136303888649127,0.7337175527922528,0.0009848378111050043
0.7339357721545843,0.0005081289204040573,0.7337778343882458,0.0009822748775292027
0.7340119386089877,0.0005069573071567442,0.7344003818445654,0.0009501021348045382
0.7341012051869258,0.0005009213986035916,0.7345129317659523,0.0009267971912363989
0.7342312015099841,0.0004981991463134648,0.7345796970547687,0.000924439802703494
0.7343221899173219,0.0004980285914323492,0.7346444396495674,0.0009122247075778805
0.7343641602766483,0.0004971622715515087,0.7346978498682305,0.0009099911358194485
0.7344604447864032,0.0004804709205850819,0.7347843558616712,0.0009015308052790879
0.7345138277074083,0.00045959492372619294,0.7348351290212431,0.000899145845454671
0.7345546533574789,0.00045714372626015566,0.7349243955991812,0.0008585117692962719
0.7345933511536266,0.00043151452862501917,0.7350241669546946,0.0008565806345457767
0.7346816009182285,0.0004298086409592433,0.7350701917531388,0.000851984802079802
0.7347224265682992,0.0004236014634146519,0.7351110174032095,0.000806408250449187
0.7347731654433379,0.00041344966845158844,0.735180781429157,0.0008041734529301264
0.7348096168380396,0.00039483207403485525,0.7352559564013635,0.0007704656064217899
0.734879763838193,0.00039402584458405986,0.7353039605327252,0.0007598761595119998
0.734928219776162,0.000381395016200253,0.7353447861827959,0.0007590124386628828
0.7349949850649782,0.00037796276819876304,0.7354927992064404,0.0007541803741620125
0.73520314355735,0.0003746025268913736,0.7355810489710424,0.0007457006252309677
0.7352613471504563,0.00036640556590932096,0.7356197467671901,0.0007375099961224728
0.7353499970400255,0.0003501627266374903,0.7357267456607781,0.0007212360304789244
0.7354810757808425,0.0003446899567018543,0.7357979098522809,0.0007024171850740602
0.7355284214215091,0.0003415669572380923,0.735885172186649,0.0006826926240789021
0.73557355129255,0.00034111821736309975,0.7359256597271724,0.0006777758691392797
0.7356487262647566,0.0003369968143667004,0.7359762500939476,0.0006762510383525631
0.7360852257285135,0.00032406641737983536,0.7360087662681344,0.0006748613307401817
0.736125713269037,0.00031223182576308275,0.7360621491891395,0.0006517325011048197
0.7361968774605397,0.00030934652119716724,0.7361531375964773,0.0006176417086607136
0.7362502603815448,0.0003074943720497225,0.7365896370602343,0.0006046122558906207
0.7363929463396596,0.00030523035424780533,0.7366053985748123,0.0005990846853063366
0.7364328372222723,0.0003026781363498636,0.7367052905972717,0.0005833300963436921
0.7365327292447317,0.00029839354376467444,0.7367472609565981,0.0005690646511480398
0.7365833196115069,0.00029552335177734083,0.7367957168945671,0.0005295608659225128
0.7366782740070947,0.00029551500023982893,0.736912526337912,0.0005248375110219495
0.7367326235548596,0.00027263738700784005,0.7369598719785787,0.0005137959423125813
0.7368819231149567,0.00026880864430537424,0.7370050018496196,0.0004812919350396732
0.7369944730363438,0.00026748754097715826,0.7370593513973843,0.00047933333526647303
0.7370404978347879,0.00026021610679999524,0.7371466137317524,0.0004752873394125398
0.7371277601691559,0.00025887021278427687,0.737183065126454,0.00046920060293079705
0.737181143090161,0.00024146045393697594,0.7372972126510234,0.00046371931605930505
0.7372979525335059,0.00023593889295726457,0.7374398986091381,0.00045996480600809045
0.7374049514270941,0.00023491754455722696,0.7375952278978022,0.000428457767303502
0.7374374676012808,0.00022587112918332508,0.7376351187804149,0.0003817830252874606
0.7375854806249255,0.00021937054804711906,0.7376508802949929,0.0003745794593781033
0.7376662494975869,0.00021517551859557513,0.7377634302163799,0.00036472946418599834
0.7376820110121649,0.00019930600724411214,0.737859788256095,0.0003576230889955949
0.7378107268979517,0.00017475391153172533,0.7379484381456641,0.000298480395910028
0.7379660561866157,0.000148803344108361,0.7381494557542039,0.0002981335748324246
0.738073889359831,0.00013164157556381863,0.7382781716399907,0.0002948781999593935
0.7382749069683706,0.00013117849397842535,0.7383241964384348,0.000284411062958987
0.7383743651929469,0.00011823774684043512,0.738423654663011,0.0002389869326116529
0.7384885127175161,0.00011455971969219433,0.7384825310306187,0.00023065797980621863
0.738547389085124,0.00011417234637227127,0.7385672921146108,0.00022473024043435968
0.7386437471248389,0.00011381654248814952,0.7386206750356159,0.00021944711611594631
0.7386879568180367,0.00011029042943035227,0.7387285082088312,0.00018912969076362085
0.7387727179020289,8.925463086296709e-05,0.7387727179020289,0.0001723385442424122
0.7388671426712352,0.0,0.7390333183765619,0.0
0.7389408520815836,0.0,0.739293918851095,0.0
0.7390145614919319,0.0,0.7394403750035534,0.0
0.7390882709022802,0.0,0.7395868311560119,0.0
0.7391619803126286,0.0,0.7397332873084703,0.0
0.739235689722977,0.0,0.7398797434609288,0.0
0.7393299414300437,0.0,0.7399919458394251,0.0
0.7394241931371105,0.0,0.740086355938317,0.0
0.7395184448441773,0.0,0.74034695641285,0.0
0.739638624671202,0.0,0.740607556887383,0.0
0.7396711408453888,0.0,0.740868157361916,0.0
0.739766216349646,0.0,0.7409568387922364,0.0
0.7398453139107766,0.0,0.7410455202225567,0.0
0.7399190233211249,0.0,0.7411775143502166,0.0
0.7399927327314733,0.0,0.7412981112490974,0.0
0.7400735749387172,0.0,0.7414187081479782,0.0
0.7401544171459612,0.0,0.7415239886270283,0.0
0.7402352593532051,0.0,0.7416292691060784,0.0
0.740316101560449,0.0,0.7418898695806114,0.0
0.7403969437676929,0.0,0.7419809565177562,0.0
0.740477785974937,0.0,0.7420720434549009,0.0
0.7405586281821809,0.0,0.7421821664968457,0.0
0.7406394703894248,0.0,0.7422922895387905,0.0
0.7407516727679211,0.0,0.7424282690650469,0.0
0.7408403541982415,0.0,0.7425051040678478,0.0
0.7409290356285617,0.0,0.7425819390706486,0.0
0.7409909722517817,0.0,0.7426587740734496,0.0
0.7410716040287837,0.0,0.7427356090762505,0.0
0.7411522358057857,0.0,0.7428124440790513,0.0
0.7412328675827877,0.0,0.7428892790818522,0.0
0.7413880336376584,0.0,0.7431498795563852,0.0
0.7415002360161548,0.0,0.7433050456112559,0.0
0.7416124383946511,0.0,0.7434172479897522,0.0
0.7416915359557816,0.0,0.7435294503682486,0.0
0.7417706335169121,0.0,0.7436181317985688,0.0
0.7418866594193606,0.0,0.7437068132288891,0.0
0.7419674277823411,0.0,0.7439193481979891,0.0
0.7420481961453216,0.0,0.7439888712807999,0.0
0.7421289645083021,0.0,0.7440583943636108,0.0
0.7422176193162917,0.0,0.7442437650242756,0.0
0.7424228313265634,0.0,0.7443362144827959,0.0
0.7426280433368352,0.0,0.7444913805376666,0.0
0.7426566339893094,0.0,0.7446465465925373,0.0
0.742732411684629,0.0,0.744801712647408,0.0
0.7428081893799486,0.0,0.744898070687123,0.0
0.7428839670752684,0.0,0.7449944287268381,0.0
0.742959744770588,0.0,0.7450997092058882,0.0
0.7430355224659076,0.0,0.7451815897519903,0.0
0.7431113001612274,0.0,0.7452752035424799,0.0
0.7431876002029869,0.0,0.7453688173329696,0.0
0.7432639002447463,0.0,0.7455541879936343,0.0
0.7433563497032667,0.0,0.7457814251151802,0.0
0.7434487991617871,0.0,0.746008662236726,0.0
0.7435412486203073,0.0,0.7462358993582718,0.0
0.7436964146751781,0.0,0.7462936015655641,0.0
0.7438515807300488,0.0,0.7463513037728565,0.0
0.7440067467849195,0.0,0.7464090059801488,0.0
0.7440686834081395,0.0,0.7464597604047015,0.0
0.7442126107959498,0.0,0.7465105148292541,0.0
0.74435653818376,0.0,0.7465691149880562,0.0
0.7444451929917496,0.0,0.7466277151468584,0.0
0.7444737836442237,0.0,0.7467138290343109,0.0
0.7445023742966979,0.0,0.7468253123040676,0.0
0.7445648639279094,0.0,0.7469319017370338,0.0
0.7446273535591209,0.0,0.7470243511955542,0.0
0.7446898431903325,0.0,0.7471168006540746,0.0
0.7447822926488528,0.0,0.7472092501125949,0.0
0.7448585926906123,0.0,0.7473193731545397,0.0
0.7449117031489662,0.0,0.7474294961964846,0.0
0.7449648136073201,0.0,0.7475396192384294,0.0
0.745017924065674,0.0,0.7476876322620739,0.0
0.7450710345240279,0.0,0.7477650926772813,0.0
0.7451241449823819,0.0,0.747873869567101,0.0
0.7452151333897197,0.0,0.7479826464569208,0.0
0.7453087471802092,0.0,0.7480662863449348,0.0
0.7454023609706989,0.0,0.7481020342908413,0.0
0.7454959747611885,0.0,0.7481377822367479,0.0
0.7455816869946313,0.0,0.7481735301826544,0.0
0.7456673992280741,0.0,0.7482241205494297,0.0
0.7456959898805483,0.0,0.7483663668738151,0.0
0.7457245805330224,0.0,0.7484145476308348,0.0
0.7458196560372797,0.0,0.7484627283878547,0.0
0.7459065857624065,0.0,0.7486899655094005,0.0
0.7459935154875333,0.0,0.7489172026309463,0.0
0.7460804452126603,0.0,0.7491444397524922,0.0
0.7461673749377871,0.0,0.749371676874038,0.0
0.7463725869480589,0.0,0.7494707504509561,0.0
0.7465165143358691,0.0,0.7495564626843989,0.0
0.7466075027432069,0.0,0.7496421749178417,0.0
0.7466822300457159,0.0,0.7497412484947599,0.0
0.7467569573482248,0.0,0.7498397389882677,0.0
0.7468316846507337,0.0,0.7499382294817756,0.0
0.7469064119532427,0.0,0.7500367199752835,0.0
0.746966473171722,0.0,0.7501352104687914,0.0
0.7470265343902014,0.0,0.750228824259281,0.0
0.7471331238231678,0.0,0.7503224380497706,0.0
0.747239713256134,0.0,0.7504339213195271,0.0
0.7473463026891004,0.0,0.7505454045892836,0.0
0.7474399164795901,0.0,0.7505811525351902,0.0
0.7475024061108015,0.0,0.7506394494296272,0.0
0.747564895742013,0.0,0.7507554753320757,0.0
0.7476558841493509,0.0,0.750853294083186,0.0
0.7477460873338453,0.0,0.7509511128342963,0.0
0.7478362905183398,0.0,0.7510489315854066,0.0
0.7479984409000686,0.0,0.7511742949603228,0.0
0.7481605912817973,0.0,0.751299658335239,0.0
0.7482107991075955,0.0,0.7514111416049956,0.0
0.7482610069333936,0.0,0.7515713648833541,0.0
0.748358207687954,0.0,0.7516219552501293,0.0
0.7484182689064334,0.0,0.7517132878959268,0.0
0.7484783301249127,0.0,0.7518046205417244,0.0
0.7485383913433921,0.0,0.7518959531875219,0.0
0.7485984525618714,0.0,0.7519441339445417,0.0
0.7486486603876695,0.0,0.7520083519842836,0.0
0.7486988682134676,0.0,0.7520725700240255,0.0
0.7487490760392657,0.0,0.7521367880637674,0.0
0.7487992838650638,0.0,0.7522010061035092,0.0
0.7488666173418668,0.0,0.752265224143251,0.0
0.7489339508186699,0.0,0.7523294421829929,0.0
0.7490010701615499,0.0,0.7524896654613514,0.0
0.7492429411043263,0.0,0.75264988873971,0.0
0.7493995479930383,0.0,0.7527470894942705,0.0
0.749470637159517,0.0,0.7528922235345517,0.0
0.7495308633914254,0.0,0.752998812967518,0.0
0.7496177931165523,0.0,0.7531054024004843,0.0
0.7497047228416791,0.0,0.7532239962535452,0.0
0.7498344387043439,0.0,0.7533425901066061,0.0
0.7498895954464448,0.0,0.7534877241468871,0.0
0.7499447521885458,0.0,0.7536328581871683,0.0
0.7499999089306468,0.0,0.7537779922274495,0.0
0.7500550656727478,0.0,0.7539231262677306,0.0
0.7501102224148488,0.0,0.7540121295954991,0.0
0.750166160387293,0.0,0.7541011329232676,0.0
0.7502344988188572,0.0,0.7541901362510363,0.0
0.7503028372504214,0.0,0.7543228522651967,0.0
0.7503711756819855,0.0,0.7543939414316754,0.0
0.7504394791069686,0.0,0.7545560918134041,0.0
0.7505077825319517,0.0,0.7546282532719816,0.0
0.7505760859569348,0.0,0.7547195859177792,0.0
0.7506481878253238,0.0,0.7548109185635767,0.0
0.7507202896937129,0.0,0.7549022512093743,0.0
0.7508530057078733,0.0,0.7549935838551718,0.0
0.7510948766506497,0.0,0.7550849165009693,0.0
0.7511586188353417,0.0,0.7552009424034177,0.0
0.7512223610200338,0.0,0.7552817107663983,0.0
0.7512906644450169,0.0,0.7553624791293788,0.0
0.7513579979218199,0.0,0.7554432474923594,0.0
0.7514345298174073,0.0,0.7555319023003488,0.0
0.7515028682489715,0.0,0.7556180161878014,0.0
0.7515712066805357,0.0,0.755704130075254,0.0
0.7516413264212571,0.0,0.755787769963268,0.0
0.7517114461619787,0.0,0.7559131333381841,0.0
0.7517815659027002,0.0,0.7560158797519051,0.0
0.7519135600303601,0.0,0.7561337555070933,0.0
0.7519857214889376,0.0,0.7561843458738684,0.0
0.7520578233573266,0.0,0.7562349362406436,0.0
0.7521137613297708,0.0,0.756306123210634,0.0
0.752169699302215,0.0,0.7563773101806243,0.0
0.7522256372746591,0.0,0.7564898715698309,0.0
0.7522815752471033,0.0,0.7565788748975995,0.0
0.7523375132195474,0.0,0.756812243768833,0.0
0.7524553889747355,0.0,0.7569743941505619,0.0
0.7525732647299237,0.0,0.7572077630217955,0.0
0.7526450325789544,0.0,0.7574411318930291,0.0
0.7527168004279852,0.0,0.7576745007642627,0.0
0.7527933323235726,0.0,0.7578167470886481,0.0
0.7528520536929804,0.0,0.7579080839563022,0.0
0.7529107750623881,0.0,0.7579994208239562,0.0
0.7529694964317958,0.0,0.7580907576916104,0.0
0.7530282178012035,0.0,0.7581820903374079,0.0
0.7530869391706113,0.0,0.7582852750426985,0.0
0.7531995005598179,0.0,0.7583884597479891,0.0
0.7533120619490246,0.0,0.7584916444532797,0.0
0.753382181689746,0.0,0.7585856154451125,0.0
0.7534587135853335,0.0,0.7587276856407785,0.0
0.7535352454809208,0.0,0.7588697558364446,0.0
0.7536117773765081,0.0,0.7589610927040986,0.0
0.7536883092720955,0.0,0.7591108838853738,0.0
0.7537648411676828,0.0,0.7591890940921093,0.0
0.7538413730632703,0.0,0.7592467962994017,0.0
0.7539179049588576,0.0,0.759304498506694,0.0
0.7539944368544449,0.0,0.7593622007139864,0.0
0.7541241527171098,0.0,0.7594127910807615,0.0
0.7542538685797745,0.0,0.7594633814475368,0.0
0.7543835844424392,0.0,0.7595624550244549,0.0
0.7544820407618448,0.0,0.7597439772887411,0.0
0.7545804970812504,0.0,0.7598478897928302,0.0
0.7546707002657448,0.0,0.7599518022969195,0.0
0.7547609034502393,0.0,0.7600496210480298,0.0
0.7548511066347338,0.0,0.7601779240158596,0.0
0.7549538530484547,0.0,0.7602547590186605,0.0
0.7550717288036429,0.0,0.7603315940214613,0.0
0.755169075174028,0.0,0.7604084290242622,0.0
0.7552070265935094,0.0,0.7604970838322518,0.0
0.7552449780129906,0.0,0.7606253868000815,0.0
0.755282929432472,0.0,0.7607536897679114,0.0
0.7553208808519534,0.0,0.7609111551970599,0.0
0.7553588322714346,0.0,0.7610686206262084,0.0
0.7554267611107095,0.0,0.7611864963813966,0.0
0.7554946899499844,0.0,0.761293333646686,0.0
0.7555986024540736,0.0,0.7614388117555333,0.0
0.7557025149581628,0.0,0.7615808819511993,0.0
0.7558056996634533,0.0,0.7616782283215845,0.0
0.7558671442917294,0.0,0.7617494152915748,0.0
0.7559050957112107,0.0,0.7618206022615651,0.0
0.7560082804165013,0.0,0.7618917892315554,0.0
0.756111465121792,0.0,0.7619629762015457,0.0
0.7562054361136247,0.0,0.7620341631715362,0.0
0.7562772185565177,0.0,0.7621053501415265,0.0
0.7563490009994107,0.0,0.7621765371115168,0.0
0.7564207834423038,0.0,0.7622756106884349,0.0
0.7564925658851968,0.0,0.762368616837391,0.0
0.756578541317841,0.0,0.7624752108574852,0.0
0.7566464701571158,0.0,0.7625818048775793,0.0
0.7567143989963907,0.0,0.7626883988976735,0.0
0.7567823278356656,0.0,0.7628009602868802,0.0
0.7568502566749404,0.0,0.7629432066112656,0.0
0.7569250160703548,0.0,0.7630273073867011,0.0
0.7569997754657692,0.0,0.7631114081621365,0.0
0.7570745348611836,0.0,0.7632044143110926,0.0
0.757149294256598,0.0,0.7632974204600488,0.0
0.7572240536520124,0.0,0.7634241332490477,0.0
0.7572988130474269,0.0,0.7635626380741223,0.0
0.7574550941990947,0.0,0.763701142899197,0.0
0.7575737964952554,0.0,0.763843213094863,0.0
0.7576924987914161,0.0,0.7639354360596994,0.0
0.7578112010875767,0.0,0.7640276590245356,0.0
0.7579293432614504,0.0,0.764119881989372,0.0
0.7580474854353241,0.0,0.7642121049542082,0.0
0.7581334608679683,0.0,0.7643043279190446,0.0
0.7582194363006125,0.0,0.7643965508838809,0.0
0.7583054117332567,0.0,0.7645202912650126,0.0
0.7583913871659009,0.0,0.7646039311530266,0.0
0.758477362598545,0.0,0.7646875710410406,0.0
0.7585622245313921,0.0,0.7647683948997731,0.0
0.7586470864642392,0.0,0.7648337470219246,0.0
0.7587536804843333,0.0,0.7649758172175907,0.0
0.7588602745044275,0.0,0.7651178874132567,0.0
0.7589668685245217,0.0,0.7652101103780931,0.0
0.7590386509674147,0.0,0.7653023333429293,0.0
0.7591259133017828,0.0,0.7654586144945973,0.0
0.7592100140772182,0.0,0.7656148956462652,0.0
0.7592941148526537,0.0,0.7656831990712483,0.0
0.7593871210016099,0.0,0.7658286771800955,0.0
0.759480127150566,0.0,0.7658768579371152,0.0
0.7595731332995221,0.0,0.7659250386941351,0.0
0.7596591087321664,0.0,0.7659757931186878,0.0
0.7597670090813202,0.0,0.7660265475432404,0.0
0.7598749094304742,0.0,0.7661532603322392,0.0
0.7599828097796281,0.0,0.766279973121238,0.0
0.7600907101287819,0.0,0.7663640738966735,0.0
0.7601986104779358,0.0,0.7664481746721089,0.0
0.7603065108270897,0.0,0.7665322754475444,0.0
0.7604252131232504,0.0,0.7667547628190821,0.0
0.7604949179964855,0.0,0.7669772501906197,0.0
0.7605646228697207,0.0,0.7671997375621573,0.0
0.760672782527512,0.0,0.767422224933695,0.0
0.7607809421853033,0.0,0.7676447123052327,0.0
0.7608891018430946,0.0,0.7677700756801489,0.0
0.7609972615008859,0.0,0.7678067981443739,0.0
0.7610813622763213,0.0,0.7678832021780203,0.0
0.7611654630517568,0.0,0.7679596062116667,0.0
0.7612495638271923,0.0,0.7681158873633346,0.0
0.7613638335222663,0.0,0.7682721685150025,0.0
0.7614335383955014,0.0,0.7683626949475996,0.0
0.7615184003283485,0.0,0.7684532213801966,0.0
0.7616032622611956,0.0,0.7687778079047287,0.0
0.7616905245955636,0.0,0.768872232673935,0.0
0.7617777869299317,0.0,0.7689666574431412,0.0
0.7618650492642998,0.0,0.7690610822123475,0.0
0.7620537830202079,0.0,0.7691555069815537,0.0
0.762242516776116,0.0,0.76924993175076,0.0
0.7623336248565221,0.0,0.7693701115777846,0.0
0.7623439273874191,0.0,0.7694968243667833,0.0
0.762354229918316,0.0,0.7696205647479152,0.0
0.762364532449213,0.0,0.769744305129047,0.0
0.7623748349801099,0.0,0.7698680455101788,0.0
0.7623851375110069,0.0,0.7700027371918018,0.0
0.7624890500235908,0.0,0.7701374288734247,0.0
0.7626465154527393,0.0,0.7702721205550477,0.0
0.76272054638677,0.0,0.7704284017067157,0.0
0.7627945773208006,0.0,0.7705846828583836,0.0
0.7628642821940358,0.0,0.7706655067171162,0.0
0.7629583204892275,0.0,0.7707463305758487,0.0
0.7630523587844192,0.0,0.770822176169155,0.0
0.763146397079611,0.0,0.7708999087369577,0.0
0.7632404353748027,0.0,0.7710067460022472,0.0
0.7633344736699944,0.0,0.7711135832675367,0.0
0.7634285119651861,0.0,0.7711512741084258,0.0
0.7635225502603779,0.0,0.7711889649493149,0.0
0.7635328527912748,0.0,0.7712648105426212,0.0
0.7635431553221718,0.0,0.7713406561359274,0.0
0.7636062919507746,0.0,0.7714585318911156,0.0
0.7636694285793775,0.0,0.7715772341872762,0.0
0.7637325652079803,0.0,0.7716583267242796,0.0
0.7637957018365832,0.0,0.7720435770969626,0.0
0.763858838465186,0.0,0.7724288274696457,0.0
0.7639219750937888,0.0,0.7726175612255538,0.0
0.7639851117223917,0.0,0.7728062949814619,0.0
0.7640548960591219,0.0,0.7729102074940458,0.0
0.764124680395852,0.0,0.773234794018578,0.0
0.7641936937723086,0.0,0.7735593805431101,0.0
0.7642627071487652,0.0,0.7738839670676423,0.0
0.7643317205252217,0.0,0.7742085535921743,0.0
0.7644007339016783,0.0,0.7745938039648574,0.0
0.7644697472781349,0.0,0.7747088559266256,0.0
0.764658481034043,0.0,0.7748435476082486,0.0
0.76466878356494,0.0,0.7749782392898715,0.0
0.7647405514139707,0.0,0.7751129309714946,0.0
0.7648123192630014,0.0,0.7752279829332628,0.0
0.7648840871120322,0.0,0.775343034895031,0.0
0.764955854961063,0.0,0.7754212451017666,0.0
0.7650276228100937,0.0,0.7754994553085021,0.0
0.7654003048602621,0.0,0.7756181576046627,0.0
0.7654553345049434,0.0,0.7757368599008234,0.0
0.7655510711332468,0.0,0.775855562196984,0.0
0.7656240889066543,0.0,0.7759314077902904,0.0
0.7656867170181583,0.0,0.7759897046847274,0.0
0.7657493451296622,0.0,0.7760480015791643,0.0
0.7658119732411662,0.0,0.7761062984736014,0.0
0.7659077098694695,0.0,0.7762262534888889,0.0
0.766003446497773,0.0,0.7763469052803994,0.0
0.7660991831260764,0.0,0.7764675570719098,0.0
0.7662103308049586,0.0,0.7765486496089132,0.0
0.7662793441814152,0.0,0.7766297421459165,0.0
0.7663483575578717,0.0,0.7767398136591254,0.0
0.7664173709343283,0.0,0.7768498851723342,0.0
0.7664868037271729,0.0,0.7769371425033351,0.0
0.7665562365200176,0.0,0.7770282505837413,0.0
0.7666256693128622,0.0,0.7771187770163382,0.0
0.7667822762015742,0.0,0.7775040273890214,0.0
0.7668552939749818,0.0,0.7775608220585561,0.0
0.7668917402431432,0.0,0.7776523743768088,0.0
0.7669281865113048,0.0,0.7778411081327169,0.0
0.7669646327794662,0.0,0.778165694657249,0.0
0.7670010790476278,0.0,0.7784902811817812,0.0
0.7670375253157893,0.0,0.7788148677063134,0.0
0.7670739715839507,0.0,0.7788900740663669,0.0
0.7671104178521123,0.0,0.7790051260281351,0.0
0.7671674498418023,0.0,0.7791201779899033,0.0
0.7672747294506244,0.0,0.7792352299516716,0.0
0.7673499358106779,0.0,0.7793267822699242,0.0
0.7674251421707314,0.0,0.7794183345881768,0.0
0.7675208787990349,0.0,0.7795098869064294,0.0
0.7676166154273382,0.0,0.7795971442374302,0.0
0.767664796184358,0.0,0.7796844015684311,0.0
0.7677748676975669,0.0,0.779771658899432,0.0
0.7678849392107757,0.0,0.7798784961647215,0.0
0.7679950107239846,0.0,0.7802511782148899,0.0
0.7681050822371933,0.0,0.7803684915627218,0.0
0.7681621142268834,0.0,0.7804061824036109,0.0
0.7682191462165734,0.0,0.7804438732445,0.0
0.7682761782062635,0.0,0.7805679774952997,0.0
0.7683332101959535,0.0,0.7806920817460995,0.0
0.7684114204026891,0.0,0.780812036761387,0.0
0.7684896306094245,0.0,0.7808872431214405,0.0
0.76856784081616,0.0,0.7809983908003227,0.0
0.7686460510228955,0.0,0.7812122280550142,0.0
0.768724261229631,0.0,0.7813222995682231,0.0
0.7688808681183431,0.0,0.7814323710814319,0.0
0.7690374750070552,0.0,0.781548164076712,0.0
0.7690925046517365,0.0,0.7816431184722998,0.0
0.7691475342964178,0.0,0.7817380728678877,0.0
0.7692025639410991,0.0,0.7817951048575777,0.0
0.7692575935857804,0.0,0.7818733150643132,0.0
0.7693749069336123,0.0,0.7819515252710487,0.0
0.7694922202814443,0.0,0.7820297354777842,0.0
0.7696095336292762,0.0,0.7821079456845198,0.0
0.7698233708839676,0.0,0.7821992825521739,0.0
0.7700372081386591,0.0,0.7823143345139421,0.0
0.7702510453933505,0.0,0.7824092889095299,0.0
0.770464882648042,0.0,0.7825418051712627,0.0
0.7705430928547775,0.0,0.7826743214329954,0.0
0.770621303061513,0.0,0.7828881586876868,0.0
0.7707023955985164,0.0,0.7831019959423783,0.0
0.7707834881355197,0.0,0.7832179681669365,0.0
0.7708645806725231,0.0,0.7833339403914946,0.0
0.7709127614295429,0.0,0.7834742176572794,0.0
0.7709609421865626,0.0,0.7835814972661015,0.0
0.7710116966111153,0.0,0.7837091818296368,0.0
0.771062451035668,0.0,0.7838368663931721,0.0
0.7711132054602207,0.0,0.7839645509567074,0.0
0.7712457217219534,0.0,0.7840922355202427,0.0
0.7713782379836861,0.0,0.7842325127860276,0.0
0.7715107542454188,0.0,0.7843727900518124,0.0
0.771636496432147,0.0,0.7845130673175973,0.0
0.7717622386188754,0.0,0.7847269045722888,0.0
0.7718879808056037,0.0,0.7848426975675689,0.0
0.772013722992332,0.0,0.7849752138293016,0.0
0.7720687526370132,0.0,0.7851077300910343,0.0
0.7721237822816946,0.0,0.7852522939173472,0.0
0.7721788119263759,0.0,0.7853968577436601,0.0
0.7722338415710572,0.0,0.7855414215699731,0.0
0.7723199554585098,0.0,0.785685985396286,0.0
0.7724060693459625,0.0,0.7857956686006291,0.0
0.772492183233415,0.0,0.785912981948461,0.0
0.7726079762286951,0.0,0.786030295296293,0.0
0.7727237692239752,0.0,0.7861516109386422,0.0
0.7728395622192553,0.0,0.7862612941429854,0.0
0.7729553552145355,0.0,0.7863837702437293,0.0
0.7730878714762682,0.0,0.7865062463444732,0.0
0.773216174444098,0.0,0.7866287224452171,0.0
0.7733444774119278,0.0,0.7867511985459611,0.0
0.7734727803797576,0.0,0.7868679263469253,0.0
0.7736302458089062,0.0,0.7869846541478894,0.0
0.7737877112380547,0.0,0.7871249314136742,0.0
0.7738384656626074,0.0,0.7876459188064557,0.0
0.7738866464196272,0.0,0.7881669061992371,0.0
0.773934827176647,0.0,0.7881845008033634,0.0
0.7740793910029599,0.0,0.7882020954074898,0.0
0.7742239548292728,0.0,0.7882196900116161,0.0
0.7743100687167254,0.0,0.788276722001306,0.0
0.774396182604178,0.0,0.7883337539909961,0.0
0.7744798224921919,0.0,0.7883907859806861,0.0
0.7745634623802058,0.0,0.7884478179703762,0.0
0.7746471022682198,0.0,0.7889688053631576,0.0
0.7747307421562336,0.0,0.789489792755939,0.0
0.7748467143807918,0.0,0.7896055857512192,0.0
0.77496268660535,0.0,0.7897213787464993,0.0
0.775078658829908,0.0,0.7898022026052319,0.0
0.7751294132544607,0.0,0.7899103997245671,0.0
0.7751801676790133,0.0,0.7900185968439024,0.0
0.7752387678378154,0.0,0.7901453096329012,0.0
0.7752973679966176,0.0,0.790299489081522,0.0
0.7753781918553502,0.0,0.7904467011756579,0.0
0.7754920812605376,0.0,0.790562673400216,0.0
0.7756059706657249,0.0,0.7906765628054033,0.0
0.7757307764837478,0.0,0.7907904522105906,0.0
0.7758555823017708,0.0,0.790904341615778,0.0
0.7759416961892233,0.0,0.7910182310209654,0.0
0.7760278100766759,0.0,0.7911430368389882,0.0
0.7761139239641285,0.0,0.7912678426570112,0.0
0.7762000378515811,0.0,0.7914222918287486,0.0
0.7763199928668686,0.0,0.7915767410004859,0.0
0.7763464048268766,0.0,0.7917057731517474,0.0
0.7763728167868846,0.0,0.7918225009527116,0.0
0.7764985589736129,0.0,0.791951533103973,0.0
0.7766185139889004,0.0,0.7920597302233082,0.0
0.7767630778152134,0.0,0.7921515117960163,0.0
0.7768328203156387,0.0,0.7922432933687243,0.0
0.7769025628160642,0.0,0.7923674704699097,0.0
0.7769833866747968,0.0,0.7924916475710952,0.0
0.7770811993437153,0.0,0.7925792932364458,0.0
0.777179012012634,0.0,0.7926585388343851,0.0
0.7772768246815526,0.0,0.7927377844323243,0.0
0.7773642914319283,0.0,0.7928618886831241,0.0
0.777451758182304,0.0,0.7929382927167705,0.0
0.7775599553016393,0.0,0.7929740406626771,0.0
0.7776889874529007,0.0,0.7930745632708038,0.0
0.7778180196041622,0.0,0.7931750858789306,0.0
0.7779319090093495,0.0,0.7932756084870574,0.0
0.7780457984145369,0.0,0.7933369814287189,0.0
0.7781266222732695,0.0,0.7934841935228547,0.0
0.7782074461320021,0.0,0.7936314056169905,0.0
0.7783210465736201,0.0,0.7937581184059893,0.0
0.778434647015238,0.0,0.7939125675777267,0.0
0.7785864268183645,0.0,0.7939557137665734,0.0
0.7786442850814447,0.0,0.79399885995542,0.0
0.7787021433445248,0.0,0.7940420061442667,0.0
0.778760001607605,0.0,0.7940998644073468,0.0
0.7788682659963203,0.0,0.7942081287960622,0.0
0.7789765303850358,0.0,0.7942445750642237,0.0
0.7790847947737511,0.0,0.7942810213323852,0.0
0.7791929918930864,0.0,0.7943174676005468,0.0
0.7793011890124216,0.0,0.7943725181463911,0.0
0.7793886557627974,0.0,0.7944892459473553,0.0
0.7794761225131731,0.0,0.7945323921362019,0.0
0.7795635892635489,0.0,0.7945860179328836,0.0
0.7796333317639743,0.0,0.7946396437295654,0.0
0.7797268994793133,0.0,0.7946932695262472,0.0
0.7798204671946523,0.0,0.794746895322929,0.0
0.7799140349099911,0.0,0.7948005211196107,0.0
0.7800076026253301,0.0,0.7948555716654552,0.0
0.7801011703406691,0.0,0.7949106222112995,0.0
0.780194738056008,0.0,0.7949656727571438,0.0
0.7802818051401293,0.0,0.7950135892616218,0.0
0.7804263689664422,0.0,0.7950615057660998,0.0
0.7805855646771983,0.0,0.7951094222705777,0.0
0.7807447603879545,0.0,0.7952176866592932,0.0
0.7809039560987105,0.0,0.7953259510480085,0.0
0.7810631518094667,0.0,0.7955162268773682,0.0
0.7812223475202228,0.0,0.7956864181883778,0.0
0.7813320307245659,0.0,0.7957272438384484,0.0
0.7814417139289092,0.0,0.7959175196678081,0.0
0.7815658910300947,0.0,0.7961077954971678,0.0
0.7816195168267764,0.0,0.7962980713265274,0.0
0.7817099303735554,0.0,0.7964883471558871,0.0
0.7818003439203344,0.0,0.7965436243950405,0.0
0.7819108920021463,0.0,0.7965953710110959,0.0
0.782021440083958,0.0,0.7966471176271512,0.0
0.7821319881657699,0.0,0.7967049758902313,0.0
0.7822425362475818,0.0,0.7967628341533114,0.0
0.7823530843293935,0.0,0.7968471625946969,0.0
0.7824067101260753,0.0,0.7969314910360825,0.0
0.782468083067737,0.0,0.797015819477468,0.0
0.7825551501518583,0.0,0.7970965883501294,0.0
0.7826422172359797,0.0,0.7971773572227908,0.0
0.7827326307827587,0.0,0.7972566028207301,0.0
0.7828023732831841,0.0,0.7973358484186693,0.0
0.782895940998523,0.0,0.7973722946868309,0.0
0.782989508713862,0.0,0.7974087409549924,0.0
0.78310310915548,0.0,0.7975990167843521,0.0
0.7832272862566654,0.0,0.797638065771856,0.0
0.783314931922016,0.0,0.79767711475936,0.0
0.7834511167052535,0.0,0.7978565089191301,0.0
0.7834919423553242,0.0,0.7979326753735334,0.0
0.7835327680053948,0.0,0.7979758215623801,0.0
0.7836089344597983,0.0,0.7980189677512268,0.0
0.7836625602564801,0.0,0.7980621139400734,0.0
0.7837161860531618,0.0,0.7981052601289201,0.0
0.7837698118498436,0.0,0.7982009967572236,0.0
0.7838234376465254,0.0,0.7982967333855269,0.0
0.7839030161680091,0.0,0.7983697511589344,0.0
0.7839825946894928,0.0,0.7984427689323419,0.0
0.7840621732109765,0.0,0.7984792152005034,0.0
0.7841476588403045,0.0,0.7985156614686649,0.0
0.7842331444696323,0.0,0.7985678383912895,0.0
0.7843104208220881,0.0,0.7986903144920335,0.0
0.7843876971745439,0.0,0.7987763106262157,0.0
0.7845394769776703,0.0,0.7988623067603979,0.0
0.7846246248669696,0.0,0.7989483028945801,0.0
0.784709772756269,0.0,0.7990711425931621,0.0
0.7847949206455682,0.0,0.7991924582355114,0.0
0.7848800685348675,0.0,0.7993953757134735,0.0
0.7849652164241668,0.0,0.7995172287123643,0.0
0.7850503643134661,0.0,0.7996600344284941,0.0
0.7851639647550841,0.0,0.799733437240315,0.0
0.785256820803024,0.0,0.7997870630369968,0.0
0.7853496768509638,0.0,0.7998710912848445,0.0
0.7854351624802917,0.0,0.7999551195326922,0.0
0.7855206481096196,0.0,0.7999938173288398,0.0
0.7856061337389476,0.0,0.8000325151249874,0.0
0.7856916193682755,0.0,0.8001097914774432,0.0
0.7857771049976034,0.0,0.8001870678298989,0.0
0.7859107369167823,0.0,0.8002643441823547,0.0
0.78594943471293,0.0,0.8003416205348104,0.0
0.7859881325090776,0.0,0.8004188968872662,0.0
0.7860268303052254,0.0,0.800496173239722,0.0
0.786104106657681,0.0,0.8005369988897926,0.0
0.7861813830101368,0.0,0.8005887455058479,0.0
0.7862586593625925,0.0,0.8006292330463713,0.0
0.7863359357150483,0.0,0.8006809796624267,0.0
0.7863764232555717,0.0,0.800810975985485,0.0
0.7864511826509861,0.0,0.8010055010582383,0.0
0.7864916701915095,0.0,0.8012000261309916,0.0
0.7865758186475904,0.0,0.8013945512037449,0.0
0.786665861622398,0.0,0.8015890762764982,0.0
0.7867559045972057,0.0,0.8016278781070062,0.0
0.7868459475720132,0.0,0.8016665759031539,0.0
0.7869359905468208,0.0,0.8017052736993016,0.0
0.7869747923773288,0.0,0.8017439714954492,0.0
0.7870134901734764,0.0,0.8019233656552193,0.0
0.7870521879696242,0.0,0.8021027598149895,0.0
0.787185819888803,0.0,0.8021761626268104,0.0
0.7873194518079819,0.0,0.8022312131726547,0.0
0.7874123078559218,0.0,0.802286490411808,0.0
0.7875051639038617,0.0,0.802370638867889,0.0
0.7876075022330992,0.0,0.8025651639406423,0.0
0.7876658201773561,0.0,0.8026385667524631,0.0
0.7877241381216131,0.0,0.802711969564284,0.0
0.78778245606587,0.0,0.8027853723761049,0.0
0.7878229436063935,0.0,0.802849114560797,0.0
0.7878791381606823,0.0,0.8029471933510873,0.0
0.7879353327149713,0.0,0.8030312215989349,0.0
0.7879915272692601,0.0,0.8031152498467826,0.0
0.7880523167919716,0.0,0.8032085578202554,0.0
0.7881131063146831,0.0,0.8033018657937282,0.0
0.7881738958373946,0.0,0.8033423533342516,0.0
0.7882346853601061,0.0,0.803382840874775,0.0
0.7882954748828176,0.0,0.8034233284152984,0.0
0.7883562644055291,0.0,0.8034783789611427,0.0
0.7883967519460525,0.0,0.803533429506987,0.0
0.7884818998353518,0.0,0.8035884800528315,0.0
0.7886684159528042,0.0,0.8036435305986758,0.0
0.7888549320702568,0.0,0.803722776196615,0.0
0.7890414481877093,0.0,0.8038020217945543,0.0
0.7892466601979811,0.0,0.8038812673924937,0.0
0.7894518722082527,0.0,0.8039756731166247,0.0
0.7894765456829149,0.0,0.804052077150271,0.0
0.789501219157577,0.0,0.8041284811839174,0.0
0.7895731438608956,0.0,0.8042712869000473,0.0
0.7896450685642141,0.0,0.8044140926161771,0.0
0.7897169932675328,0.0,0.804556898332307,0.0
0.7897889179708513,0.0,0.8046997040484368,0.0
0.7898608426741699,0.0,0.8047547545942811,0.0
0.7899327673774884,0.0,0.8049045457755564,0.0
0.790035105706726,0.0,0.8050543369568316,0.0
0.7901374440359634,0.0,0.8051226403818147,0.0
0.7902278932519087,0.0,0.8051909438067978,0.0
0.7903183424678539,0.0,0.8052592472317808,0.0
0.7904087916837991,0.0,0.8054853064468569,0.0
0.7904992408997443,0.0,0.8055590158572052,0.0
0.7905239143744064,0.0,0.8056173338014622,0.0
0.7905485878490686,0.0,0.8057666333615594,0.0
0.7905732613237307,0.0,0.8059159329216565,0.0
0.7905979347983928,0.0,0.8060652324817537,0.0
0.7907341195816303,0.0,0.8062145320418509,0.0
0.7908133382259463,0.0,0.8063445283649091,0.0
0.7908925568702623,0.0,0.8064438390283787,0.0
0.7909717755145782,0.0,0.8065071834963458,0.0
0.7910509941588941,0.0,0.8065705279643127,0.0
0.79113021280321,0.0,0.8066338724322798,0.0
0.7912839436647077,0.0,0.8066972169002469,0.0
0.7914376745262054,0.0,0.8069053753926186,0.0
0.791591405387703,0.0,0.807014674501458,0.0
0.7917451362492006,0.0,0.807072992445715,0.0
0.7918988671106983,0.0,0.8071313103899719,0.0
0.792052597972196,0.0,0.8072050198003203,0.0
0.7920942634446732,0.0,0.8072787292106687,0.0
0.7921359289171503,0.0,0.8073424713953608,0.0
0.7921992733851174,0.0,0.8073841003152249,0.0
0.7922626178530845,0.0,0.8074257657877021,0.0
0.7923259623210515,0.0,0.8074674312601793,0.0
0.7923893067890185,0.0,0.8075482675891039,0.0
0.7925829420269299,0.0,0.8076440042174072,0.0
0.7926852803561674,0.0,0.8077397408457107,0.0
0.7927876186854049,0.0,0.8078354774740141,0.0
0.7928899570146425,0.0,0.8079312141023174,0.0
0.7929315859345066,0.0,0.8081341315802796,0.0
0.7931367979447783,0.0,0.8083370490582418,0.0
0.7933420099550501,0.0,0.8085399665362039,0.0
0.7934501841897142,0.0,0.808742884014166,0.0
0.7935583584243784,0.0,0.8089458014921282,0.0
0.7936665326590426,0.0,0.8091487189700903,0.0
0.7938027174422801,0.0,0.8093516364480525,0.0
0.7939389022255177,0.0,0.8094646804710646,0.0
0.7940750870087553,0.0,0.8095777244940765,0.0
0.7941610831429374,0.0,0.8096907685170884,0.0
0.7942470792771197,0.0,0.809790079180558,0.0
0.7943330754113018,0.0,0.8098446457886634,0.0
0.7944235246272471,0.0,0.8098992123967689,0.0
0.7945772554887447,0.0,0.8099537790048742,0.0
0.7947309863502424,0.0,0.8100083456129796,0.0
0.79488471721174,0.0,0.8101394243537967,0.0
0.7949275162187199,0.0,0.8102487234626361,0.0
0.7950993080465875,0.0,0.8103580225714755,0.0
0.7951987662711636,0.0,0.8104673216803149,0.0
0.7952982244957397,0.0,0.8105766207891543,0.0
0.7953922121881157,0.0,0.8106208304823521,0.0
0.7954364218813135,0.0,0.8106624594022163,0.0
0.795541976271358,0.0,0.8107052584091962,0.0
0.7956475306614025,0.0,0.8111417578729531,0.0
0.79581932248927,0.0,0.8115782573367101,0.0
0.7959116551374296,0.0,0.8117280485179852,0.0
0.7960172095274741,0.0,0.8118779697018611,0.0
0.7961227639175186,0.0,0.8120278908857369,0.0
0.796228318307563,0.0,0.8121778120696127,0.0
0.7962699472274272,0.0,0.8122771227330823,0.0
0.796362745222716,0.0,0.8123578916057437,0.0
0.7964555432180047,0.0,0.8124386604784051,0.0
0.7965366184768266,0.0,0.8125194293510665,0.0
0.7966359370233602,0.0,0.8126407449934158,0.0
0.7967229853852043,0.0,0.8127753644702488,0.0
0.7968100337470484,0.0,0.8129099839470817,0.0
0.7968970821088924,0.0,0.8130328236456638,0.0
0.7969910698012684,0.0,0.8131320531254653,0.0
0.7970850574936444,0.0,0.8132819743093412,0.0
0.7971843760401781,0.0,0.8134312738694384,0.0
0.7972836945867118,0.0,0.8135405729782778,0.0
0.7973330462463367,0.0,0.8136716517190948,0.0
0.7973823979059617,0.0,0.8137225418376844,0.0
0.7974317495655866,0.0,0.8137734319562742,0.0
0.7974811012252117,0.0,0.8138227836158991,0.0
0.7975304528848366,0.0,0.813872135275524,0.0
0.7976071513951004,0.0,0.813921486935149,0.0
0.7976673501467152,0.0,0.8139708385947739,0.0
0.7977182402653049,0.0,0.814020190254399,0.0
0.7977691303838945,0.0,0.8140695419140239,0.0
0.7978200205024842,0.0,0.8141297406656387,0.0
0.7978709106210738,0.0,0.8141806307842284,0.0
0.7979202622806989,0.0,0.8142787095745186,0.0
0.7980693936291194,0.0,0.814376788364809,0.0
0.7982185249775401,0.0,0.8148132878285659,0.0
0.7983676563259607,0.0,0.8149632090124418,0.0
0.7984758305606249,0.0,0.8150440453413663,0.0
0.7986186362767548,0.0,0.815124881670291,0.0
0.7987614419928846,0.0,0.8152066484811068,0.0
0.7989042477090145,0.0,0.8152884152919228,0.0
0.7990253315654933,0.0,0.8153701821027386,0.0
0.7991464154219722,0.0,0.815495272883336,0.0
0.799267499278451,0.0,0.8155461630019257,0.0
0.7993441977887149,0.0,0.8156007296100312,0.0
0.7994272440429245,0.0,0.815836795627483,0.0
0.7995102902971343,0.0,0.816072861644935,0.0
0.7996251326526447,0.0,0.8161456127703005,0.0
0.799739975008155,0.0,0.8162566155469114,0.0
0.7998001737597699,0.0,0.8163676183235222,0.0
0.7998603725113846,0.0,0.816478621100133,0.0
0.7999205712629995,0.0,0.8165896238767439,0.0
0.8000446755137992,0.0,0.8167207026175609,0.0
0.800168779764599,0.0,0.8167809013691758,0.0
0.8002928840153988,0.0,0.8168411001207906,0.0
0.8005361153643751,0.0,0.8169012988724055,0.0
0.8007793467133515,0.0,0.8169572649070288,0.0
0.8010225780623279,0.0,0.8170151188760476,0.0
0.8010804320313467,0.0,0.8170928514438502,0.0
0.8011382860003654,0.0,0.8172058954668623,0.0
0.8012593698568443,0.0,0.8172822995005087,0.0
0.8013804537133231,0.0,0.8173587035341551,0.0
0.801461528972145,0.0,0.8174665367073702,0.0
0.8015426042309668,0.0,0.8175204779667793,0.0
0.8016236794897886,0.0,0.8175744192261883,0.0
0.8017664852059185,0.0,0.8176283604855974,0.0
0.8019092909220483,0.0,0.8176862144546162,0.0
0.8020075185901209,0.0,0.8178113052352136,0.0
0.8021057462581933,0.0,0.8179663727857615,0.0
0.8022771438818865,0.0,0.8179915148482736,0.0
0.8024485415055796,0.0,0.8180792602836545,0.0
0.8026199391292728,0.0,0.8182308776854664,0.0
0.8026774277675385,0.0,0.8183824950872783,0.0
0.8027333938021619,0.0,0.8184451231987823,0.0
0.8027893598367852,0.0,0.8185077513102862,0.0
0.8028453258714087,0.0,0.8186225936657966,0.0
0.80294657039152,0.0,0.818737436021307,0.0
0.8030478149116314,0.0,0.818868514762124,0.0
0.8031360888605906,0.0,0.8191045807795759,0.0
0.8032407343877073,0.0,0.8193406467970278,0.0
0.803345379914824,0.0,0.8194717255378449,0.0
0.8034500254419408,0.0,0.8195327444381847,0.0
0.8036932567909172,0.0,0.8195937633385244,0.0
0.80379738074461,0.0,0.8196477045979335,0.0
0.8038776370312203,0.0,0.8197016458573425,0.0
0.8040490346549134,0.0,0.8198009565208121,0.0
0.8041215995938571,0.0,0.8199002671842817,0.0
0.8041941645328008,0.0,0.8199994966640832,0.0
0.8042667294717445,0.0,0.8201076107733941,0.0
0.8043392944106882,0.0,0.8202157248827049,0.0
0.8044118593496318,0.0,0.8203238389920158,0.0
0.8045026642038989,0.0,0.8204268587815662,0.0
0.804593469058166,0.0,0.8205298785711165,0.0
0.804684273912433,0.0,0.8205908974714563,0.0
0.8047354585586083,0.0,0.820651916371796,0.0
0.8048237325075676,0.0,0.8207078824064195,0.0
0.8049951301312607,0.0,0.8207638484410429,0.0
0.8051674109469551,0.0,0.8208328618174994,0.0
0.8053396917626494,0.0,0.820902294610344,0.0
0.8055119725783438,0.0,0.8209274366728563,0.0
0.8056842533940383,0.0,0.8209525787353684,0.0
0.8057750582483053,0.0,0.8209777207978806,0.0
0.8058658631025725,0.0,0.8211019226100936,0.0
0.8059566679568395,0.0,0.8212261244223066,0.0
0.8060474728111066,0.0,0.8213811919728544,0.0
0.8061277290977168,0.0,0.8215362595234023,0.0
0.8062205270930055,0.0,0.8215915255453292,0.0
0.8063133250882943,0.0,0.8216467915672561,0.0
0.8064061230835831,0.0,0.821882857584708,0.0
0.8064989210788718,0.0,0.8219403462229737,0.0
0.8065981505586735,0.0,0.8220013651233135,0.0
0.8067017920144759,0.0,0.8220623840236533,0.0
0.8068059159681688,0.0,0.8221234029239931,0.0
0.8069078033062883,0.0,0.8222475744781517,0.0
0.8069901661718926,0.0,0.8225473260207723,0.0
0.8070725290374967,0.0,0.8226281623496968,0.0
0.807154891903101,0.0,0.8226809530385202,0.0
0.8072372547687052,0.0,0.822736219060447,0.0
0.8072925207906322,0.0,0.8227884512239834,0.0
0.807347786812559,0.0,0.8228406833875197,0.0
0.8074409224289509,0.0,0.8228929155510561,0.0
0.8075340580453427,0.0,0.8229641014846953,0.0
0.8076359453834623,0.0,0.8230152861308705,0.0
0.8077378327215818,0.0,0.8231403769114679,0.0
0.8078180890081921,0.0,0.8231876673621911,0.0
0.8078983452948023,0.0,0.8232429333841179,0.0
0.8080706261104966,0.0,0.823312385961075,0.0
0.8081529889761009,0.0,0.8233813993375316,0.0
0.8082117662872315,0.0,0.8234691447729124,0.0
0.8082705435983621,0.0,0.8235568902082934,0.0
0.8083293209094927,0.0,0.823626323001138,0.0
0.8083880982206233,0.0,0.8236957557939827,0.0
0.8084468755317539,0.0,0.8237583839054866,0.0
0.8085056528428844,0.0,0.8238614036950369,0.0
0.808564430154015,0.0,0.8239644234845873,0.0
0.8086232074651457,0.0,0.8240637341480569,0.0
0.8086704979158688,0.0,0.8241630448115264,0.0
0.8087257639377956,0.0,0.8242623554749959,0.0
0.8087810299597226,0.0,0.8243616661384655,0.0
0.808882917297842,0.0,0.8244145040364794,0.0
0.8089848046359616,0.0,0.8244673419344932,0.0
0.8090866919740811,0.0,0.8245261192456238,0.0
0.8091885793122006,0.0,0.8245848965567545,0.0
0.8092878899756701,0.0,0.8247090681109132,0.0
0.8093872006391397,0.0,0.8247852589280621,0.0
0.8095100403377217,0.0,0.8249392235292069,0.0
0.809560321132831,0.0,0.8249914556927432,0.0
0.8096782332962227,0.0,0.8250387461434663,0.0
0.8097961454596143,0.0,0.8250612216321177,0.0
0.809914057623006,0.0,0.825083697120769,0.0
0.8100319697863976,0.0,0.8251061726094204,0.0
0.8101498819497892,0.0,0.8251823634265695,0.0
0.8102740535039479,0.0,0.8252326442216787,0.0
0.8103982250581065,0.0,0.8252829250167881,0.0
0.8104504572216429,0.0,0.8254008371801798,0.0
0.8105026893851792,0.0,0.8255187493435714,0.0
0.8105549215487156,0.0,0.825636661506963,0.0
0.8106071537122519,0.0,0.8257545736703547,0.0
0.810654444162975,0.0,0.8258724858337463,0.0
0.8107493145631555,0.0,0.8259356224623491,0.0
0.8108529560189579,0.0,0.8259859032574585,0.0
0.8109565974747602,0.0,0.8260361840525677,0.0
0.8110602389305627,0.0,0.8263178916521595,0.0
0.8111638803863651,0.0,0.8263810282807624,0.0
0.8112675218421675,0.0,0.8264441649093652,0.0
0.8113667513219691,0.0,0.826507301537968,0.0
0.8114170321170785,0.0,0.8265704381665709,0.0
0.8115200519066288,0.0,0.8266402225033012,0.0
0.8116230716961792,0.0,0.8267092358797576,0.0
0.8117260914857295,0.0,0.8267782492562142,0.0
0.8118291112752799,0.0,0.8268472626326707,0.0
0.8119284219387495,0.0,0.8269162760091273,0.0
0.8120277326022189,0.0,0.8269852893855839,0.0
0.8121270432656885,0.0,0.8270543027620404,0.0
0.8122263539291581,0.0,0.8271304935791894,0.0
0.8123256645926276,0.0,0.8272113357864334,0.0
0.8124249752560971,0.0,0.8272921779936774,0.0
0.8124951222562505,0.0,0.8273730202009213,0.0
0.8125652692564039,0.0,0.8274538624081652,0.0
0.8126354162565573,0.0,0.8275347046154091,0.0
0.8126856970516667,0.0,0.8276155468226531,0.0
0.812735977846776,0.0,0.8276963890298971,0.0
0.8127862586418854,0.0,0.8277754865910276,0.0
0.8128903825955782,0.0,0.827845633591181,0.0
0.8129945065492711,0.0,0.8279157805913344,0.0
0.8130927342173436,0.0,0.8279859275914877,0.0
0.8131909618854161,0.0,0.8280362083865971,0.0
0.8132858322855965,0.0,0.8282199393869131,0.0
0.8133807026857769,0.0,0.8284036703872291,0.0
0.8134755730859573,0.0,0.8285874013875449,0.0
0.8136784905639195,0.0,0.8286601525129106,0.0
0.8138814080418817,0.0,0.8287329036382761,0.0
0.8140843255198438,0.0,0.8288056547636417,0.0
0.814287242997806,0.0,0.82887936417399,0.0
0.8144901604757682,0.0,0.8289874782833009,0.0
0.8146930779537302,0.0,0.8290955923926118,0.0
0.8147589842094185,0.0,0.8292037065019225,0.0
0.8148397530820799,0.0,0.8293042291100493,0.0
0.8149205219547413,0.0,0.8294047517181761,0.0
0.8150012908274027,0.0,0.8294494199117901,0.0
0.8150820597000641,0.0,0.829494088105404,0.0
0.8151628285727255,0.0,0.829574930312648,0.0
0.8152841442150748,0.0,0.8297091105974751,0.0
0.8154059972139656,0.0,0.8297987691964545,0.0
0.815505307877435,0.0,0.8298724786068028,0.0
0.8157082253553972,0.0,0.8299461880171511,0.0
0.8157874709533365,0.0,0.8300252855782817,0.0
0.8158667165512757,0.0,0.8301043831394123,0.0
0.8159459621492151,0.0,0.8301338743385213,0.0
0.8160252077471544,0.0,0.830415581938113,0.0
0.8161044533450936,0.0,0.8304814881938013,0.0
0.816183698943033,0.0,0.8305473944494896,0.0
0.8162629445409723,0.0,0.8306133007051778,0.0
0.8163050175585206,0.0,0.8306792069608661,0.0
0.8163709238142088,0.0,0.8307856821913387,0.0
0.8164368300698971,0.0,0.8308921574218114,0.0
0.8165027363255853,0.0,0.8309986326522841,0.0
0.8165686425812736,0.0,0.8310814648490231,0.0
0.8166899582236229,0.0,0.8312154074526711,0.0
0.8168112738659722,0.0,0.831260075646285,0.0
0.8170141913439343,0.0,0.8313887915320718,0.0
0.8171090617441148,0.0,0.8315175074178586,0.0
0.8172171758534256,0.0,0.8316478607723665,0.0
0.8173252899627365,0.0,0.8317302236379708,0.0
0.8174334040720472,0.0,0.8317890009491014,0.0
0.8175558801727912,0.0,0.8318477782602319,0.0
0.8176783562735351,0.0,0.8319065555713625,0.0
0.817800832374279,0.0,0.8320369089258703,0.0
0.8179233084750229,0.0,0.8321672622803783,0.0
0.8180457845757668,0.0,0.8322976156348861,0.0
0.8181375661484749,0.0,0.8324315582385341,0.0
0.8182293477211828,0.0,0.8325655008421822,0.0
0.818287460612331,0.0,0.8326236137333303,0.0
0.8183455735034793,0.0,0.8326817266244785,0.0
0.8183876465210277,0.0,0.8327869430621273,0.0
0.818429719538576,0.0,0.8328921594997761,0.0
0.8184674103794651,0.0,0.832997375937425,0.0
0.8185051012203542,0.0,0.8330710853477733,0.0
0.8185427920612434,0.0,0.8331131583653217,0.0
0.8185804829021324,0.0,0.8331552313828701,0.0
0.8187011346936429,0.0,0.8331973044004185,0.0
0.8188217864851534,0.0,0.8332632106561068,0.0
0.8189484992741523,0.0,0.8333460428528456,0.0
0.819075212063151,0.0,0.8334468257889716,0.0
0.8192296612348884,0.0,0.8335304622366396,0.0
0.8193841104066257,0.0,0.8336140986843076,0.0
0.8195385595783632,0.0,0.8337480412879557,0.0
0.8196334299785436,0.0,0.8338125778187786,0.0
0.8197386464161924,0.0,0.8339018286051043,0.0
0.8198438628538413,0.0,0.83399107939143,0.0
0.8199490792914901,0.0,0.8340803301777557,0.0
0.8200039933320553,0.0,0.8341695809640816,0.0
0.8201121074413662,0.0,0.8342195898274573,0.0
0.820220221550677,0.0,0.834269598690833,0.0
0.8203283356599879,0.0,0.8343724350717221,0.0
0.8206280872026085,0.0,0.8344752714526114,0.0
0.8211247654342428,0.0,0.8345398079834343,0.0
0.8212196358344233,0.0,0.8346043445142574,0.0
0.8213145062346037,0.0,0.8346688810450803,0.0
0.8215369936061413,0.0,0.8347334175759032,0.0
0.8217594809776789,0.0,0.8347979541067262,0.0
0.8219819683492166,0.0,0.8348794321578451,0.0
0.8222044557207542,0.0,0.8348992639148334,0.0
0.8222222787999489,0.0,0.8349170869940281,0.0
0.8222401018791436,0.0,0.8349720010345933,0.0
0.8222579249583384,0.0,0.8349898241137881,0.0
0.8222757480375331,0.0,0.8354865023454224,0.0
0.8222935711167277,0.0,0.8359831805770568,0.0
0.8223113941959225,0.0,0.836479858808691,0.0
0.8223292172751172,0.0,0.8369765370403254,0.0
0.8224360545404067,0.0,0.8370287139629501,0.0
0.8225428918056962,0.0,0.8371652481409189,0.0
0.8226497290709857,0.0,0.8372707583586212,0.0
0.8227565663362751,0.0,0.8373762685763236,0.0
0.8228543850873855,0.0,0.8374817787940261,0.0
0.8229797484623016,0.0,0.8375808068564424,0.0
0.8231051118372178,0.0,0.8376529087248314,0.0
0.823230475212134,0.0,0.8377088466972756,0.0
0.8233558385870502,0.0,0.8377647846697198,0.0
0.8234744324401111,0.0,0.837803526706167,0.0
0.8235930262931719,0.0,0.8378422687426142,0.0
0.8236908450442822,0.0,0.8378600918218089,0.0
0.8237886637953926,0.0,0.8378779149010036,0.0
0.8238864825465029,0.0,0.8378957379801983,0.0
0.8239342061325241,0.0,0.8379135610593931,0.0
0.8239729481689714,0.0,0.8379313841385878,0.0
0.8240116902054185,0.0,0.837973488679898,0.0
0.8240504322418657,0.0,0.8379837912107949,0.0
0.8242729196134034,0.0,0.8379940937416919,0.0
0.8243841160857343,0.0,0.8380043962725888,0.0
0.8244953125580652,0.0,0.8380146988034858,0.0
0.8249919907896994,0.0,0.838084483140216,0.0
0.8254886690213338,0.0,0.8381852660763418,0.0
0.8259853472529681,0.0,0.8382352749397176,0.0
0.8261140631387549,0.0,0.8382866983756277,0.0
0.8262427790245417,0.0,0.838306530132616,0.0
0.8263176184143687,0.0,0.8383263618896043,0.0
0.8263944534171695,0.0,0.8383984637579933,0.0
0.8264712884199704,0.0,0.8384808266235976,0.0
0.8265481234227713,0.0,0.8385631894892018,0.0
0.8266249584255722,0.0,0.8386455523548061,0.0
0.8266763818614824,0.0,0.8387043296659367,0.0
0.8267278052973926,0.0,0.8387631069770672,0.0
0.8267792287333029,0.0,0.8388218842881978,0.0
0.8268300018928748,0.0,0.8389941651038922,0.0
0.8268807750524468,0.0,0.8390873007202841,0.0
0.826922879593757,0.0,0.8391594025886732,0.0
0.8269649841350672,0.0,0.8392410014341583,0.0
0.8270070886763774,0.0,0.8393994846450366,0.0
0.8270491932176877,0.0,0.8394415891863468,0.0
0.8270912977589978,0.0,0.839483693727657,0.0
0.8271334023003081,0.0,0.8395257982689672,0.0
0.8271848257362182,0.0,0.8395679028102774,0.0
0.8273004908610627,0.0,0.8396100073515875,0.0
0.8274161559859072,0.0,0.8396614307874978,0.0
0.827527352458238,0.0,0.839712854223408,0.0
0.827638548930569,0.0,0.8398350051817355,0.0
0.8277497454028998,0.0,0.8399571561400629,0.0
0.8278609418752307,0.0,0.8400849938287209,0.0
0.8279721383475616,0.0,0.840212831517379,0.0
0.8280192553581318,0.0,0.8403406692060371,0.0
0.8280663723687022,0.0,0.840441452142163,0.0
0.828143207371503,0.0,0.840542235078289,0.0
0.8282200423743039,0.0,0.8405809771147361,0.0
0.8282968773771048,0.0,0.8406317502743081,0.0
0.8283737123799056,0.0,0.8407307783367245,0.0
0.8284505473827065,0.0,0.8408298063991408,0.0
0.8285606704246513,0.0,0.8409288344615572,0.0
0.8286707934665961,0.0,0.8410307217996768,0.0
0.8287809165085409,0.0,0.8411326091377963,0.0
0.8288910395504857,0.0,0.8412344964759157,0.0
0.8289381565610561,0.0,0.8413363838140353,0.0
0.8289852735716263,0.0,0.8414729179920041,0.0
0.8290360467311984,0.0,0.8415807511652192,0.0
0.8291840597548429,0.0,0.8416885843384344,0.0
0.8293320727784875,0.0,0.8417964175116496,0.0
0.82947898229208,0.0,0.8419042506848649,0.0
0.8295891053340247,0.0,0.84201208385808,0.0
0.8297250848602812,0.0,0.8420936827035651,0.0
0.8298610643865376,0.0,0.8422988947138369,0.0
0.829997043912794,0.0,0.8425041067241086,0.0
0.8301330234390505,0.0,0.8425501315225528,0.0
0.8302690029653069,0.0,0.8425914468230354,0.0
0.8303553780387215,0.0,0.8426385638336057,0.0
0.830441753112136,0.0,0.842685680844176,0.0
0.8305782872901047,0.0,0.8427327978547463,0.0
0.8307148214680735,0.0,0.8427799148653166,0.0
0.8308426591567315,0.0,0.8428270318758868,0.0
0.8309704968453896,0.0,0.8428778050354588,0.0
0.8310206867771418,0.0,0.8429285781950308,0.0
0.8311760160658058,0.0,0.842978768126783,0.0
0.83133134535447,0.0,0.8430289580585352,0.0
0.831486674643134,0.0,0.8430803814944454,0.0
0.8316420039317981,0.0,0.8431281050804666,0.0
0.8316833192322808,0.0,0.843236264738258,0.0
0.8317246345327635,0.0,0.8432775800387406,0.0
0.8317659498332461,0.0,0.8433188953392233,0.0
0.8318130668438164,0.0,0.8434773785501016,0.0
0.831961079867461,0.0,0.8435237132387622,0.0
0.8320816767663418,0.0,0.8436215259076808,0.0
0.8321277015647859,0.0,0.8437938067233752,0.0
0.8321737263632301,0.0,0.8439660875390695,0.0
0.8322239162949823,0.0,0.8441098680028744,0.0
0.8322741062267345,0.0,0.844253648466679,0.0
0.8323242961584867,0.0,0.8442812747923285,0.0
0.8323744860902389,0.0,0.8443615310789387,0.0
0.8324901512150833,0.0,0.8444417873655489,0.0
0.8326058163399278,0.0,0.8446002705764272,0.0
0.8327214814647723,0.0,0.8446726800287268,0.0
0.8328518348192802,0.0,0.8448778920389984,0.0
0.832982188173788,0.0,0.8448881945698954,0.0
0.8331125415282958,0.0,0.8449513311984983,0.0
0.8332428948828038,0.0,0.8450144678271011,0.0
0.8334554298519038,0.0,0.8450920601816964,0.0
0.8337160303264368,0.0,0.8452785762991489,0.0
0.8339766308009698,0.0,0.8454837883094206,0.0
0.8342372312755029,0.0,0.8455298131078648,0.0
0.8344978317500359,0.0,0.845580003039617,0.0
0.8347584322245689,0.0,0.8456301929713692,0.0
0.8347912950603232,0.0,0.8456803829031213,0.0
0.8348241578960774,0.0,0.8457264077015655,0.0
0.8348701826945216,0.0,0.8457724325000097,0.0
0.8349162074929658,0.0,0.8459589486174621,0.0
0.8350715367816298,0.0,0.8461454647349147,0.0
0.8351921336805106,0.0,0.8462194956689453,0.0
0.8353127305793914,0.0,0.846293526602976,0.0
0.8354333274782721,0.0,0.8463038291338729,0.0
0.8355398027087448,0.0,0.8463141316647699,0.0
0.8356462779392175,0.0,0.8464160190028893,0.0
0.835792734091676,0.0,0.8465179063410089,0.0
0.8359391902441344,0.0,0.8466197936791284,0.0
0.8360856463965929,0.0,0.8467021565447327,0.0
0.8362321025490513,0.0,0.8468279579818621,0.0
0.8364927030235844,0.0,0.8469537594189915,0.0
0.8367533034981174,0.0,0.8470000941076521,0.0
0.8368038337437866,0.0,0.8470447623012661,0.0
0.8368543639894559,0.0,0.8470912117573166,0.0
0.8368942548720686,0.0,0.8471376612133671,0.0
0.8369341457546813,0.0,0.847147963744264,0.0
0.8371466807237813,0.0,0.8472282200308743,0.0
0.8373592156928813,0.0,0.8473276440473694,0.0
0.8374097459385506,0.0,0.847402819019576,0.0
0.8374602761842197,0.0,0.8474796046258058,0.0
0.837510806429889,0.0,0.8474978627600968,0.0
0.8376269087334999,0.0,0.8475161208943875,0.0
0.8377430110371107,0.0,0.8475666511400568,0.0
0.8378591133407216,0.0,0.8476065420226695,0.0
0.8379752156443325,0.0,0.8476464329052822,0.0
0.83809736660266,0.0,0.8476792957410365,0.0
0.838225204291318,0.0,0.8477121585767907,0.0
0.8383530419799761,0.0,0.84776268882246,0.0
0.8384808796686342,0.0,0.8478132190681292,0.0
0.8385863898863366,0.0,0.8479213787259205,0.0
0.8386919001040389,0.0,0.8479719089715897,0.0
0.8387983753345116,0.0,0.848022439217259,0.0
0.8388469313610615,0.0,0.8480729694629282,0.0
0.8389690823193889,0.0,0.848160924130801,0.0
0.839052718767057,0.0,0.8482488787986738,0.0
0.8391341968181759,0.0,0.8482953282547243,0.0
0.8392397070358782,0.0,0.8483449926120579,0.0
0.8393655084730077,0.0,0.8483984039647608,0.0
0.8394913099101372,0.0,0.8485131254239687,0.0
0.8395790553455181,0.0,0.8486278468831767,0.0
0.8396609358916202,0.0,0.8487209824995686,0.0
0.839846306552285,0.0,0.8488117873538357,0.0
0.8398948625788348,0.0,0.8489025922081027,0.0
0.8399453928245041,0.0,0.8489933970623699,0.0
0.8399959230701733,0.0,0.8490842019166369,0.0
0.8400464533158425,0.0,0.8491644582032472,0.0
0.8402318239765073,0.0,0.8492271574746952,0.0
0.8404590610980531,0.0,0.8493428225995397,0.0
0.840686298219599,0.0,0.8494584877243841,0.0
0.8409135353411448,0.0,0.8495741528492287,0.0
0.8411407724626907,0.0,0.8496438577224639,0.0
0.8413680095842365,0.0,0.8497135625956991,0.0
0.8415952467057823,0.0,0.8497832674689342,0.0
0.8418224838273282,0.0,0.8498318234954841,0.0
0.8418851830987762,0.0,0.849880379522034,0.0
0.8419478823702243,0.0,0.8499289355485838,0.0
0.8419984985013675,0.0,0.849979551679727,0.0
0.8420491146325108,0.0,0.8500547266519336,0.0
0.8420673727668017,0.0,0.8501052568976029,0.0
0.8420856309010925,0.0,0.8501557871432721,0.0
0.8421341869276423,0.0,0.8502309621154787,0.0
0.8421602617847228,0.0,0.8502936613869269,0.0
0.8421863366418032,0.0,0.8503563606583749,0.0
0.8422124114988837,0.0,0.8505286414740694,0.0
0.8423470309757167,0.0,0.8507009222897637,0.0
0.8424816504525497,0.0,0.8507543336424667,0.0
0.8426044901511317,0.0,0.8508521463113853,0.0
0.8426671894225799,0.0,0.8509499589803039,0.0
0.842729888694028,0.0,0.8510374257306796,0.0
0.8427925879654761,0.0,0.8511248924810554,0.0
0.8428552872369243,0.0,0.8512123592314311,0.0
0.8429667705066808,0.0,0.85127710182623,0.0
0.8430782537764373,0.0,0.8513418444210288,0.0
0.8431897370461938,0.0,0.8514065870158275,0.0
0.8433012203159503,0.0,0.8516158897927211,0.0
0.843461443594309,0.0,0.8516785890641692,0.0
0.8434859493924595,0.0,0.8517385630295309,0.0
0.84351045519061,0.0,0.8518082679027661,0.0
0.8435688128262646,0.0,0.8519361055914241,0.0
0.8436271704619194,0.0,0.8520639432800822,0.0
0.8437873937402779,0.0,0.8521800455836931,0.0
0.8439476170186364,0.0,0.8522961478873039,0.0
0.844038949664434,0.0,0.8524122501909148,0.0
0.8441302823102316,0.0,0.8525283524945257,0.0
0.8442216149560291,0.0,0.8525910517659738,0.0
0.8443129476018266,0.0,0.8526537510374219,0.0
0.8444042802476242,0.0,0.8527043671685651,0.0
0.8444956128934217,0.0,0.8527654165733051,0.0
0.8445869455392192,0.0,0.8528237742089597,0.0
0.844645303174874,0.0,0.8528989491811664,0.0
0.8447890836386788,0.0,0.8529741241533729,0.0
0.844919079961737,0.0,0.8530324817890277,0.0
0.8449999162906616,0.0,0.8530908394246824,0.0
0.8450807526195862,0.0,0.8531696450321158,0.0
0.8451877515131743,0.0,0.8532054494931361,0.0
0.8452351079208493,0.0,0.8532528059008112,0.0
0.8452824643285243,0.0,0.8533001623084863,0.0
0.8453737969743219,0.0,0.8533262371655667,0.0
0.8454651296201194,0.0,0.8533523120226472,0.0
0.8456102636604005,0.0,0.853463508494978,0.0
0.8457553977006816,0.0,0.8535747049673089,0.0
0.8459005317409628,0.0,0.8536859014396397,0.0
0.846045665781244,0.0,0.8537970979119707,0.0
0.846190799821525,0.0,0.8539082943843015,0.0
0.8462798031492936,0.0,0.8539831337741285,0.0
0.8463688064770621,0.0,0.854009208631209,0.0
0.8466021753482957,0.0,0.8541531360190192,0.0
0.8468355442195293,0.0,0.8542970634068295,0.0
0.8470689130907629,0.0,0.8544409907946398,0.0
0.8473022819619965,0.0,0.8545274967880805,0.0
0.8474092808555846,0.0,0.8546140027815212,0.0
0.8475162797491728,0.0,0.8546865677204649,0.0
0.8476232786427609,0.0,0.8547591326594086,0.0
0.8477110240781418,0.0,0.8548316975983523,0.0
0.8477987695135226,0.0,0.8549225024526194,0.0
0.8478824059611907,0.0,0.8550133073068864,0.0
0.8479641727720066,0.0,0.8551041121611535,0.0
0.8480459395828225,0.0,0.8551912858110502,0.0
0.8481277063936384,0.0,0.8552838245741536,0.0
0.8482714868574431,0.0,0.8553763633372571,0.0
0.8483265374032876,0.0,0.8554821853862106,0.0
0.8484650422283622,0.0,0.855598546514262,0.0
0.8486035470534369,0.0,0.8556979705307571,0.0
0.8487456172491029,0.0,0.8557973945472522,0.0
0.848887687444769,0.0,0.8558846568816203,0.0
0.8489366668164969,0.0,0.8559719192159884,0.0
0.848984023224172,0.0,0.8559964250141389,0.0
0.849031379631847,0.0,0.8560209308122894,0.0
0.849078736039522,0.0,0.8562261428225612,0.0
0.8491260924471971,0.0,0.8564313548328328,0.0
0.8492793460435278,0.0,0.8565025190243356,0.0
0.8494608683078141,0.0,0.8565685582217842,0.0
0.8495498716355826,0.0,0.8567737702320559,0.0
0.8496388749633512,0.0,0.8569015426136052,0.0
0.8496766231900589,0.0,0.8570293149951544,0.0
0.8497143714167666,0.0,0.8570795228209525,0.0
0.8497521196434744,0.0,0.8572535253216371,0.0
0.8497898678701822,0.0,0.8573206446645172,0.0
0.8498388472419102,0.0,0.8573719283374381,0.0
0.8499196835708347,0.0,0.8574197005894878,0.0
0.8500005198997593,0.0,0.8574674728415375,0.0
0.8500522665158147,0.0,0.8575176806673356,0.0
0.85010401313187,0.0,0.8575850141441386,0.0
0.8501557597479253,0.0,0.8576323705518136,0.0
0.8502075063639807,0.0,0.8576797269594886,0.0
0.850337502687039,0.0,0.8577270833671636,0.0
0.8503651290126883,0.0,0.8577744397748387,0.0
0.8504185403653913,0.0,0.8578456039663415,0.0
0.8504719517180943,0.0,0.8579167681578442,0.0
0.8505866731773022,0.0,0.8580161921743392,0.0
0.8506370626066417,0.0,0.8581156161908343,0.0
0.8506874520359812,0.0,0.8582150402073294,0.0
0.8507378414653206,0.0,0.8582862043988322,0.0
0.8507856137173704,0.0,0.8583365938281716,0.0
0.85083338596942,0.0,0.8583869832575112,0.0
0.8509754561650861,0.0,0.8584373726868506,0.0
0.8511175263607521,0.0,0.85848776211619,0.0
0.8512595965564181,0.0,0.8585750244505581,0.0
0.8514016667520842,0.0,0.8586831841083494,0.0
0.8514938897169205,0.0,0.8587913437661407,0.0
0.8515861126817569,0.0,0.8589070088909851,0.0
0.8516783356465931,0.0,0.8590226740158297,0.0
0.8517705586114295,0.0,0.8591338704881605,0.0
0.8518627815762657,0.0,0.8592450669604914,0.0
0.8519550045411021,0.0,0.8592940463322194,0.0
0.8520472275059383,0.0,0.8593430257039474,0.0
0.8520893864981548,0.0,0.8595144233276405,0.0
0.8521315454903714,0.0,0.8596858209513337,0.0
0.8521737044825879,0.0,0.8598572185750268,0.0
0.8522659274474241,0.0,0.8599520889752073,0.0
0.852389667828556,0.0,0.860071667939454,0.0
0.8525134082096878,0.0,0.8601665383396344,0.0
0.8526371485908196,0.0,0.8602614087398149,0.0
0.8527608889719515,0.0,0.8603840174170478,0.0
0.8528955806535744,0.0,0.8605066260942807,0.0
0.8530471980553863,0.0,0.8605612612119898,0.0
0.8531818897370093,0.0,0.8606408397334735,0.0
0.853297688415231,0.0,0.8606785879601813,0.0
0.8533630405373825,0.0,0.860716336186889,0.0
0.8534164234583876,0.0,0.8607540844135968,0.0
0.8534817755805392,0.0,0.8607918326403045,0.0
0.8535321650098786,0.0,0.8609023807221163,0.0
0.8535829038849174,0.0,0.8609972511222967,0.0
0.8536336427599561,0.0,0.8610921215224772,0.0
0.8536820519899208,0.0,0.8611869919226576,0.0
0.8537304612198853,0.0,0.861281862322838,0.0
0.8537788704498498,0.0,0.8613767327230185,0.0
0.8538272796798144,0.0,0.8614353156546072,0.0
0.8539619713614374,0.0,0.8614938985861958,0.0
0.8540966630430603,0.0,0.8615524815177846,0.0
0.8542313547246833,0.0,0.8616172241125835,0.0
0.8543660464063062,0.0,0.8616819667073822,0.0
0.8544565728389032,0.0,0.861746709302181,0.0
0.8545470992715003,0.0,0.8618114518969798,0.0
0.8545955085014648,0.0,0.8618761944917787,0.0
0.8546439177314294,0.0,0.8619925556198301,0.0
0.8546860767236459,0.0,0.8621089167478816,0.0
0.8547282357158624,0.0,0.8622803143715747,0.0
0.8547458303199887,0.0,0.8623224733637912,0.0
0.8547634249241151,0.0,0.8623646323560077,0.0
0.8547810195282413,0.0,0.8624067913482242,0.0
0.8548360700740857,0.0,0.862522590026446,0.0
0.85489112061993,0.0,0.862577225144155,0.0
0.8552157071444622,0.0,0.8626318602618641,0.0
0.8555402936689942,0.0,0.8626831439347851,0.0
0.8558648801935264,0.0,0.862734427607706,0.0
0.8561894667180585,0.0,0.862785711280627,0.0
0.8565140532425907,0.0,0.8628278702728435,0.0
0.8568386397671228,0.0,0.8629638497990999,0.0
0.857163226291655,0.0,0.8630401801668711,0.0
0.8574878128161871,0.0,0.8630935630878762,0.0
0.8575385516912258,0.0,0.8631566341970032,0.0
0.8576039038133774,0.0,0.8632607492822489,0.0
0.8577601849650452,0.0,0.8633648643674947,0.0
0.8581454353377284,0.0,0.863419953534407,0.0
0.8582022300072631,0.0,0.8634750427013193,0.0
0.8582655863465471,0.0,0.8635301318682316,0.0
0.8583102080190397,0.0,0.8636175986186073,0.0
0.8583548296915321,0.0,0.8637050653689831,0.0
0.8583994513640246,0.0,0.8637534745989476,0.0
0.8584440730365172,0.0,0.8638018838289121,0.0
0.8584886947090097,0.0,0.8638502930588767,0.0
0.8585792211416067,0.0,0.8639274989989203,0.0
0.8586342716874511,0.0,0.8640038293666915,0.0
0.8586893222332954,0.0,0.8640669004758185,0.0
0.8587443727791397,0.0,0.8641299715849454,0.0
0.858799423324984,0.0,0.86417838081491,0.0
0.8588547005641375,0.0,0.8642267900448746,0.0
0.8589099778032908,0.0,0.8642751992748392,0.0
0.8590246992624988,0.0,0.8643173582670557,0.0
0.8590726157669768,0.0,0.8643619799395482,0.0
0.8591205322714547,0.0,0.8644127188145869,0.0
0.8592118691391089,0.0,0.8645232668963988,0.0
0.8593032060067629,0.0,0.8645886190185503,0.0
0.8593981604023507,0.0,0.864639357893589,0.0
0.8595544415540186,0.0,0.8646900967686278,0.0
0.8596416988850195,0.0,0.864861494392321,0.0
0.8597289562160204,0.0,0.8649745384153329,0.0
0.8598162135470212,0.0,0.8650875824383449,0.0
0.8598659154890715,0.0,0.8652006264613569,0.0
0.8599292718283555,0.0,0.8653136704843689,0.0
0.8599926281676396,0.0,0.8654300316124203,0.0
0.8600559845069234,0.0,0.8655376470244837,0.0
0.8604412348796066,0.0,0.8656102119634274,0.0
0.8608264852522896,0.0,0.865682776902371,0.0
0.8612117356249727,0.0,0.8657324412597046,0.0
0.861339420188508,0.0,0.8657957975989885,0.0
0.8614671047520432,0.0,0.8658317820368189,0.0
0.861607382017828,0.0,0.8658677664746492,0.0
0.8616622241126912,0.0,0.8659037509124795,0.0
0.8617119260547416,0.0,0.8659671072517635,0.0
0.8617991833857425,0.0,0.8660712312054564,0.0
0.8618941377813303,0.0,0.8662228486072683,0.0
0.8619890921769181,0.0,0.8663744660090802,0.0
0.8621484055729871,0.0,0.8664940449733269,0.0
0.8622034561188314,0.0,0.8666083146684009,0.0
0.8622585066646757,0.0,0.8667124297536467,0.0
0.8623135572105202,0.0,0.8668165448388924,0.0
0.862361473714998,0.0,0.8669206599241381,0.0
0.8625707764918916,0.0,0.8669840162634221,0.0
0.8626579501417883,0.0,0.8670286379359147,0.0
0.8627560289320785,0.0,0.8670732596084072,0.0
0.8628963061978634,0.0,0.867210915517519,0.0
0.8630365834636483,0.0,0.8672598325892554,0.0
0.8631768607294331,0.0,0.8673653825450763,0.0
0.863317137995218,0.0,0.8674709325008972,0.0
0.8638381253879994,0.0,0.8675764824567181,0.0
0.8643591127807809,0.0,0.867682032412539,0.0
0.8648801001735623,0.0,0.86778758236836,0.0
0.8649160846113927,0.0,0.8678931323241809,0.0
0.8649520690492231,0.0,0.8679377539966734,0.0
0.8649880534870533,0.0,0.8679823756691659,0.0
0.8650240379248837,0.0,0.8680312927409022,0.0
0.865060022362714,0.0,0.8680802098126386,0.0
0.8650960068005443,0.0,0.8681262218053508,0.0
0.8651319912383746,0.0,0.8681759237474012,0.0
0.8652596758019099,0.0,0.8682256256894515,0.0
0.8653873603654452,0.0,0.8682889820287355,0.0
0.8654931824143987,0.0,0.8685308529715118,0.0
0.8656354287387841,0.0,0.8685668374093422,0.0
0.8657776750631696,0.0,0.8686157544810784,0.0
0.8658243905598924,0.0,0.8686517389189088,0.0
0.8658711060566151,0.0,0.8687065810137719,0.0
0.8663920934493965,0.0,0.8687763235141973,0.0
0.8665088212503607,0.0,0.8688460660146228,0.0
0.8666255490513248,0.0,0.8689510511081245,0.0
0.866742276852289,0.0,0.8690522956282359,0.0
0.8668590046532532,0.0,0.8691535401483472,0.0
0.8669057201499759,0.0,0.869212430782772,0.0
0.8669524356466987,0.0,0.8693007047317313,0.0
0.8669991511434214,0.0,0.8694170658597827,0.0
0.8670455618892099,0.0,0.8695547217688946,0.0
0.8670919726349984,0.0,0.8696923776780066,0.0
0.8671383833807867,0.0,0.8698300335871185,0.0
0.8672925628294077,0.0,0.869933675042921,0.0
0.8673460274182775,0.0,0.8701755459856974,0.0
0.8673994920071474,0.0,0.8703321528744093,0.0
0.8674529565960173,0.0,0.8703776636002332,0.0
0.8675064211848871,0.0,0.8704832135560541,0.0
0.867559885773757,0.0,0.870588763511875,0.0
0.8676133503626269,0.0,0.8706351742576635,0.0
0.8677284023243951,0.0,0.8706815850034518,0.0
0.8678434542861634,0.0,0.8707279957492403,0.0
0.8679585062479316,0.0,0.8707639801870706,0.0
0.8680735582096999,0.0,0.870799964624901,0.0
0.8681886101714681,0.0,0.8708466801216237,0.0
0.8683036621332364,0.0,0.8708933956183464,0.0
0.8684187140950046,0.0,0.8709401111150692,0.0
0.868511252858108,0.0,0.8709868266117919,0.0
0.8686037916212116,0.0,0.8710335421085147,0.0
0.8687631050172806,0.0,0.8710846239732951,0.0
0.8689332963282902,0.0,0.871138088562165,0.0
0.8691235721576498,0.0,0.8711915531510348,0.0
0.8692707842517856,0.0,0.8712450177399047,0.0
0.8694179963459213,0.0,0.8713031429738246,0.0
0.8695652084400571,0.0,0.871354224838605,0.0
0.8696083546289038,0.0,0.8714583487922979,0.0
0.8696515008177504,0.0,0.8715659642043613,0.0
0.8696946470065972,0.0,0.8716700881580541,0.0
0.8697377931954439,0.0,0.8717742121117471,0.0
0.8697809393842905,0.0,0.8718724397798195,0.0
0.869846291506442,0.0,0.871976081235622,0.0
0.8699116436285934,0.0,0.8720797226914244,0.0
0.8699571543544172,0.0,0.8721833641472269,0.0
0.870002665080241,0.0,0.8722870056030293,0.0
0.8701542824820528,0.0,0.8723906470588316,0.0
0.8701943348060812,0.0,0.8724441116477015,0.0
0.8702447103636064,0.0,0.8724975762365714,0.0
0.870434986192966,0.0,0.8725578023792857,0.0
0.8706252620223257,0.0,0.872618028522,0.0
0.8708155378516853,0.0,0.8726691103867803,0.0
0.871005813681045,0.0,0.872788984668618,0.0
0.8711960895104047,0.0,0.8728175753210922,0.0
0.8712351384979087,0.0,0.8728672396784257,0.0
0.8712855140554338,0.0,0.8729169040357592,0.0
0.8713358896129588,0.0,0.8729665683930927,0.0
0.871386265170484,0.0,0.8730712139202095,0.0
0.8714366407280091,0.0,0.8731758594473261,0.0
0.8714870162855343,0.0,0.8734190907963025,0.0
0.8715301624743809,0.0,0.873662322145279,0.0
0.8715733086632276,0.0,0.8739055534942552,0.0
0.8716164548520743,0.0,0.8741487848432317,0.0
0.8718109799248276,0.0,0.8741991604007568,0.0
0.8718843827366485,0.0,0.8742495359582819,0.0
0.8719577855484694,0.0,0.874299911515807,0.0
0.8720311883602903,0.0,0.8743502870733322,0.0
0.8721603724729031,0.0,0.8744006626308573,0.0
0.872305601874475,0.0,0.8744510381883824,0.0
0.8723706022913421,0.0,0.8745212089269223,0.0
0.8724356027082091,0.0,0.8746140069222111,0.0
0.872500603125076,0.0,0.8747068049174999,0.0
0.87253965211258,0.0,0.8747996029127886,0.0
0.8727190462723501,0.0,0.8748924009080773,0.0
0.8728984404321202,0.0,0.8749851989033661,0.0
0.8730778345918903,0.0,0.8750411368758103,0.0
0.8731428350087573,0.0,0.8752671960908863,0.0
0.8732078354256243,0.0,0.8753544584252544,0.0
0.8732478877496526,0.0,0.8754079230141243,0.0
0.8732984781164278,0.0,0.875453433739948,0.0
0.873349068483203,0.0,0.875518625881769,0.0
0.8733996588499783,0.0,0.8755838180235901,0.0
0.8735160199780297,0.0,0.8756625445370471,0.0
0.8736323811060812,0.0,0.8757308829686112,0.0
0.8737487422341327,0.0,0.8758191569175705,0.0
0.8738651033621841,0.0,0.8758874953491347,0.0
0.8739293214019259,0.0,0.8759740013425754,0.0
0.8739879043335147,0.0,0.8760605073360161,0.0
0.8740464872651034,0.0,0.8761470133294569,0.0
0.8741050701966921,0.0,0.8762638227728018,0.0
0.874256687598504,0.0,0.8763348211990961,0.0
0.8744512126712574,0.0,0.8764058196253905,0.0
0.8746457377440107,0.0,0.876476818051685,0.0
0.874840262816764,0.0,0.8765168703757134,0.0
0.8750347878895173,0.0,0.8765852088072775,0.0
0.8751081907013382,0.0,0.8766471454304975,0.0
0.875181593513159,0.0,0.8767277772074995,0.0
0.875333210914971,0.0,0.8768026685338072,0.0
0.8755413694073427,0.0,0.8768775598601148,0.0
0.8755788137750576,0.0,0.8769524511864225,0.0
0.8756438141919246,0.0,0.8770174516032895,0.0
0.8757303201853653,0.0,0.8770824520201564,0.0
0.8758168261788061,0.0,0.8771474524370234,0.0
0.8759590725031915,0.0,0.8772124528538905,0.0
0.8760504093708457,0.0,0.8772774532707575,0.0
0.8761417462384997,0.0,0.8773424536876244,0.0
0.8762330831061538,0.0,0.8773825060116528,0.0
0.876283673472929,0.0,0.8774176347738778,0.0
0.8764352908747409,0.0,0.8774828269156988,0.0
0.876485881241516,0.0,0.877551165347263,0.0
0.8765364716082913,0.0,0.8775862941094881,0.0
0.8766457707171307,0.0,0.8777122105221271,0.0
0.8767550698259701,0.0,0.8778569183162965,0.0
0.8768643689348095,0.0,0.877955145984369,0.0
0.8773008683985665,0.0,0.8780479439796578,0.0
0.8777373678623234,0.0,0.8781285757566597,0.0
0.8777858238002924,0.0,0.8782092075336617,0.0
0.8779374412021043,0.0,0.8782849852289815,0.0
0.877996331836529,0.0,0.8784611426603852,0.0
0.8781456313966262,0.0,0.8786373000917891,0.0
0.8782949309567233,0.0,0.8787056385233533,0.0
0.8784442305168205,0.0,0.8787430828910683,0.0
0.8785935300769177,0.0,0.8788218094045253,0.0
0.8787428296370149,0.0,0.8788967007308329,0.0
0.8788521287458543,0.0,0.8790560141269019,0.0
0.8789614278546937,0.0,0.8792153275229709,0.0
0.8790707269635331,0.0,0.879277264146191,0.0
0.8791870880915845,0.0,0.8794263954946117,0.0
0.8792512442433267,0.0,0.8795345697292758,0.0
0.8793520271794526,0.0,0.8796327973973482,0.0
0.8797885266432095,0.0,0.8797310250654208,0.0
0.8799384478270854,0.0,0.8798020234917152,0.0
0.8800883690109612,0.0,0.8798746466956769,0.0
0.8801658294261686,0.0,0.8799472698996388,0.0
0.8803157506100444,0.0,0.8800683537561177,0.0
0.8804656717939202,0.0,0.8801894376125965,0.0
0.880615592977796,0.0,0.8802863264339698,0.0
0.8809528195199519,0.0,0.8803909719610865,0.0
0.8812900460621077,0.0,0.8804880448452114,0.0
0.8816272726042635,0.0,0.8806091287016902,0.0
0.8819644991464194,0.0,0.8807350451143293,0.0
0.8823017256885752,0.0,0.8808609615269684,0.0
0.8826389522307311,0.0,0.8809868779396075,0.0
0.8827700309715482,0.0,0.8811434848283195,0.0
0.8829011097123651,0.0,0.8812265310825292,0.0
0.8830321884531822,0.0,0.881309577336739,0.0
0.8830692188708364,0.0,0.8814306611932178,0.0
0.8831062492884906,0.0,0.8815517450496967,0.0
0.8831704054402328,0.0,0.881621487550122,0.0
0.8832346234799746,0.0,0.881715055265461,0.0
0.883292325687267,0.0,0.8817615047215116,0.0
0.8833500278945593,0.0,0.8818099606594806,0.0
0.8834077301018517,0.0,0.8818772941362836,0.0
0.883465432309144,0.0,0.8819930928145054,0.0
0.8835231345164364,0.0,0.8820604262913084,0.0
0.8835808367237287,0.0,0.8822041354507595,0.0
0.8838625443233205,0.0,0.8823478446102104,0.0
0.8841442519229122,0.0,0.8824969759586311,0.0
0.884253028812732,0.0,0.8826461073070517,0.0
0.8843841075535491,0.0,0.8829833338492076,0.0
0.884620173571001,0.0,0.8833205603913634,0.0
0.8848562395884529,0.0,0.8836577869335193,0.0
0.8850923056059048,0.0,0.8838014960929703,0.0
0.8853283716233568,0.0,0.8840935540368338,0.0
0.8855644376408087,0.0,0.8844307805789896,0.0
0.8856645279716001,0.0,0.8847680071211455,0.0
0.8857646183023915,0.0,0.8851052336633013,0.0
0.8858647086331828,0.0,0.8851422640809555,0.0
0.8859647989639742,0.0,0.8851792944986097,0.0
0.8860018293816284,0.0,0.8852434506503519,0.0
0.8860563959897338,0.0,0.8853294260829961,0.0
0.8861109625978393,0.0,0.8854154015156402,0.0
0.8861655292059446,0.0,0.8856589688632357,0.0
0.88622009581405,0.0,0.8858155757519477,0.0
0.8862746624221555,0.0,0.8859721826406598,0.0
0.8863388804618973,0.0,0.8860532578994816,0.0
0.886458754743735,0.0,0.8861343331583035,0.0
0.886596410652847,0.0,0.8864483885207805,0.0
0.8866686826696999,0.0,0.886596812703983,0.0
0.8867297015700396,0.0,0.8867452368871857,0.0
0.8867907204703794,0.0,0.8867832015413802,0.0
0.8868517393707193,0.0,0.8868211661955748,0.0
0.886912758271059,0.0,0.8869997706388153,0.0
0.8869737771713988,0.0,0.8871783750820557,0.0
0.8870347960717386,0.0,0.8872754479661805,0.0
0.8870958149720783,0.0,0.8873725208503054,0.0
0.8872045918618982,0.0,0.8874492193605693,0.0
0.8872827127640505,0.0,0.8875259178708331,0.0
0.8873608336662029,0.0,0.887606993129655,0.0
0.8874919124070199,0.0,0.8876880683884768,0.0
0.8876006892968397,0.0,0.887752224540219,0.0
0.8876258313593519,0.0,0.8880442824840825,0.0
0.887650973421864,0.0,0.8883363404279461,0.0
0.8876761154843762,0.0,0.8884073388542405,0.0
0.8877012575468884,0.0,0.8885859432974809,0.0
0.8878254593591014,0.0,0.8887645477407213,0.0
0.8879496611713144,0.0,0.8888342902411468,0.0
0.8880277528177848,0.0,0.8890088741857681,0.0
0.8881000248346377,0.0,0.8891834581303895,0.0
0.8881535814718727,0.0,0.8892488102525409,0.0
0.8882071381091077,0.0,0.8893489005833323,0.0
0.8882606947463427,0.0,0.8894489909141237,0.0
0.8883142513835778,0.0,0.889549081244915,0.0
0.8883678080208128,0.0,0.8895861116625692,0.0
0.8884320260605547,0.0,0.8896583836794221,0.0
0.8884962441002966,0.0,0.8897432456122691,0.0
0.8885604621400384,0.0,0.8898281075451162,0.0
0.8887441931403544,0.0,0.8899362817797803,0.0
0.8889279241406703,0.0,0.8900222572124246,0.0
0.8890041149578194,0.0,0.8901082326450688,0.0
0.8890803057749684,0.0,0.8901863242915392,0.0
0.8891564965921174,0.0,0.8902585963083921,0.0
0.8892707510222493,0.0,0.8903367172105444,0.0
0.8893850054523812,0.0,0.8904148381126968,0.0
0.8894992598825131,0.0,0.8905149284434882,0.0
0.889613514312645,0.0,0.8907329868921361,0.0
0.8896663050014684,0.0,0.8907576603667983,0.0
0.8896887804901197,0.0,0.8907823338414603,0.0
0.8897112559787711,0.0,0.8908070073161225,0.0
0.8897337314674224,0.0,0.8909212617462544,0.0
0.8898031840443795,0.0,0.891409132386643,0.0
0.8899119609341993,0.0,0.8917011903305065,0.0
0.8899831468678385,0.0,0.8919932482743701,0.0
0.8900380821408594,0.0,0.8920179217490322,0.0
0.8901757380499714,0.0,0.8920425952236943,0.0
0.8902124605141964,0.0,0.8920672686983564,0.0
0.8902491829784215,0.0,0.892155195342276,0.0
0.8902859054426465,0.0,0.8922276925956002,0.0
0.8903835570524101,0.0,0.8923001898489242,0.0
0.8904130482515192,0.0,0.8923726871022484,0.0
0.8905967792518352,0.0,0.8924451843555725,0.0
0.8906944308615988,0.0,0.8925176816088967,0.0
0.8907840894605782,0.0,0.8926538663921342,0.0
0.8908565867139022,0.0,0.8927900511753717,0.0
0.8909290839672264,0.0,0.8929262359586092,0.0
0.8910015812205505,0.0,0.8930624207418468,0.0
0.8910740784738747,0.0,0.8931416393861628,0.0
0.8911465757271987,0.0,0.8932498136208269,0.0
0.8913005403283435,0.0,0.893357987855491,0.0
0.8913836293277888,0.0,0.8934130770224034,0.0
0.8914715559717085,0.0,0.8935066447377423,0.0
0.891559482615628,0.0,0.8936002124530812,0.0
0.8916474092595477,0.0,0.8936881390970008,0.0
0.8917353359034672,0.0,0.8937760657409205,0.0
0.8918232625473869,0.0,0.89386399238484,0.0
0.8919111891913065,0.0,0.8939519190287597,0.0
0.8919991158352261,0.0,0.8940398456726792,0.0
0.8920870424791457,0.0,0.8959361520860336,0.0
0.8922246983882577,0.0,0.897832458499388,0.0
0.8923623542973695,0.0,0.8997287649127423,0.0
0.8924300107546927,0.0,0.9016250713260967,0.0
0.8924849460277136,0.0,0.9017393257562286,0.0
0.8925398813007345,0.0,0.9018535801863605,0.0
0.8925948165737553,0.0,0.9019678346164924,0.0
0.8926497518467762,0.0,0.9021614698544038,0.0
0.8927525882276653,0.0,0.9022439801621891,0.0
0.8928554246085546,0.0,0.9023264904699744,0.0
0.8929199611393775,0.0,0.9024090007777598,0.0
0.8929844976702005,0.0,0.9025034108766516,0.0
0.8930490342010236,0.0,0.9025913375205712,0.0
0.8931135707318465,0.0,0.9032135395491756,0.0
0.8931781072626694,0.0,0.90383574157778,0.0
0.8932519733234333,0.0,0.9044579436063844,0.0
0.8933350623228786,0.0,0.9045308902113531,0.0
0.8934181513223239,0.0,0.9046038368163217,0.0
0.8935012403217694,0.0,0.9047009097004466,0.0
0.8936062254152711,0.0,0.9047979825845714,0.0
0.8937095462733116,0.0,0.904835947238766,0.0
0.8937960522667523,0.0,0.9048910364056784,0.0
0.893882558260193,0.0,0.9049461255725906,0.0
0.8939690642536338,0.0,0.9050012147395029,0.0
0.8940454682872802,0.0,0.9051100737643949,0.0
0.8941218723209264,0.0,0.905157548120718,0.0
0.8941982763545728,0.0,0.9070538545340723,0.0
0.8943435057561449,0.0,0.9089501609474266,0.0
0.8944251046016299,0.0,0.9090380875913463,0.0
0.894506703447115,0.0,0.9091119536521101,0.0
0.894651932848687,0.0,0.9091950426515555,0.0
0.894797162250259,0.0,0.9092781316510008,0.0
0.8949423916518309,0.0,0.9094001488096052,0.0
0.8950421630073444,0.0,0.9097531368249274,0.0
0.8951419343628578,0.0,0.9101061248402498,0.0
0.8952064708936808,0.0,0.910191272729549,0.0
0.8952957216800065,0.0,0.9102764206188484,0.0
0.8953849724663322,0.0,0.9103615685081476,0.0
0.895474223252658,0.0,0.9104467163974469,0.0
0.8955634740389837,0.0,0.9105292267052323,0.0
0.8957895332540597,0.0,0.9105892879237116,0.0
0.8958983922789517,0.0,0.910649349142191,0.0
0.8959458666352749,0.0,0.910699556967989,0.0
0.8959933409915979,0.0,0.9107497647937871,0.0
0.896040815347921,0.0,0.9108349126830864,0.0
0.896088289704244,0.0,0.9109200605723856,0.0
0.8961357640605672,0.0,0.9110049225052327,0.0
0.8961715120064737,0.0,0.9110897844380798,0.0
0.8962298089009106,0.0,0.9112414018398917,0.0
0.8962881057953477,0.0,0.9113930192417036,0.0
0.8963464026897847,0.0,0.9115292040249411,0.0
0.8964046995842218,0.0,0.9115837469286386,0.0
0.8964414220484468,0.0,0.9116382898323363,0.0
0.89653831086982,0.0,0.9117213788317816,0.0
0.8967643700848961,0.0,0.911804467831227,0.0
0.896881179528241,0.0,0.9118552222557796,0.0
0.8969333564508657,0.0,0.912208210271102,0.0
0.8969933304162274,0.0,0.9123753688620082,0.0
0.8970701160224572,0.0,0.9125425274529145,0.0
0.8972116479951244,0.0,0.9126360951682534,0.0
0.8973679291467923,0.0,0.9127296628835924,0.0
0.8974893330149002,0.0,0.9128232305989313,0.0
0.8975981920397922,0.0,0.9129167983142703,0.0
0.8977070510646842,0.0,0.9130038653983916,0.0
0.897795005732557,0.0,0.9130909137602357,0.0
0.8978829604004298,0.0,0.9131849014526117,0.0
0.8980244923730969,0.0,0.9132788891449877,0.0
0.8981020847276922,0.0,0.9133728768373637,0.0
0.8982605679385705,0.0,0.9135144088100308,0.0
0.8984190511494488,0.0,0.9135651632345835,0.0
0.8985775343603271,0.0,0.9136126375909065,0.0
0.8986499438126265,0.0,0.9136726988093858,0.0
0.8987285645333243,0.0,0.9137327600278652,0.0
0.8988096382461142,0.0,0.9137928212463445,0.0
0.898890711958904,0.0,0.9138430290721427,0.0
0.8989717856716939,0.0,0.9138932368979407,0.0
0.8990505912791273,0.0,0.9139690145932604,0.0
0.8990863957401477,0.0,0.91404479228858,0.0
0.8991627997737941,0.0,0.9141661961566879,0.0
0.8991985477197006,0.0,0.9142750551815799,0.0
0.8992342956656072,0.0,0.914383914206472,0.0
0.8992700436115137,0.0,0.9144365265834429,0.0
0.8993057915574203,0.0,0.9144732490476679,0.0
0.8994317079700593,0.0,0.9145450314905609,0.0
0.8995576243826985,0.0,0.914616813933454,0.0
0.8996835407953375,0.0,0.914664288289777,0.0
0.8998094572079767,0.0,0.9147117626461,0.0
0.899954165002146,0.0,0.9147592370024231,0.0
0.9000619981753613,0.0,0.914838455646739,0.0
0.9001166332930702,0.0,0.914917674291055,0.0
0.9001712684107793,0.0,0.9150169928375886,0.0
0.9002225520837003,0.0,0.9151163113841223,0.0
0.9002738357566212,0.0,0.915215629930656,0.0
0.9003251194295421,0.0,0.9153026782925001,0.0
0.9004365913843834,0.0,0.9153897266543441,0.0
0.9005480633392245,0.0,0.9154276913085387,0.0
0.9006595352940658,0.0,0.9154656559627333,0.0
0.9008158164457337,0.0,0.9156374477906009,0.0
0.9008944371664315,0.0,0.9158092396184684,0.0
0.9009730578871291,0.0,0.9159086978430445,0.0
0.9010276930048382,0.0,0.9159879164873604,0.0
0.9011839741565061,0.0,0.9160671351316764,0.0
0.9012500133539547,0.0,0.9161522830209757,0.0
0.9013110627586945,0.0,0.9162270103234846,0.0
0.9013753977744435,0.0,0.9163272149247271,0.0
0.9014397327901924,0.0,0.916391549940476,0.0
0.9015512047450336,0.0,0.9165169865395439,0.0
0.9016626766998749,0.0,0.9166424231386118,0.0
0.9017139603727958,0.0,0.9167678597376796,0.0
0.9018219621824216,0.0,0.9168279209561591,0.0
0.9021718640121174,0.0,0.9169231475977837,0.0
0.9022247019101313,0.0,0.9170183742394084,0.0
0.9022775398081451,0.0,0.917113600881033,0.0
0.9023539438417915,0.0,0.9172334249423155,0.0
0.9024474719294427,0.0,0.9173144986551054,0.0
0.9025238759630891,0.0,0.9173955723678953,0.0
0.9026002799967355,0.0,0.9175444751754137,0.0
0.902778884439976,0.0,0.9176848479299097,0.0
0.902832825699385,0.0,0.9177566303728026,0.0
0.9028850026220098,0.0,0.9178426058054469,0.0
0.9029632717138751,0.0,0.917954077760288,0.0
0.9030415408057405,0.0,0.9180655497151293,0.0
0.9030904578774768,0.0,0.9181516636025819,0.0
0.903139374949213,0.0,0.9182302843232796,0.0
0.9031882920209494,0.0,0.9183089050439773,0.0
0.9032372090926857,0.0,0.9183875257646751,0.0
0.903315478184551,0.0,0.9184736396521277,0.0
0.9033838703662104,0.0,0.9185730978767038,0.0
0.9034522625478696,0.0,0.9186592117641564,0.0
0.903498274540582,0.0,0.9188576522223441,0.0
0.9035613456497089,0.0,0.9190322361669654,0.0
0.9036244167588359,0.0,0.9191737681396325,0.0
0.9039743185885316,0.0,0.9192793225296769,0.0
0.9040706030982865,0.0,0.919593377892154,0.0
0.9044205049279822,0.0,0.9196631419181015,0.0
0.9044835760371092,0.0,0.9197442156308914,0.0
0.9046320002203118,0.0,0.9198501015088791,0.0
0.9047400020299375,0.0,0.9199364765822937,0.0
0.9048458879079253,0.0,0.9200228516557082,0.0
0.9049517737859132,0.0,0.9201746314588347,0.0
0.9050596069591283,0.0,0.9203338271695908,0.0
0.9051674401323435,0.0,0.920493022880347,0.0
0.9052752733055587,0.0,0.920652218591103,0.0
0.9053831064787738,0.0,0.920765819032721,0.0
0.9054909396519891,0.0,0.9208794194743389,0.0
0.9055448809113982,0.0,0.920993019915957,0.0
0.9055988221708072,0.0,0.921106620357575,0.0
0.9056527634302163,0.0,0.9211784028004679,0.0
0.9057067046896253,0.0,0.9212427378162169,0.0
0.9058853091328657,0.0,0.9213542097710581,0.0
0.9060639135761062,0.0,0.9214656817258994,0.0
0.9062425180193466,0.0,0.9215771536807406,0.0
0.9063174093456542,0.0,0.9217553642765832,0.0
0.9065609766932496,0.0,0.921880800875651,0.0
0.9066332030426966,0.0,0.9219446885020268,0.0
0.9067054293921435,0.0,0.9220085761284026,0.0
0.9067965163292881,0.0,0.9220724637547782,0.0
0.9068752428427452,0.0,0.922136351381154,0.0
0.9069539693562022,0.0,0.9222224652686066,0.0
0.9070288606825099,0.0,0.9222922292945541,0.0
0.9070799425472903,0.0,0.9223520160074115,0.0
0.9071310244120706,0.0,0.9224575703974559,0.0
0.907182106276851,0.0,0.9225631247875005,0.0
0.9072522770153909,0.0,0.9226686791775449,0.0
0.9073125031581052,0.0,0.9232912266338644,0.0
0.9073727293008195,0.0,0.9233694957257298,0.0
0.9074638162379641,0.0,0.9234378879073891,0.0
0.9076122404211667,0.0,0.9235062800890483,0.0
0.9077994534932305,0.0,0.9236121659670362,0.0
0.9081135088557075,0.0,0.9237993790390999,0.0
0.9084275642181845,0.0,0.9239865921111637,0.0
0.9085759884013871,0.0,0.9241738051832276,0.0
0.9087244125845897,0.0,0.9242599190706801,0.0
0.9089116256566535,0.0,0.9243381881625454,0.0
0.9090988387287172,0.0,0.9244164572544109,0.0
0.909286051800781,0.0,0.9244886836038577,0.0
0.9094732648728447,0.0,0.9245609099533046,0.0
0.9096604779449086,0.0,0.9249026031347347,0.0
0.9098366353763124,0.0,0.9252442963161647,0.0
0.9100127928077163,0.0,0.9253122251554395,0.0
0.9101565019671672,0.0,0.925386984550854,0.0
0.9104705573296443,0.0,0.9254617439462683,0.0
0.9105454486559519,0.0,0.9255365033416828,0.0
0.9106203399822596,0.0,0.9256112627370972,0.0
0.9107114269194043,0.0,0.9256972381697414,0.0
0.9108084998035292,0.0,0.9258490179728679,0.0
0.910905572687654,0.0,0.9259351318603204,0.0
0.9113934433280426,0.0,0.9260382957281581,0.0
0.9116115017766905,0.0,0.9261414595959958,0.0
0.911903559720554,0.0,0.9262446234638335,0.0
0.9120472688800051,0.0,0.9263477873316711,0.0
0.912190978039456,0.0,0.9264401199798307,0.0
0.9124830359833196,0.0,0.9265456743698752,0.0
0.9127750939271831,0.0,0.9266994052313728,0.0
0.9130671518710467,0.0,0.9267591919442302,0.0
0.9133592098149101,0.0,0.9268189786570875,0.0
0.9134417103368228,0.0,0.9268787653699448,0.0
0.9135242108587354,0.0,0.9271928207324218,0.0
0.913606711380648,0.0,0.9273342238237863,0.0
0.9137939244527118,0.0,0.9274811333373788,0.0
0.9138953687932083,0.0,0.9275722202745235,0.0
0.9139968131337047,0.0,0.9277594333465873,0.0
0.9140879000708495,0.0,0.9278399470050476,0.0
0.9141458502931006,0.0,0.9279204606635079,0.0
0.9142369372302454,0.0,0.9280879093477761,0.0
0.9161332436435996,0.0,0.9282105180250091,0.0
0.918029550056954,0.0,0.9283016049621537,0.0
0.9199258564703083,0.0,0.9284242136393867,0.0
0.9200229293544332,0.0,0.928549955826115,0.0
0.920120002238558,0.0,0.9287091515368711,0.0
0.9202170751226829,0.0,0.9288683472476271,0.0
0.9202634098113435,0.0,0.9288947592076352,0.0
0.9203080780049574,0.0,0.9289211711676432,0.0
0.9203527461985713,0.0,0.9290016848261036,0.0
0.9203974143921853,0.0,0.9290764442215179,0.0
0.9204420825857993,0.0,0.9291624196541621,0.0
0.9206092411767055,0.0,0.9292638639946587,0.0
0.9207090125322189,0.0,0.9293653083351551,0.0
0.92084239740908,0.0,0.9294667526756516,0.0
0.9209757822859411,0.0,0.9295681970161481,0.0
0.9211091671628022,0.0,0.9296696413566445,0.0
0.9212106115032987,0.0,0.929805620882901,0.0
0.9213120558437953,0.0,0.9299416004091574,0.0
0.9214135001842917,0.0,0.9299995506314086,0.0
0.9215355173428961,0.0,0.9300820511533212,0.0
0.9218885053582184,0.0,0.9301645516752338,0.0
0.9222414933735407,0.0,0.9302529049815046,0.0
0.9222960362772383,0.0,0.9303354055034172,0.0
0.922350579180936,0.0,0.9305226185754809,0.0
0.9242468855942902,0.0,0.9307098316475447,0.0
0.9261431920076446,0.0,0.9308970447196084,0.0
0.928039498420999,0.0,0.9311095796887084,0.0
0.9280859478770495,0.0,0.9312165785822966,0.0
0.9282113844761174,0.0,0.9314291135513966,0.0
0.9283368210751852,0.0,0.9315361124449847,0.0
0.9284771938296812,0.0,0.9316431113385728,0.0
0.9285970178909637,0.0,0.9317501102321609,0.0
0.928690557463424,0.0,0.9318436779474999,0.0
0.9287840970358843,0.0,0.9318927320724222,0.0
0.9288669292326232,0.0,0.9319417861973445,0.0
0.9289604688050833,0.0,0.9319908403222668,0.0
0.9290619131455798,0.0,0.9320782989517272,0.0
0.9291447453423187,0.0,0.9321657575811878,0.0
0.9292275775390576,0.0,0.9327883050375073,0.0
0.929376480346576,0.0,0.9329025439223727,0.0
0.9294290927235469,0.0,0.9329561005596078,0.0
0.9297820807388693,0.0,0.9335786480159273,0.0
0.9299492393297755,0.0,0.9342011954722468,0.0
0.9300306610781476,0.0,0.934294735044707,0.0
0.9301120828265197,0.0,0.9343882746171672,0.0
0.9301778970041114,0.0,0.9344696963655393,0.0
0.9302437111817031,0.0,0.9345552355878107,0.0
0.9303095253592948,0.0,0.934648775160271,0.0
0.9304349619583627,0.0,0.9347502195007674,0.0
0.9305603985574306,0.0,0.9349034730970982,0.0
0.9306432307541694,0.0,0.934992263938912,0.0
0.930692895111503,0.0,0.9350810547807258,0.0
0.9307425594688364,0.0,0.9352363840693899,0.0
0.9307888941574971,0.0,0.9354861309237705,0.0
0.9314110961861015,0.0,0.9357358777781513,0.0
0.9320332982147059,0.0,0.9359856246325319,0.0
0.9326555002433103,0.0,0.9362353714869126,0.0
0.9327019496993608,0.0,0.9363167932352847,0.0
0.9327483991554114,0.0,0.9363982149836567,0.0
0.9328491820915373,0.0,0.9364066254809438,0.0
0.9329652079939857,0.0,0.9364150359782307,0.0
0.9329817717101511,0.0,0.9364234464755177,0.0
0.9329983354263165,0.0,0.9364892606531094,0.0
0.9330148991424818,0.0,0.9365550748307011,0.0
0.933164690323757,0.0,0.9366208890082929,0.0
0.9333101684326043,0.0,0.9367299697358688,0.0
0.9334556465414515,0.0,0.936884367514785,0.0
0.9335546746038679,0.0,0.9369875313826227,0.0
0.9336692797539012,0.0,0.9371412622441204,0.0
0.9337507015022734,0.0,0.937294993105618,0.0
0.933928912098116,0.0,0.9373824517350786,0.0
0.9339927997244918,0.0,0.9374699103645391,0.0
0.9340566873508674,0.0,0.9375573689939997,0.0
0.9341205749772432,0.0,0.9377126982826637,0.0
0.934184462603619,0.0,0.937761752407586,0.0
0.9342395517705312,0.0,0.9378472916298575,0.0
0.9342946409374435,0.0,0.9379278052883178,0.0
0.9343497301043557,0.0,0.9380148723724392,0.0
0.9344048192712681,0.0,0.9381019394565605,0.0
0.9344599084381803,0.0,0.9382556703180581,0.0
0.934532855043149,0.0,0.9384094011795558,0.0
0.9346318831055653,0.0,0.9385631320410535,0.0
0.9348816299599461,0.0,0.9387168629025511,0.0
0.9351313768143267,0.0,0.9388311017874165,0.0
0.9354730699957567,0.0,0.9389864310760806,0.0
0.9356144730871211,0.0,0.9393363329057763,0.0
0.935956166268551,0.0,0.9394082576090949,0.0
0.9359645767658381,0.0,0.9394987068250401,0.0
0.9359729872631251,0.0,0.9395891560409854,0.0
0.935981397760412,0.0,0.939838902895366,0.0
0.9359898082576991,0.0,0.9398473133926529,0.0
0.9362395551120797,0.0,0.9399377626085982,0.0
0.9364893019664604,0.0,0.9400654927206139,0.0
0.9368223162340751,0.0,0.9401372751635069,0.0
0.9369194435860956,0.0,0.9403047238477752,0.0
0.9369278540833825,0.0,0.9404721725320434,0.0
0.9370162073896533,0.0,0.940721919386424,0.0
0.9371049982314671,0.0,0.9408157835151677,0.0
0.9371937890732808,0.0,0.9408323472313331,0.0
0.9372402385293314,0.0,0.9408489109474985,0.0
0.9372899028866649,0.0,0.9408654746636638,0.0
0.9373395672439984,0.0,0.9409800798136972,0.0
0.9373892316013319,0.0,0.9410749622253568,0.0
0.9374271962555265,0.0,0.9411720895773773,0.0
0.9374651609097211,0.0,0.9411805000746643,0.0
0.9375202500766333,0.0,0.9412355297193457,0.0
0.9375753392435456,0.0,0.941290559364027,0.0
0.9377737797017333,0.0,0.9413455890087082,0.0
0.9378728077641496,0.0,0.9414006186533895,0.0
0.9380090047967174,0.0,0.9414556482980708,0.0
0.9381452018292852,0.0,0.9415304076934853,0.0
0.938281398861853,0.0,0.9416051670888996,0.0
0.9383762812735126,0.0,0.9416956163048449,0.0
0.9385260724547878,0.0,0.9417860655207901,0.0
0.938675863636063,0.0,0.9419397963822878,0.0
0.9388256548173383,0.0,0.9420935272437854,0.0
0.9388691627521825,0.0,0.942180985873246,0.0
0.9389126706870268,0.0,0.9422684445027065,0.0
0.9389596125245293,0.0,0.942355903132167,0.0
0.9390065543620318,0.0,0.9424497672609107,0.0
0.9391014367736915,0.0,0.9425521055901482,0.0
0.9393511836280721,0.0,0.9426544439193858,0.0
0.9396009304824529,0.0,0.9427567822486232,0.0
0.9396784448473803,0.0,0.9428342966135508,0.0
0.9397075167617688,0.0,0.942919376375507,0.0
0.9397510246966131,0.0,0.9430134146706988,0.0
0.9398111137521626,0.0,0.9431074529658905,0.0
0.939857668147257,0.0,0.9432255951397642,0.0
0.9399931102150358,0.0,0.9435586094073788,0.0
0.9400660568200044,0.0,0.9436186984629283,0.0
0.9402406407646258,0.0,0.9437478825755412,0.0
0.9403004274774831,0.0,0.9438931119771132,0.0
0.9403602141903404,0.0,0.9439400538146158,0.0
0.9404200009031978,0.0,0.9440754958823945,0.0
0.9404579655573924,0.0,0.9441703782940541,0.0
0.940495930211587,0.0,0.9442138862288985,0.0
0.9405338948657815,0.0,0.9442573941637428,0.0
0.9407084788104029,0.0,0.9443124238084241,0.0
0.9408830627550242,0.0,0.9443674534531054,0.0
0.9409820908174407,0.0,0.9445953196397706,0.0
0.9410703405820425,0.0,0.9447210618264988,0.0
0.9414088802659925,0.0,0.9448468040132272,0.0
0.941478440334645,0.0,0.9449725461999554,0.0
0.9415480004032977,0.0,0.9450016181143439,0.0
0.9416330801652539,0.0,0.9450306900287324,0.0
0.9416621520796424,0.0,0.9450772444238268,0.0
0.941755334357318,0.0,0.9452121318568827,0.0
0.9418328487222455,0.0,0.9452556397917269,0.0
0.9419103630871729,0.0,0.9453025816292294,0.0
0.9419878774521003,0.0,0.9454387786617973,0.0
0.9421875443723553,0.0,0.945574975694365,0.0
0.9423872112926103,0.0,0.9457111727269328,0.0
0.9425220987256662,0.0,0.9458050368556765,0.0
0.942656986158722,0.0,0.9459399242887324,0.0
0.9427345005236494,0.0,0.9460174386536598,0.0
0.94282195915311,0.0,0.9461014111848937,0.0
0.9429094177825705,0.0,0.9461853837161275,0.0
0.942996876412031,0.0,0.9463035258900012,0.0
0.9430843350414916,0.0,0.946375293739032,0.0
0.9431851179776175,0.0,0.9465010359257603,0.0
0.9432725766070781,0.0,0.9465618254484718,0.0
0.943406519210726,0.0,0.9466760643333372,0.0
0.943540461814374,0.0,0.946784066142963,0.0
0.9436746420992012,0.0,0.9471339679726587,0.0
0.9437723071475504,0.0,0.9474838698023544,0.0
0.9438920001104185,0.0,0.947555794505673,0.0
0.9439896651587677,0.0,0.9476277192089916,0.0
0.944087330207117,0.0,0.9476996439123101,0.0
0.9441531663731909,0.0,0.9477715686156287,0.0
0.9442414161377929,0.0,0.9478434933189472,0.0
0.9443296659023948,0.0,0.947971223430963,0.0
0.9444009632225409,0.0,0.9480475234727225,0.0
0.9444849357537747,0.0,0.948123823514482,0.0
0.9445689082850086,0.0,0.9482001235562415,0.0
0.9446528808162424,0.0,0.9482532340145954,0.0
0.9447505458645916,0.0,0.9483063444729494,0.0
0.9448482109129409,0.0,0.9483594549313032,0.0
0.9449557425249745,0.0,0.9484125653896571,0.0
0.9450896851286226,0.0,0.9484656758480111,0.0
0.9452236277322705,0.0,0.948531512014085,0.0
0.945293391758218,0.0,0.9486197617786869,0.0
0.9453631557841656,0.0,0.9487080115432889,0.0
0.945422942497023,0.0,0.9488015396309402,0.0
0.9454719966219453,0.0,0.9488897893955421,0.0
0.9455210507468675,0.0,0.9489998037990095,0.0
0.9455701048717898,0.0,0.9490560300851799,0.0
0.9456575635012503,0.0,0.9491400026164137,0.0
0.9458182350949024,0.0,0.9492175169813412,0.0
0.9459789066885543,0.0,0.9494171839015961,0.0
0.9461402635141575,0.0,0.949517966837722,0.0
0.946175318754917,0.0,0.949618749773848,0.0
0.9462103739956765,0.0,0.9497195327099739,0.0
0.9462454292364361,0.0,0.9498203156460998,0.0
0.9462665485959594,0.0,0.9499226539753373,0.0
0.9462876679554827,0.0,0.9500249923045748,0.0
0.946308787315006,0.0,0.9501273306338124,0.0
0.9463299066745293,0.0,0.95019833796678,0.0
0.9465190065681852,0.0,0.9502693452997476,0.0
0.9465540618089447,0.0,0.9503403526327152,0.0
0.9467431617026008,0.0,0.9504113599656828,0.0
0.9469109045067098,0.0,0.9504823672986504,0.0
0.9469822018268558,0.0,0.9505758953863017,0.0
0.9470534991470019,0.0,0.9507755623065567,0.0
0.9471278612206939,0.0,0.9508513400018763,0.0
0.9472286441568198,0.0,0.9509271176971961,0.0
0.9473900009824231,0.0,0.9509557083496702,0.0
0.9476379435835126,0.0,0.9509842990021443,0.0
0.9478858861846021,0.0,0.9510054183616676,0.0
0.9481338287856916,0.0,0.951026537721191,0.0
0.948381771386781,0.0,0.9510476570807143,0.0
0.9486297139878705,0.0,0.9511408393583898,0.0
0.9488776565889601,0.0,0.9511787907778712,0.0
0.9491255991900496,0.0,0.951246719617146,0.0
0.9493735417911391,0.0,0.9513146484564209,0.0
0.9495745593996788,0.0,0.9513825772956958,0.0
0.9496753423358048,0.0,0.9514505061349706,0.0
0.9498763599443445,0.0,0.9515184349742455,0.0
0.9500773775528842,0.0,0.9515959493391729,0.0
0.9503300594385347,0.0,0.9516734637041003,0.0
0.9503984432954065,0.0,0.9517332010840968,0.0
0.9504832043793987,0.0,0.9518058242880586,0.0
0.9505839873155245,0.0,0.951905595643572,0.0
0.9506687483995168,0.0,0.9520156100470394,0.0
0.9507695313356427,0.0,0.9520778162744504,0.0
0.9511109758607654,0.0,0.9521495841234812,0.0
0.9512335845379983,0.0,0.9522213519725119,0.0
0.9513561932152313,0.0,0.9522763816171932,0.0
0.9514603083004771,0.0,0.9523314112618746,0.0
0.9515644233857228,0.0,0.9524254495570663,0.0
0.9516685384709686,0.0,0.952519487852258,0.0
0.9517726535562143,0.0,0.9526135261474498,0.0
0.9518767686414601,0.0,0.9527075644426415,0.0
0.951938974868871,0.0,0.9528016027378332,0.0
0.9520011810962821,0.0,0.9528227220973565,0.0
0.9521019640324079,0.0,0.9528984997926762,0.0
0.9521861143997921,0.0,0.9529961648410253,0.0
0.952504736027164,0.0,0.9530938298893746,0.0
0.9526103075000123,0.0,0.9531633899580272,0.0
0.9527158789728607,0.0,0.9532329500266798,0.0
0.9530573234979834,0.0,0.9533781794282518,0.0
0.9533759451253554,0.0,0.9534779507837652,0.0
0.9536945667527272,0.0,0.9537058169704304,0.0
0.9537820253821878,0.0,0.9539336831570956,0.0
0.9538694840116484,0.0,0.9541615493437609,0.0
0.9539297656076413,0.0,0.9542223388664723,0.0
0.9540007729406089,0.0,0.9542831283891838,0.0
0.9540610545366018,0.0,0.9543439179118953,0.0
0.9541101086615241,0.0,0.9544047074346068,0.0
0.95417174645885,0.0,0.9544609019888957,0.0
0.9542401303157217,0.0,0.9546022784324453,0.0
0.9543085141725934,0.0,0.9546746168352315,0.0
0.9543938139298027,0.0,0.9547125682547128,0.0
0.9544791136870119,0.0,0.9547505196741942,0.0
0.9545644134442212,0.0,0.9548346700415783,0.0
0.9546497132014304,0.0,0.9549188204089625,0.0
0.9547372950377466,0.0,0.9549992032663221,0.0
0.9548248768740629,0.0,0.9550614094937331,0.0
0.954930232675451,0.0,0.9551576940034879,0.0
0.9550355884768391,0.0,0.95523205607718,0.0
0.9551409442782272,0.0,0.9553772854787519,0.0
0.9552250946456113,0.0,0.9555225148803239,0.0
0.9553648547382172,0.0,0.9556677442818958,0.0
0.9554752840219128,0.0,0.9560062839658456,0.0
0.9556356527462024,0.0,0.9561116397672338,0.0
0.9557960214704919,0.0,0.9562169955686218,0.0
0.9559563901947815,0.0,0.95633668853149,0.0
0.956116758919071,0.0,0.9564343535798392,0.0
0.9561902581879965,0.0,0.9565418851918728,0.0
0.9562637574569222,0.0,0.9566294670281891,0.0
0.9563372567258477,0.0,0.9567170488645053,0.0
0.9564107559947733,0.0,0.9568046307008216,0.0
0.9564842552636988,0.0,0.9568922125371377,0.0
0.9565577545326245,0.0,0.9569975683385259,0.0
0.9567519363692905,0.0,0.9570714785971158,0.0
0.9569461182059564,0.0,0.9571453888557058,0.0
0.9571403000426223,0.0,0.957243053904055,0.0
0.9573344818792883,0.0,0.9573509542532088,0.0
0.9574220637156046,0.0,0.9574588546023628,0.0
0.9575096455519208,0.0,0.9575667549515167,0.0
0.957597227388237,0.0,0.9576652112709222,0.0
0.9576848092245532,0.0,0.9577369791199529,0.0
0.9577701089817625,0.0,0.9578087469689837,0.0
0.9578554087389717,0.0,0.957846698388465,0.0
0.9579585726068094,0.0,0.9579270812458247,0.0
0.9580557196155222,0.0,0.9580604661226858,0.0
0.9581528666242349,0.0,0.9581938509995469,0.0
0.9583203153085031,0.0,0.9582814328358631,0.0
0.9584877639927714,0.0,0.9583690146721794,0.0
0.9586552126770396,0.0,0.9584634247710713,0.0
0.9587778213542725,0.0,0.9585578304952023,0.0
0.9588488286872401,0.0,0.9586522362193334,0.0
0.958971437364473,0.0,0.9587466419434644,0.0
0.959045347623063,0.0,0.958817649276432,0.0
0.959119257881653,0.0,0.958908062823211,0.0
0.9591931681402429,0.0,0.95899847636999,0.0
0.9594458500258934,0.0,0.9590601141673157,0.0
0.959516857358861,0.0,0.9591284980241875,0.0
0.9596021571160702,0.0,0.9591968818810592,0.0
0.9596874568732795,0.0,0.9592945469294085,0.0
0.9597584642062471,0.0,0.9593889570283003,0.0
0.9598710141276342,0.0,0.9594471606214067,0.0
0.9599835640490212,0.0,0.9595415707202986,0.0
0.9600770921366725,0.0,0.9597093135244076,0.0
0.9601352957297788,0.0,0.9597806108445537,0.0
0.9602291598585225,0.0,0.9598519081646998,0.0
0.9602975437153943,0.0,0.9599232054848459,0.0
0.960391407844138,0.0,0.9600229768403593,0.0
0.9604516894401309,0.0,0.9601563617172204,0.0
0.9605497682304213,0.0,0.9602124152130811,0.0
0.9606478470207115,0.0,0.9603249651344682,0.0
0.960772937801309,0.0,0.9603616875986932,0.0
0.9608761016691466,0.0,0.9604293440560163,0.0
0.9609792655369843,0.0,0.9605418939774034,0.0
0.961082429404822,0.0,0.9606033386056794,0.0
0.9611855932726596,0.0,0.960683721463039,0.0
0.9612019842940805,0.0,0.9607445109857505,0.0
0.9612906341836497,0.0,0.9609336108794064,0.0
0.9613792840732187,0.0,0.9611227107730624,0.0
0.9614731482019624,0.0,0.9611776460460832,0.0
0.9615617980915315,0.0,0.961378663654623,0.0
0.9616504479811007,0.0,0.9615796812631627,0.0
0.9617390978706698,0.0,0.9618323631488132,0.0
0.9617748808146628,0.0,0.9618703145682945,0.0
0.9618309343105235,0.0,0.9619082659877759,0.0
0.9618869878063843,0.0,0.9619984691722704,0.0
0.9619995377277712,0.0,0.9620702370213011,0.0
0.9620705450607389,0.0,0.9621420048703319,0.0
0.9621676920694516,0.0,0.9622499052194857,0.0
0.9622648390781644,0.0,0.9623578055686396,0.0
0.9623619860868771,0.0,0.9624657059177936,0.0
0.9624706612528899,0.0,0.9625782558391806,0.0
0.9624870522743108,0.0,0.9626769932390913,0.0
0.9625034432957316,0.0,0.9627757306390021,0.0
0.9626417388543357,0.0,0.9628744680389129,0.0
0.9627800344129397,0.0,0.9629428518957847,0.0
0.9629183299715438,0.0,0.9630112357526563,0.0
0.9630566255301478,0.0,0.9630661710256773,0.0
0.9631949210887518,0.0,0.9631859614820011,0.0
0.9632307040327448,0.0,0.963305751938325,0.0
0.9633202071705641,0.0,0.9633957949131327,0.0
0.9634097103083833,0.0,0.9634900466201993,0.0
0.9634992134462026,0.0,0.9635462411744883,0.0
0.9635887165840219,0.0,0.9636603886990577,0.0
0.9636051076054427,0.0,0.9637546404061245,0.0
0.9636214986268635,0.0,0.9638113384231769,0.0
0.9636378896482843,0.0,0.9638680364402294,0.0
0.9636542806697053,0.0,0.9639665269337373,0.0
0.9636924717114004,0.0,0.9641271985273893,0.0
0.9638146786581714,0.0,0.9642878701210412,0.0
0.9639368856049424,0.0,0.9644492269466445,0.0
0.9640590925517135,0.0,0.964484282187404,0.0
0.9641812994984845,0.0,0.9645193374281635,0.0
0.9643035064452555,0.0,0.9645543926689231,0.0
0.9644257133920265,0.0,0.9645894479096826,0.0
0.9645452923562734,0.0,0.9646252308536755,0.0
0.9646352506730884,0.0,0.9646610137976684,0.0
0.9647428660851518,0.0,0.9647170672935292,0.0
0.9648191964529231,0.0,0.9649650098946188,0.0
0.9648955268206943,0.0,0.9652129524957083,0.0
0.9649718571884657,0.0,0.9654608950967978,0.0
0.9650940641352367,0.0,0.9655348053553877,0.0
0.9651779985508362,0.0,0.9656335427552984,0.0
0.9652856139628996,0.0,0.9657322801552093,0.0
0.9653472517602253,0.0,0.9658936369808124,0.0
0.9654088895575511,0.0,0.9661415795819019,0.0
0.9660314370138706,0.0,0.9663895221829915,0.0
0.9661024443468382,0.0,0.966637464784081,0.0
0.9667249918031579,0.0,0.9668854073851705,0.0
0.9673475392594774,0.0,0.96713334998626,0.0
0.9674024685267586,0.0,0.9671882792535412,0.0
0.9674573977940398,0.0,0.9672432085208226,0.0
0.9675123270613212,0.0,0.9672981377881038,0.0
0.9675672563286024,0.0,0.9673925478869957,0.0
0.9676221855958836,0.0,0.9675222637496604,0.0
0.9676727258058139,0.0,0.9676519796123252,0.0
0.9677232660157441,0.0,0.9677504359317307,0.0
0.9677738062256744,0.0,0.9678406391162252,0.0
0.9678119972673696,0.0,0.9679308423007197,0.0
0.9678501883090647,0.0,0.9680210454852142,0.0
0.9679697672733114,0.0,0.9681097178092363,0.0
0.9680893462375583,0.0,0.968310735417776,0.0
0.968203627315505,0.0,0.9683489264594711,0.0
0.9683179083934517,0.0,0.9683871175011662,0.0
0.9684321894713984,0.0,0.9684253085428614,0.0
0.9685464705493452,0.0,0.9685152668596765,0.0
0.9686607516272919,0.0,0.9685750042396729,0.0
0.9687156808945732,0.0,0.9686947946959968,0.0
0.9687706101618545,0.0,0.9688145851523207,0.0
0.969393157618174,0.0,0.9689343756086446,0.0
0.9694398894586633,0.0,0.9690247891554236,0.0
0.9694866212991526,0.0,0.9691732133386262,0.0
0.969533353139642,0.0,0.9692812151482519,0.0
0.9695800849801313,0.0,0.9693379131653044,0.0
0.9696268168206206,0.0,0.9694307692132442,0.0
0.9696884546179464,0.0,0.9695236252611842,0.0
0.9697771269419685,0.0,0.969614613668522,0.0
0.9698657992659906,0.0,0.9697056020758598,0.0
0.9700599525095597,0.0,0.9697803293783687,0.0
0.9702541057531289,0.0,0.9698550566808777,0.0
0.9703150062800865,0.0,0.9699297839833866,0.0
0.9703759068070442,0.0,0.9700167137085134,0.0
0.9704293170257072,0.0,0.9700716429757947,0.0
0.9705326378837477,0.0,0.970126572243076,0.0
0.9705860481024107,0.0,0.9701815015103572,0.0
0.9706394583210737,0.0,0.9702320417202874,0.0
0.9706928685397368,0.0,0.9702825819302178,0.0
0.9707462787583998,0.0,0.970333122140148,0.0
0.9707996889770628,0.0,0.9704178832241401,0.0
0.9708912180793519,0.0,0.970512293323032,0.0
0.9709827471816408,0.0,0.9708537378481548,0.0
0.9710742762839297,0.0,0.9709424101721769,0.0
0.9711829397442718,0.0,0.97099582039084,0.0
0.9711987012588499,0.0,0.971049230609503,0.0
0.9713087156623172,0.0,0.971102640828166,0.0
0.9713649419484877,0.0,0.9711954968761058,0.0
0.9714453248058473,0.0,0.9712855398509135,0.0
0.971525707663207,0.0,0.9713755828257211,0.0
0.9716060905205667,0.0,0.9714656258005288,0.0
0.971716104924034,0.0,0.9715218203548176,0.0
0.9717408992206701,0.0,0.971635967879387,0.0
0.9718017997476277,0.0,0.9717501154039564,0.0
0.9719959529911969,0.0,0.9717993461333002,0.0
0.9720946903911076,0.0,0.971848576862644,0.0
0.9721934277910185,0.0,0.971904277863215,0.0
0.9722921651909292,0.0,0.9719599788637858,0.0
0.97239090259084,0.0,0.9720156798643568,0.0
0.9724896399907508,0.0,0.972070609131638,0.0
0.9725260913854524,0.0,0.9721575388567648,0.0
0.9726672451494297,0.0,0.9722340707523522,0.0
0.9728083989134071,0.0,0.9723106026479396,0.0
0.9729485278875428,0.0,0.972387134543527,0.0
0.9730571913478849,0.0,0.9724636664391143,0.0
0.9731973203220207,0.0,0.9725538696236088,0.0
0.9733374492961563,0.0,0.9726482797225007,0.0
0.9734006698564565,0.0,0.9727779955851654,0.0
0.9734638904167566,0.0,0.9729077114478302,0.0
0.9735271109770567,0.0,0.9731018646913994,0.0
0.9735903315373569,0.0,0.9734433092165221,0.0
0.973698994997699,0.0,0.9735280703005144,0.0
0.973714756512277,0.0,0.9735814805191774,0.0
0.9737305180268551,0.0,0.9737020774180581,0.0
0.9737462795414331,0.0,0.9737554876367212,0.0
0.9738549430017753,0.0,0.9738088978553843,0.0
0.9739636064621174,0.0,0.9739031495624509,0.0
0.9740491456843888,0.0,0.973918911077029,0.0
0.9741346849066602,0.0,0.9740244825498774,0.0
0.9742151985651206,0.0,0.9741300540227257,0.0
0.9744093804017865,0.0,0.9743242358593917,0.0
0.9745495093759222,0.0,0.9744184875664584,0.0
0.974689638350058,0.0,0.9744432818630945,0.0
0.9748297673241936,0.0,0.9745041823900521,0.0
0.9748878925581135,0.0,0.9745650829170098,0.0
0.9749460177920335,0.0,0.9746259834439676,0.0
0.9750041430259534,0.0,0.9748201366875366,0.0
0.9750508748664427,0.0,0.9750142899311058,0.0
0.975097606706932,0.0,0.9750428805835799,0.0
0.9752066874345079,0.0,0.975122694195365,0.0
0.9753043390442715,0.0,0.9752136826027028,0.0
0.9753407904389731,0.0,0.9755323042300748,0.0
0.9753979107436159,0.0,0.9758509258574467,0.0
0.9754479196069916,0.0,0.9760062551461107,0.0
0.9754979284703673,0.0,0.9760220166606888,0.0
0.9755955800801309,0.0,0.9760377781752668,0.0
0.9756455889435067,0.0,0.9761714100944457,0.0
0.9757123542323229,0.0,0.9763050420136247,0.0
0.9757791195211392,0.0,0.9764386739328035,0.0
0.9758458848099555,0.0,0.9765870981160061,0.0
0.9759126500987717,0.0,0.9767424274046702,0.0
0.9760103017085353,0.0,0.9768027090006631,0.0
0.9760770669973516,0.0,0.9768494408411524,0.0
0.9761402875576518,0.0,0.9769110786384783,0.0
0.9763344693943177,0.0,0.9769727164358041,0.0
0.9764149830527781,0.0,0.9770343542331299,0.0
0.9764954967112384,0.0,0.977050115747708,0.0
0.9765760103696987,0.0,0.9771707126465887,0.0
0.9766233560103653,0.0,0.9773648944832546,0.0
0.976670701651032,0.0,0.9775590763199206,0.0
0.9767709062522745,0.0,0.9777532581565865,0.0
0.9768661328938991,0.0,0.9778164787168867,0.0
0.9769613595355238,0.0,0.9778796992771869,0.0
0.9770565861771484,0.0,0.9779429198374869,0.0
0.9771390964849337,0.0,0.9780061403977871,0.0
0.9771864421256004,0.0,0.97806326070243,0.0
0.977233787766267,0.0,0.9781203810070728,0.0
0.9772811334069337,0.0,0.9781775013117155,0.0
0.9773284790476002,0.0,0.9782442666005319,0.0
0.9773758246882669,0.0,0.9783110318893481,0.0
0.9774329449929098,0.0,0.9783777971781644,0.0
0.9774900652975526,0.0,0.9784445624669806,0.0
0.9775471856021953,0.0,0.9784981191042157,0.0
0.9776043059068382,0.0,0.9788167407315876,0.0
0.9776694980486592,0.0,0.9788640863722542,0.0
0.977796210837658,0.0,0.9789114320129209,0.0
0.977861402979479,0.0,0.9789587776535875,0.0
0.9779265951213,0.0,0.9790255429424037,0.0
0.9780321450771209,0.0,0.9790887635027039,0.0
0.9781146553849063,0.0,0.9793414453883544,0.0
0.9781971656926916,0.0,0.9793950020255895,0.0
0.9782796760004768,0.0,0.979555370749879,0.0
0.9783148047627019,0.0,0.9797157394741685,0.0
0.9783435621466544,0.0,0.979876108198458,0.0
0.9783723195306069,0.0,0.9800364769227475,0.0
0.9784010769145594,0.0,0.9801469062064432,0.0
0.9785277897035581,0.0,0.9802338359315701,0.0
0.9785751353442248,0.0,0.9803207656566969,0.0
0.9786224809848915,0.0,0.9804076953818238,0.0
0.9786698266255581,0.0,0.9804946251069506,0.0
0.9787840655104234,0.0,0.9805419707476173,0.0
0.9788983043952888,0.0,0.9805893163882838,0.0
0.9790250171842876,0.0,0.9806366620289505,0.0
0.979139256069153,0.0,0.9807219617861598,0.0
0.9792448060249739,0.0,0.9808134908884487,0.0
0.9793503559807948,0.0,0.9808670475256838,0.0
0.9794559059366157,0.0,0.9808995636998705,0.0
0.9795614558924367,0.0,0.9809547204419715,0.0
0.9796670058482576,0.0,0.9810098771840725,0.0
0.9797937186372564,0.0,0.9810650339261735,0.0
0.9798709245772999,0.0,0.9811201906682745,0.0
0.9799288217545145,0.0,0.9811753474103755,0.0
0.9799739516255553,0.0,0.9812355736422839,0.0
0.980068203332622,0.0,0.9812829192829505,0.0
0.9801133332036629,0.0,0.9813302649236171,0.0
0.980148461965888,0.0,0.9813776105642837,0.0
0.980247885982383,0.0,0.9814704666122236,0.0
0.9803153447982067,0.0,0.9816105955863593,0.0
0.9803828036140304,0.0,0.9817507245604951,0.0
0.9804502624298541,0.0,0.9818908535346307,0.0
0.9805177212456778,0.0,0.9820309825087664,0.0
0.9805756184228924,0.0,0.9821075144043537,0.0
0.9806811683787133,0.0,0.9821840462999412,0.0
0.9807867183345342,0.0,0.9822411666045839,0.0
0.9809278720985116,0.0,0.9822982869092267,0.0
0.9809772061316732,0.0,0.9823434167802676,0.0
0.9810265401648347,0.0,0.9824349458825565,0.0
0.9810758741979962,0.0,0.9824637032665091,0.0
0.9811252082311578,0.0,0.9824924606504616,0.0
0.9811616596258593,0.0,0.9825212180344141,0.0
0.9811981110205609,0.0,0.9825579404986391,0.0
0.9813525087994772,0.0,0.9826052861393058,0.0
0.9814519328159723,0.0,0.9826631833165204,0.0
0.9815513568324674,0.0,0.9827083131875611,0.0
0.9816507808489625,0.0,0.9827994001247059,0.0
0.9817502048654575,0.0,0.9829395290988415,0.0
0.9818496288819526,0.0,0.9830796580729773,0.0
0.9819248038541593,0.0,0.9831902061547891,0.0
0.9820046174659444,0.0,0.9833007542366009,0.0
0.9820797924381509,0.0,0.9834113023184128,0.0
0.9821356928725989,0.0,0.9834605330477566,0.0
0.9821915933070471,0.0,0.9835097637771004,0.0
0.9822879513467621,0.0,0.9835589945064442,0.0
0.9823591155382648,0.0,0.9836082252357881,0.0
0.9824554735779799,0.0,0.9836446766304896,0.0
0.9825266377694827,0.0,0.9837926896541342,0.0
0.9825978019609855,0.0,0.9838291410488358,0.0
0.9826689661524882,0.0,0.9838655924435374,0.0
0.9827417172778538,0.0,0.9839051512563212,0.0
0.9828144684032193,0.0,0.9840531642799657,0.0
0.9828872195285849,0.0,0.9841075138277305,0.0
0.9829982223051957,0.0,0.9841840457233179,0.0
0.9831092250818065,0.0,0.9842605776189053,0.0
0.9832145055608567,0.0,0.9843556531231625,0.0
0.9832688551086215,0.0,0.9844143744925703,0.0
0.9833232046563863,0.0,0.9844730958619781,0.0
0.9834284851354365,0.0,0.9845318172313858,0.0
0.9835012362608021,0.0,0.9845905386007935,0.0
0.9835764112330087,0.0,0.9846492599702013,0.0
0.9836515862052153,0.0,0.984716718786025,0.0
0.9837267611774219,0.0,0.9847841776018487,0.0
0.9837465929344101,0.0,0.9848516364176724,0.0
0.9837664246913984,0.0,0.9849190952334961,0.0
0.9837862564483866,0.0,0.9849769924107106,0.0
0.9838354871777304,0.0,0.9850306393973746,0.0
0.9839632172897461,0.0,0.9850842863840386,0.0
0.9840475457311317,0.0,0.9851238451968223,0.0
0.9841318741725172,0.0,0.985163404009606,0.0
0.9842162026139027,0.0,0.9852720674699481,0.0
0.9843272053905135,0.0,0.9853807309302902,0.0
0.9844382081671245,0.0,0.9855204910228961,0.0
0.984522236414972,0.0,0.9855939902918217,0.0
0.9846062646628198,0.0,0.9856674895607472,0.0
0.9846902929106673,0.0,0.9857224248337682,0.0
0.984774321158515,0.0,0.9857783252682162,0.0
0.984827968145179,0.0,0.9858342257026642,0.0
0.9848675269579628,0.0,0.9858891609756851,0.0
0.9849070857707465,0.0,0.9860833428123511,0.0
0.9849466445835302,0.0,0.9862775246490171,0.0
0.9849862033963139,0.0,0.9863170834618008,0.0
0.9850777557145665,0.0,0.9863872032025223,0.0
0.9851378010649814,0.0,0.9864637350981097,0.0
0.9851978464153963,0.0,0.986540266993697,0.0
0.9852514934020603,0.0,0.9866137662626225,0.0
0.9853051403887243,0.0,0.9866872655315482,0.0
0.985398448362197,0.0,0.9867607648004737,0.0
0.9854917563356699,0.0,0.9868342640693993,0.0
0.985552316990434,0.0,0.9868891993424201,0.0
0.985612877645198,0.0,0.986943548890185,0.0
0.9856734382999621,0.0,0.9870288486473943,0.0
0.9857339989547261,0.0,0.9871141484046034,0.0
0.98578322968407,0.0,0.9871994481618127,0.0
0.9858324604134138,0.0,0.987284747919022,0.0
0.9858816911427576,0.0,0.9873700476762312,0.0
0.9859309218721014,0.0,0.9874553474334404,0.0
0.9859801526014452,0.0,0.9875406471906497,0.0
0.9860513395714355,0.0,0.9876377941993625,0.0
0.9861504131483537,0.0,0.9877349412080751,0.0
0.9862494867252718,0.0,0.9878320882167879,0.0
0.9864234892259564,0.0,0.9879292352255007,0.0
0.986480380828298,0.0,0.9879828822121647,0.0
0.9865372724306397,0.0,0.9880715321017337,0.0
0.9865980758039289,0.0,0.9881284237040754,0.0
0.986658879177218,0.0,0.9881853153064171,0.0
0.9867196825505071,0.0,0.9882422069087587,0.0
0.9867804859237963,0.0,0.9882990985111004,0.0
0.9868412892970854,0.0,0.9884077619714425,0.0
0.9869020926703745,0.0,0.9885054135812061,0.0
0.9869628960436637,0.0,0.9886030651909699,0.0
0.9870544483619162,0.0,0.9887007168007335,0.0
0.9871460006801689,0.0,0.9887708365414549,0.0
0.9872375529984215,0.0,0.9888409562821765,0.0
0.9873653253799707,0.0,0.9889264419115044,0.0
0.9874643989568889,0.0,0.9890119275408323,0.0
0.9875053799534413,0.0,0.9890974131701602,0.0
0.9875463609499939,0.0,0.9891828987994882,0.0
0.9876032525523356,0.0,0.9892437021727772,0.0
0.9876601441546773,0.0,0.9893045055460664,0.0
0.987717035757019,0.0,0.9893653089193556,0.0
0.9877739273593606,0.0,0.9894211469561232,0.0
0.987845114329351,0.0,0.9894621279526756,0.0
0.9879163012993413,0.0,0.9895031089492282,0.0
0.9879874882693317,0.0,0.9895440899457808,0.0
0.988058675239322,0.0,0.9895850709423334,0.0
0.9881298622093123,0.0,0.9896937461083462,0.0
0.9882010491793026,0.0,0.9897537914587611,0.0
0.9882722361492929,0.0,0.989813836809176,0.0
0.9883434231192832,0.0,0.9899109838178888,0.0
0.9884378332181751,0.0,0.9899678754202305,0.0
0.9885136788114814,0.0,0.9900247670225721,0.0
0.9885895244047876,0.0,0.9900855703958612,0.0
0.9887413467152988,0.0,0.9901463737691504,0.0
0.9888931690258098,0.0,0.9902071771424396,0.0
0.9890449913363208,0.0,0.9902679805157286,0.0
0.9891534303417024,0.0,0.9903285411704927,0.0
0.989261869347084,0.0,0.9903891018252569,0.0
0.9893609429240021,0.0,0.9904496624800209,0.0
0.98945943341751,0.0,0.990510223134785,0.0
0.9895579239110178,0.0,0.990570783789549,0.0
0.9896564144045258,0.0,0.9906313444443131,0.0
0.9897549048980336,0.0,0.990691626040306,0.0
0.9898533953915415,0.0,0.990751907636299,0.0
0.9899478054904334,0.0,0.9908373932656269,0.0
0.9900755778719826,0.0,0.9909228788949548,0.0
0.9901514234652888,0.0,0.9909392699163756,0.0
0.9902272690585951,0.0,0.9909556609377965,0.0
0.9903050016263978,0.0,0.9910699420157433,0.0
0.9903827341942005,0.0,0.9912217643262543,0.0
0.9904880146732506,0.0,0.9913250851842947,0.0
0.9905349458074549,0.0,0.9914079173810336,0.0
0.9905907838442224,0.0,0.9914638553534777,0.0
0.990631764840775,0.0,0.9915197933259219,0.0
0.9906727458373276,0.0,0.9915757312983661,0.0
0.9908245681478386,0.0,0.9916708068026233,0.0
0.9909189782467305,0.0,0.9917794702629654,0.0
0.9910133883456224,0.0,0.9918881337233075,0.0
0.9911077984445142,0.0,0.9919767836128767,0.0
0.9912022085434061,0.0,0.9920654335024458,0.0
0.9912966186422979,0.0,0.9921189901396809,0.0
0.9913910287411898,0.0,0.99220764002925,0.0
0.991618894927855,0.0,0.992345935587854,0.0
0.9917439857084525,0.0,0.9924842311464581,0.0
0.9918570297314644,0.0,0.9926225267050621,0.0
0.9919265528142752,0.0,0.9926830164462278,0.0
0.9920395968372872,0.0,0.9927344442823829,0.0
0.9921526408602992,0.0,0.992785872118538,0.0
0.9922656848833111,0.0,0.9928745220081071,0.0
0.9923787289063232,0.0,0.9930128175667111,0.0
0.9924917729293351,0.0,0.9930290850733441,0.0
0.992604816952347,0.0,0.9930760162075484,0.0
0.9927178609753591,0.0,0.9931229473417525,0.0
0.9927826035701579,0.0,0.9931698784759568,0.0
0.9928473461649566,0.0,0.9932593816137761,0.0
0.9928636136715896,0.0,0.9933488847515953,0.0
0.9929105448057939,0.0,0.9934383878894146,0.0
0.9929574759399982,0.0,0.9935278910272338,0.0
0.9930269990228089,0.0,0.9936363300326154,0.0
0.9930979974491033,0.0,0.9936527210540362,0.0
0.9931689958753978,0.0,0.9936691120754572,0.0
0.9932294856165634,0.0,0.993685503096878,0.0
0.9932809134527185,0.0,0.9937709887262058,0.0
0.9933323412888736,0.0,0.9939121424901832,0.0
0.9933486087955066,0.0,0.9939614765233448,0.0
0.9934043097960774,0.0,0.9940108105565063,0.0
0.9934600107966484,0.0,0.9940601445896678,0.0
0.9935157117972192,0.0,0.9941094786228294,0.0
0.9935762724519833,0.0,0.9941459300175309,0.0
0.9936368331067473,0.0,0.994204055251451,0.0
0.993764563218763,0.0,0.9942621804853709,0.0
0.9939924294054283,0.0,0.9943089123258602,0.0
0.9942202955920935,0.0,0.994325303347281,0.0
0.9944481617787587,0.0,0.9943416943687019,0.0
0.994536843209079,0.0,0.9943905526487498,0.0
0.9946312489332101,0.0,0.9944510423899154,0.0
0.994680107213258,0.0,0.9945115321310811,0.0
0.9947289654933059,0.0,0.9945720218722467,0.0
0.9947778237733538,0.0,0.994648352240018,0.0
0.9948383135145195,0.0,0.994664619746651,0.0
0.9948988032556851,0.0,0.994816442057162,0.0
0.9949592929968508,0.0,0.9949682643676732,0.0
0.9950240355916495,0.0,0.9951065599262772,0.0
0.9950887781864484,0.0,0.9951904943418767,0.0
0.9951535207812472,0.0,0.9953047754198233,0.0
0.995218263376046,0.0,0.9953963045221124,0.0
0.9952830059708447,0.0,0.9954451628021602,0.0
0.9953477485656436,0.0,0.9955152825428818,0.0
0.9954364299959639,0.0,0.9956671048533928,0.0
0.9955074284222583,0.0,0.9957755438587744,0.0
0.9956079510303851,0.0,0.9958913425369962,0.0
0.9957084736385119,0.0,0.9960056236149429,0.0
0.9958089962466387,0.0,0.9961199046928897,0.0
0.9959034210158448,0.0,0.9962341857708364,0.0
0.9959978267399759,0.0,0.9962966754020479,0.0
0.9960922324641069,0.0,0.9963591650332595,0.0
0.996186638188238,0.0,0.996421654664471,0.0
0.9962871607963648,0.0,0.9964841442956826,0.0
0.9963454801804702,0.0,0.996546633926894,0.0
0.9964037995645756,0.0,0.9966554108167138,0.0
0.9964982243337819,0.0,0.9967382430134527,0.0
0.9965692227600763,0.0,0.9968578219776996,0.0
0.9966402211863706,0.0,0.9969554735874632,0.0
0.9967128443903325,0.0,0.9970531251972268,0.0
0.9967854675942943,0.0,0.9971564460552671,0.0
0.9968580907982562,0.0,0.9972053043353151,0.0
0.9969169814326809,0.0,0.9972621748920841,0.0
0.9970254204380624,0.0,0.9973981544183406,0.0
0.997133859443444,0.0,0.9975069313081604,0.0
0.9972496581216659,0.0,0.9976153703135419,0.0
0.9973654567998876,0.0,0.997737577260313,0.0
0.9974852472562116,0.0,0.997859784207084,0.0
0.9976050377125354,0.0,0.997981991153855,0.0
0.9977191852371048,0.0,0.998104198100626,0.0
0.9978136100063111,0.0,0.9981655102543492,0.0
0.9978733473863075,0.0,0.9982268224080724,0.0
0.9979330847663039,0.0,0.998285713042497,0.0
0.9980744612098535,0.0,0.9984079199892681,0.0
0.9981467996126397,0.0,0.9985653854184167,0.0
0.9982081117663629,0.0,0.9985939760708908,0.0
0.998269423920086,0.0,0.9986593281930423,0.0
0.9983347760422375,0.0,0.9987246803151938,0.0
0.998400128164389,0.0,0.9987900324373453,0.0
0.9984569987211581,0.0,0.9988483518214507,0.0
0.9985575213292849,0.0,0.9989066712055561,0.0
0.9986716688538543,0.0,0.9989534030460454,0.0
0.9987858163784236,0.0,0.9990001348865347,0.0
0.9988802411476299,0.0,0.999046866727024,0.0
0.9989369391646823,0.0,0.9990935985675133,0.0
0.9989936371817348,0.0,0.9991403304080028,0.0
0.9990503351987873,0.0,0.99928148417198,0.0
0.9991754259793848,0.0,0.9994226379359574,0.0
0.9993304935299326,0.0,0.9995022164574412,0.0
0.9994855610804805,0.0,0.9995817949789249,0.0
0.9996406286310283,0.0,0.999704001925696,0.0
0.9997604190873522,0.0,0.999826208872467,0.0
0.9998802095436761,0.0,0.9999346478778485,0.0
1.0,0.0,1.0,0.0
