cum_hh_total,oopg_share_total,cum_hh_ctp,oopg_share_ctp
0.0,0.8922216068040216,0.0,0.9717615395393162
6.374218469207652e-05,0.8922216068040216,0.00011505196176824634,0.9717615395393162
0.00018575934329640895,0.8723601521221728,0.00023706912037257876,0.9425125318146187
0.00025786121168546014,0.8375168989099864,0.00030917098876162997,0.9405332960978735
0.0003654766237488522,0.792511505196559,0.0003729131734537065,0.936697088000074
0.00045252498559292194,0.7904157194939815,0.0004642500411077919,0.8982180118268046
0.0005127237372077555,0.7885850996726412,0.0005512984029518616,0.8886888496221712
0.000567266640905364,0.7695279696062638,0.0006285043429953915,0.8777679359980586
0.0006552213087781561,0.7533660525862769,0.0007878177390644284,0.8664872787618904
0.0007133465426980855,0.7482690326864196,0.0008954331511278204,0.8656393231166901
0.0008283985044663318,0.7438435002369173,0.0010179092518717314,0.8443649994452228
0.0009887672287558586,0.7309291672076303,0.0011781325302302633,0.8441256718525734
0.0010659731687993885,0.7103880512884818,0.0012660871981030554,0.8350850177725043
0.0011288835415692643,0.7039821985626856,0.0013332065409831506,0.8271887048322748
0.001177862913297264,0.6864023904916585,0.0014935752652726775,0.8150249011115179
0.0012909069363092394,0.6589855054143232,0.001553774016887511,0.8077504932552955
0.0013445327329910178,0.657440438719867,0.001602828141809808,0.8010583318994151
0.0014004987676144206,0.6447312750349501,0.0016573710455074163,0.7957433135924203
0.001442776494236978,0.6432873926235014,0.0019006023944837934,0.7920942432859174
0.0015190765359964819,0.6354029151612358,0.001963512767253669,0.7871505239192037
0.001586195878876577,0.6296635356517702,0.00209350909031196,0.777755782669748
0.0016278247987407224,0.629593499931769,0.0021325580778159036,0.7740871743665869
0.0017810783950715104,0.6278668817070141,0.002196893093564822,0.7666491792446603
0.001865226851152402,0.6190780139853297,0.0023513422653022183,0.766061562377963
0.0019158429822956032,0.6084787199568386,0.00243549072138311,0.7630585714580145
0.0020055015812749494,0.6024919246502146,0.0025238948683206576,0.7617421572853449
0.0020934562491477415,0.6008629601290894,0.0026572797451817573,0.7574652312346257
0.0021818603960852886,0.5975727892004902,0.002736498389497694,0.754893439075297
0.002315245272946388,0.5899901725728744,0.0028479816592542383,0.7521700729002926
0.002365999697499039,0.5858697405400488,0.0029558786530090577,0.7512378492397452
0.0024188375955129255,0.5769268290585726,0.0030376454638249614,0.7508397052845925
0.0024364321996392176,0.5749917050005058,0.003092922702978343,0.749867184807624
0.0025957455957082544,0.5730477495517113,0.003224916830638269,0.7465819116430867
0.0028389769446846313,0.561289503508894,0.0032777547286521555,0.7462453850054164
0.0029277677864984054,0.5587686754676029,0.0034310083249829435,0.7447484465076216
0.003047460749366503,0.5562176066829668,0.003544052347994919,0.740089573332931
0.0031584635259773396,0.5513519491741439,0.0036021775819148486,0.7337440052101833
0.0032640349988256622,0.5504698478486785,0.0037836998462010456,0.7335640683679925
0.0033573429722984645,0.5473700314688472,0.003837325642882824,0.725244062826833
0.003409089588353808,0.5322941960495873,0.0038932916775062266,0.7238835248395302
0.003454219459394665,0.5300909165636615,0.003982950276485573,0.7212378539518189
0.003518554475143583,0.5174688153907234,0.004083733212611481,0.7200674036252136
0.003641030575887494,0.5145943796090031,0.004175514785319504,0.7161726274005319
0.0038012538542460256,0.5072598569045648,0.004261889858734029,0.7150726859619658
0.003908869266309418,0.5021604799308199,0.004372892635344866,0.70558231239422
0.003977346258865508,0.4969204301328482,0.004421872007072866,0.7055070641851988
0.004107342581923799,0.49566522910774646,0.004510145956032118,0.7030755280818128
0.004218825851680342,0.49166851715977733,0.004552423682654676,0.7015145638480975
0.004318284076256494,0.48771995282135816,0.004590114523543776,0.6980093755290397
0.0044096209439105786,0.48321371547351044,0.004631743443407921,0.6963018513246723
0.004449511826523272,0.4823358601624668,0.004659369769057289,0.6958597088293619
0.004504789065676655,0.4820762154485559,0.004760814109553785,0.6920210164070599
0.00460623340617315,0.47680020120658073,0.004837114151313288,0.6910883068639541
0.004658845783143991,0.4735805219724569,0.0049061255824878565,0.6906673632099498
0.004724884980592558,0.46641495656879844,0.0050258185453559544,0.6868780565226822
0.0048327819743473775,0.4640414187891737,0.005162015577923744,0.6782187890248604
0.004902566311077571,0.4634121442285181,0.0052310289543803,0.6761803096858222
0.005034560438737497,0.46142241467927725,0.00533601404788213,0.6756169872011473
0.005141154458831674,0.4611505073184568,0.005404491040438219,0.6744282960539886
0.005232936031539698,0.45956755268807487,0.00545524546499087,0.674232584612994
0.005338507504388019,0.45663753516064426,0.005561839485085047,0.6686072266522001
0.005393442777408876,0.4539894389335342,0.005649794152957839,0.6668442363268361
0.005430887145123826,0.4523517771271493,0.005694924023998695,0.6667923831488471
0.005556803557762915,0.44996693129745297,0.005784966998806308,0.6658926688139472
0.005646846532570528,0.4497690429376101,0.005836713614861652,0.6624570088880551
0.005699435400511231,0.4489827483355826,0.005980422774312668,0.6612182694495597
0.0058002183366371385,0.4470503848594968,0.006112416901972594,0.6597518927691088
0.005872444686084057,0.4453633233108608,0.006237727329541049,0.6585713164709343
0.005900071011733425,0.44527364294408556,0.006337619352000515,0.6510739418793442
0.006008230669524706,0.44128955531948727,0.006377510234613208,0.6474453552138978
0.006069034042813845,0.4385053509274259,0.006453810276372712,0.6466001980819504
0.00610285090346834,0.43840701993151676,0.006492859263876655,0.6452993724999974
0.00615183027519634,0.43536804478421753,0.006586473054366263,0.6451679006703886
0.006208024829485241,0.43266402947378496,0.006625522041870206,0.638642380352714
0.006303251471109898,0.42517856224909206,0.006731093514718529,0.6335970830277798
0.006439448503677688,0.4227566753151738,0.00683411330426888,0.6333060973931781
0.006583375891487963,0.4215431244573562,0.006890307858557781,0.6306779910209298
0.0067086863190564195,0.42131593960466174,0.006983615832030584,0.6302864471257812
0.0069505572618327625,0.4160967626433329,0.007034231963173785,0.6288350357712714
0.007094266421283777,0.41590505407496786,0.007215754227459982,0.6249651772577581
0.00718254037024303,0.412341705356503,0.007359681615270258,0.6209738047757262
0.0072385064048664325,0.41059717251940736,0.007459139839846409,0.6192873031878555
0.0073929555766038295,0.4091629531371571,0.007496584207561358,0.6166493776574782
0.007492847599063295,0.4088468408841134,0.00760419961962475,0.6118753363702324
0.007576820130297154,0.4080283551492852,0.007664260838104098,0.6006585364400546
0.0077205292897481684,0.4053640237813772,0.007741537190559848,0.5970698761642651
0.007759578277252112,0.40241843892919577,0.007777341651580222,0.5946378007662084
0.007865149750100435,0.40127248548019073,0.007847125988310416,0.5945534722718461
0.007909179394283476,0.40023230893589995,0.007864720592436708,0.593355354952205
0.007986455746739226,0.3983151153064257,0.007925523965725849,0.5925841320020186
0.008118449874399152,0.3929505897002054,0.007974754695069673,0.5886994980648378
0.008154254335419525,0.3923844988410435,0.008063545536883446,0.5839330832345043
0.008193303322923468,0.3910996083767188,0.008129584734332012,0.5817014986960568
0.008262316699380025,0.38672312831053945,0.008182173602272715,0.5790569023478451
0.008347077783372224,0.381021736540374,0.008312663517275078,0.5789855555880782
0.008415554775928315,0.3797582426115154,0.008380966942258159,0.5788993967552591
0.008531527000486447,0.3795840833440535,0.008497069245869049,0.5781868328250783
0.008713049264772644,0.3755097689046068,0.00860264071871737,0.5726878447180268
0.008763330059881972,0.3724816679331776,0.008686575134316818,0.5693243088213054
0.008823304025243681,0.37201902415384924,0.008720391994971313,0.5670377207638561
0.00892828911874551,0.3698239760938748,0.008846308407610403,0.5652151107887342
0.009129306727285244,0.36979260334930997,0.008906534639518822,0.5631104891462988
0.009222920517774853,0.3695069705000651,0.008962500674142225,0.560479583296399
0.009247426315925362,0.36936118510113364,0.009046473205376084,0.5582894596110969
0.009337384632740434,0.36690695878073665,0.009090502849559125,0.5557018536366661
0.009397473688289977,0.3615718488695583,0.009159935642403775,0.5518184976291799
0.00948506893770778,0.3595057983727927,0.009232161991850693,0.551053799441361
0.00955450173055243,0.35908193053565163,0.009433179600390426,0.5489027453642535
0.009636268541368334,0.358920901307707,0.009468234841149947,0.548772781295854
0.009722643614782858,0.3572266867001407,0.009587344397809961,0.5476023343298276
0.01023253178918996,0.3536914126840525,0.009792810059261447,0.5450829635892682
0.010414054053476157,0.3531438386886936,0.010302698233668549,0.5409002417761327
0.010468223815561345,0.35268534863246126,0.010368737431117115,0.5381673828204558
0.010515514266284418,0.3522362857264616,0.010536480235226171,0.5380204985171079
0.010646004181286781,0.35150558048019065,0.010666970150228534,0.5355777641799555
0.010780891614342616,0.3471732049210756,0.010702025390988055,0.5282809185082504
0.01083659261491351,0.3470902482582325,0.010943896333764398,0.5269788621282717
0.010925383456727285,0.3467245049398706,0.01099478645235406,0.5263087378055212
0.011003116024529956,0.3444983331528892,0.011082381701771862,0.5248576616773972
0.011059016458978024,0.34402162534271136,0.011154543160349322,0.5211147346894934
0.011131177917555482,0.3438260510228536,0.011289430593405156,0.5209797169108928
0.011197217115004049,0.3428739085685275,0.01139500206625348,0.5199586547408878
0.011281151530603497,0.3426116728563438,0.011574396226023572,0.5196984369991845
0.011353489933389731,0.33903775306070405,0.011669622867648229,0.5193636426967664
0.011427520867420389,0.33749733655345143,0.011724189475753643,0.5179182082120755
0.011506739511736325,0.33469597541197044,0.011782393068860026,0.5178448422741213
0.01157936271569815,0.33154324782459355,0.011963915333146223,0.5173340369664022
0.0116823825052485,0.32701470576030317,0.01201981576759429,0.5134337165008473
0.011731361876976501,0.3247369054171071,0.012099034411910226,0.5086531664536388
0.011778652327699575,0.32015768513027265,0.012172437223731122,0.5066942631327596
0.012028399182080252,0.3181818931415214,0.012280596881522403,0.5041552755718866
0.012100737584866487,0.3176109635218938,0.01260852776203122,0.5035251167811955
0.012262301086062593,0.3170563648589277,0.012671155873535176,0.5015432261048925
0.012311531815406417,0.31400490047032387,0.012772400393646506,0.5008939237614687
0.01238271774904564,0.31267978409026626,0.012815823560067406,0.5002954050731214
0.012421766736549582,0.31180644640219185,0.01287591261561695,0.49637850082493096
0.012463395656413728,0.309107458514239,0.012948251018403183,0.49136665171592475
0.012516233554427613,0.30508139169875337,0.01303958788605727,0.49024839580497187
0.01265017615807562,0.3040324082280285,0.01339700271758842,0.4900740007994089
0.01270601419484315,0.3025303588794954,0.013485252482190381,0.4899599042467663
0.012754931266579448,0.3018984725880448,0.013646815983386486,0.48903710965888275
0.012817841639349323,0.3007734907268477,0.013695795355114487,0.486469595390736
0.013067588493730003,0.2990032883061829,0.013771961809517909,0.4839676998319363
0.013127649712209352,0.29871559939145387,0.013915670968968924,0.483462786734344
0.013485064543740504,0.29582428940649913,0.013989701902999582,0.4817289052854355
0.013671580661192997,0.2951511580153443,0.014062040305785815,0.4815308328613979
0.013723757583817695,0.29427328109111045,0.014114652682756657,0.479373650269801
0.013856473597978139,0.2941695458697415,0.014170553117204722,0.47663493775406157
0.01392664433651806,0.29400370919448526,0.01422645355165279,0.4765154701640529
0.013981279454227112,0.292560607472564,0.014370162711103803,0.4749072106682059
0.014193768382155162,0.2922346363479771,0.014475443190153963,0.4718576326850286
0.014283019168480893,0.2917322027105951,0.014499948988304472,0.47100056397898044
0.014309094025561348,0.2911478795921702,0.014558825355912188,0.4705754223554539
0.014372004398331225,0.2899756425403033,0.014916240187443341,0.4703205494886096
0.014409695239220324,0.2877602715861927,0.015069493783774129,0.46971838287006173
0.01457105206482356,0.2873090432990441,0.015119774578883458,0.46722700057142674
0.014638634350838066,0.2871626618814294,0.015287517382992513,0.4642174684653136
0.014746165962871715,0.28697243421764146,0.015358703316631736,0.46419340955190774
0.014786218286900046,0.2857127205842162,0.015491419330792181,0.4630448529290761
0.014855229718074613,0.2854088332613121,0.01559669980984234,0.462777976703523
0.014905732891194954,0.2836578131767161,0.015786975639202006,0.46081645234927904
0.014965959123103374,0.2831444943382908,0.015839813537215894,0.46025473667133504
0.01501501324802567,0.2822227773338465,0.015928604379029668,0.4598926053926359
0.015356457773148455,0.27960010595314955,0.015977583750757668,0.4582361407369305
0.015391513013907976,0.2782160786246125,0.016033421787525197,0.4581996268414448
0.015479917160845522,0.2755130086807938,0.01609339575288691,0.45603793937227244
0.015557431525772977,0.27305971700300014,0.01619804128000364,0.4555805363450216
0.01563373156753248,0.2726276924613731,0.01625221104208883,0.45465650601423024
0.015743745970999812,0.27171494294445137,0.01633130860321937,0.4542458658578232
0.01577880121175933,0.27135458566195236,0.016426384107476648,0.4527157921913935
0.015880045731870664,0.26927564450607006,0.01646643643150498,0.4510954183691736
0.015967640981288465,0.26793392270301675,0.016549482685714684,0.45028726300483884
0.016017921776397794,0.26718373844956345,0.016776719807260518,0.4494905272841266
0.01618566458050685,0.2644402652057502,0.016881365334377254,0.4489584907170312
0.016256663006801262,0.2622795872796805,0.01693028240611355,0.4457875149719295
0.016372635231359393,0.2621359684408762,0.017018635712384295,0.44536108372431066
0.016401392615311882,0.26135652206597404,0.017110188030636898,0.44516148358771784
0.016476232005138865,0.2610081174979424,0.017251720003304008,0.44489926799874946
0.016519655171559764,0.2601626821679487,0.017393966327689442,0.44344932843631724
0.016587958596542846,0.25993007867345663,0.017643713182070118,0.44248205850133226
0.0166608934703568,0.2597100146520679,0.017803026578139154,0.44097475732416475
0.01681414706668759,0.25949678298942774,0.017918998802697286,0.4385841756897438
0.016993541226457683,0.2584028290075023,0.017945410762705297,0.4385617457823995
0.017077689682538574,0.25748597821676944,0.018000346035726155,0.43544256517641033
0.017140317794042532,0.2564146618701439,0.01805824321294071,0.4347492285235178
0.017192906661983233,0.2549324988410094,0.018198615967436618,0.4337181180596971
0.017269073116386657,0.2547592072341541,0.018342543355246894,0.43334034786184644
0.017383354194333393,0.2543888085360986,0.01850390018085013,0.43199271488896984
0.017474906512585996,0.2536796084834669,0.018578627483359072,0.4307406326709102
0.017648909013270597,0.25185294112596496,0.018720697679025122,0.42984009751356456
0.017704809447718663,0.24960984545605633,0.0189704445334058,0.42842283802359554
0.017895085277078334,0.24763068654207548,0.018996519390486258,0.42834859234648565
0.018023457068814967,0.24689588459670733,0.01920905435958625,0.42630983842044723
0.018097367327404922,0.24625981996303695,0.019325080262034694,0.42578122346825825
0.018139032799882143,0.2455174085597214,0.019366709181898843,0.4236896655440946
0.0181995225410478,0.24538903734348744,0.019448589728000933,0.4229263126318503
0.018258398908655514,0.24518275268166667,0.019504290728571825,0.4218860192121326
0.018419070502307483,0.2450335022694086,0.0195515811792949,0.41903035597435023
0.018477791871715228,0.24435932672078206,0.019641539496109972,0.41831941522599486
0.018566196018652777,0.2442852907397331,0.019714036749434085,0.4151848465582475
0.018645293579783315,0.2442179100887541,0.019803287535759818,0.4151424846471882
0.018661857295948676,0.24417798399475207,0.019872298966934383,0.4135400274484196
0.01871653393990663,0.242979855312472,0.0199366339826833,0.4133892893027311
0.018840638190706374,0.23995629958364242,0.020044165594716952,0.4128231784639896
0.018900699409185723,0.23961099369112632,0.020397153610039274,0.4110670545848432
0.01901861157257736,0.23945101234763047,0.020571156110723875,0.4094449054497903
0.01908817164122998,0.23922953626467947,0.020606211351483397,0.4088777441777138
0.01916289894373892,0.2388161756793084,0.020730315602283143,0.40814404446248814
0.019226243411705955,0.23870267060589315,0.020864258205931147,0.4074045125643178
0.019288449639116932,0.23814457933539218,0.020990970994929938,0.4072552364392809
0.019344350073565,0.2376550427338093,0.021065810384756918,0.40572344302162877
0.01941805948391337,0.23691567245025286,0.02127829931268497,0.4030261900667894
0.019542163734713115,0.23677017763753114,0.02136050175623532,0.4025856332649001
0.019637239238970393,0.2362976762390702,0.02149519343785827,0.40193906128799317
0.019684529689693465,0.2357885240953396,0.02160991489706623,0.40017784580150473
0.0197891752168102,0.2357723544357138,0.021690546674068226,0.3999657480872779
0.019847378809916584,0.2341877696725626,0.021771383002992795,0.39908102754354113
0.02001512161402564,0.2340301979996282,0.02184400620695462,0.39905875043322075
0.02003271621815193,0.23300916545041375,0.02191248319951071,0.3989549643332582
0.02017308897264784,0.23141065843923433,0.022000836505781454,0.39849553795100245
0.020526076987970165,0.2311395832574255,0.022089240652719,0.3983460960036314
0.02057715885275054,0.23074950770863023,0.022219730567721363,0.39789105408502107
0.020758681117036736,0.23058968130042032,0.022288122749380652,0.39737055008087
0.020823016132785654,0.2305861420219584,0.022361057623194607,0.39567542231088626
0.020873906251375317,0.22968463918101892,0.022509070646839196,0.39555733979040403
0.020924295680714793,0.22951616439951983,0.02259747479377674,0.39429303377091396
0.021216353624578323,0.2282568765410966,0.022639140266253962,0.39393533756656623
0.021267435489358697,0.22725627105468565,0.022723288722334853,0.39391798578126136
0.021472901150810186,0.22561244945006925,0.02285166051407149,0.3935753372860083
0.021667054394379322,0.2256072049276036,0.022967762817682376,0.39201867127273976
0.02177591341927134,0.22530479840394926,0.023005453658571477,0.39097699811780345
0.0218641631838733,0.2243812199108701,0.023064175027979222,0.3909603217381354
0.022008090571683576,0.22420148495455164,0.023167495886019608,0.3908711467396137
0.022102341446271583,0.22268941548514767,0.023275392879774426,0.3903444504135977
0.022459756277802733,0.2219879293549129,0.02339913326090625,0.38922205860870307
0.022509107937427695,0.22053946724070553,0.0234985914854824,0.3873470821586102
0.022847647621377542,0.2204229940216003,0.02363512566345115,0.38653393101653055
0.02288961798070398,0.2188185361430315,0.02369400203105887,0.38189799145640246
0.022994898459754137,0.21811328659155477,0.023722759415011358,0.38138464491575025
0.023099543986870873,0.2179037934601211,0.0237828484705609,0.3798473942479594
0.023215646290481763,0.21754617571043594,0.02385655788090927,0.3790328346936941
0.02326929327714572,0.2175439381625789,0.023962379929862748,0.37781586081642615
0.023385319179594164,0.2166142803019548,0.02405635092169556,0.3773485384683566
0.023742734011125317,0.21496888595175484,0.024175233704347057,0.3769068891164113
0.02383108731739606,0.21391183203539332,0.024259168119946505,0.37602650621016964
0.023951267144420745,0.213340091971904,0.02431255104095161,0.3755247824365046
0.024001770317541086,0.21314996490882898,0.024436655291751354,0.3722022067395319
0.024053198153696158,0.21260563941988578,0.024488832214376054,0.37205371142590515
0.024121675146252245,0.21249888758584726,0.024539335387496395,0.36971782566833705
0.02446336832768224,0.21242548320266696,0.024648634496335795,0.369607059774356
0.024508879053506023,0.21186950427482304,0.024733395580327992,0.36936518473378166
0.024559068985258215,0.2110701845809451,0.024851271335516133,0.36927939156885237
0.024653951396917815,0.21041917671151544,0.024867835051681497,0.3683371635509327
0.024747922388750627,0.20999488682371975,0.02495003749523185,0.36808810733254854
0.024853744437704106,0.20994155581362522,0.025019048926406415,0.36772628619653963
0.02490502811062504,0.20947175553679334,0.025126047819994522,0.36749522477118524
0.024993381416895784,0.20765577368868743,0.02528671941364649,0.3674755611144018
0.025053607559610048,0.20687283512178303,0.02541208278856268,0.36664600351761134
0.025193980314105958,0.20673077379522883,0.025475427256529713,0.36622451441529125
0.025303061041681837,0.20620177873813242,0.02562056129681084,0.3650239270440227
0.02535343659920696,0.20605879967346674,0.025698652943281258,0.36491497448493176
0.02548392651420932,0.20516643530643194,0.025753288060990306,0.36420173140907336
0.025608103615394784,0.2044426932519616,0.025914644886593542,0.3627373611437765
0.025749635588061894,0.20443932312035104,0.026011002926308566,0.36272474748276584
0.02595510124951338,0.20427720723437515,0.026156232327880516,0.3618988456596821
0.026097347573898814,0.20417622695620882,0.02626531305545639,0.3609675023417407
0.026215562598158205,0.2025418823292995,0.026336311481750804,0.3607098538411444
0.02625136705917858,0.2024138235006631,0.026412089177070476,0.36046448204794324
0.026310243426786298,0.20124432872256667,0.026486816479579418,0.35976838411589307
0.02637168805506229,0.20079487685722044,0.02656543720027715,0.3575036691192787
0.026440699486236858,0.2006170441002119,0.026655395517092225,0.35720841493421096
0.026607858077143116,0.2003071617735899,0.02673290988201968,0.35646222973823105
0.026662424685248532,0.1999972485497577,0.02685708698320514,0.35597607792658154
0.02676188290982468,0.199977621411519,0.02689477782409424,0.3539390546857076
0.026869779903579503,0.1995297447681277,0.026962360110108746,0.35239857149639653
0.026929868959129046,0.1983019066898744,0.02704599655777679,0.3519896813218734
0.026985025701230028,0.19690240949081098,0.02713359180719459,0.3519635149587299
0.027073379007500772,0.19687586142201635,0.027211324374997264,0.3514895438501831
0.02721808680167015,0.1967437860569478,0.027295472831078155,0.35095541780213974
0.027363316203242095,0.1963953601125318,0.027365643569618077,0.35049858077675355
0.027433021076477285,0.19597375061364836,0.027419290556282033,0.35035768269800627
0.027549748877441455,0.19592845183100419,0.02746600605300479,0.3501019767728993
0.02760833180903017,0.19566762982055766,0.027553179702901436,0.3487945908301438
0.027696685115300913,0.19517168402633084,0.027647431409968195,0.34850766652802007
0.027845587922819347,0.19500515621055622,0.028032681782651253,0.3483633315918052
0.02793483870914508,0.19365322533077786,0.028150593946042888,0.34812177564796837
0.02801345942984281,0.19259265111341514,0.02826656617060102,0.3481021027998579
0.028073548485392355,0.19234351710652342,0.02830853652992746,0.3480391741028251
0.02814695129721325,0.19149632504520184,0.028541905401161055,0.34583179765951194
0.028283485475182002,0.19096075636716145,0.028663351241488607,0.34546957164116754
0.028404931315509554,0.19091191335168273,0.028780079042452777,0.3452719439622508
0.02859403120916548,0.19083535176029892,0.02890223000078022,0.3433911194238028
0.02870446049286116,0.19078793739154032,0.029243674525903006,0.3428291569899272
0.02878848874070881,0.1904704205682535,0.02947091164744884,0.3427568136644455
0.028873788497918055,0.1901687494682121,0.02961812374158462,0.34239448883462165
0.028922767869646055,0.18988664679096262,0.02972742285042402,0.34167518625187676
0.029026088727686437,0.18944792139646222,0.02979698291907664,0.3413441447281268
0.029063918448117988,0.18925065389718504,0.030009517888176636,0.3413280247461859
0.02912400750366753,0.1881299874349745,0.03014495995595543,0.3411148467603051
0.02922955745948845,0.18793616310003772,0.030197572332926272,0.3405582215406586
0.02933583373603346,0.1878891552599677,0.03025977856033725,0.3397150316223684
0.029380043429231242,0.1878413967835677,0.030320268301502907,0.33922645021464437
0.029461117142021112,0.18759162361045906,0.030389279732677476,0.3382443234699111
0.029512199006801486,0.18751480026376532,0.03048917175513694,0.3365445395075912
0.029626920466009447,0.1871581859153909,0.030543848399094894,0.3365287224454263
0.029761100750836593,0.18696015487126355,0.03071403971010443,0.3354953268201803
0.029855525520042833,0.18549587291802047,0.030900555827556922,0.3347617607101338
0.029881937480050844,0.1850114392950982,0.030963466200326795,0.3343686110598231
0.029978221989805657,0.18371993025153344,0.0310160550682675,0.3333057168841721
0.030060584855409907,0.182897561663019,0.031107836640975522,0.3324804489921309
0.030106596848122197,0.1819458301040274,0.031190199506579773,0.33246049005212436
0.03015582757746602,0.1816865010281789,0.03134526705712763,0.33087744585292833
0.03024760915017404,0.18075116209954217,0.03147575697212999,0.32976455448366154
0.030330655404383747,0.18074756498600456,0.03153396056523637,0.32956338741195473
0.03034692291101671,0.1803195438637788,0.03162821143982438,0.32861613006385865
0.03055941183894476,0.17981265137231295,0.03176239172465153,0.32853842353025386
0.030703120998395776,0.17956795043383225,0.03192374855025476,0.3279979764486886
0.031041660682345623,0.17942131244098408,0.03210314271002486,0.3276486587283607
0.031113788408544153,0.17880800784678455,0.032237834391647804,0.3276171982628416
0.03130288830220008,0.17825846631196998,0.03233907891175914,0.32740577384149144
0.03141961610316425,0.17823788803150073,0.03269649374329029,0.3271140386758387
0.03153949038500192,0.17804944826370814,0.032743784194013366,0.32679271612136224
0.03162875696293995,0.1778735836100177,0.032888491988182736,0.3261924567073597
0.031693757379806946,0.17782001147478513,0.03300521978914691,0.3256446263260928
0.03173726531465124,0.1775307726591109,0.033059569336911725,0.32373381237629306
0.03180100749934332,0.1774153487750959,0.03313829585036875,0.32342995015170156
0.03185153774501255,0.1773739893173823,0.0331983570688481,0.3234084099103102
0.031869132349138844,0.17720956725498832,0.033261267441617975,0.32335468823918573
0.03195328080521973,0.1771402277672966,0.03328767940162598,0.321762686908229
0.032025382673608785,0.17642517034129213,0.03339769380509331,0.3210054687037369
0.03207817336243207,0.17555425789909937,0.03347160406368327,0.320848592030953
0.03213706399685681,0.17478442855539691,0.03353648793352461,0.3208146053402878
0.032267553911859176,0.174376128530776,0.033658638891852055,0.3204575148088981
0.032315963141823736,0.17422034583593835,0.033727115884408146,0.3192444082941413
0.03238084701166508,0.17402540719501727,0.033905326480250804,0.31852146797131436
0.03248209153177641,0.1736518942391242,0.033958436938604716,0.3182082161220212
0.0325468400176366,0.1736399010880664,0.03407831122044239,0.31806140464355864
0.032603066303807014,0.17353716235138317,0.03429084618954238,0.3159908565806266
0.032815555231735065,0.17311776543650925,0.034385270958748625,0.3156411236445748
0.03290733680444309,0.17256917767187935,0.03447362426501937,0.315262833359099
0.03297634823561766,0.172047601552458,0.03456517658327197,0.3137325065341538
0.03314350682652392,0.1718907872903343,0.03473657420696511,0.31358359339721326
0.033314904450217064,0.17175043488319164,0.034840215662767536,0.31280908914915156
0.033403559258206574,0.17156404689191346,0.0350073742536738,0.3125745534803335
0.033736573525821226,0.17135686317125026,0.03505509783969506,0.3122930698742963
0.03383082523288799,0.17128489280062129,0.0351325582549024,0.3111425483703791
0.03391917853915873,0.1710108349590777,0.03518190991452736,0.31034394202928994
0.03404025267772232,0.17100191342762242,0.035290768939419376,0.3100825866923162
0.03413513508938192,0.17068450080932837,0.035632462120849376,0.3095353708589565
0.03420528208953531,0.1706260539890269,0.03565760418336155,0.309381147136912
0.03427132128698388,0.17042380811131325,0.03579797693785746,0.3087882428143511
0.03436417733492375,0.17039326961376108,0.03591224663293143,0.3085634794731306
0.03451138942905953,0.17005902091493055,0.035969041302466274,0.3085237224198054
0.03453780138906754,0.16897450133485334,0.03601932209757561,0.30844592251159003
0.03464144284486997,0.16896004799139516,0.03607954824028987,0.3082719613857486
0.034683601837086464,0.1689514411311816,0.03613063010507025,0.30825612178304274
0.03474149901430102,0.16885766299250754,0.03624491118301698,0.3077059549318848
0.03481901337922848,0.16867611792485634,0.036536969126880516,0.3075372068529761
0.035146944259737294,0.1684207441064439,0.036654282474712425,0.30740707169923365
0.03528238632751609,0.16809013347522067,0.03670351320405625,0.3071331212150077
0.03540026208270423,0.16788107227761753,0.03680255735539876,0.3068142410263864
0.03551128503418285,0.1674460295031374,0.036874685081597296,0.306596757718899
0.035610709050677924,0.16742200483587488,0.03699282725547098,0.30630682430137657
0.03566860622789248,0.16713493370281435,0.03711520717943467,0.3062845546166091
0.03577396202928057,0.16697748178133318,0.0373758076539677,0.3058508799983072
0.03583374874213791,0.1665623068455381,0.037436297395133364,0.30412706701762443
0.035956128666101615,0.1661996446218941,0.037533498149693874,0.3030786687536628
0.036046086982916684,0.16570121114898853,0.0375794286954031,0.30157432485131874
0.03610915809204366,0.16555859781823715,0.037661195506219,0.3009485447805978
0.03612698117123837,0.16474224365255208,0.03803387755638743,0.3008652014818403
0.03623226165028853,0.16442408191232027,0.038098877973254425,0.30047148766157566
0.03627897714701129,0.16326158680340602,0.03818192422746413,0.2998668062872989
0.03635014133851405,0.1632075311289487,0.03825031640912342,0.29977865274130877
0.036457672950547707,0.16313716218211946,0.03835659268566843,0.29962169978640535
0.03653576459701812,0.16293293767921688,0.03850172672594956,0.2993929630569575
0.03663810292625564,0.16227236452894017,0.03864893882008534,0.298092448843177
0.03676025388458308,0.16181764449118877,0.03898747850403519,0.29667635689727473
0.036812000500638424,0.16149120650374343,0.03919294416548667,0.2964377841404868
0.03701166742089339,0.16148278624775375,0.039342487777773855,0.2963412717519521
0.03705419173536829,0.16118466091715106,0.0394296614276705,0.2956336161768244
0.037176342693695734,0.16084576312139937,0.03976820111162035,0.29420805475421363
0.03731178476147453,0.16083794588328093,0.039852229359468,0.29416001123052415
0.03739241653847652,0.1606369832267764,0.03994090168349009,0.29386637438001334
0.037450366760727646,0.16062013957963325,0.04004099201428147,0.29386068818125655
0.037466634267360605,0.1603173581348358,0.040121760377262,0.29348570995306755
0.03755818658561321,0.16019189355409605,0.040334249305190056,0.29342220303260597
0.037752339829182344,0.1595581082570633,0.04038533116997043,0.29337061803368103
0.03782811752450201,0.15941171285995775,0.040473684476241174,0.29232991759099397
0.03790988433531792,0.1588972807392753,0.040517894169438955,0.29203064684948454
0.03804457601694087,0.15777404467161985,0.0406050678193356,0.29172717581712265
0.0381217819569844,0.15776586477881832,0.0407115430498083,0.29105680554707714
0.038178479974036894,0.15763287504645537,0.040820319939628084,0.29051959994679705
0.038308414532268395,0.1570841903731228,0.04093516229513845,0.28838346583165436
0.0383703511554884,0.15657844411122337,0.04109022984568631,0.2880868370021315
0.03847912804530818,0.15657824854077607,0.04117949642362434,0.2864174552846398
0.03852514003802047,0.15649494888558615,0.04127662377564485,0.28546116645562913
0.03857622190280084,0.15637341161951,0.04137290828539967,0.2843738217802545
0.03862043159599863,0.1561096415682702,0.041423098217151864,0.2833844273432553
0.03872600306884695,0.15598837228550527,0.04147825495925285,0.28330397626626086
0.038800842458673934,0.1558418018360298,0.0415557693241803,0.28226601813825025
0.03892755524767272,0.15557425471560637,0.04167594915120498,0.2818921519817054
0.03903455414126083,0.15550235161236514,0.04186316222326876,0.28177209474567494
0.039080484686970056,0.15495221911571735,0.04198295267959265,0.28123333346873736
0.03924184151257329,0.15438976928554754,0.0420712266285519,0.27978870113589505
0.03938985453621788,0.15350605625844735,0.04222869205770047,0.2796656336854384
0.039462605661583446,0.1534367807039055,0.04229883905785386,0.2795974699681714
0.03963439748945097,0.15318198649135478,0.04242121898181756,0.27879132561760156
0.03971185790465831,0.15311039414747774,0.042490230412992123,0.2784520175013891
0.03974691314541783,0.1531060165077635,0.042541312277772504,0.2766109835982332
0.039834867813290625,0.15265856982893675,0.042701333178846834,0.27643643571715015
0.03990442788194325,0.1526060159755449,0.04282713461597629,0.27623782998314533
0.04001545083342186,0.15256975023930783,0.04290197400580327,0.2762267161986451
0.04014136724606095,0.1520833104960836,0.042953257678724203,0.2760229150982577
0.04019652398816193,0.15207858208525896,0.04308374759372657,0.27583503931472314
0.04031466616203561,0.1519785274921079,0.043217132470587664,0.27527094626364235
0.040440029536951805,0.15149693510061857,0.04328552465224695,0.2750265143861419
0.0406140320376364,0.15114660604264363,0.043406121551127726,0.2748148792274239
0.040696234481186755,0.15113444460029207,0.04350378659947695,0.2745923659863591
0.04077504008862016,0.1503142110137708,0.04359305317741498,0.27328138279429975
0.040953250684462816,0.15024322419259437,0.043741955984933405,0.273269608875732
0.04100760023222763,0.15011440665071651,0.043901269381002445,0.2719941126975153
0.04109236131621983,0.1498823173878734,0.044113758308930495,0.27177869693755813
0.04114497369319067,0.14960504633015534,0.04430285820258642,0.27132051703947346
0.041243052483480966,0.14936264969078195,0.044384163573826484,0.2706565613052572
0.0413656611607139,0.14913928224762968,0.04446479535082848,0.2705126092356345
0.04144086752076743,0.1491016411615938,0.044551969000725125,0.2701802364924188
0.04145912565505827,0.14899463149167708,0.0446991810948609,0.27011297360024045
0.04157823521171829,0.14894213816069013,0.044771519497647135,0.26943693333019675
0.04165307460154527,0.14884141123944308,0.04485235582657171,0.2687178919591377
0.04174234117948329,0.14864245493771347,0.0449588310570444,0.26820580501366065
0.041858443483094185,0.14848575461110788,0.04507742491010526,0.26772784195081256
0.04190590070989267,0.14841671182417437,0.045430412925427585,0.2676905868534571
0.0419697883362684,0.1481687714461877,0.0454889958570163,0.2676237196386815
0.04202810772037381,0.1480714919023989,0.045683149100585435,0.267609977831199
0.04212799974283328,0.14801124334415894,0.045752853973820624,0.26746081316348713
0.04228935656843651,0.1478296779467266,0.04593224813359072,0.26661279709470287
0.04234532260305992,0.14726648382228777,0.0460304758016632,0.266592938791166
0.04241433403423449,0.14714173101546982,0.04609052115207812,0.2660694650733467
0.04250858490882249,0.14619945696312547,0.04625187797768136,0.2649843558221048
0.04258921668582449,0.14610538082052027,0.04658489224529601,0.2633475711657469
0.042651706317036006,0.14590620496518542,0.046763102841138666,0.26289232648303834
0.04271936277435915,0.14589335770835557,0.04682105306338979,0.26269557124243165
0.04275317963501364,0.14542431034952838,0.04687248089954486,0.2625437718166209
0.04279597864199355,0.14540939499500993,0.04692422751560021,0.2624860002601257
0.04284675180156552,0.14540349244326645,0.04704839906975886,0.2623337945075546
0.04291885366995457,0.14531486202206595,0.04714662673783135,0.26212189136009684
0.04304878822818607,0.14526922130587339,0.047190134672675646,0.2610708340305111
0.04309724416615505,0.1451005111996812,0.047274895756667844,0.2610502026636859
0.043193602205870076,0.1449983964105905,0.047369778168327444,0.2606048659324682
0.04326125866319321,0.14479457352397457,0.04746263421626731,0.25918890746470924
0.04338014144584471,0.14466735739924455,0.04759298757077519,0.25884669818778294
0.04348881661185748,0.14388052966155507,0.047650884747989744,0.2586304291515398
0.04358616298224261,0.14371697407772463,0.04770678518243781,0.25858501573181436
0.043658501385028844,0.1435451535197835,0.04775728835555815,0.2582414410994723
0.04372968731866807,0.14350664958872136,0.047829416081756684,0.2578965103191689
0.04385206724263177,0.1434313363464738,0.04787670653247975,0.25782983813002486
0.04389459155710668,0.14335154489651952,0.047951545922306736,0.2575187292038788
0.04395721966861063,0.14309497909077767,0.04804020073029625,0.2569545679608561
0.04403468008381797,0.1427204944162025,0.048096898747348744,0.25693996346405845
0.04415683104214541,0.14238932796436574,0.048177972460138614,0.256927633768957
0.04436936601124541,0.14209848742911255,0.0483164772852133,0.2565144133408566
0.044441863264569524,0.14195525007762919,0.048352281746233676,0.255666406008275
0.04452316863580959,0.14171828133498465,0.04840754776816057,0.2555681412877
0.04458006023815126,0.14163174005997586,0.048425142372286865,0.25535763832959923
0.04467513574240854,0.141613484247152,0.048484033006711606,0.25396328558177217
0.04474530648094846,0.14154473718535235,0.04856154737163906,0.25390305139320946
0.0449463240894882,0.14123096410662736,0.04866736942059254,0.25353943605866386
0.045021163479315174,0.14116261893315668,0.04875572272686328,0.2534966850106003
0.045182520304918414,0.1411429302729198,0.04886325433889693,0.253376665370219
0.04524752072178541,0.1408890571663575,0.04892304105175427,0.2532400395464339
0.04532014392574723,0.14086690514158934,0.048965565366229175,0.2523825686572568
0.04545007848397874,0.14086003363114127,0.049166582974768905,0.25211837059462316
0.04554308463293488,0.1407349404536036,0.0492218489966958,0.25192462270176424
0.04567702723658289,0.13995565510899355,0.04931052132071789,0.25192166357251455
0.045753218053731906,0.13986906507146,0.04936194915687296,0.25150770149721724
0.045778012350367984,0.13977584798817427,0.04939963999776206,0.2510736016745555
0.045838912877325666,0.13970091276363197,0.04952747768642012,0.25101671201026104
0.04587471733834604,0.13939622086302136,0.049602317076247106,0.25074788650391044
0.04590323761663404,0.13937515528797315,0.04969067038251785,0.2507293339342921
0.04596328296704896,0.1392330109897164,0.049812116222845405,0.2503329751265088
0.04601854898897586,0.13915924927659531,0.05003017467149329,0.2499264065498072
0.04609614134357114,0.13911570036336643,0.050111011000417864,0.24985165768209958
0.04615611530893285,0.13904372791992842,0.05016518076250305,0.24970891515244054
0.04624446861520359,0.13822630338951858,0.0502112055609472,0.2496919882076315
0.04629194297152666,0.13798697841465218,0.05031062957744228,0.24939338372646835
0.04636678236135364,0.13761290731701598,0.05040570508169956,0.24917732462822362
0.04643517454301293,0.1375195547345444,0.050451215807523334,0.24888298983912166
0.04646280086866229,0.13722904767902544,0.05049542550072112,0.24845294476004706
0.046553908949068426,0.13709964435504307,0.050569456434751775,0.24824147356994558
0.04661278531667614,0.13684273243661985,0.05065309288241982,0.24788664254350462
0.04668908535843565,0.13678440201512812,0.050670687486546115,0.2472924631194365
0.046777040026308433,0.1366870451227089,0.05079352718512815,0.24716057294528204
0.046845432207967726,0.13656867646860413,0.05085827567098834,0.2471587796830291
0.04690355744188765,0.13651690887728468,0.05092431486843691,0.2470134122391728
0.047045627637553704,0.13610858222523023,0.051046923545669844,0.24692101084739151
0.0471262594145557,0.13592362425595422,0.05110482072288439,0.24675817049506296
0.047183961621848035,0.13591666061278132,0.05119432386070365,0.24556901413630206
0.047244451363013695,0.13586674475560645,0.05157957423338671,0.245160580632408
0.047303034294602406,0.1356975658384739,0.05171351683703471,0.24451068794102118
0.04736383766789155,0.13559247898518906,0.051800983587410455,0.243743112012366
0.04745141950420778,0.13545520356766583,0.05199008348106638,0.24336505566482297
0.04760888493335635,0.13539481862157066,0.05206728942110991,0.24328145382499605
0.04769139524114167,0.13453846759773708,0.05215907099381793,0.2427084539984334
0.04806407729131009,0.13445766965083764,0.052244783227260755,0.24243566938585015
0.04814280380476712,0.1341519628941931,0.0522733738797349,0.2421209951350156
0.04824257516028056,0.1340701798244806,0.05236253235436036,0.24209491306069078
0.0484039319858838,0.1339192348294344,0.05242085173846577,0.2416377605912429
0.04844944271170758,0.13388760723794615,0.05250449162647969,0.2412571875326733
0.04859857406012821,0.133566992090121,0.05257659349486874,0.24060809162227836
0.04864999749603844,0.13328704517556136,0.05269480851912813,0.24059286282526235
0.048737171145935086,0.13326700971010033,0.052778742934727584,0.24032597662340902
0.048916565305705186,0.13326556695121564,0.05286404269193683,0.24022096650405117
0.04920862324956871,0.13315878538628256,0.052915470528091896,0.24010326705281132
0.04925912642268906,0.1329624455425954,0.05300472131441763,0.2396365830230603
0.04930044172317174,0.1327375104669058,0.05309267598229042,0.23962220138402548
0.049468184527280794,0.13250194004145807,0.05321859239492951,0.23902431227512927
0.049579207478759414,0.13248170698263392,0.05332902167862519,0.23883985637987196
0.049724341519040545,0.13244536909434743,0.053422885807368876,0.23807882981216988
0.04979533994533496,0.1324052894117833,0.053528457280217205,0.23762913025172153
0.04996553125634449,0.13213198770126472,0.05364442950477533,0.23747346886746643
0.050073146668407884,0.13189210449870795,0.05371208596209848,0.2370787850700012
0.050191058831799515,0.13180386811780706,0.05383423692042592,0.23686895251436518
0.05040359380089951,0.13157265662172793,0.05392264106736346,0.23665589595357653
0.05047762473493017,0.13102462242826057,0.05397406450327369,0.2362735688273938
0.05056602888186772,0.13091096457227136,0.054116750461388405,0.23618909275345382
0.05071116292214885,0.13079065617740324,0.054192916915791825,0.23555420772698127
0.05077206344910653,0.13075610575299274,0.05436065971990088,0.23535360352664578
0.0508649194970464,0.13060697813824765,0.054422104348176875,0.23480257082221095
0.05093704722324493,0.13057800681160173,0.05448300487513456,0.23359161013256427
0.05105668496219074,0.130463787884239,0.054616636794313445,0.23312196663391507
0.051203897056326525,0.1304504260252731,0.05466256734002267,0.23311819330662603
0.05133261294211332,0.13004287480285648,0.05475489998818225,0.23306871022630707
0.05146034305412904,0.12950821507614954,0.05480387935991025,0.2330327686080822
0.05163973721389913,0.12935687409792865,0.05486636899112176,0.2329012092584721
0.05172036899090113,0.12924214997797,0.05506480944930938,0.23203350370259007
0.05179621458420739,0.12919854318362006,0.05512855163400145,0.23190753782481982
0.05186522601538196,0.12902841664012102,0.055242699158570836,0.2311985921377833
0.05191560157290708,0.12895424588287716,0.05541449098643836,0.23046254397226565
0.05197086759483398,0.12894690577973358,0.05546267174345817,0.23034023185439798
0.05218892604348186,0.12885454530482526,0.05548908370346618,0.23024610711475216
0.05225199715260884,0.12863904414571362,0.055600106654944796,0.23010493032221527
0.05231020074571522,0.12861720827460163,0.0557741091556294,0.22993604727192293
0.05248199257358275,0.12860660559666506,0.05585518441445124,0.22966682630715132
0.052536162335667935,0.12858313092791465,0.05599911180226152,0.2295793425532192
0.05260590483609337,0.12836608931313856,0.05609336267684952,0.22840972464716422
0.05266380201330792,0.1283318402400074,0.05615208404625727,0.22840376224202572
0.05278111536113983,0.1280556303858182,0.056274923744839306,0.22824180482948922
0.05285870771573511,0.1279516721989373,0.05632093573755159,0.2277933187658557
0.05301802111180415,0.12792787727062288,0.05637584977811686,0.2275964533645284
0.053151405988665246,0.12766943887401896,0.056488052156613185,0.22743315461966507
0.053248606743225756,0.12763458195014454,0.056575697821963734,0.22694096140520456
0.05359005126834854,0.1274662261651699,0.056623172178286794,0.2266555790549645
0.05367955440616779,0.12746127295327228,0.05669082863560994,0.22624339573261062
0.05380990776067566,0.12712225058674786,0.056820763193841446,0.2260866279243533
0.05387490817754266,0.1270936779105349,0.05687698948001185,0.22596396682289155
0.0539632614838134,0.1268977070274238,0.05699806361857545,0.2253635618262887
0.05399185213628755,0.12681724893230473,0.05710341941996354,0.225360509526674
0.054044441004228255,0.12674637186251636,0.05716090805822924,0.22441914145095224
0.0541252832114722,0.1264174131528691,0.05735506130179838,0.224413653772919
0.054267969169586906,0.12641718073209368,0.05747060529248936,0.22422617200973494
0.05430898572487486,0.12637627748348676,0.0575354891623307,0.22413742073943407
0.05437746271743095,0.1263430868950533,0.057684620510751336,0.22409732451208597
0.054445854899090235,0.12628347432187695,0.05773977725285232,0.22374330886650856
0.05453302854898689,0.126226648983565,0.05782670697797917,0.22319502203280048
0.054643042952454215,0.1260849997901234,0.05790154636780615,0.22319418560823998
0.05488661030004959,0.12593985021742396,0.057982314730786674,0.2231665394151581
0.05502205236782839,0.1258373499216373,0.058041191098394396,0.22314376703421726
0.05508620851957059,0.12547491404033045,0.05811075116704702,0.22314098391865372
0.05519550762840999,0.12517719119364465,0.05817840762437016,0.2228376142865856
0.05532094422747787,0.12509065407655293,0.05826090814628277,0.2228006617483443
0.05537684466192593,0.12482584092000477,0.05847021092317625,0.22263215592469535
0.05550058504305776,0.12437120119483876,0.058545050313003236,0.2225969832161609
0.05556804385888145,0.12381893952651465,0.05859542587052836,0.22231407338241174
0.05560309909964097,0.12381378184578963,0.0586884320194845,0.2220812991508426
0.05566558873085249,0.12364939823135199,0.05878688833889004,0.2219899264589277
0.05574237433708236,0.12345854277115952,0.058847691712179184,0.22196328104553775
0.05576484982573374,0.12341340874698224,0.058975376275714475,0.22121661559141448
0.05583428261857839,0.12317215703654537,0.059068232323654345,0.22121366383173655
0.055856758107229766,0.12303952525829023,0.05920976429632145,0.22087807747451818
0.05594247034067258,0.12270520774569944,0.05942229926542145,0.2201537258504293
0.05629545835599491,0.12249785396890828,0.059779714096952596,0.2200775033492054
0.056371624810398334,0.1223857676146009,0.05983950080980993,0.22003137129080244
0.056441077387355425,0.12229890158218577,0.059953648334379314,0.22002895989069546
0.05649562029105303,0.12192087258399051,0.0600568330396699,0.21965725369777672
0.056559955306801954,0.12171118109919088,0.06027489148831779,0.21958158495916616
0.05667964826967005,0.12170251068397102,0.060369142362905796,0.21918819739549786
0.0567256730681142,0.12149358413781605,0.0604683718427074,0.2191677046786299
0.05677675493289458,0.12130765711875158,0.0605209607106481,0.21888580531783958
0.05695133887751591,0.12103718172366745,0.06058997214182267,0.21842375209203735
0.05701022951194065,0.12099258536011141,0.06083320349079904,0.21814825414572236
0.05711341421723124,0.1208994718877919,0.06087600249777895,0.2177840073212476
0.057202086541253326,0.12085213495026735,0.06095625878438918,0.2177767302277372
0.05725487723007661,0.12068581505836987,0.06100744343056437,0.2174712838379225
0.05732091642752518,0.12043940559468648,0.061095796736835115,0.2173328358011977
0.05741999000444326,0.1204389494832891,0.061186601591102195,0.21687009090455103
0.057554681686066214,0.1199570473549194,0.06127075195848635,0.21668311319761954
0.05778191880761205,0.11987385962198453,0.06135490232587051,0.21638766661799122
0.057907355406679926,0.11984871160060152,0.061493407150945194,0.2163010639399356
0.057957858579800264,0.11937847849449604,0.061660565741851456,0.21621820576492426
0.05804149846781419,0.11918271235128437,0.06179600780963025,0.21613389014336262
0.05808155079184252,0.11905525751200753,0.06185598177499196,0.21611516569968936
0.05815906515676997,0.11879366631982421,0.061958320104229476,0.21540909032367878
0.058274858152050094,0.1186440782426204,0.06205566647461461,0.21536435724147826
0.05838329715743165,0.11856331981249515,0.06216668942609322,0.21527936821823257
0.058472547943757384,0.11848472980025987,0.062309427677465216,0.2150077659236821
0.05856679881834539,0.11833810676719818,0.062410672197576546,0.21499110247081551
0.058643098860104895,0.1183309432290635,0.062483423322942114,0.21459538260640937
0.05878702624791517,0.11833031256508106,0.0625362140117654,0.2145409134337187
0.058893615680881514,0.11815302498563761,0.06259630306731494,0.21403140030283402
0.05898240652269529,0.11799767916206899,0.06261613482430319,0.21356760149627363
0.05909246032449388,0.11798176013663565,0.06267283284135568,0.2134168760553954
0.05914037682897186,0.11793288236298613,0.06288213561824917,0.21339826540774343
0.059327589901035635,0.11762428884774227,0.06296276739525115,0.21339571306257926
0.05941063615524534,0.11740356198356024,0.06302497362266214,0.21339251780092977
0.05950450028398903,0.11734087987465351,0.06309710134886067,0.2131882270672282
0.059557290972812316,0.11708438347605336,0.06315800187581835,0.2127392344558273
0.059595120693243867,0.11693843884374884,0.06322774437624379,0.21131173125088556
0.05963791970022377,0.11663164315615725,0.06347097572522016,0.21107972523681953
0.0598270195938797,0.11661460439118644,0.063581523807032,0.2106258546083982
0.05997656320616688,0.11643504346820943,0.06370696040609988,0.21033565417211642
0.06000135750280296,0.11638968094804278,0.06382306270971076,0.21016641436291644
0.06006140285321788,0.11626603857825807,0.06392283406522421,0.2099185886400694
0.06019189276822024,0.11625587614147392,0.06395863852624459,0.20928652895399474
0.060238447163314605,0.116229737624644,0.06406871003945343,0.2088733803880536
0.06032259753069876,0.11621289828035833,0.06412813418232906,0.2087659859324635
0.060401816175014694,0.11613609735783263,0.06415672483480321,0.20866065281566987
0.06042164793200294,0.11603895424168403,0.06425097570939121,0.20842484812987633
0.06048639641786314,0.11583120108159307,0.0643786602729265,0.20841922444058406
0.06055852414406167,0.11557209831697218,0.064508594831158,0.20820055757553138
0.06077658259270956,0.11524071339163414,0.0646901170954442,0.20819694253429347
0.06087083346729756,0.11516175463733272,0.06479566705126512,0.20797604534001538
0.060924216388302664,0.11499765185675763,0.06490294666008718,0.20772080564770604
0.06102546090841399,0.11487979500887274,0.06495891269471057,0.2076222787053776
0.061243519357061876,0.11465009807466295,0.06500930212405005,0.20696639648388698
0.06133044908218873,0.11448251660814861,0.06507947286258997,0.20687985115806784
0.061389325449796445,0.11425915569778176,0.06517435527424957,0.20657261883618094
0.06144367499756126,0.1140791183247738,0.06530307116003636,0.2060721157109011
0.061512067179220545,0.11402587368582753,0.06534090088046791,0.2060677927349509
0.06155851663527107,0.11398273257774379,0.0654450248341608,0.20581082203516932
0.061899961160393854,0.11373322223045321,0.06546129234079377,0.20572338582832037
0.061994212034981865,0.113651864665879,0.06553030377196833,0.20567490335422464
0.062116362993309304,0.11331170675147474,0.06561788560828456,0.20521247154456573
0.06221402804165853,0.11321110528080003,0.06573699516494458,0.2047897305135116
0.06231325752146013,0.1131171953436023,0.0658669297231761,0.20379527788346954
0.06264627178907478,0.11302417327905541,0.0659255126547648,0.20369609758073898
0.0628350055449829,0.11288683750596779,0.0659776895773895,0.2034901686050094
0.06288643338113799,0.11285685362306874,0.06611993590177494,0.20347291294972017
0.06297483752807553,0.11246727222775417,0.06620077810901888,0.2034680789415915
0.06320820639930913,0.11225172483970766,0.06629502898360688,0.203223778388508
0.06322932575883243,0.11221098118287823,0.06640370414961964,0.2026282015083826
0.06327667139949907,0.11218805803698596,0.06648433592662165,0.2025950235214858
0.0634370401237886,0.11217449896218139,0.06654442498217118,0.20232479419551616
0.06350551711634468,0.11157373196197937,0.06661652685056024,0.20216426591087025
0.06366618870999666,0.11154873219597908,0.06668068300230244,0.20216337301561704
0.0637556918478159,0.11129070710763964,0.06679882517617612,0.2021392560871601
0.06385391951588838,0.11120898486666393,0.06687499163057954,0.20211079209904742
0.06393272512332179,0.1111064505420417,0.06702677143370603,0.20210294343434582
0.06406635704250067,0.11103858883197262,0.06715251362043433,0.2020704810362486
0.06412430726475181,0.1110242026117589,0.06726611406205231,0.20200387405004952
0.06417741772310571,0.11099321432867633,0.06737579726639549,0.2019436417512041
0.06437843533164544,0.11098157272371019,0.0674301468141603,0.20167155803809736
0.06443061225427014,0.11085328523012063,0.06748903744858505,0.2015905445643368
0.06494050042867724,0.1108347925330277,0.067634266850157,0.20139394211541262
0.0650477800374993,0.11043680137737018,0.06770545278379622,0.20138876920006998
0.06524622049568692,0.11038996621336959,0.06786680960939946,0.19990021140545014
0.06529764833184198,0.11015595886911275,0.06792264764616698,0.1994968267262322
0.06551570678048987,0.11004401531354176,0.06798013628443268,0.19943599261049416
0.06566748658361637,0.10965526387728873,0.06812943584452985,0.1992408448368588
0.0657134171293256,0.10963908199363266,0.06828874924059888,0.19923885109903608
0.06580106279467614,0.10960451015630272,0.06835349772645909,0.19884006752234723
0.06594330911906157,0.10957648679699945,0.06842979776821859,0.19872046976919802
0.06605260822790097,0.10942705586818918,0.06847797852523839,0.19860931625943215
0.0662065728290457,0.10937006472748734,0.06864572132934746,0.19853488536909994
0.06628907335095831,0.10920238905390725,0.06871411351100674,0.19842634096067405
0.0663922580562489,0.10902814870085067,0.06880175917635728,0.1984089276289349
0.06645223202161062,0.10884883032303609,0.06890937458842068,0.19829428170341815
0.06669546337058699,0.10883936465967511,0.0689677322240754,0.19821407144878242
0.06674346750194857,0.10861814501469941,0.06905531406039164,0.19808531049320502
0.06682740191754802,0.10860234174174462,0.06914326872826443,0.1980711125514265
0.0669531441042763,0.10836193508043468,0.06918579304273934,0.1977767373093522
0.06701311806963801,0.10828489264589215,0.06927631947533638,0.19761613276886097
0.0671626616819252,0.10796557002395116,0.0693406544910853,0.19755186926305693
0.06722371108666507,0.10791359695521786,0.06944647654003878,0.19744529383217743
0.06730764550226452,0.10789969418270197,0.06953572732636451,0.19684810231757355
0.0674257876761382,0.10778768320922735,0.06959677673110438,0.1967105938822791
0.06751812032429777,0.10775620707453488,0.06966152521696457,0.19667712036660429
0.0676340925488559,0.10771186579780574,0.06974992936390212,0.19631704263168723
0.06766922131108095,0.10730118046661184,0.06979648375899648,0.19622110695253006
0.06778142368957726,0.10710842505639778,0.06983431347942803,0.19609475599643839
0.06785404689353909,0.10698382256130316,0.06999362687549707,0.1959450725754352
0.06791347103641472,0.10687951315966113,0.07006589889234996,0.19514781540954235
0.06801035985778799,0.10633259717467178,0.07012897000147694,0.19510822396599964
0.06812043137099683,0.10630334347166766,0.07021147052338955,0.19504645098255083
0.06817185480690705,0.10623360023119087,0.07024528738404404,0.19457415243336781
0.0682904486599679,0.10621947884821877,0.07030944353578625,0.19443713261787973
0.0683471466770204,0.10607812583047758,0.07034524799680662,0.19424016846825914
0.06859508927810991,0.10603243001926282,0.07051925049749122,0.19404273883739792
0.06869331694618239,0.10584162541663868,0.07059158890027745,0.19398470227252965
0.06874172617614695,0.10560450333537089,0.07064613180397505,0.1938429944289347
0.0687894497621682,0.10559898997936265,0.07073372705339286,0.19374122633843407
0.06887691651254395,0.10553109290858713,0.07081549386420877,0.19366983312619815
0.0689516438150529,0.10530348136004977,0.07092554766600737,0.19356580169394189
0.06900680055715387,0.10523542243758569,0.07099654609230177,0.19353638256029654
0.06905718998649335,0.10511473604338004,0.07114608970458895,0.19345147451382852
0.0691393924300437,0.10509679849935008,0.07126430472884836,0.19304449739737742
0.06925194235143073,0.1049765901055883,0.0713527088757859,0.1930234522509679
0.0693434714537197,0.10463887094381638,0.07143195447372519,0.19271716649454088
0.06983134209410831,0.10454832650151341,0.07155213430074987,0.19254127622853376
0.06992848910282105,0.10441345789624114,0.07167278609226037,0.19248741706957104
0.07004908600170183,0.10431959697723275,0.07177045114060959,0.19241847462954395
0.07013016126052367,0.10427968568327282,0.07188159881949183,0.19213211616252454
0.07020249966330991,0.10425372512198865,0.07192439782647173,0.19156374828840741
0.0703121828676531,0.10416065176000411,0.07199673622925797,0.19110963531672331
0.07040351973530719,0.10398344999409893,0.07210517523463952,0.19086602083380796
0.0705145426867858,0.10359748399460134,0.07217779843860135,0.1907400327363293
0.07063433314310968,0.10291420091704706,0.07223784378901627,0.1904967557350512
0.07070649460168714,0.1028415139649129,0.0723401821182538,0.19039816594296646
0.0707804048602771,0.10274942625299015,0.07242655719166832,0.19037390733026727
0.07090278478424081,0.10266977112792282,0.07244481532595916,0.19004570334236445
0.07109693802780993,0.1023935773213516,0.07255271231971398,0.18981336286236536
0.07113274248883031,0.10232866791354148,0.07265079111000428,0.18978841564927454
0.07117967362303457,0.10230654045469871,0.07272195530150705,0.18969668758159772
0.07124923369168719,0.10224311845379944,0.07278389192472705,0.18948358348020672
0.07135157202092471,0.10222559070481071,0.07292663017609904,0.18939060282453707
0.07143240834984929,0.1022226836540635,0.07297083986929682,0.1883020072877118
0.07148989698811499,0.10220447349327104,0.07305335017708214,0.18802255344114
0.07161007681513967,0.10208300994557853,0.07312080899290584,0.1879318594640906
0.07173587825226911,0.10207309339585208,0.07321366504084571,0.1878811196240486
0.07178871615028301,0.10201650794646519,0.0734572323884411,0.18764125111140556
0.07200125111938299,0.10198690002172402,0.07357514455183273,0.1875597819983306
0.07209443339705852,0.10191419016926817,0.07367878600763515,0.18751897237177195
0.07216458039721192,0.10177687275024769,0.07402023053275794,0.1874459308799122
0.07222462574762684,0.10177583728715234,0.07411156740041203,0.18737988777910913
0.07229946513745382,0.10175029110553699,0.07431258500895176,0.18709293511241343
0.07238811502702294,0.10156676556987798,0.07437255897431347,0.1865116428827664
0.07261535214856878,0.10149626004393401,0.07438882648094643,0.1864543707867933
0.07275675523993318,0.1014809074234993,0.07454813987701546,0.18633455103406302
0.07286790291881541,0.10145518501667859,0.07466793033333935,0.18632007355330527
0.07292374095558293,0.10108570309679052,0.07488598878198724,0.18622029708994922
0.07301799183017095,0.10105778736236593,0.07500813974031467,0.18580426782268408
0.07313906596873454,0.10102750947091967,0.07513051966427838,0.18558970222822432
0.07322599569386139,0.10094508754418674,0.07517843616875636,0.18558069383977385
0.07329833409664761,0.1007718910980829,0.07531694099383103,0.1854073022071675
0.07343377616442641,0.10070270325800536,0.07565863417526103,0.18528835943610164
0.07351508153566648,0.10062506923279227,0.07576864857872836,0.18528269866707286
0.07360348568260403,0.10046720352733342,0.07581415930455214,0.184776735004152
0.07369175963156327,0.10033760778931851,0.07583198238374686,0.18451177498564938
0.07380043479757604,0.10031890603016716,0.07591507138319221,0.1842662115815175
0.07389047777238365,0.10012309564647301,0.07597529752590648,0.18421525919607415
0.07399603216242814,0.10001160762415268,0.07602185192100083,0.18413417957084327
0.07411169728727261,0.09997265449239186,0.07606174280361352,0.18348269849913695
0.0741851965561982,0.09963638693291577,0.07612423243482505,0.18346964407100852
0.07428286160454742,0.09956793066927339,0.07627819703596977,0.18338764423034476
0.07439075859830224,0.09955087653866268,0.0763892199874484,0.18328463623329716
0.07453229057096936,0.09954807981276242,0.07657295098776436,0.18291902345731545
0.07467079539604404,0.0995394444697383,0.07665483153386646,0.18283495049660323
0.074762324498333,0.09951439946829611,0.0767695529930744,0.182827909869737
0.07481911916786785,0.09948563837104868,0.07680460823383393,0.18269949402316074
0.07488857174482494,0.09941698006567476,0.07691429143817712,0.18257081733618774
0.07499269569851784,0.09940729909176152,0.07705258699678118,0.18254946958360313
0.07504528456645854,0.09929623245754843,0.07715066578707147,0.18254203127876484
0.07515110661541201,0.09926734437503694,0.07728896134567553,0.1824010109266736
0.07526594897092238,0.09925686551805397,0.07735145097688706,0.18236999997044706
0.07531015866412016,0.09923499334789011,0.07738526783754154,0.1823265364984644
0.07539203921022226,0.09903696564414247,0.07747492643652089,0.18210562446590103
0.0755148789088043,0.0990090157104216,0.07753282361373545,0.18199497298192852
0.07565463900141017,0.09837769733024128,0.0776211769200062,0.1818865897930501
0.07576948135692055,0.09821069458417958,0.07769060971285084,0.18156915224484338
0.07589711554699649,0.09815426003385061,0.07781979382546374,0.18144733746594324
0.07623880872842649,0.0977548827570407,0.07792984762726234,0.18143465250976323
0.07634379382192832,0.09771198685396772,0.07797785175862391,0.1812650378174425
0.07640686493105531,0.0975037809339324,0.0780220614518217,0.1809255032535605
0.076459453798996,0.09736854033837467,0.0780782560061106,0.180893308989964
0.07655922515450944,0.09725806165228822,0.07815346236616413,0.18075189015002635
0.07680245650348583,0.09722923016878415,0.07821566859357511,0.18056762069640717
0.07685915452053832,0.09711880007901524,0.0782964374662365,0.18051956997748453
0.07689684536142742,0.09709638000459471,0.07842187406530438,0.18019238425589462
0.07702215578899588,0.09688095059386888,0.07845832546000597,0.18018722564920425
0.07723599304368733,0.09686514918993824,0.07853578587521332,0.180132481749862
0.07734382621690253,0.09681071295696439,0.0786902350469507,0.18012098190082557
0.07738785586108557,0.09679766275865269,0.07880030656015954,0.17998272910330668
0.07741426782109358,0.09645860703324159,0.07897489050478088,0.179821665910572
0.07751728761064393,0.09644548845877658,0.0790458978377485,0.17974672056693328
0.07761749221188641,0.09643276653897895,0.07912983225334795,0.17974515898481067
0.07767368676617531,0.09642056934308216,0.07920742460794322,0.17973407796203633
0.07769882882868749,0.0964104286165489,0.0792978381547222,0.17947421930428115
0.0777710551781344,0.0963054404086914,0.0793793162058411,0.1793895482083525
0.07784122591667432,0.09623951693987988,0.07950704631785682,0.17938159683249144
0.07817976560062417,0.09603783557256852,0.07962889931674753,0.1792023602668118
0.07826892407524963,0.0960252354318715,0.07983820209364102,0.1792009694671763
0.07830274093590411,0.09593276504195652,0.07995386721848549,0.17903488282898944
0.07839699181049213,0.09569291382759093,0.0800481180930735,0.17884460000721547
0.07851681587177473,0.09537027179835603,0.08012045649585973,0.1781250432350305
0.07863107030190664,0.09502968826141203,0.08023147944733834,0.17809976208114892
0.07867998737364293,0.09498187821277786,0.08031840917246519,0.17804944392395308
0.07888929015053642,0.09482548166055545,0.08052771194935868,0.17787326927244843
0.07914989062506944,0.09479282887305346,0.08060530430395395,0.17786691754551
0.07926776638025758,0.09451430841869946,0.08065567986147908,0.17759503819208855
0.07938755683658147,0.09449358939185461,0.08071257146382076,0.1775893253068718
0.07948764716737285,0.09429751845578381,0.0808347224221482,0.17751982827231783
0.0795254768878044,0.09428414600504016,0.08089779353127517,0.17749369982707217
0.07970163431920824,0.0942758206275633,0.08092258782791126,0.1774597066338179
0.07979449036714811,0.09419835595519034,0.08104496775187496,0.17724229731516067
0.07992212455722406,0.09397124693450065,0.08111442032883205,0.17678782410297372
0.0799685353030125,0.09384471715564328,0.08119251197530247,0.17678641845888424
0.08004612765760778,0.09381950415789393,0.08129033072641279,0.17656479945536005
0.08010104169817304,0.0937949794192618,0.0813253859671723,0.1764678547057056
0.08014507134235609,0.09362728530687116,0.08143120801612579,0.1764431628930318
0.08022185694858595,0.09361919764628855,0.08156971284120047,0.1764077176330645
0.08034423687254966,0.09361312468228113,0.08164555843450673,0.17633133787103664
0.08039916613983093,0.09354482073486359,0.08173320409985728,0.17631077161029227
0.08046893016577845,0.0933909622636295,0.08180168109241337,0.1758000879219239
0.08054263957612681,0.09334478805689089,0.08188298646365343,0.17541965942291804
0.08066408541645437,0.0933396409837392,0.08193348963677377,0.17540771541860828
0.08075125906635101,0.09331973115539627,0.08204110504883716,0.17535949148315694
0.08076885367047731,0.09323706817823728,0.08210958204139325,0.1751869570178287
0.08095037593476351,0.09318018570964548,0.08218577285854227,0.17515809378642463
0.08102339370817101,0.09311027768396117,0.08226813572414651,0.17475796363911622
0.08123269648506448,0.09306192565917712,0.08230818804817486,0.17464907857556497
0.08134022809709814,0.09288407539475385,0.08235553368884149,0.17450880874525754
0.08140511196693948,0.09281636464325475,0.08243660740163136,0.17447877897969852
0.08145629661311467,0.09279636852431349,0.08255898732559507,0.1744512867699288
0.08156684469492652,0.09258050842752442,0.08263539135924144,0.17441971765127168
0.08162268273169404,0.09256827270963126,0.08273228018061471,0.17441837059340892
0.0816832433864581,0.09227286536381792,0.08278370361652493,0.17434860177376657
0.08178640725429578,0.09182579396237153,0.08292199917512899,0.1742863481480979
0.08192406316340774,0.09175608505617042,0.08304307331369258,0.17413721519590422
0.08207584296653424,0.0917501229508394,0.08312484012450849,0.17371158904918613
0.08246109333921729,0.09165744364878296,0.08315246645015785,0.1735257028386319
0.08263930393505994,0.0915580797874422,0.08331166216091396,0.1732813379442142
0.08299229195038227,0.0915461588887769,0.08348345398878149,0.1732231879724175
0.08314735950093013,0.09141000376022208,0.08350592947743286,0.17290619821610678
0.08323453315082678,0.09139739853072282,0.08360737381792936,0.17286992523580466
0.08327554970611473,0.09138866642890758,0.08371055852321994,0.172563296758028
0.08337377737418722,0.0913633457893315,0.08378977716753588,0.1714402502820834
0.08349794892834587,0.09130915397762934,0.08383193615975239,0.1711961806014361
0.08353591358254048,0.09125920907810652,0.08392197913456,0.17114932459678175
0.08364113002018929,0.09109013295807816,0.0840007847419934,0.170946626886196
0.08371729647459271,0.0910204275960492,0.08410576983549523,0.17049605720550903
0.0838558012996674,0.09100795709302452,0.08424589880963092,0.1699208927056398
0.0839467897070052,0.09091240644880572,0.0843234911642262,0.1698451472762774
0.08396335342317056,0.0908247250399762,0.0844052579750421,0.169418532914056
0.08429636769078522,0.09068876099159331,0.0845250820363247,0.16918213870303306
0.08435885732199673,0.09067751279918111,0.08458278424361704,0.1691326267014205
0.08448465875912618,0.09057970016723965,0.08464541235512099,0.16897273633871432
0.08452262341332079,0.09036524871072088,0.08468944199930403,0.16894803427940558
0.08460625986098883,0.0903324534009564,0.08478369287389204,0.16845626601647912
0.08484982720858421,0.0902356620192437,0.08494504969949528,0.16838037846828688
0.08497197816691165,0.09002155399483974,0.08504821356733296,0.16821645283915412
0.08509614972107031,0.08998019114210816,0.08510337030943393,0.16798981596213758
0.08530998697576177,0.08986893724822044,0.08528874097009873,0.16776183912488737
0.0853776434330849,0.0897183726814165,0.08535819354705582,0.1674919855749507
0.08544522571909942,0.0897043471642887,0.08544769668487508,0.1674869810854825
0.08551423715027398,0.08954663260627749,0.08551018631608659,0.16740408128609655
0.08559531086306385,0.08954561224619885,0.08568839691192925,0.1668607258448593
0.08589506240568445,0.08950073791382823,0.08573585413872774,0.16685184131861874
0.08605641923128768,0.08942868331069505,0.08587129620650653,0.1668510948211276
0.08610387645808618,0.0891646297802635,0.0859223780712869,0.16683823815978938
0.08615506110426137,0.0891565498315913,0.0859957808831078,0.16672797408333406
0.08621726733167234,0.08897159781394036,0.0861154738459759,0.16667394334608193
0.08626455778239542,0.08896504091665157,0.08621393016538144,0.16664713559154076
0.08638739748097746,0.08890198557025383,0.08625989684746437,0.16650184176218508
0.08647497931729368,0.08887588384744777,0.08636545123750886,0.16637705568430117
0.08654710704349222,0.08884329860059714,0.08652476463357789,0.1661296448641093
0.08665299292148002,0.08879983982767434,0.08661392310820334,0.16608862956327206
0.08672491762479857,0.08869186540181404,0.08666431253754282,0.16599539451806886
0.08675350827727273,0.08868174357237622,0.08670532909283077,0.1659932507690335
0.08688119284080802,0.08861530642699324,0.08683113052996022,0.16537823097977844
0.08696226809962987,0.0883027807713326,0.08686364670414698,0.16533229320887705
0.08747215627403697,0.0882143887943095,0.0868847660636703,0.16525446014624282
0.08755579272170501,0.08815393132846573,0.08696759826040919,0.16510444283405132
0.08762820217400455,0.0881098374112612,0.0874554689007978,0.16504261955025246
0.08775657396574119,0.0880956438090827,0.08757031125630818,0.16468387993455083
0.08782261316318975,0.08809357208874885,0.08761632324902047,0.1642825525341898
0.08784740745982583,0.08772611866739223,0.08773520603167197,0.1642458871666309
0.08791506391714897,0.08766655773233765,0.08793487295192692,0.16415710732113864
0.08796545334648845,0.08763695662835008,0.08797890259610996,0.1639138977456879
0.08810685643785285,0.087599966237513,0.08808573986139945,0.16384249250535537
0.08818667004963794,0.08747744943241355,0.08818209790111448,0.16375954270155996
0.08826327610379191,0.08746240548677689,0.08824813709856304,0.16367874067775967
0.08833568555609145,0.08702781998519238,0.08830433165285194,0.16365067418021312
0.0885481744840195,0.08674520584675652,0.08843977372063073,0.16326170831739403
0.08865919743549812,0.08670177459073951,0.08855941145957655,0.16316136300863338
0.08871942357821239,0.08666765739915906,0.08864017982255708,0.1630804771797637
0.08882086791870888,0.08652022220238036,0.08871647986431658,0.16262036030872276
0.08892211243882021,0.08644850577031489,0.0887887062137635,0.16251792244155952
0.0889620033214329,0.08644716001318575,0.08884683144768343,0.16248215893211185
0.08899969416232201,0.08643614840268976,0.08899374096127592,0.16238749456663001
0.08917790475816467,0.08641824571688271,0.08907776920912358,0.16234028667782005
0.08922519520888773,0.08631701339462702,0.0891502664624477,0.16179625613823806
0.08927120720160002,0.0863000031615242,0.08923784829876392,0.16158252249233102
0.08930719163943035,0.08627883965004066,0.0893565505949246,0.16153439475325107
0.08936554927508507,0.08608935409855384,0.08947139295043498,0.16151409445689022
0.08943972307266365,0.08604950539192474,0.08954510236078335,0.16140706215933412
0.08948627746775802,0.08597975163620646,0.08967287474233257,0.1613712152661402
0.08954890557926197,0.0859001036310847,0.08981427783369697,0.16133610011841343
0.0895982396124235,0.08582763792408724,0.08989511416262154,0.16103716839982696
0.08972872952742586,0.08578357811901646,0.08994770303056224,0.160804465936997
0.08978870349278757,0.08575319933895338,0.09000519166882794,0.16079637349050102
0.08990354584829795,0.08572966185777425,0.09011944609895985,0.1606715912586132
0.08998113820289323,0.08546727570898348,0.0902005213577817,0.16064750948134165
0.0900440485756631,0.08543125588265274,0.09032426173891352,0.16056043092827904
0.09013320705028856,0.0854056077830027,0.09037267096887808,0.16049113410182617
0.09023637091812624,0.08525996167521623,0.09066472891274162,0.16022259708355874
0.09027282231282782,0.08524053817487826,0.09072972932960861,0.16017501522068922
0.09032137833937769,0.08522770779414046,0.09084764149300024,0.16005874015428737
0.09038741753682625,0.08514121072861265,0.09103674138665617,0.16000550646958916
0.09041593781511426,0.0851074439924035,0.09111981825569682,0.1598480863570958
0.09049645147357457,0.08510231120116409,0.09123561125097693,0.15964697091070534
0.09067045397425917,0.08509088004600432,0.09128916788821197,0.1596095616197625
0.0908193567817776,0.08507446873985172,0.09141118504681629,0.15954032642694102
0.09093846633843762,0.08506839281997573,0.09149756012023082,0.15953096289266228
0.09108776589853479,0.08496571433326239,0.0915710593891564,0.15909279241173063
0.09117931821678739,0.08477016449473816,0.09190407365677106,0.15908245243629213
0.09125233599019489,0.08469549469962065,0.09202824521092971,0.15889771843107808
0.09133541285923553,0.08456723737147531,0.09210051722778259,0.15884490465843137
0.09147085492701433,0.08443772384105258,0.09223100714278495,0.15882002358404604
0.09150591016777385,0.08421024930839044,0.09228384504079885,0.15850435284953227
0.09166035933951124,0.08417652361518992,0.09279373321520595,0.15849045835146508
0.09186966211640472,0.08408035440356514,0.09291904364277441,0.15840200080605665
0.09197613734687742,0.0840258691982261,0.09298508284022297,0.15794406970042124
0.09213749417248066,0.08357050825237233,0.0930863273603343,0.1577190397093519
0.09219087709348575,0.08341714213264656,0.09318949122817198,0.15751774979487881
0.09225503324522796,0.08320606680568246,0.09321428552480805,0.15715984807383268
0.09235025988685261,0.08308721506103373,0.09333535966337166,0.15688859273725445
0.09240337034520653,0.08305362624954843,0.09338847012172556,0.15621957604055917
0.09246315705806386,0.08301649640689471,0.09358299519447888,0.15620544104248102
0.09252689924275594,0.08300658437481317,0.09372065110359083,0.15575078929547426
0.09258938887396746,0.08291647415268996,0.0938121802058798,0.15560112481739508
0.09264431814124872,0.08287001477783854,0.09393798164300925,0.15557118485064061
0.09270180677951442,0.08273763364122065,0.09400186926938497,0.15546114456116675
0.09275078615124242,0.08272414311232368,0.09409182758620005,0.15542995559834905
0.09289968895876086,0.08262298485086057,0.0942260078710272,0.15524650403715862
0.09294680596933114,0.08249415403243993,0.09427203266947135,0.15514024218847325
0.09306649893219923,0.08231826469153614,0.09435125131378728,0.15472105531896385
0.0931275483369391,0.08227739903791965,0.09446912706897542,0.15464739975451425
0.09317572909395892,0.08225580579823595,0.09461603658256793,0.15434156818308167
0.09335946009427488,0.08224993735483857,0.09470363183198573,0.15432036522636136
0.09340198440874979,0.08209066649564445,0.09480270540890381,0.15429730088942062
0.09343580126940429,0.08200224667709582,0.09488079705537422,0.15424905835061706
0.09349800749681526,0.08183707232550538,0.09498470956795811,0.15414427080911725
0.09354692456855157,0.08178746400345213,0.09506778643699874,0.1537652723750859
0.09367522753638136,0.08176257719837185,0.09518774145228627,0.153482670050584
0.09386174365383385,0.08158131614499983,0.09523892609846146,0.15325851245680827
0.09400895574796964,0.08133342782978571,0.09535762839462213,0.15299213337275672
0.09411484162595743,0.08125625661669936,0.09560119574221751,0.15273945950954812
0.09420319493222817,0.08109035148504247,0.09571267901197406,0.1526160477635263
0.09430032228424869,0.08080466430651623,0.09582999235980597,0.15255865145954367
0.09437941984537922,0.08079358733383339,0.09590677796603583,0.15228686804667405
0.09443409648933718,0.08079256844791897,0.09599277410021805,0.1520605763056893
0.09450650594163672,0.0805449848103537,0.09604623868908792,0.15188942578472897
0.09457138981147806,0.08054142355484341,0.09614925847863827,0.15185267331443436
0.0946435175376766,0.0802313318906997,0.09622227625204575,0.15160138438413412
0.09472989261109112,0.08023033504850971,0.09630776188137369,0.1514747757401386
0.09479572877716504,0.08011657476814088,0.0963779326199136,0.1514110094872636
0.09495504217323407,0.07998031540280355,0.09648076900080281,0.15140423105343465
0.09529648669835686,0.07990264861049917,0.0965335596896261,0.15125301381912165
0.09537725506133739,0.07986205238731818,0.09666627570378654,0.15120709714639743
0.09545809139026196,0.0798207604453277,0.09668875119243792,0.1510353080026886
0.09551831753297622,0.07978565441467117,0.09672256805309241,0.15089696306275627
0.09602820570738332,0.07973539007021026,0.09705558232070706,0.15083739595656037
0.0960823754694685,0.07963857278096062,0.09711061196538838,0.15079419393530238
0.09623216665074372,0.07957193938985763,0.097221634916867,0.1504472023977962
0.09635796808787317,0.07948851469097996,0.09734834770586578,0.15033346167833286
0.0965470679815291,0.079455693422887,0.0974674572625258,0.14995616120154392
0.09662568870222682,0.07930518745039503,0.09753961872110326,0.1499233430531579
0.09668706164388842,0.07918534748607739,0.0980606061138847,0.14986362863736707
0.09673923856651312,0.0791679711558955,0.09810906205185368,0.14976761327614949
0.09677879737929686,0.07916666235442009,0.09819126449540402,0.14960639877346404
0.09699263463398831,0.07900644176696435,0.09870115266981112,0.1493211429208209
0.0970454725320022,0.07885626710879809,0.09879938033788362,0.14926333353433036
0.0971508283333903,0.07884392607901042,0.09890637923147172,0.14925794223750752
0.09733455933370626,0.07876593996865168,0.09906082840320912,0.14888048031694173
0.09739649595692626,0.07872521322823094,0.0991908247262674,0.14882119561293536
0.09756394464119449,0.07870644572419448,0.09926305107571433,0.1487729360974599
0.09768655331842742,0.0786251159562466,0.09935460339396693,0.148230714284979
0.09775130180428761,0.07861708373183136,0.09949600648533133,0.14821687871119874
0.09789653120585956,0.07851323584730079,0.09954650965845167,0.14805255072437495
0.09791636296284781,0.07846488384812733,0.099899497673774,0.1480275028252901
0.09796413521489748,0.07840981840226284,0.10002713186384994,0.1479000379072722
0.09806804771898668,0.07833970090646063,0.10009478832117309,0.1477369111535747
0.09818595988237833,0.07824253527307969,0.10016780609458058,0.14765497226804897
0.0982950406099542,0.07801919275221408,0.10050925061970337,0.147219541888871
0.09833925030315198,0.07792259519233578,0.10063974053470573,0.14697494675259778
0.09839903701600931,0.07776799717256992,0.10069861690231345,0.14691072800138405
0.0984913696641689,0.07772507524397884,0.10092585402385928,0.14684424632530188
0.09853739446261305,0.0776507435190878,0.10101738312614825,0.1468320405337516
0.09864606962862581,0.07759527520072072,0.1010651067121695,0.1468241235517479
0.09869953421749568,0.07750537095569178,0.10111653454832457,0.14667984611232487
0.098853931996412,0.07743726116453056,0.10130526830423271,0.14664695708653058
0.09901324539248103,0.07732962044126222,0.10135635016901308,0.14652680450299466
0.09905540438469754,0.07730238815620853,0.1014427252424276,0.14634134788933692
0.0991498101088286,0.0772603955751916,0.101523494115089,0.14620982689841838
0.09924422020772046,0.07714941192878023,0.10158656522421598,0.1460870971445357
0.09945352298461393,0.07711956552248767,0.10167889787237555,0.1460348394563814
0.09951163587576213,0.0770099850613896,0.10169546158854093,0.14589089933375804
0.09956747391252967,0.07684977732989655,0.10174191104459145,0.14584465273281347
0.09966032996046953,0.076707857498801,0.10177572790524594,0.14569465843459775
0.09971822713768409,0.07656067562476958,0.10201179392269787,0.14529982584925114
0.09979982598316921,0.07655394337735424,0.10217216264698739,0.14524217246732654
0.0999000305844117,0.07651202506023862,0.10224233338552731,0.1450983132849262
0.10000756219644534,0.07650101795661178,0.10234761386457747,0.1450699241149178
0.10009797574322432,0.07636189969083954,0.10237710506368651,0.1450231372508798
0.10016285961306566,0.07635942923254918,0.10242643909684805,0.1450198750788795
0.10023761900848006,0.0763508757463343,0.10252621045236149,0.14501807764239874
0.10028579976549988,0.07629871178066251,0.10256404017279304,0.14453801175088313
0.10039162181445335,0.0762153755212562,0.10264975240623586,0.14441796897126993
0.1004335921737798,0.07610174423686655,0.1027773865963118,0.14423571173737526
0.10058249498129823,0.07609732407370995,0.10282467704703488,0.14402600787952446
0.10064443160451823,0.07608518257055252,0.10288472239744981,0.14398577415824768
0.10072323721195163,0.07603135081471454,0.10294735050895376,0.1438953281296457
0.10083085262401503,0.07601775476777078,0.10304020655689364,0.14363888714890788
0.10097225571537942,0.07581408707672381,0.10313065577283885,0.1434875628324834
0.10102244564713161,0.07569377310070714,0.10321932809686094,0.1434848687249977
0.10113112081314439,0.07560073779454006,0.10327516613362846,0.14329200716353785
0.10118240448606532,0.07558174099843855,0.10334472620228108,0.1432714688137004
0.10130911727506411,0.07556094750049677,0.10343438480126044,0.14305063754927336
0.101390595326183,0.07555247805677512,0.10354898995129382,0.1426418845524345
0.10152889088478706,0.07549565290580813,0.1036367353866747,0.14252075592164853
0.10162241897243834,0.075449549490306,0.10369166465395598,0.14243866398553068
0.10169258971097826,0.07541231201539188,0.10378552878269966,0.14243158479293347
0.10175256367633997,0.07533909316527024,0.10386231438892954,0.1422272068573052
0.10183340000526454,0.07533642756585351,0.10394539125797017,0.1419664382277268
0.10190970004702404,0.0752437405927479,0.10405963014283554,0.14186824846784796
0.10201617527749673,0.07524309523041534,0.10414976191254542,0.14174585198434278
0.10205869959197164,0.07520221451982324,0.10423841180211454,0.14161551852256915
0.10226416525342313,0.07516805795280404,0.10439689501299282,0.14101643043415768
0.10232738581372328,0.07515655830366402,0.10446663751341825,0.14090303462557763
0.1023520592883854,0.07506536438713764,0.10459500930515489,0.14088119857968154
0.10247201430367292,0.07505573010840162,0.1046549832705166,0.14085747430072518
0.10256246351961813,0.0750359017178196,0.10470782116853049,0.1408103965976902
0.10266797373732053,0.07495050374333849,0.10486784206960482,0.14078993754186872
0.10278761147626635,0.07491470241734044,0.10497319787099291,0.1407813289304406
0.10285778221480626,0.07484215464343913,0.1051912563196408,0.14077489323162362
0.10293860607353887,0.07461309250795706,0.1057011444940479,0.14074669161567824
0.10306452248617796,0.07459717293498941,0.10580703037203569,0.1405225642726925
0.10315685513433753,0.07456537230800646,0.10589105861988335,0.14045645156178568
0.10328462751588677,0.07451244957735283,0.10622959830383319,0.1403037074296488
0.10332560851243934,0.0744124715709296,0.10630840391126659,0.14030295445226898
0.10340668222522921,0.07441058523420255,0.10645531342485909,0.14014277373763256
0.1035277563637928,0.07435436881680009,0.10656119930284688,0.1400865660916032
0.10357178600797584,0.07417360535150973,0.10661172954851611,0.13984351663791036
0.10362321384413092,0.07406315691207166,0.10676801070018402,0.13968151094091613
0.10370629071317156,0.07401305191546244,0.10684431074194353,0.13966287313121667
0.10382450573743095,0.07397881748481591,0.10691693394590535,0.1395584414638214
0.10387196296422944,0.07395979456052859,0.10697667132590179,0.1394337318168511
0.10390048324251744,0.07386365811267159,0.10713734291955376,0.1393672059964036
0.10398807849193524,0.07378795346339799,0.10720234333642076,0.13924503357945817
0.10410599065532687,0.07374583870540614,0.10725904135347325,0.13923724225575115
0.10423108143592431,0.07374143448590312,0.10734418924277253,0.13918367278436536
0.10428078337797467,0.07362905102004293,0.10756583908971488,0.13903876048138517
0.10438964240286669,0.07360813214823109,0.1076648832410574,0.1390232895253946
0.10443736598888795,0.07357418968376433,0.10783262604516645,0.1388474746969408
0.10445375701030879,0.07332252768889369,0.10791124676586418,0.13820666730470035
0.10452141346763193,0.07330129642297899,0.10807898956997324,0.13803688281516494
0.10455523032828642,0.07319399236392804,0.10818449978767565,0.13797571740935796
0.10463955876967194,0.07307847324476535,0.10824119780472814,0.13786974784990566
0.1046805753249599,0.0730184727312287,0.10834909479848295,0.1375992942606835
0.10516844596534852,0.07271806903365244,0.10849183304985495,0.137502438692221
0.1052825934899179,0.07271335333248044,0.10855376967307495,0.1374540130743116
0.10536284977652813,0.07260869163796844,0.1085997944715191,0.13715100835371838
0.10543507612597505,0.0724253045872668,0.10869404534610712,0.13713616465924072
0.1056475650539031,0.07236599033959622,0.1090354898712299,0.13709665253716874
0.10577674916651598,0.07227795394428174,0.10909344009348101,0.13694526893383313
0.10579434377064229,0.07211798612397126,0.10917427642240558,0.1369371720024241
0.10583785170548658,0.07204091625237061,0.1092170754293855,0.13693248033387578
0.10598053766360128,0.0719800936819118,0.10932575059539826,0.13675839607082027
0.10605287606638752,0.0719603215870922,0.10940657445413088,0.13674332647221843
0.10607738186453804,0.07188855211294405,0.1094941562904471,0.1367142926141519
0.10620521955319609,0.07159695142069235,0.1095734018883864,0.13659708715377933
0.1063250436144787,0.07133512288201736,0.10967897336123472,0.13633997872893522
0.10640754413639131,0.07130056657350682,0.10979879742251732,0.13632575979123718
0.10650658828773382,0.07123248700538358,0.10995916614680684,0.1362265029078294
0.10652285579436678,0.0712116059624532,0.11006307865939073,0.13619028024462027
0.10661011812873485,0.07118785573141016,0.11015186950120451,0.13607643601944208
0.10665608481081777,0.07115997970947834,0.11022847555535849,0.13606875295134369
0.10672858206414189,0.07113085150720633,0.11030040025867704,0.1358565763645978
0.10708599689567304,0.07103121185498476,0.11037680429232344,0.13581910932727295
0.10715544947263013,0.07102667092185479,0.11043760766561257,0.13567683671228487
0.10728463358524302,0.07094070668449444,0.11062133866592855,0.13556826178186274
0.10737100865865755,0.07090689210718214,0.11074964163375833,0.1355386151934772
0.10744973517211458,0.07088363790365051,0.11125952980816543,0.135535154073207
0.10755530664496289,0.07074047533549466,0.11131211867610614,0.13543370193454118
0.10766954552982826,0.07072803514649204,0.11140564676375743,0.13532578915881513
0.1078457029612321,0.07068971245545663,0.11149329242910797,0.1351127670669092
0.1080322190786846,0.07068736391665861,0.11159864823049606,0.1350238633242967
0.10817051463728865,0.07068598654210055,0.11170166802004641,0.13500031791577738
0.10825916452685777,0.07067498860878386,0.11175341463610176,0.13489784440322336
0.10837647787468968,0.07066212958289757,0.11210640265142409,0.13484286092250328
0.10846756481183438,0.0706233811411539,0.11215043229560713,0.1347255413101358
0.10853969253803292,0.07045046282502994,0.11224485706481337,0.13454893743787363
0.1086497463398315,0.07032709801448077,0.11231961646022777,0.13429487017444597
0.1087289919377708,0.07021972820422978,0.1124422251374607,0.1342666034785853
0.10877817960332843,0.07015116266496305,0.11274197668008129,0.13417644492088146
0.10883566824159413,0.06998495843155059,0.11284719311773012,0.134042194323093
0.10889955586796986,0.06982985428642235,0.11293874543598272,0.13394692833989155
0.10894552255005278,0.06978033328259267,0.11308853661725791,0.13393496899686577
0.10903502568787203,0.0695820250867891,0.11317073906080827,0.13351603657480055
0.10906754186205879,0.06954765583898988,0.11326172746814608,0.13329881117063344
0.10910920733453601,0.06953254470231475,0.1133588548201666,0.13322292283293663
0.10916063517069109,0.0695001951383455,0.113464365037869,0.13281782935078748
0.10919641811468406,0.06948080149014027,0.11349288531615699,0.13231947435965236
0.10926400040069856,0.06933602615198901,0.1136101986639889,0.13162357921320492
0.10935268183101886,0.06928688896470905,0.11366097182356087,0.13151081448904992
0.10946084148881015,0.06920992635366328,0.11384634248422566,0.13136573692970843
0.10958149328032064,0.0692044260440119,0.11399588609651284,0.1309727599102676
0.10968966751498481,0.06908384125371314,0.11409577811897231,0.13072778394239765
0.10987840127089293,0.06907790496326596,0.11435637859350535,0.13070003724110033
0.10990319556752902,0.06902653520672888,0.11441386723177105,0.1306969151780527
0.10999650354100182,0.0689839121658938,0.11443866152840712,0.13065946147131158
0.11010201375870422,0.06891858181350226,0.11445505254982796,0.13059871995021727
0.11018278212168475,0.06884840367082727,0.11450961915793338,0.13058639296634594
0.1102799291303975,0.06880948275905836,0.11463498253284957,0.1303670630330091
0.11035379519116133,0.06880215586395239,0.114777228857235,0.1303614189209227
0.1104446000454284,0.06875324841363283,0.1149290086603615,0.1299403458932197
0.11055714996681544,0.06865961071924111,0.11507546481281995,0.1298994917087255
0.11064870228506804,0.06864544110346182,0.11514563555135987,0.1297515306713163
0.11073836088404738,0.06857205696720989,0.11523289788572794,0.1297327563790249
0.11077217774470188,0.06855622194444852,0.11542653312363932,0.12960748410838235
0.11080469391888864,0.06850040183575588,0.11553204334134172,0.12954291253244826
0.1108469716455112,0.06846134074325218,0.1156468856968521,0.12918019751994292
0.11095665484985438,0.0684284215203477,0.11572515478871746,0.12907872755573974
0.11104080521723854,0.06839552049870423,0.11585278897879342,0.12862256919593315
0.11107899625893367,0.06839450210205245,0.11594719470292447,0.12860223252462785
0.11116826283687169,0.06837127481842963,0.11604033031931633,0.1284766894229903
0.11123502812568796,0.06831446189316576,0.11609560755846972,0.12844312947803088
0.11135704528429229,0.06821084081099267,0.11614783972200607,0.1284164189450212
0.11138653648340133,0.06821059402153534,0.11620532836027177,0.1283621404139903
0.11147971876107686,0.06812426728824067,0.11627826323408572,0.12811996237002124
0.11156280776052221,0.06797398359326562,0.11636543688398238,0.1280731855083502
0.11167741291055559,0.06796762824959117,0.11653771769967677,0.12804672218199625
0.1117324425552369,0.06785699589928723,0.11662054989641567,0.12802290216297765
0.11180002484125141,0.06784211787921768,0.11669458083044633,0.12797128011279515
0.11190553505895381,0.06783669582759687,0.11676434485639384,0.12786975414185284
0.1119749876359109,0.06774204207238049,0.11680785279123813,0.12786513911856598
0.11203092560835506,0.06772247238190239,0.11685037710571304,0.12783456304048327
0.11211400247739571,0.06769293669915596,0.1169472659270863,0.1278214634597371
0.11223288526004721,0.06743153292550123,0.11706596822324698,0.1277267013755376
0.11234041687208085,0.06729196719556028,0.11717651630505882,0.12760907662814377
0.11238789122840392,0.06722907225848572,0.11735512074829925,0.12756562518286532
0.1125008814715894,0.06715841233595099,0.11740185258878857,0.12755852214507182
0.11255671950835694,0.06712387901337612,0.11746559477348066,0.12730579062810818
0.11273287693976078,0.06688062399482854,0.11752822288498462,0.1269491293681622
0.11289444044095688,0.06687152901628171,0.11764553623281652,0.12690564334148727
0.11298203569037468,0.06686260458706812,0.1176997059949017,0.12679282471501885
0.11313600029151942,0.06675246134925289,0.117717300599028,0.12670951804787775
0.11322199642570162,0.06669360481427589,0.11781303722733139,0.12667869609656437
0.11333205022750022,0.06669359743213871,0.11787441016899299,0.1266507374067929
0.11337807502594437,0.06667153881313914,0.11794681962129253,0.1266125702814937
0.11342408701865665,0.06667066372342886,0.11828404616344837,0.1263497805770337
0.11356682527002865,0.06666769665460887,0.11841181854499759,0.12630302576619523
0.1136507596856281,0.06659294580657717,0.11845929290132066,0.12616009431223452
0.11378841559474005,0.06652684738083042,0.11853142062751919,0.12601457289338844
0.11391713148052685,0.06649950617875118,0.11865201752639996,0.1260128364607111
0.11405201891358267,0.06644855351968096,0.11876087655129199,0.12587581385992355
0.11411333106730581,0.0662975171190341,0.11888667798842144,0.1258531466629252
0.11416406994234458,0.06619339807858368,0.11902820996108855,0.1256351846304298
0.11428277223850526,0.06619107102745837,0.11909112033385842,0.1253054048271523
0.1144154882526657,0.06610012827204699,0.11921094439514102,0.12529741288013818
0.11451832463355491,0.06609892151321366,0.11927582826498236,0.1252425094753817
0.1146715782298857,0.06608920224850487,0.11932861895380564,0.12521037618830488
0.11475904498026145,0.0660206497404779,0.11943623436586903,0.1251266733401469
0.11491651040941,0.06601969963589022,0.11956215077850813,0.12505735937719972
0.11496442691388797,0.0659365161226646,0.11967687223771609,0.1250258061992914
0.11502421362674531,0.06584065133849368,0.11978051369351851,0.12497874723675878
0.11514385136569112,0.0658404574877671,0.11990560447411595,0.12486866059116043
0.11523771549443482,0.06581740339992773,0.11999427679813804,0.12468289599576714
0.11534561248818964,0.0658120553187395,0.12014317960565647,0.12442597959361643
0.11543198756160417,0.06577841223188083,0.12027068905983412,0.12434858894693993
0.11559200846267849,0.06574865628199705,0.1203788487176254,0.12393932277075836
0.11567360730816362,0.0657098357273636,0.12049616206545731,0.12387432915197806
0.11573030532521611,0.06569901911043673,0.12058849471361688,0.12336316925558145
0.11578866296087084,0.0656847031615895,0.12069716987962965,0.1232658418376641
0.11582444590486381,0.06562441765356983,0.12084899219014072,0.1230694176702096
0.1158894463217308,0.06561056380436237,0.12099167814825544,0.12279606849506847
0.11610750477037869,0.0655510034635036,0.121100117153637,0.12253262898652553
0.1161618543181435,0.06552494517641738,0.12118037344024722,0.12251474592226932
0.11630410064252894,0.06543948001884016,0.12128696287321357,0.12245955021223845
0.1164121024521547,0.06541331844873714,0.12141176869123647,0.12245347933376015
0.1164843744690076,0.06537486040400399,0.12157108208730552,0.122301286316211
0.11657755674668313,0.06530785177423831,0.1217243356836363,0.12227739207374987
0.11664603373923922,0.06529615819601334,0.12175382688274534,0.12177927261526861
0.11682976473955518,0.06522373100485263,0.12212650893291377,0.12160525397376175
0.11718275275487751,0.06521980957690673,0.12218143820019504,0.12158303636375421
0.11752444593630751,0.06521749099140947,0.12230912276373034,0.121493344312736
0.11764552979278636,0.06511025755854487,0.12242699851891847,0.12122247136053302
0.11769393902275092,0.065046435984375,0.12247102816310151,0.12122210417842533
0.11800799438522792,0.06504254476735621,0.12251318715531802,0.12120936143772666
0.11805009892653813,0.06494448636942991,0.1225606443821165,0.12094686004623789
0.11811018798208767,0.06493523160579869,0.12276994715900999,0.12091627450411742
0.11821320777163802,0.06485278533838318,0.12280573010300296,0.12071551007860612
0.11830085343698857,0.06481009992380217,0.122889366550671,0.12067910519577124
0.11840769070227805,0.06474058503214061,0.12297801644024012,0.12063116617742323
0.11846223360597566,0.0647261097249373,0.12346588708062874,0.12059867975014142
0.11855090592999774,0.0647148462306244,0.12355941516828002,0.12057928131010029
0.11863341623778308,0.06471204886659333,0.12366694678031366,0.12031929687706379
0.11871577910338732,0.06470773621397177,0.12371471903236335,0.12031909750615286
0.11882421810876888,0.0647037173851915,0.12379453264414844,0.12023866080036741
0.11899196091287793,0.06463146837850836,0.12385558204888832,0.12005475443676263
0.11906213165141785,0.06458484115660411,0.12393236765511818,0.11999523062911371
0.11917032877075309,0.06439642622161336,0.12403628015920738,0.1199009243863327
0.1192229176386938,0.06430845253917894,0.12410458358419046,0.11987630828736397
0.11926374328876448,0.06418576262315427,0.1241854257914344,0.11981891810418885
0.11932123192703017,0.06415847257294219,0.12435258438234066,0.1197006916208526
0.11941484571751979,0.06415362715393154,0.12446125954835344,0.1195663679603889
0.11956175523111229,0.06410461353292692,0.12454314009445552,0.11936086832376652
0.11967230331292412,0.0640002014509265,0.12456297185144377,0.11935528072779757
0.12001084299687398,0.06388564416456506,0.12481565373709427,0.11930121194247573
0.12011358941059491,0.0638579232667372,0.12491006383598613,0.11916537227431957
0.12017381555330918,0.06377614749385623,0.12492633134261909,0.11913549072438602
0.1202273721905442,0.0637525471005129,0.12504093649265247,0.11908830022479361
0.1202799610584849,0.06371660297265055,0.1255376147242868,0.11902617116651365
0.12040476687650782,0.0636845146039674,0.12563610521779467,0.11897039355864351
0.12053470143473932,0.06367841240928916,0.1258226213352472,0.11884402779906801
0.12055252451393403,0.06361285158959974,0.12590738241923938,0.11879674277158146
0.12064202765175329,0.06355178694157616,0.12606586563011765,0.11871078156293667
0.12075209916496212,0.06353804715762422,0.12620352153922962,0.11865357929625792
0.12079462347943702,0.06352279787458272,0.12630225893914038,0.1185933115626584
0.1208709538472083,0.06348384576147559,0.12640350345925172,0.11844390403374011
0.12118957547458023,0.06346651458209285,0.12651822491845968,0.11833604934956023
0.12130372299914961,0.0634124485119835,0.12662481893855385,0.11833375263993855
0.1213731755761067,0.06338569147398009,0.1267524531286298,0.11827685534196553
0.1214426281530638,0.06330772084023606,0.1268721460914979,0.11825239170433341
0.12158092371166786,0.06319107603170954,0.12700868026946666,0.11820971980048932
0.1219139379792825,0.06317908583873183,0.12714412233724545,0.11813751362650264
0.1220416225428178,0.06313219882433817,0.12729302514476387,0.11808927072541683
0.12241430459298623,0.06310762528865803,0.1273513827804186,0.1179655639056204
0.12251276091239177,0.06303883107778453,0.1276654381428956,0.11792784544916506
0.12260701178697977,0.06301332527528557,0.12770946778707865,0.11791771729249391
0.12269496645485256,0.06299476250896238,0.12790790824526627,0.11791391035146907
0.12276344344740865,0.06293674423039648,0.12794371270628663,0.11787076512229933
0.12288591954815256,0.06290025054524236,0.12811390401729617,0.1177076228166845
0.12296211036530158,0.06283235875725676,0.12815492057258412,0.11766824648240962
0.1230478225987444,0.06282794384559175,0.12828763658674458,0.11737672424560622
0.12313540443506064,0.06279113685996793,0.1284117408375443,0.11736266422360342
0.12322506303403999,0.06255007189170335,0.1285195740107595,0.11719539142078919
0.12328395366846473,0.06240387061567592,0.12854471607327167,0.11718546005954404
0.12338893876196655,0.06230908373950876,0.12865224768530534,0.11712114527381048
0.12346534279561294,0.062280342912881204,0.12870913928764702,0.11710423973311712
0.12352223439795462,0.062253351744167684,0.12878126701384554,0.1168051814848385
0.12364210867979229,0.062185039722363104,0.12886541546992644,0.11678479698453724
0.12375637837486626,0.06211214498690488,0.12897294708196008,0.1167231228531943
0.1239277759985594,0.06210271416175445,0.12908755223199345,0.11664258552008062
0.12397952261461476,0.06205732946704176,0.12915656366316802,0.11655454072221848
0.12403763550576294,0.06196317837902258,0.12923536927060142,0.11655237204015897
0.12425017047486293,0.06192502223773509,0.12936736339826135,0.11654042593999878
0.12435300685575214,0.06165661996525485,0.12942190630195896,0.11648369150652584
0.12443409939275549,0.06152103609935201,0.12949674569178593,0.11635029135018186
0.12448448882209497,0.0614710939234393,0.129531874454011,0.11629553370017934
0.12459933117760533,0.06146268864829858,0.1296254882445006,0.11616056213223086
0.12472343542840508,0.061412308815017004,0.1296821862615531,0.11613828935586179
0.1247861346998532,0.06135953923619957,0.12974349841527624,0.11602152747377838
0.12486292030608306,0.06134637659543714,0.1297633301722645,0.11591866100293031
0.1249857600046651,0.06131602223020958,0.1298125178378221,0.11570340911344025
0.1254956481790722,0.061245506183553323,0.12985594100424303,0.11552136968136596
0.1256501439526305,0.06123123006372839,0.12991699040898289,0.11546948180201201
0.12569984589468086,0.0611010012977691,0.13001548090249077,0.11532497147366191
0.1257385436908285,0.061068349228276766,0.13006483256211573,0.115288527191523
0.12579322033478646,0.06104369246620775,0.13014790943115637,0.11524592752197126
0.125865348060985,0.061009456817867735,0.13019536665795486,0.11510654355501404
0.12620679258610779,0.06100749520655395,0.13068323729834347,0.1150675000984315
0.12628717544346746,0.061007074807328636,0.13077289589732283,0.11503670651915601
0.1263768340424468,0.06095305460237403,0.1308334565520869,0.11498555567374302
0.1264502368542677,0.060935923882454904,0.13097196137716158,0.11471932019399159
0.12650809082328648,0.0609161146643808,0.1310136268496388,0.11456587530433386
0.12675165817088185,0.06081097048255643,0.13105963884235108,0.1144263500093887
0.12694618324363519,0.06080213354998433,0.13111906298522671,0.11432441675355644
0.12703670967623223,0.06076635740883161,0.13117928912794097,0.11432344384513535
0.12708418403255528,0.06073769367362498,0.1312490531538885,0.11429838906484707
0.12718782548835772,0.06069549529152733,0.1313701272924521,0.11429192474968278
0.12723333621418148,0.060545978803538715,0.13148267721383913,0.11428623877953657
0.12728508283023685,0.060542139407535986,0.13157218035165838,0.11427593607482711
0.12740472056918264,0.06046675545107446,0.13173374385285447,0.11407355808991311
0.12744216493689758,0.060461369254183335,0.13184834900288786,0.11400775808032487
0.12762753559756237,0.06041614869783627,0.13202987126717405,0.11397933544900113
0.12781405171501486,0.06037409947300037,0.13210746362176934,0.1139680937300976
0.12789688391175377,0.060198080350104384,0.13223649577303076,0.11389408779839223
0.12793471363218534,0.060065775073921066,0.13237789886439516,0.11387197566104482
0.12797874327636838,0.06000273103156129,0.13251128374125626,0.11379012699305838
0.1280516781501823,0.059980117528228724,0.13259235745404613,0.1137364475090273
0.12812570908421297,0.05986238191105299,0.13263032210824074,0.11370646533394414
0.12820964349981243,0.05978009973235467,0.13269010882109808,0.11345495010080899
0.12840808395800005,0.05973771392031826,0.13278119575824276,0.11338667003778388
0.12846225372008524,0.05968815754219139,0.1328191471777241,0.11331370176246651
0.12857045083942048,0.059651120286971435,0.13290640450872496,0.11328120248496379
0.12869152497798406,0.05963382224163911,0.13294771980920764,0.1132719686463055
0.1287498826136388,0.05959226061616022,0.13301786680936104,0.11322147900670732
0.12882282921860744,0.059554108183536146,0.133058883364649,0.11302925647686868
0.12886625238502836,0.05948744621782976,0.13311006801082417,0.11300144368568371
0.12900475721010302,0.059424483398754877,0.1332329077094062,0.11254998743002423
0.12904431602288677,0.05935478873079129,0.13330056416672936,0.11247380684234308
0.12907283630117475,0.05927476835778497,0.13337473796430793,0.11238086093261584
0.12915092794764518,0.0592621909029131,0.13343471192966966,0.11227556748744912
0.1292913007021411,0.05916755966865595,0.1334721562973846,0.11220685734416438
0.12944978391301937,0.0591024779749435,0.13368464522531265,0.11219338669930855
0.12969953076740004,0.059078798514526985,0.13382315005038734,0.11217602718302647
0.12981935482868265,0.05906176136749852,0.13399454767408048,0.11212844754057794
0.12987194369662333,0.05903026059730406,0.134073645235211,0.11204417571036593
0.13002822484829124,0.05901071681270105,0.13411183627690615,0.11199676729072221
0.1301122530961389,0.05893997513792126,0.13416548326357008,0.11197392334976243
0.13046966792767006,0.05889043392440864,0.13421149525628237,0.11193388256362859
0.1305980397194067,0.058872975119614125,0.1342648781772875,0.11177977096120696
0.13095102773472903,0.058867815915561734,0.1343622245476726,0.11176550854475956
0.13103279454554492,0.05884021329568563,0.13443463399997216,0.11146868262674853
0.13110572941935889,0.0587887786445343,0.1344868661635085,0.11133921109294843
0.1311560248847826,0.05866705158771069,0.13462824260705805,0.11128187364983125
0.13122432830976566,0.05864203894875336,0.13477098085843006,0.11127551669497748
0.1313035469540816,0.05862858571425583,0.13491371910980204,0.11124282668926512
0.13152519680102395,0.058619736199451704,0.13503619521054597,0.11110588515770466
0.13165513135925547,0.058587883255251126,0.13512972329819725,0.11105887630012871
0.13169855452567636,0.058476338074631866,0.13524645109916142,0.11102818379448251
0.13173435898669675,0.05842546598545541,0.13534549525050393,0.11096172281768778
0.13177218870712828,0.058423896712636446,0.13557273237204975,0.11090606912297084
0.13183241484984254,0.05838114001832733,0.13567664488463366,0.11073652306096173
0.13187036626932389,0.05833269928225418,0.13575283570178268,0.11072164847790923
0.13196002486830324,0.05832167446936266,0.13581103929488905,0.11066508481961836
0.13204366475631715,0.058309414459593256,0.13599043345465914,0.11048947831804071
0.1320846813116051,0.05822880559299808,0.13604186129081422,0.11043988002773747
0.1321661030599772,0.058111937564340584,0.13610769745688814,0.11028406935860018
0.1321872224195005,0.0581053098858409,0.13621325184693261,0.11013786196649974
0.1323172187425588,0.05794177657481407,0.13623437120645593,0.10999814850033626
0.1323788565398846,0.05789340134579544,0.13659178603798708,0.109826506955327
0.1324486408766148,0.0578811110157101,0.13663871717219134,0.10971350426113526
0.13250659109886592,0.05782613575387112,0.1366569753064822,0.1096605270812142
0.13254648198147861,0.057817559267495086,0.13684349142393468,0.10962306231620948
0.13263285705489314,0.057786900272679007,0.13688218922008236,0.10940943340235976
0.132709642661123,0.05775980661849324,0.1369454097803825,0.1093576051600366
0.13276018287105323,0.05767165275122915,0.1370151941171127,0.10933361524314347
0.13287906565370475,0.05762513986766007,0.13712774403849973,0.10927077541323323
0.13300736862153453,0.057623076928263614,0.13724738177744553,0.10923922133457514
0.13309495045785077,0.05744817946122778,0.13734452878615827,0.10923235481190414
0.1331533080935055,0.05742220091176238,0.13748106296412702,0.10908694997034979
0.13321420862046318,0.05734682916219123,0.137596606954818,0.10892260594717972
0.13355565314558596,0.057171275081917786,0.13774550976233643,0.10889194191872767
0.1335930975133009,0.05714406063570163,0.1378545904899123,0.10875031991018774
0.13368074317865145,0.057051217975238246,0.137974770316937,0.10862429316293655
0.1338400565747205,0.0570480203363132,0.13807112835665203,0.10853837424444916
0.13391635661648,0.05701865035108245,0.13814127535680543,0.10852320099492259
0.1340681364196065,0.057015898716108106,0.13817379153099218,0.1085107671008566
0.13410911741615908,0.05700779083406675,0.13842173413208167,0.10831581184636736
0.1341510877754855,0.05698795522407728,0.13855222404708403,0.10810463747859524
0.13420251561164057,0.05692572404906893,0.13868560892394513,0.10807917514193166
0.134288054833912,0.056890724113413324,0.13878406524335068,0.10803329829130584
0.13438494365528528,0.056777670798020846,0.1388677051313646,0.10793527219543239
0.13443523912070898,0.05669326801416606,0.13897586478915588,0.1078003063327782
0.13468792100635946,0.056691018285574456,0.13913434800003416,0.10775041022855704
0.13473044532083436,0.05663782701578338,0.13930179668430237,0.10770652510147033
0.13481459377691526,0.05659157858257101,0.13934820743009083,0.10763130101352979
0.13486601721282548,0.056498040079066184,0.1394781419883223,0.1075962009736627
0.13497183926177897,0.056322659789829865,0.13970537910986816,0.10733207915911294
0.13499009739606982,0.056316537888688345,0.13991921636455962,0.10732068818034389
0.13503606407815275,0.05625614279721751,0.13997096298061495,0.10720128912952692
0.13510580657857818,0.0562167938068057,0.14022364486626546,0.10719177510171664
0.13519937429391712,0.05605520458482166,0.14039764736695007,0.10706231084702969
0.13536711709802618,0.056051906615681796,0.14047952791305215,0.1070149834187203
0.1354998331121866,0.056010582844956275,0.14059173029154848,0.10683224007790679
0.13551966486917486,0.05599499354303904,0.14073149038415433,0.10670979402660025
0.13560073858196472,0.05591024292228468,0.1408394921937801,0.10669573825376863
0.13568381545100539,0.05590335512540738,0.14092586726719464,0.10647724166259992
0.13582534742367247,0.05586719791141516,0.1410635231763066,0.10633793826045514
0.135985716147962,0.05582848285779801,0.14115098992668235,0.10622219385211581
0.13650670354074346,0.05579595364884596,0.14122392480049628,0.10600236112434647
0.13662908346470715,0.05572722873947857,0.14130418108710652,0.10588123776251002
0.13680308596539176,0.05566892456836292,0.14140916618060836,0.10581235907901843
0.13688784704938395,0.05565306516865234,0.14156356395952466,0.10578192422337344
0.1370220273342111,0.055460877852139136,0.14165511627777727,0.10577369251054418
0.13750989797459973,0.05539025870140427,0.14169722081908748,0.10576117569801868
0.13762953571354553,0.05538181293331782,0.14180369604956017,0.10562040963125559
0.13768550174816893,0.055303689601974064,0.14194825987587306,0.10556651664841214
0.13777992651737517,0.05523623463877233,0.14198908552594375,0.10556640986799289
0.13786044017583549,0.055217462530742244,0.14207068437142886,0.10552186393233759
0.13835711840746984,0.055167607299464724,0.1421365205375028,0.10551720618332722
0.1384339040136997,0.055132768698405034,0.1422276286179089,0.10550538567181444
0.13851673621043858,0.05505693185217524,0.14230153887649888,0.10529404045506419
0.13863584576709861,0.05501186264780623,0.142326212351161,0.10525494085656281
0.13878497711551924,0.05500265426480569,0.14247077617747392,0.10521335433858246
0.13886256947011452,0.05497562448302818,0.1426062182452527,0.10520261856673292
0.13892199361299015,0.05492625262699737,0.14265592018730305,0.10519867996774478
0.13904163135193595,0.054918501991834956,0.14273208664170647,0.10517852760164444
0.1391387042360608,0.054909768117431514,0.1429208203976146,0.10513583076367898
0.1392663887995961,0.05487798880997222,0.1429807943629763,0.10502272802800788
0.13931041844377914,0.05486352646001331,0.14305024693993343,0.10475700956349654
0.1393999215815984,0.05483280806647571,0.1431081009089522,0.10465308611614696
0.13949620609135321,0.05475601987087406,0.14318443127672348,0.10454074342087769
0.13956597011730074,0.054735866800724266,0.14324062583101238,0.10452017200959682
0.13965617330179522,0.05468823523619456,0.14331014891382318,0.1043442425534362
0.1397041774331568,0.054603785970563944,0.14342499126933356,0.1042893537687106
0.1398152003846354,0.05454318298888713,0.14361150738678605,0.10410774316753607
0.1398666282207905,0.05447768762951583,0.14376897281593462,0.10394557068547731
0.13988289572742343,0.05444681200325286,0.14386586163730788,0.10391791411338935
0.13995390306039107,0.05439119170004692,0.14401042546362078,0.10387247148093467
0.14007359602325917,0.05427908494763725,0.14407349657274776,0.10383874222668138
0.14012697894426426,0.054224789755557126,0.14414468250638698,0.10379733719157995
0.14023515317892843,0.05419216986285005,0.14422656305248907,0.10364859847622136
0.14038469679121562,0.05416985710501198,0.14431524448280938,0.10362611866299794
0.1404928564490069,0.054156425122154885,0.14437528983322429,0.10361034172046663
0.1406205865610226,0.05412443751418756,0.1444428721192388,0.1030502951673229
0.14074469081182236,0.05408322413022551,0.14449754876319676,0.10294835978272346
0.14079932592953143,0.05404676348662746,0.14463118068237565,0.1029386986940373
0.14089667229991654,0.05404432099320381,0.1447510549642133,0.10286191841114598
0.1409643287572397,0.05402116190389116,0.14482339336699954,0.10282291379149117
0.1411132315647581,0.053931485616536295,0.14486437436355212,0.10279601068592466
0.1412546080083077,0.05387135468177619,0.14499274615528876,0.10273174503031313
0.1413660799631489,0.053757925656362185,0.1451641437789819,0.10272573003912557
0.14141074815676286,0.053586923266175084,0.1452066680934568,0.10262380517572865
0.1415682135859114,0.05349444559515225,0.1452641567317225,0.10262220808970558
0.14162952573963455,0.053456670865961946,0.14535733900939804,0.10252568115351413
0.1417322721533555,0.053424582163504715,0.14540995138636886,0.10251417743147997
0.14183762795474358,0.053371044609252946,0.14546212830899358,0.10250046343367755
0.14196526214481953,0.05335974877163448,0.1456221492100679,0.10247374604321983
0.14208711514371025,0.05325979908830723,0.1457504521778977,0.10238605817600283
0.1421678835066908,0.053218259226548374,0.14586933496054919,0.10233562469367948
0.14224083011165944,0.053210234166369885,0.14591645197111947,0.1022785688349726
0.14233932060516732,0.053149010810662776,0.14597241800574287,0.10227788326679584
0.14249592749387938,0.0531124236623135,0.14606527405368275,0.10204825275664565
0.1425393506603003,0.0530652409799115,0.14614205965991262,0.10204156374679876
0.14265722641548842,0.05302564032380919,0.14622898938503948,0.1020386738899312
0.1426960282459964,0.05301906775673116,0.1463511403433669,0.10187596510439047
0.1428013840473845,0.053005402269596685,0.14641092705622424,0.10186840478750908
0.1429553486485292,0.05298499130189715,0.14656047066851144,0.10172754305814809
0.14304853092620473,0.05290484248157205,0.14661047953188713,0.10172295307002682
0.14336258628868173,0.052896783015009406,0.1467001381308665,0.10170749342222657
0.14340077733037687,0.05288893141595264,0.14685862134174477,0.10168353231386118
0.14347495112795544,0.05287420239988569,0.146948124479564,0.10168266833793621
0.14357368852786623,0.05287294690989343,0.14699584806558527,0.10122097711528813
0.14363240989727397,0.052832308530629,0.1470203538637358,0.10120788700411595
0.14372571787074676,0.05282715472583524,0.14754134125651722,0.10119081569859315
0.1438694983345515,0.05282690841635959,0.14760880007234092,0.1011825170273885
0.1439608352022056,0.05280092662986188,0.14773798418495382,0.10103517576459513
0.14458303723081004,0.05279374664714472,0.1477990030852936,0.10100192809273567
0.14467171866113032,0.05277425208694477,0.14785241443799657,0.10085999936980879
0.1448302018720086,0.052721904519049255,0.1478983811200795,0.10085728859073738
0.14492648638176342,0.052612300579988315,0.14792445597715997,0.10080941085732026
0.1450116342710627,0.05258653590817575,0.14797174642788302,0.10076678595689326
0.14508684063111624,0.05254286801563414,0.14804835248203702,0.10076082753694332
0.14513235135694003,0.052531554236507245,0.14819480863449547,0.10073433970352078
0.14524832358149814,0.05240888354494126,0.14828349006481575,0.1005071520793489
0.14535389505434645,0.05235022798302753,0.14835094888063946,0.10046345252061246
0.14547211007860586,0.05234167767372695,0.14846100268243806,0.10043483629369417
0.14552249950794532,0.052336093899493404,0.1485107046244884,0.10042764690751807
0.1456047019514957,0.052125207466520246,0.1486534428758604,0.10023192496432515
0.14566290554460207,0.05207521699356106,0.148691407530055,0.10015734043408424
0.1457214884761908,0.05201673642332461,0.14894115438443567,0.10012805233621916
0.14591512371410217,0.05193309293221733,0.14900881084175882,0.10010636804668592
0.14597617311884203,0.05192130039709249,0.14908267690252264,0.1000667407541245
0.14609991349997387,0.051868420233381334,0.14914323755728673,0.09989855538147935
0.14614877178002178,0.05184171564973771,0.14923368677323193,0.09986992525811106
0.14619906724544549,0.051803839116413064,0.14931801521461746,0.099821273912925
0.14634797005296393,0.05179326829359198,0.1494226607417342,0.09971085173892681
0.14641742262992102,0.05179105902097124,0.14955640582705562,0.09965833243035502
0.1465073809467361,0.05177946330667867,0.14965915224077656,0.09957240392629892
0.146639375074396,0.05175471222750076,0.14971735583388293,0.09937859940796158
0.14674301653019844,0.051694595614976954,0.14983466918171484,0.09928473009828684
0.14687138832193508,0.05169377071485436,0.14999398257778387,0.09928372678904984
0.14696851567395558,0.05163449569113846,0.15023754992537927,0.09923370852171667
0.14708869550098028,0.051629837975589704,0.1503659217171159,0.09893181302886044
0.14720466772553842,0.051508692039293154,0.1504148387888522,0.09888174211903958
0.14725487555133648,0.05146297902495846,0.15047067682561974,0.09885483105297536
0.14739031761911528,0.05140383689298518,0.15052535346957768,0.09848308823370516
0.14776299966928372,0.05129113958018316,0.1506867102951809,0.09848307541247038
0.1478984417370625,0.05125404072291702,0.1509005475498724,0.09848237323580851
0.14801714403322316,0.05122128878175195,0.1510233872484544,0.09844721978502997
0.14809752689058284,0.05109731039766635,0.15114758906066741,0.09834330109014208
0.148202807369633,0.051012536335085484,0.15126231051987538,0.09831218837664979
0.14831033898166665,0.051009124761969594,0.15135099195019566,0.09815557370660398
0.14845988259395385,0.05100186622735028,0.1514350201980433,0.09813719443675328
0.14851737123221953,0.05096008307385342,0.15151752071995592,0.09794749085714517
0.14858320739829345,0.050933109488386884,0.15159940126605803,0.09793996263878045
0.14871093751030917,0.050932197014088805,0.15164192558053294,0.09791648549859946
0.14882577986581955,0.05092605623027781,0.15169084265226923,0.09780180838658535
0.14901451362172768,0.05086862334649925,0.15174668068903677,0.09777750774721482
0.1490926052681981,0.050750077465476884,0.15189846049216324,0.09776697361721313
0.1491724188799832,0.05070858683739424,0.1520195443486421,0.09769639939676616
0.14928702403001656,0.05067812554030427,0.15212511582149044,0.0976830218977576
0.14934534197427352,0.05066742648336964,0.1521904679436419,0.09764971233615405
0.1494384775906654,0.05056242543982073,0.15226063868218181,0.0976474213107314
0.14947630731109693,0.05049470842741233,0.152314808444267,0.09744353989878317
0.14960969218795803,0.05047444998889989,0.15247503172262555,0.09734881517016084
0.14995138536938804,0.050411051086989116,0.15257407587396807,0.09731893745830753
0.15001080951226367,0.05039666754398209,0.1527502333053719,0.09729704714638181
0.15006875973451478,0.05039514485300244,0.1528838652245508,0.09724214547920439
0.15025028199880097,0.05037412292753877,0.15296437888301112,0.0972296512105233
0.15031563412095247,0.050335984063977,0.15300393769579484,0.09722797467907497
0.15043707996128003,0.050161463453780614,0.15303342889490387,0.09717743535133949
0.15056458941545767,0.050127944555343626,0.1530762279018838,0.09705781290362783
0.15062270230660585,0.05004591860508339,0.15313511853630854,0.09700269626000643
0.1506749344701422,0.04995364753021656,0.15336298472297374,0.09693622300428167
0.15103234930167336,0.04994941633912931,0.15350335747746965,0.09688983844365236
0.1511062595602633,0.04993852407796336,0.15354291629025338,0.09687180648079934
0.1511880263710792,0.04992403439687964,0.1536405813386026,0.09686042080488759
0.1512490757758191,0.049814756100338115,0.15379476078722348,0.09685837746856235
0.1513453602855739,0.04974463458590767,0.15413620531234626,0.09684970328294973
0.15142287465050136,0.04972606223104804,0.15421928218138692,0.09674952526068138
0.15149479935381993,0.049725740630121584,0.1542759801984394,0.09669403912617654
0.15154081134653222,0.04970521197672351,0.15441822652282483,0.09650396093769352
0.15157030254564124,0.04965643687643161,0.1544613727116715,0.09641245921521117
0.15164649336279026,0.049653461281510256,0.1545298497042276,0.09631264379300669
0.15168750991807822,0.04960027371911052,0.15457327287064848,0.09628620588640849
0.15200613154545015,0.049525269978819564,0.1546238632374237,0.09622696602485112
0.15262833357405456,0.04949239883655562,0.15474530907775125,0.0961644636210421
0.15270981162517344,0.04949023814536266,0.15477382935603926,0.09610626866977331
0.1527575352111947,0.04948700104894584,0.15480145568168863,0.0960446943722399
0.1527954998653893,0.04945019162045591,0.1548523458002783,0.09601836170006914
0.1529546955761454,0.04941675109600983,0.15491176994315392,0.09598587414622756
0.1530345091879305,0.04923866913334619,0.15496972016540503,0.09595521313566838
0.15320225199203955,0.04918931725317145,0.15528377552788206,0.09586233667818725
0.15342031044068744,0.049168440746543064,0.1553567221328507,0.09584184431033144
0.1534739574273514,0.0490908789809069,0.1554763598717965,0.09579976749940983
0.1535912707751833,0.04909064909874266,0.15554312516061278,0.09577683354651367
0.15364590589289234,0.04906164004543322,0.1556323917385508,0.09574440459525997
0.1537331682272604,0.049040375639127866,0.15576657202337796,0.09573222771202258
0.1538397622473546,0.0490179452331968,0.15589528790916474,0.09571999779725404
0.15396739643743054,0.048985822511129935,0.15595112594593227,0.09568229599675161
0.15415613019333868,0.04897640562169346,0.15612512844661686,0.09552564639048344
0.154227317163329,0.048967631865367164,0.15627314147026145,0.09548908090343895
0.15430309485864868,0.04896449168713606,0.15636644944373426,0.09534762811015778
0.15433954625335025,0.04893136081980542,0.1564313333135756,0.09533741267789661
0.154379105066134,0.04889764711398319,0.15647330367290205,0.09516714083124768
0.1544753895758888,0.048869930146404776,0.15657605008662298,0.09511590407162127
0.15453122761265634,0.04884631308971146,0.15673137937528706,0.09505128942600422
0.15458160317018146,0.04884592011816201,0.15682986986879494,0.09504686251027056
0.1547602076134219,0.04880730183070116,0.15695905398140783,0.09482236377802843
0.1548036307798428,0.048705757383279126,0.15700372217502176,0.09479233954906285
0.15491406006353847,0.04869629136174713,0.157093225312841,0.09463237330091352
0.15500098978866533,0.048662115545382384,0.15721113747623264,0.09451648273873947
0.15509399593762146,0.048588633498352345,0.1572835469285322,0.09442994904226612
0.15523514970159885,0.04855966833222305,0.15740463078501105,0.09437610439101318
0.15532441627953686,0.048558841953951534,0.1575297215656085,0.09427484345864137
0.15541309770985717,0.04849410441484625,0.15761449810992043,0.09426648035717881
0.15547104793210828,0.0484731440617618,0.15769201247484788,0.09418504384293923
0.1555700920834508,0.048457252704173316,0.15779024014292034,0.09412284815867751
0.15571465590976372,0.048393082186217226,0.15791854311075015,0.09402240830712152
0.15582333107577648,0.0482752252053399,0.15797649333300126,0.09396354750685226
0.1559058413835618,0.04826340401938826,0.15816300945045375,0.09394009456466879
0.1559993694712131,0.048144313737744124,0.15826321405169624,0.09387362511951407
0.15611409093042106,0.04813561162772645,0.158313952926735,0.09381902425538333
0.156177162039548,0.048133123811140634,0.15850810617030414,0.09365219098728879
0.15625102810031186,0.04808505831706996,0.15855831399610223,0.09341181315252643
0.1563394322472494,0.04802904196094774,0.15862950096609255,0.09339253636899873
0.1566000327217824,0.048012562994282415,0.1587367805749146,0.0933287361003999
0.15665262158972312,0.04795770881763169,0.15879509995902003,0.09326081627011167
0.15672474931592165,0.0479441366905316,0.15887382647247705,0.09325768305289828
0.1568232056353272,0.04791003796940539,0.15902832224603533,0.0931627452295684
0.15689439156896642,0.047891321152802285,0.1591782434299112,0.09310711446708073
0.1570112010123113,0.04785671303375635,0.15924769600686828,0.09307551958173015
0.1570876050459577,0.04783422421773152,0.15929739794891862,0.09307147544039976
0.15747285541864076,0.047808344633145455,0.15934019695589852,0.09304501874360631
0.15755885155282298,0.047787941636206074,0.15985008513030563,0.09293781695846391
0.15768934146782534,0.04776763861567438,0.1599352330196049,0.09291380100938282
0.15780993836670612,0.04774933432711635,0.16001630827842675,0.09289888679291058
0.15786806360062602,0.04773163669924305,0.16009694005542874,0.09274516263750805
0.1579249341573951,0.04772360727968732,0.16014836349133899,0.09270849350428662
0.15801333830433267,0.0476947623149064,0.16017315778797506,0.09251672052329347
0.15814111068588188,0.04769283842292742,0.16029796360599796,0.09245053342394223
0.1582584240337138,0.04761933535161927,0.16046570641010702,0.09233754244426823
0.15828791523282285,0.047591875176561764,0.16052027301821242,0.09229801279269553
0.15847443135027534,0.04748161247250953,0.16057201963426776,0.09228432342216054
0.15857726773116454,0.04745533764995488,0.16062881430380263,0.09216489535517979
0.15863194437512249,0.04744857298990943,0.16072306517839063,0.09212014412993653
0.15872547246277377,0.04738713608241108,0.16077162120494048,0.09206685792491927
0.15889321526688283,0.047372202355584814,0.16083184734765477,0.09202287025697602
0.15902151823471264,0.04733062738261597,0.16088712458680815,0.09202085463608733
0.15907636032957573,0.04732431877434219,0.16094217513265247,0.09201910609607294
0.15916503265359783,0.04727307653101831,0.1610867389589654,0.09198374121188371
0.15934363709683824,0.04725595092847543,0.1611292632734403,0.09185968832444823
0.15946955350947734,0.047241840782695964,0.16121009960236485,0.0917228527100231
0.1598109980346001,0.04722037803202055,0.1613592309507855,0.09168695141089515
0.1599052497416669,0.04712369128695518,0.16145241322846102,0.09167335553928577
0.1599652237070286,0.04710254300153065,0.16156807835330547,0.09164885959953446
0.16010978753334149,0.047076170195670765,0.1619210663686278,0.09152211878375362
0.16026910092941052,0.047019696938641234,0.1620211566994192,0.09150491577638391
0.16033429307123154,0.046990288107827294,0.16210833034931585,0.09139344693867017
0.16044088250419788,0.04694844264630031,0.16217591263533035,0.09135255651553228
0.1605437188850871,0.046905480832756245,0.16222187931741328,0.0912771036060711
0.1606647930236507,0.04689995332856181,0.16241606115407922,0.09127334566342056
0.16075243868900124,0.046899850752125535,0.16257024060270012,0.09127232159588873
0.1608058500417042,0.04687154388366877,0.16266928475404263,0.0912637908613174
0.1609219523453151,0.04686584010706483,0.16271622659154517,0.09125147206214335
0.16099855839946908,0.0468581690276354,0.16292871551947322,0.09120490963016532
0.16113219031864798,0.046845687888783,0.163064157587252,0.09117613598030878
0.161186825436357,0.04682434351380243,0.16317458687094769,0.09115357119557373
0.16124076669576606,0.04681465522175271,0.1633023169829634,0.09107931501812117
0.16134467920834994,0.046809658481646824,0.16373881644672036,0.09104507381874948
0.161374170407459,0.04675455230865601,0.16381690809319077,0.09095572065621228
0.16152923795800686,0.046721929535573685,0.1638681917661117,0.09087781781877516
0.16159214833077673,0.046719436310534476,0.16391660099607627,0.0908369349716519
0.16173065315585142,0.046678030129576636,0.1640021402183477,0.09062999984161592
0.1617875447581931,0.046660911229586106,0.16410402755646722,0.09062454008235653
0.16187704789601234,0.04657713426505491,0.16418766400413526,0.09061282916232563
0.1619885311657689,0.04657549156753357,0.16429301980552335,0.0905957437927518
0.16203446171147812,0.04652447200857868,0.16439837560691145,0.09048265169143842
0.16221819271179408,0.04651714505673929,0.16447224166767527,0.09045986116190652
0.16227868245295973,0.04640084280364164,0.1645942588262796,0.09045283209350553
0.1624008334112872,0.04636289756595032,0.16466137816915968,0.09031466675635492
0.16245301033391188,0.04634036966927711,0.16473658452921322,0.09029777167607353
0.16255856472395636,0.046307637393671046,0.164798222326539,0.09021266990773527
0.16260023019643358,0.046284506497716045,0.1648269797104915,0.09013483756187059
0.16271893249259425,0.046266371251548755,0.16515999397810616,0.09000074913385943
0.1628290040058031,0.0462138029053462,0.1652491524527316,0.08991191763135536
0.16290317780338168,0.04619105438058397,0.16530893916558895,0.08973541555699086
0.162962964516239,0.046186346756800806,0.165369499820353,0.08971472264068336
0.16307516689473533,0.04618539855592279,0.16542923720034947,0.08952353021548456
0.16313186491178783,0.046158056668751925,0.1655843047508973,0.08946668330322971
0.1631728814670758,0.04610593012263994,0.16566650719444767,0.0894296588124843
0.16320539764126255,0.04606654047363822,0.16600373373660351,0.08935349069576234
0.16331582692495822,0.046061928615670066,0.16607992455375253,0.08934353784666592
0.16336003661815598,0.046020620571215136,0.16621612158632032,0.08928724749278175
0.16341692822049766,0.045994496369233084,0.16638386439042938,0.08927492608996149
0.16352084073308157,0.04590837795618372,0.16642260642687656,0.08926618606023676
0.16363905575734095,0.045906139686347124,0.16663190920377005,0.0892163918207752
0.16369123267996566,0.04590393949043205,0.16675451788100298,0.08895939576651804
0.16379100403547908,0.04590309991881965,0.16682745275481695,0.08891921297455152
0.16389759805557327,0.045900502721894214,0.1669164560825855,0.08885671178504667
0.16401432585653744,0.04589449756168152,0.1670431688715843,0.08883277600119704
0.16409509472919884,0.04587276010984909,0.16712076122617958,0.08872075263008108
0.164162751186522,0.04582200035628452,0.16721501293324634,0.0886761291851783
0.1642514059945115,0.04577611224618625,0.16726530839867004,0.0886240259905052
0.16439611378868088,0.04568858323464666,0.16736814477955925,0.08847830573948028
0.1645040107824357,0.04558566021397783,0.16760421079701118,0.08843678024130278
0.16461955477312668,0.045574421409391504,0.16769288312103328,0.08839795474340097
0.16474858692438812,0.045571803929496536,0.16779620397907366,0.08829081561167496
0.16488624283350006,0.045537953110134165,0.1678844779280329,0.08825288366504143
0.16492393367438915,0.0455317169449317,0.1680790030007862,0.08821481203995346
0.1649703444201776,0.04550920983745568,0.1682692788301459,0.08816085745470598
0.16512882763105588,0.04546565138709782,0.16832740406406582,0.08815105215917174
0.16518938828581994,0.04544750850123238,0.168385516955214,0.08811651212945372
0.16527538442000214,0.045430713098301975,0.16852588970970991,0.08811502917598392
0.1653492946785921,0.045399910628147806,0.16860267531593978,0.08802983094244016
0.16540934002900703,0.04539726279284698,0.1686508560729596,0.08800645741266001
0.16555207828037902,0.045396319884310976,0.1687052056207244,0.0877559313562171
0.1656089488371481,0.045284688407048565,0.16875292920674567,0.08770342179768648
0.165691781033887,0.045209111651947506,0.1688469675019374,0.08762835696238627
0.16575184225236636,0.045182406094612396,0.16891889220525597,0.08760388762502623
0.16585116079890003,0.045050593268065806,0.16898635102107964,0.08748679143316847
0.1659598359649128,0.04502215244753492,0.16912908927245165,0.08748578321698679
0.16605829228431832,0.04499339847142198,0.16920668162704694,0.08746275810320804
0.1661636480857064,0.04491108263515426,0.16931787809937782,0.08743280863668712
0.16621423845248162,0.044901892718896316,0.16946478761297032,0.08743242502331688
0.16626342611803926,0.044827605232526796,0.16954842406063836,0.08742983503330914
0.1663184766638836,0.044759588687238144,0.16960678169629306,0.08737183287964924
0.1664165554541739,0.04474506830799972,0.16976424712544164,0.08736591229788936
0.16650058370202156,0.04468869882524911,0.1698481815410411,0.08736061688818693
0.16674415104961693,0.04456276233621973,0.16997601922969915,0.08711194806572238
0.16682969027188835,0.04450515944278692,0.17004449622225523,0.08691340530374478
0.16690085446339112,0.044503631441275546,0.17008048066008555,0.0868974030453301
0.16698305690694148,0.0444997601777547,0.17018695589055827,0.08687265189339938
0.16719235968383497,0.04448194068683621,0.17027715907505273,0.08675383850798123
0.16727722161668201,0.044465398763611795,0.17041204650810857,0.08673712791477342
0.1674134186492498,0.04443541747167288,0.1705143848373461,0.08666439062173222
0.16758057724015607,0.04438644096717978,0.17070348473100203,0.0865507117935328
0.16765884633202144,0.0443790407838648,0.1708202941743469,0.08649464310459397
0.16771716571612685,0.04437060482095146,0.170889746751304,0.08639408017873984
0.16782478112819024,0.04435584779763156,0.17097389711868816,0.08639155160085761
0.1679246731506497,0.044341878958367914,0.17100771397934267,0.08631357514528122
0.16803024462349803,0.04431113879936455,0.17107517279516635,0.08626839593050636
0.16807697646398737,0.04430031253586888,0.171124360460724,0.0862620622044793
0.16817479521509768,0.04428486662902011,0.17118029843316815,0.0862271184703052
0.16820242154074705,0.04427085804660782,0.171356455864572,0.08599614343048508
0.16833636414439504,0.04424460287020536,0.1716843867450808,0.08594819452793165
0.16849638504546938,0.044227861952457516,0.17174249963622898,0.08590549303924241
0.16852514242942188,0.04405845333217215,0.17182821186967182,0.0858197499295326
0.1686550769876534,0.04405701593589498,0.17193104825056102,0.0857519109836609
0.16874995939931298,0.044022686472404524,0.17205249409088857,0.08572064273201971
0.16882290600428163,0.044013888295138644,0.17217356822945218,0.08566619587729185
0.16902837166573312,0.04387092530726071,0.17225464348827402,0.08564822159686065
0.16913496568582728,0.043868147480030706,0.172397381739646,0.08560360794603257
0.16927721201021273,0.04385282512446564,0.17246503819696915,0.08557491129414503
0.16932895862626807,0.04384479273612639,0.17255141327038367,0.08554555211306453
0.16946515565883585,0.04383783885664797,0.17266184255407935,0.08551328449571814
0.16960986345300524,0.04376652292142352,0.17270464156105925,0.08550542649176951
0.16974836827807993,0.043756616007413054,0.1727930457079968,0.08547126239420909
0.16988088453981265,0.043746652033523487,0.17288800010358463,0.08546672184022433
0.16999667753509276,0.04371987893892656,0.17296094670855328,0.08541639730805338
0.17012939354925322,0.043685535926674735,0.17310472717235806,0.08532638733164467
0.17017874520887818,0.04363850353468612,0.17331856442704952,0.08517256779024204
0.17025937698588017,0.04361493284436148,0.17339033227608028,0.08515098254014508
0.17034762675048212,0.0436011653775876,0.17347342127552562,0.08511441611220458
0.17051536955459118,0.04359751540143966,0.17358489323036685,0.0850923003621053
0.1706046361325292,0.04355698544700388,0.17371392538162828,0.08508085577924213
0.1706599133716826,0.043550080303701805,0.17379789791286215,0.08507057766223095
0.17099845305563244,0.04353640230774459,0.17385048678080284,0.0850204399441373
0.17111666807989184,0.04351773855752779,0.17394677129055766,0.08488940071185726
0.1711915074697188,0.04351287081256795,0.17400840908788345,0.08484425614622113
0.1712575466671674,0.04344322021823043,0.17408501514203745,0.08477880593811209
0.17130096983358828,0.04338556440837746,0.17425520645304698,0.08470351903264424
0.1713791800403238,0.04333641458250488,0.17433668450416587,0.0846990550683022
0.17150966995532615,0.04332001005741721,0.1744587016627702,0.08460873138176479
0.17165240820669814,0.04330044359032412,0.17456529568286436,0.08453641383757893
0.17167023128589287,0.04329054248752759,0.17462387861445308,0.08450620284197596
0.17178066056958854,0.043234670871913954,0.1746417016936478,0.08437881606107528
0.17185786650963208,0.04314944819042231,0.17473488397132333,0.08437855878407445
0.17194831572557728,0.04314355604489628,0.17492940904407664,0.08437601053255031
0.17199432771828957,0.04306968900844067,0.17499248015320362,0.08436591740693815
0.1721657253419827,0.04305341456427696,0.1750722937649887,0.08433284440388329
0.17220446737842993,0.04303810236990537,0.17518331671646734,0.08430075663594153
0.17254169392058577,0.04303308543499782,0.1752891387654208,0.0841510379224351
0.17262566645181962,0.04303183961504891,0.17591134079402523,0.08409877508253402
0.17270969469966727,0.04300945648787431,0.17599385110181054,0.08401596454065183
0.17278271247307478,0.042990532132840355,0.17605773872818628,0.08400806316876729
0.17281123275136276,0.04292718051645725,0.17614769704500136,0.08394915189287332
0.172891489037973,0.04285248371566967,0.17625559403875615,0.08394806803033919
0.17293154136200134,0.04283813582489153,0.17631723183608197,0.08391710844095553
0.17296667012422637,0.04282235815968873,0.17641079955142092,0.08386086634480044
0.17311580147264702,0.042806195763780794,0.17651057090693434,0.0838441443839472
0.17320983976783874,0.04278937320362098,0.17666573696180507,0.0838266312646408
0.1732799867679921,0.04274144356422122,0.17675398672640702,0.08380934345826338
0.17336146481911102,0.04265664528005295,0.17688860620324,0.08373928518027618
0.17352213641276298,0.04257210153648616,0.1769454767600091,0.08372655283973683
0.17364497611134502,0.042484109850388384,0.17704672128012044,0.083625607945748
0.17370267831863734,0.04247287609439596,0.1771720317076889,0.08361403983289989
0.17383756575169318,0.04244895523368719,0.17726043585462645,0.08357773538537157
0.17388833891126515,0.0424374286361867,0.17731081141215155,0.08355785815238649
0.174115576032811,0.0423629629110637,0.17740007799008958,0.0835279253852043
0.17419309039773845,0.042187226319896395,0.17744913211501187,0.08350279873221783
0.17424338586316215,0.042138810302182084,0.17767699830167707,0.08350239475458253
0.1743999927518742,0.042078317745914126,0.1777149629558717,0.0834681607243493
0.17448547838120215,0.04206225463990682,0.17777368432527943,0.08345498776853813
0.17457792783972248,0.042056080700784704,0.1778305759276211,0.08342485014108277
0.17465265514223144,0.04203109532673216,0.17796451853126913,0.08332190619024506
0.17471085873533782,0.04203009572222686,0.17802758964039608,0.08331285281917684
0.17489959249124593,0.0419899222480764,0.17808767869594563,0.08324959487828262
0.17502160964985028,0.041889481345059466,0.17819916196570218,0.08324328233506106
0.17511181283434477,0.041815524850144455,0.17823494490969516,0.08322538447771233
0.1751778520317933,0.04180427614454991,0.17846281109636036,0.08322220401959624
0.17534501062269958,0.041759013492434494,0.17851172816809666,0.08315806231459479
0.17542721306624992,0.04173639791047014,0.17866569276924138,0.0831456055948206
0.1755418182162833,0.04173029926020167,0.17868328737336767,0.08305770998464243
0.17561842427043728,0.041704237841902074,0.17874017897570935,0.08300987120110427
0.17574063121720832,0.041696753831464976,0.1788728949898698,0.08300741336779033
0.17583460220904112,0.04166781045990124,0.17894972999267067,0.08300174647957485
0.17591537108170255,0.041657729865146854,0.1791283344359111,0.082949804043106
0.17601386157521043,0.04164132227538726,0.1792827836076485,0.08289262688859483
0.17609695057465577,0.04161881404087592,0.1793636074663811,0.08284013772145801
0.17612547085294378,0.041511454769743175,0.17941619633432182,0.08274415114802101
0.17633093651439527,0.04150596905578233,0.17955656908881773,0.08272442583920189
0.17644672950967538,0.04150425237546164,0.17962869681501625,0.08272042401223124
0.176557752461154,0.04150110984126842,0.17971469294919848,0.08269624606622736
0.17690765429084976,0.04148611753911103,0.17987129983791053,0.08265839746982809
0.17705039254222177,0.04147539861983337,0.17992524109731958,0.08262349409317124
0.17719076529671768,0.04146813230212076,0.17996268546503452,0.08254756569835782
0.17738440053462906,0.041435840126876615,0.18008686256622,0.08252216475038929
0.17751111332362784,0.04139683600434279,0.18013725199555947,0.08251096497178523
0.1775840481974418,0.04137939539999647,0.18047894517698945,0.08248033496107292
0.17766326684175773,0.04133967678690168,0.18055370457240386,0.08243357802725865
0.17772300422175416,0.04131028472076952,0.18067962098504295,0.08241427848035848
0.17787482653226525,0.04126683369119088,0.18130182301364736,0.08236399240567305
0.17798018233365334,0.041244045911121185,0.18132823497365538,0.0823610535656692
0.1780717114359423,0.04123000590210338,0.18138928437839524,0.08233666003016456
0.1781927855745059,0.0412204422039675,0.1814614121045938,0.08233435274145398
0.1782172913726564,0.0411878620532513,0.18155848498871863,0.08227124224082884
0.17827738042820596,0.04116746028739132,0.18161979714244178,0.08226074397936119
0.17838499584026934,0.04115802834121199,0.18167197406506647,0.08224806212735844
0.17844248447853503,0.04115522401607505,0.1817877670603466,0.08216908359125083
0.17850412227586085,0.04113262938358782,0.1819066498429981,0.08206135073331301
0.1786718650799699,0.04112191157624898,0.18196006119570107,0.08205899666161204
0.1787681495897247,0.04108103811243943,0.18201423095778627,0.08204980252539498
0.17881094859670463,0.041056923133183064,0.18237164578931742,0.08203803431519009
0.17886148880663486,0.04105415476911724,0.1824150689557383,0.08197054281855941
0.17901997201751313,0.04100993505089678,0.18253744887970202,0.08191161797278393
0.17908077539080228,0.04099196401531826,0.1826202810764409,0.08182752118513355
0.17911655833479526,0.04096545540343233,0.18266621162215013,0.08179730351229707
0.17916914720273594,0.04095104454165239,0.18284994262246612,0.08165470686849485
0.1791854147093689,0.04094183815692228,0.1828978591269441,0.08161329458663892
0.17926158116377233,0.04092928107381379,0.18302821248145196,0.08147356134589075
0.17934465803281296,0.0409198503975864,0.18314691477761263,0.08145874599339584
0.1794730298245496,0.040882954709085574,0.18320219201676602,0.0812600260460475
0.17951530755117218,0.040836558938505,0.18326054965242072,0.08124978338989662
0.17957668049283376,0.040832316999934976,0.1833910395674231,0.08117218225030255
0.17967388124739428,0.04082894282884423,0.18360909801607098,0.08111861155600501
0.17979276403004577,0.04080267737491376,0.18375752219927358,0.08111215443535232
0.17982183594443427,0.04066380524920286,0.18384526763465445,0.08108794757175222
0.17987118760405924,0.04064126385457245,0.1839402220302423,0.0810163444767634
0.17989366309271063,0.040640841467945235,0.18401652207200178,0.08100057744607347
0.1799184573893467,0.04060504563372676,0.18413288320005325,0.08062259650956222
0.18002367382699552,0.04050409716898896,0.18423571958094245,0.08055513082590937
0.18009986464414454,0.04048835770717529,0.18434231360103664,0.0804725510204765
0.18024534275299178,0.040486068421370376,0.18447149771364954,0.080462783331485
0.18032167312076305,0.04044261370200226,0.18453280986737267,0.08043593890321035
0.18046180209489873,0.040419021761875645,0.18457063958780423,0.08035670323096915
0.180508733229103,0.040375072236813414,0.18468744903114911,0.08035380834339251
0.18058957543634693,0.0403207280109046,0.18480566405540852,0.08034730459986944
0.1806253583803399,0.04031838838665967,0.18493339416742424,0.08029582126794682
0.1807976391960343,0.04029668616244319,0.18505577409138793,0.08028043872483823
0.18084839362058697,0.040247176778460646,0.18509919725780885,0.08026947140204423
0.1809584651337958,0.04024523785913867,0.18518715192568164,0.08026220691969718
0.18107449103624423,0.040238414913689464,0.18527580673367114,0.08018426364320402
0.18115109709039823,0.04021257652519635,0.18535740557915628,0.07992798341247714
0.18128527737522537,0.040212406442507745,0.1855798929506939,0.07982833197788633
0.18132870054164626,0.04012389723327353,0.18574763575480296,0.07978547558987772
0.18138305008941108,0.04006687796324299,0.1858454545059133,0.07974100126637439
0.18147827673103573,0.04006317751085438,0.18590377245017026,0.07974087703227165
0.18161289620786875,0.0400579024461765,0.18609740768808164,0.07966694682600145
0.181659827342073,0.04002865215751333,0.18622151193888137,0.07965965195414879
0.18175831783558088,0.040016124699283284,0.18631592203777322,0.07965364503756017
0.18189451486814867,0.039992818372959045,0.18650129269843801,0.07953352979294742
0.18203281042675273,0.039973749925472764,0.186517560205071,0.07945422702955053
0.18212148275077483,0.039934602683553914,0.18675092907630458,0.07944131460127028
0.18219266868441406,0.03991611928981105,0.18681885791557945,0.07940007068933555
0.18226012750023773,0.039906705384480455,0.1869246799645329,0.07928731301588246
0.18263280955040617,0.039904866548742375,0.18704527686341368,0.07924581186070792
0.18276199366301907,0.03988506876868765,0.18716592865492418,0.07914099924625226
0.18278446915167043,0.03987886853914941,0.18728700279348778,0.07905028160896008
0.18284066370595933,0.039864993561450464,0.18733541202345236,0.07894095288380881
0.18293786446051985,0.03986413890073985,0.18745138424801047,0.0789298028484511
0.1829900966240562,0.039846312399515894,0.18751147330356002,0.07884634018258703
0.1830360633061391,0.03982968384635256,0.18758099638637082,0.0787853902036061
0.183120035837373,0.03978767401446267,0.18762997575809884,0.078673968101851
0.18316973777942333,0.03977292765568576,0.18768746439636452,0.07859838957580506
0.18325223830133594,0.039758731719760826,0.18783676395646168,0.07859794820940216
0.18335412563945547,0.03972627389463038,0.18788937633343253,0.07858017970134142
0.18346884709866343,0.03971672035782702,0.18796150405963105,0.07850270433536861
0.18358854006153152,0.03969488331532699,0.18802240458658875,0.07848839667414965
0.1837099439296394,0.03969434866137887,0.18811571256006154,0.07846509689309589
0.1837652211687928,0.039667470835627085,0.18817513670293717,0.07841493324082574
0.18393237975969906,0.039661275834559355,0.18824048882508868,0.07840931448030616
0.1840581811968285,0.0396413108415902,0.1883715675659057,0.07839898310300113
0.18411923060156837,0.03960459457604721,0.1884602174554748,0.07822961965838848
0.18426196885294038,0.039577781035318255,0.1885116452916299,0.07819671231408265
0.18430599849712342,0.0395364882960906,0.18867166619270423,0.0781673048871068
0.18438907536616406,0.039528166821216536,0.18877928160476762,0.07814883961573305
0.184473851910476,0.03952793875423821,0.18890705398631685,0.07813693418920536
0.1845295850506731,0.039503888665326434,0.18900333849607165,0.07806435608807849
0.18456340191132758,0.03943458494926814,0.1891710813001807,0.07804121305038456
0.184671666300043,0.039406517580266684,0.18927382771390164,0.07800956039575872
0.18471122511282675,0.039391964565730145,0.1893811073227237,0.07794780860596114
0.1848705385088958,0.03938223916749827,0.18943253515887878,0.07790657768087146
0.1849172703493851,0.039363486727349836,0.18947854715159107,0.07767814994238556
0.18505188982621812,0.039325402424345846,0.18957786569812474,0.07760264598212908
0.18513098738734865,0.039187024959690814,0.18969750343707054,0.07758142728997586
0.18523726366389365,0.03918435230599667,0.18991556188571843,0.07752118287352662
0.18530201214975384,0.03917363963459694,0.19003538594700103,0.07729814554177192
0.18533582901040835,0.039165052396380594,0.19005165345363398,0.07726893982922292
0.1853959180659579,0.03912398455232036,0.190393346635064,0.07718838911199827
0.18551793522456222,0.039123768478230084,0.19050134844468977,0.07710402671166208
0.18559314158461576,0.039027004102007365,0.19066136934576408,0.07705260216067258
0.18566328858476913,0.03902659122069766,0.19078914172731332,0.07693633100251468
0.18581773775650653,0.038981117215530686,0.19087021544010319,0.07687618560230283
0.18595235723333955,0.03896565502042539,0.19093100496281468,0.07670229211810445
0.18606025422709435,0.03890664215143834,0.19127244948793748,0.07665851449088455
0.18624935412075028,0.038882235098200664,0.19136037613185708,0.07661558883289075
0.18636571524880174,0.03886860251498564,0.19143698218601105,0.07659381100063027
0.18645804789696133,0.03883420671072812,0.19153220882763572,0.07651542309130147
0.1865481796666712,0.03883371744765004,0.19165286061914621,0.076470907726069
0.18659462912272173,0.038811176977209816,0.19176014022796825,0.07647047802074579
0.18676690993841613,0.03881081271128774,0.19181352314897337,0.07646967266638907
0.1868637987597894,0.038809020063263575,0.19190486001662746,0.07640799099697337
0.18694107511224514,0.03880791001002925,0.19202449775557326,0.07637262940021826
0.18712644577290993,0.038745874029377264,0.19211290190251082,0.07635180082583536
0.18728062522153083,0.03873735057036754,0.192294424166797,0.07633366483933329
0.18733852239874538,0.0387329314948595,0.1923470130347377,0.07630002006446203
0.18739163285709928,0.03870263397977318,0.19243418668463436,0.07622185105821724
0.1874812914560786,0.03865540074250247,0.1924729885151423,0.07621315291214444
0.18756544182346277,0.038605933818288,0.19279757503967446,0.0761970637776097
0.1876202839183259,0.03860554635227703,0.19291726800254255,0.0761550864408683
0.1877031161150648,0.03859451138441516,0.1930450403840918,0.07607412894675437
0.1877994741547798,0.0385758897011712,0.19311107958154033,0.0759572970898779
0.18785921153477625,0.03856104371600442,0.19317582806740052,0.07581299996669637
0.1879321464085902,0.03855110546370562,0.19321779842672698,0.07578036707945002
0.18802468517169368,0.03853200177572322,0.19328279884359398,0.07559340788240203
0.1881299016093425,0.03849160116989103,0.1936554808937624,0.07558220321331956
0.18824626273739398,0.03848957819926629,0.19382776170945681,0.0755378721012483
0.1884066314616835,0.03847719331167133,0.19399795302046632,0.07551895453144555
0.1884494304686634,0.03847692046219589,0.19405012994309104,0.07548642534263596
0.18852236534247735,0.03841027390324309,0.19415246827232854,0.07547676583290466
0.18866273809697326,0.03840708410664871,0.19419589143874946,0.07540102500229026
0.1887506647408929,0.03839172626145996,0.19431733727907702,0.07535700171224091
0.18883893868985213,0.038364811028028876,0.19445563283768108,0.07530638058254442
0.18892718845445408,0.038310903531487965,0.19477425446505298,0.07529596647273205
0.1890033549088575,0.038309907941608115,0.19487274495856088,0.07525243811075116
0.18937603695902594,0.03824291256553844,0.19490852790255384,0.07523798999770213
0.1895789544369881,0.038224812093045235,0.19496422890312473,0.07521759501483437
0.1898068206236533,0.038222223252351584,0.19502217912537587,0.0751557094917931
0.18984934493812822,0.03809490141564789,0.1951297107374095,0.07513567042851425
0.18998186119986094,0.038078789339498986,0.19518860137183425,0.07509621713638752
0.19010387835846526,0.038075652553721126,0.19529727653784704,0.0750003200125119
0.1905917489988539,0.03806322531820671,0.1953476659671865,0.07497065906238537
0.19074571359999862,0.0380593070133231,0.19540577885833468,0.0749631253868351
0.1908265499289232,0.038044308188358376,0.19557293744924095,0.07493183170744885
0.19091495407586073,0.038014610593136114,0.19581650479683632,0.07486706932110469
0.19128763612602917,0.03797681157148504,0.19590445946470914,0.07482421675450229
0.1914767360196851,0.03793810055456856,0.19601744970789461,0.07479849190172747
0.19156828833793768,0.0379181602960598,0.1960788226495562,0.07478435614500648
0.19163282486876068,0.0379083973709846,0.1961613231714688,0.07473454555998887
0.19174072186251548,0.03788472175420587,0.19620645304250967,0.07468069011594757
0.1918477207561036,0.037843910149988925,0.19625338417671392,0.07461127848636075
0.19189417021215413,0.037813923076443566,0.19630911731691103,0.07459164450215452
0.1919556148404301,0.03780434007409986,0.1964085755414872,0.07458237440264943
0.19201015774412772,0.0377850292835822,0.19651132195520812,0.0745301611009397
0.192089403342067,0.03775374162664822,0.19666045330362875,0.07451170337225638
0.1921669956966623,0.03772546100465454,0.19671104367040396,0.07445286637494022
0.19235072669697825,0.03771734282038256,0.19677126981311824,0.0744218526156311
0.19244560910863787,0.03765963257600585,0.1968636024612778,0.07439290711421186
0.19250372199978605,0.03765815069370901,0.19690179350297293,0.07433682501008106
0.19258281956091658,0.03763596389567371,0.1972432380280957,0.07432740289123585
0.19266470010701867,0.03763218001060614,0.19733116467201534,0.07430582653657078
0.19275265477489148,0.0375590967078322,0.19744123618522416,0.0742222809114082
0.19279048449532302,0.03755484212629575,0.1975305027631622,0.07420735777806989
0.19283515268893697,0.03754154786159911,0.1976184294070818,0.07412200783681357
0.19289347207304236,0.037479651480159526,0.1977483639653133,0.074099548777749
0.19295219344245013,0.037451285679035246,0.1979298862295995,0.07408892735220952
0.19305123759379264,0.03744741329545791,0.19803778322335433,0.07405526022678241
0.193097791988887,0.03734702108139824,0.19817152830867577,0.0740052979801398
0.19315306922804037,0.03733866502503077,0.19826173149317025,0.07396246077109271
0.19320877022861127,0.03730044972291992,0.19829424766735698,0.07395528382955675
0.1933703337298074,0.03723170549419998,0.1983370466743369,0.07389699780950996
0.19345140898862923,0.0372109631948369,0.19838743610367637,0.07379335902604493
0.19350074302179077,0.03720736470339204,0.19844108309034034,0.07379244420013026
0.19364530684810366,0.037204299310860375,0.19855533752047225,0.07371912368228503
0.19369303043412492,0.037155457129840384,0.1986716986485237,0.07371324827303811
0.19373997227162745,0.03714723140163971,0.19887716430997518,0.07360587349409788
0.19380836445328672,0.037146151977517125,0.19891499403040674,0.07360342136351425
0.19393944319410378,0.03711442553475007,0.1989374695190581,0.07357831985542049
0.19397727291453531,0.03710746767638792,0.19903375402881293,0.07357413426415214
0.19404968236683487,0.037014277730695246,0.1990839439605651,0.0734966100633942
0.19414817286034275,0.037006363123675695,0.19912496051585307,0.0734332099059993
0.19421793688629027,0.036923961725344366,0.19916597707114103,0.07343007934470379
0.19437421803795818,0.03692360327081673,0.1993337198752501,0.073363232289874
0.19449930881855562,0.036891500095845485,0.19944189410991425,0.07333315675748184
0.19459327981038843,0.03688961498293231,0.1994859237540973,0.0732618293903634
0.19463642599923509,0.03685403021498711,0.1996017167493774,0.07320814146397578
0.19470587857619218,0.0368345157912076,0.19965628335748284,0.07319381180989372
0.19481886881937768,0.0368250576841513,0.19975531141989922,0.07314540896454105
0.19489547487353165,0.03679704552578933,0.19984256875090006,0.07309440735904885
0.1950245070247931,0.03679223302524458,0.2001031692254331,0.07309412326244359
0.195138761454925,0.036732195449897975,0.20014306010804578,0.0729454770063276
0.19535125038285306,0.03672905919949589,0.2002970247091905,0.07292089865590225
0.19540154584827676,0.036661051504717906,0.20036647728614762,0.0729124055155233
0.19588941648866537,0.03665738927648695,0.200475776394987,0.0728710711957223
0.19597648357278674,0.03661242718918814,0.2005939914192464,0.07281684142748927
0.19610128939080965,0.03660634258682881,0.20067450507770673,0.07274424144363352
0.19617362779359587,0.03657435324532048,0.20086323883361484,0.07268683526425261
0.19635223223683632,0.036550038874738296,0.2009101699678191,0.07267238274481848
0.19659579958443169,0.036546302480885424,0.2010140824719083,0.07263386289004552
0.19673848554254642,0.03649244495400439,0.20106871758961736,0.07260397690144488
0.19688226600635117,0.036446351058245265,0.20150521705337432,0.07257522588543067
0.1970415794024202,0.036445355418609056,0.20158182310752829,0.07255308209647006
0.19739456741774253,0.03643965071217058,0.20162603280072608,0.07252107073321168
0.19745650404096252,0.036429314623181684,0.20173422992006132,0.07251883741374855
0.19752408632697704,0.03641283582882856,0.20180437692021472,0.07249500153236897
0.197684757920629,0.03640744208410894,0.20189738306917085,0.07237924937035875
0.1977543179892816,0.036394688034939504,0.20201559809343025,0.07233476270507404
0.19784297279727114,0.03638100603633217,0.2021038478580322,0.07228363433117227
0.19790750932809412,0.036367530874449,0.20214254565417988,0.07227066268337275
0.19794852588338208,0.036359586367096186,0.2022206373006503,0.07220261470666829
0.19803848420019712,0.036350933868004455,0.20232881153531446,0.07217958526505792
0.19818494035265558,0.03634610019190039,0.2024127840665483,0.07214272438639341
0.19825966765516453,0.03628338877750099,0.20246537293448902,0.0721217350165569
0.19831778054631272,0.03623189833070799,0.2025348255114461,0.07207298377271434
0.19840643535430222,0.03621920653259041,0.20257710323806868,0.07200926491051646
0.19851942559748773,0.03619607547558151,0.20265183054057762,0.07198907844161166
0.1986934280981723,0.036192041462404685,0.2027864500174106,0.07195108561360748
0.1987924561605887,0.0361802708326093,0.20287244615159283,0.07169412152861626
0.1988486507148776,0.03616288645252193,0.20299995560577047,0.0715425031220437
0.19889416144070138,0.036126877362559956,0.2030761220601739,0.07151711312228339
0.19904861061243878,0.03612052962792722,0.20344880411034233,0.0715033532986126
0.19917854517067027,0.03611972769605366,0.20359770691786075,0.07146399933942106
0.1992379693135459,0.036095254230312464,0.20364656519790866,0.07141368090774523
0.19935667160970658,0.03607126758147869,0.20377528108369547,0.07125416303557572
0.19945433665805581,0.036039576385862235,0.2038853525969043,0.07120329441148039
0.199493078694503,0.036009404977887335,0.20393307618292555,0.0710252806546364
0.19955305265986473,0.03599138367174682,0.20405725328411103,0.07098988858389987
0.1996034420892042,0.035971273144548864,0.204240984284427,0.07097889052980069
0.19969644823816032,0.035927364463294593,0.20427611304665205,0.07091386802835369
0.19983189030593912,0.035889425394071035,0.2043170940432046,0.07088355535091115
0.1998579651630196,0.035869031377707895,0.20439747690056428,0.07078785561436314
0.19990489629722386,0.03583646892109541,0.20448473923493235,0.070682140383229
0.20001917737517058,0.03582246390089153,0.20462093626750014,0.07058326809745825
0.20012308987925978,0.035763413674833204,0.20466049508028386,0.07057224090353217
0.20017338534468349,0.03576021194939796,0.20472312319178781,0.07053853998041287
0.20035159594052615,0.03575276382830316,0.20484596289036985,0.07053266895312794
0.20040051301226244,0.035731546795281725,0.20491987314895982,0.0705085152813715
0.2005682558163715,0.035711072481671095,0.2050716529520863,0.07040447166636322
0.20065379503864295,0.03570427709345613,0.20515568119993396,0.07040260279332143
0.20114166567903155,0.035680933510352064,0.20520597666535767,0.07037245327716939
0.20120222633379561,0.03567913410404279,0.20528418687209318,0.07025243141716508
0.2012841068798977,0.03567582750171923,0.205392083865848,0.0702312493167054
0.2014177387990766,0.03558275787840586,0.20549510365539836,0.07019367540182102
0.20155889256305398,0.03557323370515361,0.2055879016506871,0.07018019213559638
0.20189611910520983,0.03557206300195128,0.20580955149762944,0.07017102241652126
0.201921261167722,0.03556628443810788,0.20584774253932459,0.07015873115951414
0.20212092808797694,0.03554913794867977,0.2059077878897395,0.07011545425787885
0.20217509785006213,0.03553716296781376,0.2060669836004956,0.07011385199404656
0.2022171708676105,0.03546170546432087,0.2061400013739031,0.07003421417645357
0.2023023187569098,0.03545962959646603,0.20616607623098357,0.07002416676965166
0.20238104527036682,0.035428408116263015,0.20627143203237164,0.07002358379215735
0.20243222991654203,0.03542195724339918,0.20640762906493945,0.06987796223666828
0.2024932793212819,0.03541863210866797,0.20650694761147312,0.06968922581839325
0.20265247503203798,0.035414269496318,0.20662426095930503,0.06962521676166902
0.20266823654661603,0.03540505045631827,0.20668432217778437,0.06960967756148628
0.20279858990112393,0.035382136472280626,0.20677436515259198,0.06955907450058461
0.2028343943621443,0.035355824154913694,0.20684381772954907,0.06952854008324698
0.20292197619846053,0.03534638435860489,0.206989047131121,0.0694500938098272
0.2030365813484939,0.03531409732251012,0.20704716002226922,0.0693436373324512
0.20312450799241352,0.0353073913981151,0.20719263813111646,0.0693020057923619
0.20324868509359897,0.03530308015163695,0.20727084833785198,0.06922253477746886
0.20337013093392653,0.035259075304669665,0.20734379494282063,0.06915990515027942
0.2034332020430535,0.035219118472699325,0.20745434302463245,0.06909760212299475
0.20349340079466835,0.035212883821981095,0.20752192531064698,0.06894667874190571
0.20360919378994846,0.03519217945335755,0.20761907231935972,0.06891390084897005
0.20369693922532936,0.035127477542820654,0.2077004940677318,0.0689062147002614
0.20379927755456687,0.03509346540804913,0.20784520186190117,0.06889395565411265
0.20391659090239878,0.035049028936533055,0.20789175625699555,0.06881923597632424
0.20409274833380261,0.03500641204958991,0.2079577954544441,0.06877278115926258
0.20414978032349265,0.03495057706755203,0.20800712948760564,0.06866437023453914
0.2043175231276017,0.03484916568063321,0.20810433024216615,0.06865738892850858
0.2044572832202076,0.034762196634202616,0.20828254083800882,0.06861854840650548
0.20451518039742214,0.03473475658532864,0.20843436314851987,0.0685815488806622
0.20463249374525405,0.034667766641999935,0.20854256026785511,0.06857054580427317
0.20469961308813414,0.03466526844762505,0.2086296273519765,0.06853550115750139
0.20480966688993274,0.03466186247407026,0.20866468259273602,0.06850472064954398
0.20493475767053018,0.03465293717716837,0.2086975454284903,0.06849414019596106
0.20499162822729927,0.034623189163908955,0.20880311690133863,0.06849145445728423
0.20507937366268017,0.03456754005820162,0.20893148869307526,0.06845360336367165
0.20513278501538312,0.03455728761577369,0.2090917119714338,0.06844861123907264
0.20522773941097097,0.0345520383949257,0.2092116669867213,0.06840642656360835
0.20526354387199133,0.034520930505388896,0.2093383797757201,0.06839413274224142
0.20538615254922427,0.03449380485243593,0.20941985782683897,0.06827926030790475
0.20547332619912093,0.03446406953332004,0.20949388876086963,0.06823167354500097
0.20555903843256373,0.03445262994636681,0.20959293291221215,0.06820137315182016
0.20559700308675835,0.03443389821621718,0.20974285409608798,0.06812467758188152
0.20574590589427677,0.03438628588236916,0.20983638218373926,0.06806919694641242
0.2058097935206525,0.034382483581095635,0.20993358293829978,0.06803725044604461
0.20604585953810442,0.034327878074090094,0.20999128514559212,0.06802471414470473
0.20620030870984182,0.034236952484455754,0.2100716680029518,0.06791231552470024
0.20632026372512935,0.03422247106141431,0.21011071699045572,0.06789355046596085
0.20636772095192782,0.03419227080379392,0.21015414015687664,0.06788893511961347
0.2064485572808524,0.034184786661395364,0.21029682611499134,0.06788582017182934
0.2065681950197982,0.03412321454145432,0.2104518936655392,0.06783256824618446
0.20662287166375617,0.03409935875297461,0.2104804139438272,0.06781457370667276
0.20668072563277495,0.03408974677231575,0.21052143049911515,0.06775069822137784
0.20683469023391968,0.034048162233818347,0.2106109336369344,0.06772781857488448
0.20692894110850768,0.03403826823219063,0.21075983644445284,0.06768237404082865
0.2071561782300535,0.03399912334362283,0.21084537566672426,0.0676646768407723
0.2073355723898236,0.03395627822236125,0.21099008346089362,0.06765841100506813
0.20741029969233254,0.0339419833062855,0.21136276551106206,0.06763056799973141
0.20747052583504683,0.03389549791677805,0.21143693930864063,0.06761983106250127
0.20757872295438207,0.0338944738682747,0.21161309674004447,0.06751826514377936
0.20763621159264775,0.03388926836487692,0.21169037309250022,0.06750922026025151
0.2076988397041517,0.03381001015964391,0.2117450497364582,0.06750215041732144
0.20782787185541315,0.03380396510049592,0.21218154920021512,0.06747315273496694
0.20792072790335303,0.03377057553319219,0.21226262445903699,0.06743692449221686
0.20796964497508932,0.03372739520147349,0.21242329605268895,0.06743264284713246
0.2080583172991114,0.033692312804071714,0.212480166609458,0.06737068852183481
0.20819485147708017,0.03367621871931894,0.21281870629340788,0.06732310332481868
0.20831723140104386,0.033651892134685744,0.21286900175883158,0.06727623576977074
0.20837179800914926,0.033625624034876005,0.21298788454148307,0.06721901326559905
0.2084557324247487,0.03359661352192781,0.2133264242254329,0.06721813327975144
0.20854959655349242,0.033550317767919155,0.21350502866867335,0.06713493028002393
0.2085985759252204,0.03354640835466312,0.21361230827749542,0.06707035297257924
0.2087043979741739,0.03352199595144015,0.2136408285557834,0.06703664983570591
0.20876975009632537,0.03346326061723527,0.21372213392702347,0.0669708374323081
0.20889506052389384,0.0334439289412624,0.21381544190049626,0.06689067629599674
0.20901744044785753,0.033435730560508976,0.21392587118419196,0.06687630227649836
0.20911023844314627,0.033427256834077115,0.21399557605742714,0.0668297171544086
0.2091608288099215,0.0334260909122321,0.21413046349048298,0.06682290788214275
0.20923743486407548,0.03340872845226736,0.21420624118580264,0.06674882308778839
0.20929631123168319,0.03339275266410208,0.21430112359746223,0.06672590623110293
0.20934705010672197,0.03338861838223841,0.21442314075606658,0.06667767837575167
0.209506363502791,0.033370216002350364,0.21445076708171593,0.06666804042899616
0.2096685138845198,0.03333070723815758,0.21447527287986645,0.06666227066404198
0.20976292398341165,0.03332800430020361,0.2145818623128328,0.06646637744670775
0.20982456178073744,0.03325607537564385,0.21467539040048408,0.06618356174394903
0.20991202853111318,0.03324270281769045,0.21477227922185735,0.06612368022377532
0.21013008697976107,0.03322235308234094,0.21490847625442513,0.0661015325341073
0.21017351014618196,0.033202822893626534,0.21495877171984884,0.06609407898758941
0.2102986009267794,0.03319144517486347,0.2150353777740028,0.06604141356888539
0.2103413999337593,0.03318629421173017,0.2150718291687044,0.06603701288253822
0.21043581003265116,0.03316293463701616,0.21508213169960133,0.06589839544612361
0.21053485418399367,0.033136872208757766,0.21513998566862014,0.06588856946082255
0.21065121531204514,0.03313242645459357,0.2152163160363914,0.06579857775131044
0.21081866399631338,0.033129009430173786,0.21538810786425894,0.06577941317786713
0.21089496403807287,0.03312802304952754,0.21551714001552036,0.06576572840353245
0.21103261994718484,0.033095603871557154,0.21557934624293135,0.06570827524212688
0.21114128340752694,0.03309320960669819,0.21562531292501427,0.06557491697972254
0.21122921005144654,0.03308240348596548,0.21752161933836864,0.06551650813965466
0.21136771487652123,0.032956412688223274,0.21760470833781398,0.0654168604166613
0.21146713889301633,0.03294792425645237,0.21773470466087227,0.06540172743191257
0.21153615032419087,0.03293201905277805,0.21787739061898698,0.06534728859596296
0.21162025109962637,0.03290940015046172,0.21791483498670192,0.06531596279956825
0.21166797468564763,0.03290895799845231,0.2179603457125257,0.06531557057574179
0.2117188648042373,0.03289892170635578,0.21809028027075722,0.06529539921702053
0.2117914880081991,0.03283760365009455,0.21816040001147874,0.06520230258959439
0.21186827361442898,0.03283340484289301,0.21818892028976672,0.06516831432476344
0.21201518312802148,0.03281725175255184,0.2182891248910092,0.0650948895842153
0.21206318725938306,0.03277861019375666,0.21837221389045455,0.06497392491530693
0.21219069671356072,0.03276492376683737,0.21842295276549334,0.06476115289189957
0.2122432855815014,0.032748325993415775,0.2185004671304208,0.06475516076692377
0.21234740066674715,0.032745517207313876,0.2186567482820887,0.06473274800607812
0.21245014708046808,0.03274469237647708,0.21873092207966727,0.06472033553313328
0.21253855122740564,0.032740959085981555,0.21895257192660963,0.06471647252578333
0.21264974769973652,0.03270379598821758,0.21902473338518708,0.06470527861623221
0.21288581371718845,0.03267085366344457,0.21914431234943388,0.0646431925334217
0.21300469649983994,0.03265082527589784,0.2192062489726539,0.0646131027428393
0.21306489525145478,0.03263839938569546,0.2192607918763515,0.06447625785855995
0.2131639394027973,0.032630852524149795,0.2193570763861063,0.06432088952742183
0.2132539823776049,0.03258795576531283,0.21943466874070158,0.06430978586967745
0.21338069516660368,0.032553183548571,0.21955064096525972,0.06429388438010232
0.21344171406694348,0.03253990125273936,0.21960375142361363,0.06428970740927271
0.21350261459390116,0.03253533918218188,0.21973212321535027,0.06427868114117562
0.21357880541105018,0.03253341835542688,0.21982225498506014,0.06427034859522211
0.2136294215421934,0.03243956055096003,0.21990985023447795,0.06424690788265439
0.2137376859309088,0.03243832392420601,0.21998402403205652,0.06424466999067441
0.21378281580194966,0.03243171635594419,0.2200559487353751,0.06421796299856329
0.2138658926709903,0.03242390271869978,0.22010528276853664,0.06415303142573978
0.21401771498150138,0.03241385002597907,0.22017790597249845,0.06413300127578403
0.2141454873630506,0.03236116103065707,0.22026690930026702,0.06410754795159437
0.2142391011535402,0.032358588867653,0.22033913564971394,0.06407273088927466
0.21426517601062067,0.03235820298977762,0.22043317394490566,0.06396242210030947
0.21434201101342154,0.03233500330669238,0.2205214237095076,0.06392647256095328
0.2144833874569711,0.03231108745216499,0.22064979550124425,0.06390296848173707
0.21453392766690135,0.03229701296991111,0.2207102852424099,0.06387604437521839
0.21463626599613886,0.03229330109738319,0.2207931174391488,0.06381336750503432
0.2146932979858289,0.03228289019157123,0.2208869815678925,0.06375723360593925
0.21482107036737813,0.03227043901230047,0.2209304895027368,0.06371040002638462
0.2149100736951467,0.032252455225371984,0.22107273582712222,0.06360364752132602
0.21495825445216651,0.032241044468377354,0.2211220874867472,0.06346716158952834
0.21499569881988145,0.03223726790363414,0.22118812668419577,0.06337162565005709
0.21506362765915632,0.03222351750852596,0.22128957102469227,0.0633088358312384
0.21513374739987784,0.03219704490868349,0.22136938463647735,0.06329098915660146
0.21518633626781855,0.03218780511356931,0.22142422673134043,0.0632713112742875
0.21527951854549407,0.03215928144238636,0.22146296876778765,0.06320351677753397
0.21536481830270332,0.032133220513951496,0.22152275548064498,0.06314421000301479
0.21543658615173406,0.03210587218141266,0.22166996757478077,0.06313004452162507
0.21549023313839802,0.03209564361988156,0.22171744193110382,0.06298254763933532
0.21559414564248722,0.032059168417929614,0.221920359409066,0.0629736672535241
0.2156707516966412,0.03204786294918356,0.22200433194029984,0.0629089680868291
0.2157894539928019,0.0320057182660921,0.22216470066458938,0.06289870709840968
0.21585399052362486,0.03200129119283798,0.22219322094287738,0.06274288238723329
0.2159118877008394,0.03195515418503363,0.22233087685198932,0.06265286060118992
0.21599906135073607,0.03194638375712258,0.2224824942538012,0.06254726330722948
0.21604907021411177,0.0319396784557602,0.22253712937151027,0.06253524774978252
0.21626155914203982,0.031890529446009286,0.22262487480689114,0.06252004788252916
0.21629031652599232,0.031862942179432786,0.22267132426294167,0.06250320120117063
0.21641611796312177,0.03186040347298977,0.22280961982154573,0.062387800584241676
0.2164658199051721,0.031807306136378825,0.22329749046193434,0.06226818867298045
0.21655980759754812,0.0317269300775219,0.22338320269537718,0.06226605860674716
0.21664383584539576,0.031721128144567415,0.22343092628139843,0.062264547259698114
0.21674191463568607,0.031712109868916975,0.22350613264145194,0.06211514331515285
0.21678289563223863,0.03170187723068486,0.22360010363328478,0.06204552708034311
0.21698810764251036,0.03168650311781647,0.22361993539027303,0.0619423150301714
0.2170920201465996,0.031680126175210536,0.22375245165200575,0.06184158827323754
0.21711681444323566,0.03167088500448875,0.2238802893406638,0.06179296901778922
0.21721012241670845,0.03163605317002691,0.2240387725515421,0.06178566777162823
0.2173201939299173,0.0316291817276973,0.2241368513418324,0.0617544952210668
0.21736765115671577,0.03155233738293834,0.22419169343669548,0.06169502741256748
0.21751288055828774,0.03151835029147599,0.22431920289087312,0.06164976441927586
0.2176129708890791,0.031499946524687954,0.224437796743934,0.061528361829474715
0.21775570914045111,0.03149469664986002,0.22451888928093733,0.061461114650714646
0.2178231679562748,0.031491770068745546,0.224618207827471,0.06144681837124103
0.21794227751293482,0.03148864828667019,0.22464769902658005,0.06144618477537718
0.21802036915940523,0.03148450879919949,0.22502038107674846,0.061412339569521815
0.21809145832588392,0.03146897601497399,0.22518105267040045,0.06137990558451523
0.21815034896030866,0.031465905391695796,0.2252632551139508,0.061375673010288005
0.21823583458963658,0.03145922757685413,0.22532028710364083,0.06134675657443996
0.2183298055814694,0.03145606112262625,0.22538984717229346,0.06127961763866728
0.21845980190452768,0.031425254343532535,0.22553122361584302,0.061247933485708596
0.2185320282539746,0.031411209392077255,0.22572032350949894,0.061223456386758704
0.21861774048741742,0.031351945693885434,0.22587024469337477,0.061106779521989854
0.2188042566048699,0.03134134047716599,0.22596278345647827,0.06106740774728554
0.21884170097258485,0.031331082178760516,0.22601746010043622,0.06099668317205016
0.2189005916070096,0.03132303278119337,0.2260793967236562,0.060990847024694594
0.21909511667976292,0.03131492945347311,0.22624684540792445,0.06097674450544044
0.21915900430613863,0.03131401836930062,0.2263015220518824,0.06096748254523427
0.21925804845748115,0.03128983240009148,0.22646154295295673,0.060917804476646416
0.21934202098871503,0.03128780325100327,0.22654725518639954,0.060884458564639185
0.21945316866759726,0.031276333424831965,0.22659187685889207,0.060879633774735986
0.21958365858259962,0.031252423635401635,0.22680117963578553,0.06081556983364096
0.2196358355052243,0.031185402858561268,0.22687734609018895,0.06067681408517708
0.2198885173908748,0.03116798560229536,0.22693151585227414,0.06066738103134282
0.21999126380459574,0.031112662858172,0.22696729879626712,0.060644469324659694
0.22008053038253378,0.031059541598608048,0.2271727644577186,0.06064247418040447
0.22036223798212556,0.031040977251058414,0.22726577060667474,0.060585088777888124
0.22047859911017703,0.030972098945127334,0.2273698856919205,0.06051737308373202
0.22055605952538437,0.0309666389766662,0.22750641986988926,0.060434470804681124
0.220683568979562,0.0309201381408192,0.22760130228154885,0.0604160608068351
0.22085101766383022,0.0309081715500585,0.22766220280850652,0.060402259389039585
0.22093819131372688,0.030840879851951865,0.2278715055854,0.060394762599877964
0.22101844760033712,0.030800447483445695,0.2279398977670593,0.0603140009535834
0.22112236010442632,0.0307987026721825,0.22813833822524693,0.06027326274286258
0.2211837330460879,0.03072707443143638,0.22827033235290684,0.06018939735036626
0.22130481690256676,0.03072504618941101,0.22831629903498976,0.06009977037865935
0.22135610057548769,0.030717008682130505,0.22835011589564427,0.060035989162815516
0.22157775042243005,0.030692847578653388,0.22850456506738165,0.06002567676355547
0.2217061222141667,0.030671870748377236,0.22862367462404168,0.059922661647906904
0.22176805883738668,0.03063049944493866,0.2287255619621612,0.0598794034786069
0.22192807973846101,0.030618670297876016,0.22877991150992602,0.05987678820192779
0.22197404642054394,0.030606213322692977,0.22886562374336883,0.05982626682133306
0.22202512828532434,0.030583963617260238,0.22900024322020182,0.05979878368778894
0.22214401106797582,0.030546425678808203,0.22908782505651806,0.059779803328804657
0.22217913983020088,0.030521391009088752,0.22914405134268848,0.0596881195540114
0.22225592543643075,0.030517972547633294,0.22926219351656216,0.05961941234017202
0.22239745740909786,0.030515406479692996,0.22929126543095066,0.05954400086756549
0.22249677595563153,0.03046797290798411,0.22945871411521887,0.05953530285181673
0.22263331013360027,0.030461380370635564,0.22962086449694766,0.05952273845032035
0.22267432668888823,0.03041550755563385,0.2297295279572898,0.059501583305361726
0.22272088108398258,0.030378380565737884,0.2297922272287379,0.05937363881296509
0.2227809264343975,0.030346327248039068,0.2298961397328271,0.059292543295549484
0.22283878469747762,0.030335296755501857,0.22994349614050213,0.05926752951679794
0.22295350615668558,0.030310299501389294,0.23003315473948147,0.05925932538908372
0.2231519466148732,0.030293905271668226,0.23018116776312605,0.05920623922348118
0.2232317602266583,0.030260083703048814,0.2302106589622351,0.05913615128079011
0.22332528831430956,0.03025925345281993,0.2303145714663243,0.05905462203744408
0.2234139382038787,0.030259239116421,0.23046347427384273,0.05903434561076758
0.2234747277265902,0.030244826207086774,0.23065220802975087,0.05900725663567751
0.22363321093746846,0.030240913570883467,0.23074088035377296,0.058976277907938586
0.22375452657981773,0.030223132059913334,0.23083822672415807,0.05896178759836522
0.2238823642684758,0.03021024506287011,0.23095791968702617,0.05880525121008551
0.22398568512651618,0.030196103846533363,0.23101479024379526,0.058779093772353484
0.22416389572235884,0.03019223015537047,0.2310653304537255,0.05874154610814417
0.2243123199055614,0.030177948031020158,0.23119896237290438,0.05870078599307908
0.2243776720277129,0.030168755381122365,0.23128084291900647,0.05869079864246028
0.22445170296174355,0.03014986190757557,0.2313389681529264,0.05855261415582863
0.22452929531633883,0.030146968067522234,0.2314374586464343,0.05849098765268391
0.22461117586244092,0.03014500388363271,0.23151039352024824,0.05847815190851321
0.2247335557864046,0.03013536630218992,0.23152821659944298,0.058113779956089316
0.22507524896783462,0.03013476916195909,0.2315921042258187,0.05810338166397189
0.22515165300148102,0.030102580271171322,0.2317390137394112,0.058053089378045264
0.22519445200846092,0.030101568505208027,0.2317893092048349,0.05800494787775088
0.22526657973465944,0.030074037440137216,0.23186743010698727,0.05795840904043857
0.22533559116583401,0.030072431174607395,0.23190909557946449,0.05793819986463877
0.2255171134301202,0.030043773966442696,0.23194992122953517,0.05792007016550104
0.2255978823027816,0.03003265870074665,0.23201136585781115,0.05790902087780664
0.22572625409451824,0.0300205486686574,0.23206137472118687,0.057894914290755384
0.2258146582414558,0.030001202859088087,0.2321696391099023,0.05784247982017445
0.22601757571941794,0.02996922003593625,0.2322983549956891,0.05783721809366801
0.2261466078706794,0.02995949647719232,0.23235667437979451,0.0577867731901622
0.2262025739053028,0.02994490099226666,0.2324263792530297,0.05776545537779687
0.22626069913922273,0.029937872563427875,0.23250946825247504,0.05774053491232474
0.22639341515338315,0.029895226377127288,0.23266574940414295,0.05767324751090891
0.22648969966313798,0.029830579587225375,0.23272395299724935,0.057667532292516935
0.226537056070813,0.029817137031065075,0.23277036374303778,0.05764184860797023
0.22659714512636253,0.02978488217887893,0.23285287405082308,0.05756210616454391
0.2267522126769104,0.029777174446986982,0.23293595091986374,0.05752779873741403
0.22679572061175468,0.02977352399879868,0.23299732386152533,0.05744971266075336
0.2268362081522781,0.029768607748152404,0.23312241464212277,0.0573290188307357
0.226919040349017,0.029694929088016353,0.23334490201366043,0.05725757207605285
0.22700011406180687,0.029663450161416378,0.2334553312973561,0.05722478649936361
0.2273386537457567,0.029627774178841212,0.23350226243156036,0.05719289020417578
0.22744054108387624,0.029613197727583907,0.23354231475558868,0.05719116542497453
0.2275819175274258,0.02961300664482901,0.23358782548141246,0.05718404822661567
0.22763280764601546,0.02961018526526163,0.23370652777757314,0.05717498468006617
0.22766786288677499,0.029606388338525597,0.23374658010160146,0.057161006729206015
0.22772930751505097,0.029599914056649537,0.2338576030530801,0.05715267751637633
0.2278118178228363,0.029591315886802173,0.23394170382851556,0.0570589815696049
0.22796621560175262,0.02958918211570305,0.23408146392112145,0.05698933076390646
0.22810274977972136,0.029543636938379605,0.23419189320481712,0.056863753717828806
0.2282969030232905,0.029536481201363575,0.23423935043161562,0.05682593368526874
0.22833434739100544,0.02953642303840777,0.2343156504733751,0.05680717954041294
0.22848951344587615,0.029515235189033182,0.23435520928615886,0.0567947109997138
0.22858355174106787,0.02950217749118461,0.23441518325152055,0.05673902501330718
0.22873804751462617,0.02947910827666149,0.2348516827152775,0.05672201811427969
0.22879625110773255,0.029475672232160105,0.23497677349587495,0.05662974855951093
0.22911487273510447,0.029456548089767023,0.23505784720866482,0.056534945001251974
0.22932736166303253,0.02943686410176978,0.2351230393504858,0.05652409811498664
0.22944974158699624,0.02943469000824622,0.23530677035080177,0.05649184344661726
0.22954372927937222,0.0294283055503996,0.23538753922346317,0.056459438547431226
0.2296990585680363,0.029373944672192474,0.23546735283524828,0.05644826877495295
0.22978048031640838,0.02936125058129924,0.23557602800126104,0.05640856643820003
0.22984370087670852,0.02935848418402951,0.23561882700824097,0.056272137729097726
0.22989953891347606,0.029278653066935643,0.23567502156252984,0.05626118131632102
0.2299739009871681,0.0292771791287254,0.2358202509641018,0.05621024384141379
0.23005497624598994,0.02926989739918407,0.23600898472000992,0.05608289835506109
0.23016796648917542,0.029260128238342824,0.23613119166678095,0.05605522112434866
0.23022927864289858,0.029237668651582324,0.23623064989135711,0.05601842855134139
0.23034923365818608,0.029213342319225566,0.23635266704996144,0.05597219462838549
0.2306098341327191,0.029210040717545873,0.23648684733478859,0.05596793238167715
0.2311197223071262,0.029147201503408507,0.23653723676412808,0.055826642922906976
0.23115928111990994,0.02912478896502157,0.23661550585599345,0.055822082762065295
0.23120390279240247,0.02902383011789781,0.2367302273152014,0.055792443052066154
0.23129269363421623,0.029022896101190142,0.23684449701027538,0.05576828531123849
0.2314095030775611,0.029016346085667232,0.23696581265262465,0.05575713246416254
0.23149676040856199,0.02901240235757768,0.23713600396363416,0.055749669215825845
0.23185417524009314,0.029003736164613606,0.23727637671813007,0.0557224979043694
0.23190755816109823,0.028947428841555347,0.23739620077941267,0.055698805605548365
0.23214942910387457,0.02892922127807185,0.2374924852891675,0.055692932137706465
0.23216926086086281,0.02892502784713744,0.23758502405227097,0.05568574446728639
0.23229070670119037,0.028905370725642077,0.237668660499939,0.05567424529095564
0.23239482178643614,0.02888222032419428,0.23780137651409947,0.05565461498671821
0.2325052510701318,0.028874079482691193,0.2379065929517483,0.055650464920395395
0.2326249440329999,0.028854251547352446,0.23806815645294438,0.055549517891864
0.23278531275728942,0.02883773085448405,0.23816723002986248,0.055525335709920666
0.23284794086879337,0.028823533063643356,0.2382754944185779,0.055474298704025704
0.23305724364568686,0.02882021254946627,0.23847841189654007,0.055437940290413004
0.233148351726093,0.028802186087724196,0.23859420489182018,0.05542160854030709
0.23329382983494024,0.028763480931818654,0.23860996640639823,0.05540101794899655
0.23341666953352228,0.028743400031734718,0.23877211678812701,0.05539458058711669
0.23357881991525106,0.028732447215183504,0.23882914877781705,0.0553722349959874
0.23360644624090043,0.028713420924371607,0.238873816971431,0.0553625166277123
0.2337144480505262,0.02870877213478728,0.238992926528091,0.05535428726567637
0.23408713010069465,0.02869376716240021,0.23908679065683472,0.0553530149133998
0.23414857472897063,0.02868403197728225,0.23921786939765174,0.05533117200454405
0.23463644536935924,0.028679856820703436,0.23937319868631582,0.05530378340354421
0.23469641933472096,0.02867425396254469,0.23943540491372678,0.055269000884651934
0.23479490982822884,0.028672706869011445,0.2395946006244829,0.05523987910772595
0.23488216715922972,0.02864486008877872,0.23962841748513738,0.05519165546305169
0.23498162538380585,0.028562239535708377,0.2396903541083574,0.05501119844291573
0.2350655597994053,0.028531444704105485,0.23977799977370795,0.05484887079628309
0.2351037508411004,0.028517342418538785,0.23993836849799746,0.0547647138422956
0.23519290931572587,0.028486469167230393,0.23996084398664885,0.05467275376369796
0.23538318514508555,0.028451690297687113,0.2400187411638634,0.05464249097124681
0.23543319400846124,0.02844759400996625,0.24011594191842392,0.054598970438394526
0.23556096639001048,0.028425001433208412,0.2402459382414822,0.05454687090746662
0.2356665378628588,0.028413659579974392,0.24033598121628982,0.05454364486978266
0.2358079409542232,0.028403749235724637,0.240387165862465,0.05447381262300309
0.23590528732460833,0.02837528695669388,0.24043683021979853,0.05446662668229998
0.23598778784652094,0.028364556556832125,0.24054047167560094,0.054456195665734945
0.23605085895564792,0.02832542778512025,0.2406226741191513,0.054446654760518
0.2361676683989928,0.02832351341030493,0.24069529732311312,0.05439526635097097
0.23627520001102648,0.028283775663329576,0.24081132322556156,0.05432611787466391
0.2363720888323997,0.02819950757646641,0.24088941487203197,0.05429144175839367
0.23642831511857013,0.028170510921877098,0.24103632438562447,0.054285239640648596
0.23655703100435693,0.028165560048199742,0.24115268551367594,0.0542797850028232
0.23666757908616878,0.028162510684307196,0.2412124228936724,0.05426566211411274
0.23674934589698468,0.028142565382121888,0.24134235745190388,0.05425105952294076
0.2368820619111451,0.028140194479280897,0.24139154511746153,0.05420953442675652
0.23697603290297792,0.028092789829797113,0.24146627241997046,0.05418663052403858
0.2370966298018587,0.028036613839048184,0.2415537391703462,0.05414509156520705
0.23723638989446458,0.028023103297224603,0.24165093992490672,0.05414456498797159
0.2373767626489605,0.02801625030758775,0.24213881056529532,0.05410371358913881
0.23743346066601298,0.027988735350359593,0.242257512861456,0.05403749976030625
0.2375165375350536,0.02795948428993348,0.24234996231997635,0.05403464140480749
0.23759526404851064,0.027952518221984572,0.24239597431268864,0.05392359399562941
0.23765530939892557,0.027948387276522893,0.24267768191228042,0.05390667801657762
0.23777596119043606,0.027941888062045894,0.2428398322940092,0.05388118946068877
0.23784999212446672,0.027926681494037608,0.24286590715108966,0.053804732658933214
0.23794719287902724,0.02792070819351415,0.24304963815140562,0.0538039249899207
0.238041444586094,0.027911866687872947,0.24314683890596614,0.05373871583203836
0.2380743074218483,0.02790242853173729,0.24324692923675753,0.053672177662270615
0.2381938863860951,0.027872630496070586,0.24329598336167982,0.053577466927488236
0.2383145381776056,0.027791901815933336,0.24335052626537743,0.053550416027948446
0.2383988666189911,0.027777764038595085,0.2434271323195314,0.05348926871237076
0.23845343322709653,0.027765756273842913,0.24346941004615397,0.05345366007139199
0.23852101551311103,0.02776011684927184,0.24359081391426185,0.05339634549123811
0.23859314323930955,0.027736780172218808,0.2437235299284223,0.05338745808208245
0.23882651211054315,0.02769938356763574,0.24386329002102816,0.05336489321961193
0.2389161707095225,0.027695777879391984,0.24390111974145973,0.05328936788833947
0.2389646266474915,0.027636982903683206,0.24394391874843963,0.053283065796904935
0.23904826309515953,0.02762271101030303,0.24401864605094856,0.05326740654499009
0.23918446012772732,0.027612962338117723,0.24407358132396942,0.05326261552123367
0.23924468627044157,0.0276128770279038,0.2441921751770303,0.053250901227342745
0.2394392113431949,0.027593075737402842,0.24454207700672606,0.05318235523078533
0.2395331823350277,0.027581494938947234,0.24463525928440158,0.05308362831981712
0.23978112493611722,0.02756548871879682,0.24475763920836527,0.05307800370907189
0.2398333018587419,0.027543687839466903,0.24486883568069615,0.052933066218367776
0.23993741694398765,0.02752469782417427,0.24496512019045097,0.052904188912274525
0.24006741326704595,0.027518190657179056,0.24500092465147136,0.05284896603815039
0.24021919307017245,0.0274895787148192,0.24508174851020395,0.05283721184413748
0.24036809587769087,0.027471378326494593,0.24518964885935784,0.05283164027960465
0.24040679367383855,0.02745055981226774,0.2453154502964873,0.05274715371671303
0.24047895513241602,0.027437666598584272,0.2454500697733203,0.05270480610414889
0.24050346093056651,0.02743197731454607,0.24552916733445085,0.05265345038496292
0.24056761708230873,0.027431879360526715,0.2456437724844842,0.05253737612815865
0.24072918058350481,0.027426848373554746,0.24574013052419924,0.05251145152157835
0.24080036651714404,0.0274259970971489,0.24583747689458438,0.052369224791647635
0.2426966729304984,0.02740520787713278,0.24586388885459237,0.05236447002447203
0.2427412946029909,0.02740343024935855,0.24597357205893555,0.052350097048042686
0.24278822573719516,0.027396571254896737,0.24607768714418132,0.05231121459001971
0.24290636791106884,0.027371643395857376,0.246177005690715,0.052224058319690604
0.2430318045101367,0.02735818899780964,0.24628520281005023,0.052220405953989586
0.24306466734589102,0.027341139996189565,0.24644266823919878,0.052210909590078666
0.24313987370594453,0.027318408825099134,0.24648272056322712,0.05217733996966357
0.24317369056659904,0.027284323715871233,0.24656909563664164,0.05217310937439933
0.243250296620753,0.02725960600593483,0.24668129801513797,0.0520854698054875
0.24334454832781977,0.027252762881907283,0.24702299119656795,0.05206155175251006
0.24344359247916228,0.027163646695735417,0.2470604355642829,0.052060341480314
0.24349978703345118,0.02712465827841307,0.24711755586892573,0.05202099715694581
0.24360443256056794,0.02707379270218251,0.24723216101895912,0.052017801336208466
0.2437651041542199,0.027035308546867892,0.24735003677414724,0.052009528642887694
0.24383927795179847,0.027034311743293474,0.24739596731985647,0.05194733816162793
0.24395608739514338,0.027012226114019322,0.24743393197405109,0.05191887442094975
0.24403336374759912,0.02697058407419026,0.24750369599999858,0.051794264200417515
0.24412252222222458,0.026949261974344475,0.24759296257793661,0.05175634395859488
0.24423295150592025,0.02692281417350701,0.24765316132955145,0.0517210965128237
0.24436494563358016,0.026878566893277923,0.2477077964472605,0.05170118148291994
0.2445251689119387,0.026867505637274965,0.2477605871360838,0.05169313925744132
0.2445809020521358,0.02683180674012476,0.2478925812637437,0.05161743172945377
0.24465282675545438,0.026822670166973844,0.24796376719738292,0.05160442702672368
0.24473365061418698,0.026822570763717433,0.24813092578828919,0.05160354066920863
0.24484093022300904,0.02680075548805117,0.24818146599821944,0.05156524964709457
0.2449240192224544,0.026800275463941176,0.24830919611023516,0.05155366228181685
0.24495351042156344,0.02679942188342945,0.24842915112552266,0.05143936616781182
0.24505085679194857,0.026762522402025875,0.24854884408839076,0.05138478408187139
0.2451045037786125,0.02675601701337941,0.2489215261385592,0.051366442505847
0.2451767757954654,0.02672475228475649,0.24908219773221116,0.051346815730923305
0.24532839319727728,0.026719619176540213,0.24928766339366265,0.05130834377779262
0.24541147006631794,0.026714090264080458,0.24960628502103457,0.051301770846571774
0.24556507197855543,0.026701107541428248,0.24996369985256572,0.051295234380545125
0.245684896039838,0.026700074940259683,0.25000471640785366,0.0511942572659676
0.2457590698374166,0.02669964411675411,0.25010345380776444,0.05113939334360041
0.24589395727047242,0.0266829023557472,0.25024460757174183,0.051126824436356064
0.2460936241907274,0.026668985633741545,0.2503674472703239,0.05105246479405358
0.24629329111098236,0.02666575581814979,0.25039620465427637,0.05104763330692307
0.24635348986259717,0.026660923607489125,0.2506014166645481,0.05102328851518725
0.2464763295611792,0.02660539909388711,0.25074519712835286,0.050866809917163816
0.2466016929360954,0.02660476894293881,0.25084462114484796,0.05083579626543471
0.24666300508981856,0.02660113283625861,0.2509771374065807,0.050833799963421675
0.24676691760240244,0.026586391379589548,0.2510812524918264,0.05079667083366123
0.24681288428448536,0.026540316666456423,0.25118029664316893,0.05077672798972015
0.24693019763231727,0.026536389487386784,0.2512212776397215,0.050765838561290855
0.2470427475537043,0.026509528987772014,0.25127619168028675,0.05075386538771465
0.24712147406716134,0.026501696111311715,0.2513258560376203,0.05070552352101715
0.24725140862539283,0.026490215717909327,0.2513912081597718,0.05065616749041799
0.2473416118098873,0.026489962036896762,0.2514742850288124,0.05061547350756752
0.2474752437290662,0.026470246343875393,0.2515270757176357,0.050590685142895955
0.24751626028435417,0.026470197690396668,0.2516810403187804,0.0505082254109459
0.2476037270347299,0.02643579205566384,0.25217771855041476,0.050370282554473414
0.24762980189181036,0.026433767915950857,0.25233211632933106,0.05034746696181804
0.24767260089879026,0.026433724487136295,0.2525414191062246,0.05025785780385446
0.2477334042720794,0.026382967744144704,0.2527692852928898,0.050255205176586756
0.2478761425234514,0.0263684709546935,0.2528167425196883,0.050226846831957585
0.24791619484747973,0.02635266578515099,0.25293228651037925,0.05021999663547518
0.24802767811723628,0.026349402341946885,0.2530291753317525,0.05016093663616235
0.2481659736758403,0.026348330567349205,0.25307971554168274,0.05013410589008945
0.2482435660304356,0.026328057338006784,0.25319940850455086,0.05010169700585668
0.248321657676906,0.026317058141830225,0.25349916004717143,0.05008183045456715
0.24839784849405502,0.026297182263438093,0.2536557669358835,0.050061163136809333
0.24847445454820902,0.026275022211704392,0.25386506971277695,0.0500157729824664
0.24859409228715482,0.026249212453132918,0.25393897997136694,0.04989481815838193
0.2486728978945882,0.026244329406881546,0.2540817182227389,0.04989180520937887
0.2488062827714493,0.026230897259053917,0.2541286493569432,0.04985300246354511
0.24886488293025144,0.026215225912440052,0.254236546350698,0.04983655597459233
0.24896612745036278,0.026206874121874172,0.2542959704935736,0.04981247946198644
0.24904273350451675,0.026204825337819974,0.25434488756530993,0.04980073195537868
0.24909302896994048,0.026186970682557008,0.2544622009131418,0.049771768056666485
0.2491787412033833,0.026177178514900763,0.2545513593877673,0.0497612690874633
0.24926799198970903,0.026175105127653597,0.25463529380336675,0.04973077585092114
0.24959257851424116,0.026131616832670027,0.25478969158228304,0.04970193100561187
0.24973948802783366,0.026119367010461803,0.2548780957292206,0.049657301165784616
0.24984738837698753,0.026118673608661172,0.2549843720057656,0.04961467309717467
0.24998133098063555,0.02605398320407714,0.2550607023735369,0.049611722279659855
0.25006184463909586,0.02604302748973801,0.2551002611863206,0.04959424611187425
0.25015904539365635,0.026027556133719564,0.25530317866428276,0.04954914059234397
0.250239428251016,0.026024393440443584,0.25542826944488023,0.049487575994652803
0.25028637008851856,0.026010995387182736,0.2555446305729317,0.049457974953817846
0.25037000653618663,0.026009309045535,0.25569912634649,0.049423218254560426
0.2504577519715675,0.025969580530718187,0.25579400875814956,0.04935488740939882
0.25055464079294076,0.025961592983324667,0.2558735872796333,0.04929533602681248
0.25061295873719774,0.025960363519957116,0.2559903967229782,0.04929032700322074
0.25067609536580054,0.0259326834048514,0.2560634144963857,0.04927103594228783
0.250824998173319,0.025913168326802682,0.2561222908639934,0.04921536909242162
0.2509967900011865,0.025863507861463568,0.2561781912984415,0.049161784593456215
0.2511511877801028,0.025854648256593258,0.25620298559507754,0.049134840860385914
0.2512512781108942,0.025825481045221012,0.2562440021503655,0.04894344034168829
0.2513763688914917,0.025825292308757557,0.25631158443638,0.04888748228178351
0.25143071843925646,0.025809012186055778,0.2564283938797249,0.04883221616408323
0.25148535355696555,0.02577853744143991,0.2565223648715577,0.04882547613779303
0.25153458428630937,0.02577516308599223,0.25663708633076565,0.04881869619340941
0.2517047755973189,0.02575949768502487,0.25676743968527355,0.048808191347763014
0.25178236795191417,0.025739799155464118,0.2568447160377293,0.048720405396534945
0.25196773861257893,0.0257002656052373,0.25692580857473263,0.048701382993660884
0.25201551086462864,0.025691043921448834,0.25696833288920756,0.04869621469343805
0.2521302323238366,0.02566721720470976,0.25745620352959614,0.04865360982714346
0.2523721032666129,0.025613369735036615,0.25753280958375013,0.0486474393196576
0.2524509088740463,0.025595577237826763,0.2576475310429581,0.048640848772985634
0.2525591732627618,0.02554519218755706,0.2577671687819039,0.048621829784123986
0.2526474230273637,0.02554318154900274,0.2578174642473276,0.0486025247673457
0.25274674157389737,0.025533271445460727,0.25794277467489607,0.04856859816006266
0.2528009113359826,0.025513900173526102,0.25803990202691657,0.04856522224093934
0.25287724170375386,0.025484157146809374,0.25827596804436853,0.048561860888388
0.25299711598559155,0.025479604720183697,0.25847563496462345,0.048508115921426155
0.25309199839725116,0.025469553538912237,0.2585853181689667,0.04847739732887659
0.25324827954891904,0.02545985165168626,0.2586582530427806,0.04845232603033499
0.25334072900743937,0.02538511804701788,0.258736522134646,0.048449102848079975
0.2533975995642085,0.025363065954698925,0.2588187245781963,0.04840009034908794
0.2534885879715463,0.025334095138957163,0.25887892332981116,0.048368881589752624
0.25358547679291954,0.025307962256416874,0.2589632517711967,0.04832337970221536
0.2537203642259754,0.025281754897344026,0.25902616214396657,0.048290118863596146
0.25381389231362667,0.025279075796146258,0.25923865107189464,0.04825679657475575
0.2539741155919852,0.025225167928869696,0.2593326387642706,0.048225856470754024
0.254018325285183,0.025205842424215148,0.2594618228768835,0.04821707293710488
0.25415808537778883,0.025163582156058545,0.25955335197917245,0.048175476041149974
0.2542639074267423,0.025161612991098047,0.2596961576953023,0.04815678998418451
0.2543711870355644,0.025136001724801016,0.25976732188680507,0.048118912728346626
0.2544189106215856,0.02513286682717134,0.25989931601446503,0.048091254372579356
0.2545007911676877,0.02511746207618422,0.2601428833620604,0.04801219760708646
0.2546204841305558,0.025113383924130803,0.26018389991734836,0.04800307529245028
0.254730167334899,0.02510541058676025,0.2602750079977545,0.047936627823510186
0.25487662348735746,0.02509582516521545,0.260393890780406,0.04785148976074773
0.2549368222389723,0.025089386431549236,0.2605393688892532,0.04784840789770284
0.2550317766345601,0.0250855609503083,0.2606004182939931,0.0477573617253356
0.25516049252034695,0.02507806879624793,0.2607358603617719,0.0476413408659881
0.2552207186630612,0.025037736350093338,0.2607634866874213,0.0476189254635817
0.2553548989478883,0.024986689626224332,0.2608911208774972,0.047528050185120685
0.25549758490600305,0.0249774607551635,0.2609418753020499,0.047521143676632106
0.25559471225802355,0.024973072414787637,0.26108340727471696,0.04752027322439279
0.25561950655465965,0.024954018754608696,0.2613252782174933,0.047492988856210575
0.2556684236263959,0.024953546276803205,0.26138030786217464,0.04744903261117252
0.25582879235068545,0.024949305241822088,0.26145466993586663,0.047432586803335286
0.2559151674241,0.0249390107800806,0.26159604637941625,0.04743128252884244
0.2559959912828326,0.024926932345337754,0.2616788785761551,0.04742728008363193
0.2560999037869218,0.02492273754334712,0.2618190075502908,0.047382936781114944
0.2561937679156655,0.02483486046985351,0.26191589637166407,0.04728426224227711
0.2563135919769481,0.02481225234189862,0.26199410657839955,0.04727772429590003
0.2564130502015243,0.024801013294160536,0.2620919192473182,0.04726395633841201
0.2565420823527857,0.024781479271316763,0.26221475894590024,0.04725287037918027
0.25663521796917754,0.02476712992298608,0.262361971040036,0.04722373355524594
0.2567804473707495,0.024706895622924798,0.2624165139437336,0.047199977088802185
0.25688744626433757,0.02470359706964688,0.2627695019590559,0.04718845990598313
0.25697611858835967,0.0246715745972766,0.26281621745577866,0.047086659011531126
0.25703749153002126,0.024629223795455412,0.26293609173761634,0.04707851558819827
0.25719905503121737,0.02453712748959103,0.2630151892987469,0.04695375885178416
0.25728925821571186,0.024511546741528074,0.2630766339270229,0.0469235870612389
0.2573793011905195,0.02451111082589791,0.2631226006091058,0.04688760258315376
0.25745839875165,0.024491620489425013,0.2632591347870746,0.04682584563293643
0.2575519383241103,0.024479556910457594,0.26363181683724296,0.04678181683445319
0.2576739554827146,0.02445716822252167,0.2637030027708822,0.04675688783503092
0.25780430883722244,0.024445397838947946,0.26382710702168194,0.046735480418655405
0.25791729908040795,0.024408935008763608,0.26391819395882665,0.0466894497343266
0.2580476524349158,0.024385528228556497,0.2639795061125498,0.04665785290114222
0.2581633175597603,0.024380886795709735,0.2640556725669532,0.04663575425935631
0.25825344932947014,0.02437761164854547,0.2641322786211072,0.04659481094044484
0.25834645547842633,0.02437316180283465,0.26422714902128763,0.04657987489700337
0.2583740818040757,0.024354322342622758,0.2643076626797479,0.046550216806999424
0.2584488411994901,0.02433665980496841,0.26435108584616884,0.046534099690763275
0.25859814075958726,0.02433171666564512,0.26441082322616527,0.04651461372926394
0.2586905902181076,0.024276157731173902,0.26449922737310283,0.04648699192768091
0.259063272268276,0.024220887263421365,0.26456376390392583,0.04647574147584661
0.2591733437814849,0.024214045159840564,0.26463865523023344,0.04643644718796478
0.25928302698582806,0.024207500414734684,0.2647930530091498,0.04639274078150883
0.25942759081214095,0.024204476581700104,0.2648641421756285,0.0463839401556838
0.2595580807271433,0.024196184021078253,0.26490117259328266,0.04627541125912747
0.2596692771994742,0.024170886447331095,0.2649622219980225,0.046262307801365775
0.2597220678882975,0.024158548002246538,0.2650482181322047,0.04618189254376947
0.25993137066519095,0.02415178799271541,0.2651390229864718,0.0461781235605405
0.2600285176739037,0.024151762308056324,0.2652908452969829,0.04615348571110124
0.2600837836958306,0.024049176854074907,0.2653372947530334,0.04614935495959858
0.2601678844712661,0.024045020002134366,0.2654140803592633,0.046139596875471235
0.2602444163668534,0.02404244024144258,0.2655000764934455,0.04613842965782443
0.2604028995777317,0.02401452086904883,0.2656585597043238,0.04612483864291076
0.26046060178502406,0.024008926983287493,0.26571452573894716,0.04600691725195801
0.260505269978638,0.02400412708958083,0.2657614675764497,0.0460015178512096
0.26055445764419566,0.02399228405837732,0.26585142589326477,0.04596275645489283
0.260604960817316,0.023986918607690356,0.26595870550208683,0.04590364188613562
0.26066659861464175,0.02397240177245946,0.2660651807325595,0.04586573588226382
0.2606930105746498,0.023970636780715166,0.26612971726338247,0.04586305777974728
0.2607404678014483,0.02396349194764363,0.26617772139474405,0.0456801746096348
0.2608126941508952,0.0239602746290228,0.26629071163792956,0.04565611360166632
0.2609549404752806,0.023952570317885037,0.2664320880814791,0.045539171130285334
0.2610653697589763,0.023944860411479797,0.26651934541247996,0.04550059618183319
0.2612152909428521,0.023943909363734243,0.26664354722469297,0.045433266916399956
0.2613697867164104,0.023906203636497772,0.2667536187379018,0.045411507766691485
0.26149751682842615,0.023905241572305263,0.2668898157704696,0.04540405408748444
0.26155030751724945,0.023892282058144042,0.2670501844947591,0.04538746677032221
0.26174448935391537,0.023863335497905654,0.26710453404252393,0.04535983724680864
0.2621809888176723,0.023860012076380582,0.26715980006445084,0.045295418016532855
0.2622294447556413,0.023823881459976264,0.26721447670840875,0.04528914557510227
0.2623024625290488,0.0238145313138218,0.2672867030578557,0.04527590993888426
0.26241289181274446,0.023794472305735163,0.26737103149924124,0.04527012757268839
0.2625568192005548,0.023777440504209886,0.26741008048674514,0.04525579504243943
0.26267639816480154,0.0237564737853934,0.2675279562419333,0.045220949239231506
0.26273582230767717,0.023721039785909007,0.2676270003932758,0.04521263318141573
0.2628213615299486,0.02372101178387961,0.2677399906364613,0.04506467604389872
0.2628691337819983,0.02371214976653073,0.2677809716330139,0.04505507238771149
0.2630095065364942,0.023681695180849033,0.2679031225913413,0.045034495725934924
0.2630779835290503,0.0236650273965713,0.2681211810399892,0.04496785988454541
0.26316201177689796,0.02365621383617433,0.2683076971574417,0.04495873054413824
0.26323417323547543,0.023653551569181863,0.2683645677142108,0.04490476129180154
0.2633406484659481,0.02364621611091298,0.26840877740740854,0.0448677520807998
0.26338759030345066,0.023621945670890602,0.26852303183754045,0.044846888919478536
0.2634422669474086,0.023584028540474183,0.2686013009294059,0.04482716034766265
0.2634927701205289,0.02357458757931966,0.26869818975077914,0.04477826675419844
0.26356229320333974,0.02354490325065855,0.2688397217234462,0.044769433352419064
0.2636438920488249,0.02347337802222515,0.26897171585110613,0.0447505773049037
0.26374691183837523,0.023442909106711828,0.26906658625128654,0.04471400452534951
0.26407484271888404,0.02344131529174884,0.26918018669290456,0.04471121271560752
0.26419904453109705,0.023429908215278086,0.2692848322200213,0.04465083265326859
0.2642688288678272,0.02339291976731805,0.2694096380380442,0.044647037176797126
0.26439300596901266,0.023376408397153294,0.269515523916032,0.04461521681094547
0.26448296428582774,0.023375704359275034,0.2696432962975812,0.0445848127074096
0.2645418549202525,0.02335255388795806,0.2697198281931686,0.044548294731922074
0.2647697211069177,0.02332495456016401,0.26979198965174606,0.04449271384841774
0.26482994733882614,0.023318056632677494,0.2698741920952964,0.04444842661158321
0.2649241982134141,0.023311927598878616,0.26990705493105066,0.04443761774105419
0.26500036466781757,0.02328518688810631,0.27003740828555856,0.0444294434789306
0.2650887179740883,0.023272540246131113,0.27036533916606736,0.044419302067446285
0.26517002334532835,0.023255748122663268,0.2705507098267322,0.044418575947386
0.2652226357222992,0.023239344984839608,0.2705966403724414,0.04441845057347035
0.26532991533112127,0.02323628095920465,0.2708245065591066,0.04441623799688402
0.26548436450285867,0.02323293088139233,0.2708920888451211,0.04438664165612109
0.26565455581386815,0.023190197482588513,0.27100251812881676,0.04433233378425007
0.26574536066813526,0.023184341465182057,0.27117391575250993,0.04430227382299761
0.2658532576618901,0.023166892693188286,0.2712613825028857,0.04428447592804956
0.26591381831665417,0.023122990545250032,0.2713172205396532,0.04427590815665694
0.26597901045847516,0.023120616025259867,0.2714144212942137,0.04427577374278843
0.2660871701162664,0.023112332607060956,0.2715083922860465,0.044253555907640886
0.2661279957663371,0.023105548170038293,0.27158458310319555,0.0441843186396811
0.2662169990941057,0.023041282260524244,0.2716351992343387,0.04417445129368284
0.2663281467729879,0.023036271118794,0.27172945010892674,0.04416731840902614
0.26639149124095496,0.02302746148965023,0.2717672798293583,0.04410184173273915
0.2664996883602902,0.023021168105247614,0.271909965787473,0.04408745973308088
0.2665968891148507,0.02300985252231965,0.27197005484302256,0.044036382208073974
0.26666807504848994,0.02299261374059314,0.2720440857770532,0.044024612882532975
0.2668897248954323,0.02299123927542261,0.272101206081696,0.04397382626246842
0.2670788247890882,0.0229731878817451,0.2722773635130999,0.043927720884736635
0.2671255402858109,0.022947200305761882,0.27234751051325323,0.04390909648302721
0.2672207669274356,0.02294297783207687,0.2725149591975215,0.04390037569865208
0.26743460418212706,0.022930541828393214,0.27262501299932007,0.043600528979274474
0.26749935266798724,0.022918914427291444,0.2727428887545082,0.043570658322284794
0.2676432800557975,0.022901532483642923,0.2729174726991295,0.04355057350586187
0.26777872212357634,0.02288262937192607,0.27302063656696723,0.04349913547372008
0.2677969802578672,0.022853432915183453,0.27328123704150026,0.043486177542477605
0.2678982247779785,0.022842507562837986,0.27337485083198987,0.04347502968270226
0.26794788913531203,0.022824708737010087,0.27349723075595356,0.04347095375828148
0.2680840861678798,0.022816910057686525,0.27355860369761514,0.04344279263442817
0.2682037239068256,0.022815847748098764,0.2735831094957657,0.043442422215267215
0.2682819341135611,0.022802475206092434,0.27367463859805463,0.04344232221494272
0.26833905441820394,0.022791127432341296,0.273805128513057,0.04339627255538485
0.26839359732190154,0.022785950043757754,0.27386535474496543,0.04337090650994095
0.26844071433247185,0.02277248532962692,0.27398667038731467,0.04334881793346099
0.2685237912015125,0.02274674175878374,0.27414111955905207,0.04334124222519201
0.2687125249574206,0.02273914740601117,0.2742206980805358,0.04326558535347018
0.26879079404928596,0.02273661642324327,0.27434833227061173,0.04307853589127421
0.26893880707293055,0.022722512092336684,0.2745036615592758,0.04303224614813059
0.2689891025383543,0.022718768356498595,0.2745570729119788,0.043024041538428835
0.26906102724167286,0.02270655811661542,0.27470620426039943,0.04301588152566164
0.26924254950595905,0.02269356315125749,0.2747837966149947,0.0429544473859766
0.26934913893892537,0.02269334786957504,0.2748471410829617,0.042935402102101144
0.2694070361161399,0.022685386336827745,0.27494988749668264,0.042927594725801474
0.2694934111895545,0.022631151349641998,0.2750782592884193,0.04289985575388889
0.2695425988551121,0.022628664331361008,0.27512671522638826,0.042897452486515025
0.269626747311193,0.022627993930648755,0.27521824432867725,0.04288951248540459
0.26970894975474335,0.02261678173173737,0.27546618692976677,0.042886869915594025
0.2698155391877097,0.02260981226707376,0.2756786758576948,0.04286313660491283
0.2699118972274247,0.022592102655590786,0.27580644823924405,0.04282361907909611
0.2699664401311223,0.02257597005861971,0.27590634026170346,0.042823548735718225
0.27010105960795533,0.0225470712123092,0.276036274819935,0.042811055349910636
0.27015689764472284,0.022545660168920803,0.2761263177947426,0.04280271472253704
0.27026349166481706,0.02254023151459199,0.276229638652783,0.042739568848736836
0.2703232290448135,0.022538962448944957,0.27630156335610156,0.042732040169829434
0.27045740932964063,0.02251276854988563,0.2764158177862335,0.04272818441040208
0.27050091726448494,0.022484445592603486,0.2764635413722547,0.0426689812385146
0.27061517169461685,0.022478571480741283,0.2765023432027627,0.042664599717050014
0.27072447080345624,0.02247161233879595,0.2765601971717815,0.042616066353972706
0.27095233699012145,0.022460244147788997,0.2766203959233963,0.04258740324074204
0.2710514105670395,0.022448455112676013,0.27669148508987496,0.04256868490211675
0.2711781233560383,0.02244788900572067,0.2768856383334441,0.042554003824299996
0.27161462281979526,0.022433255296940242,0.2770195809370921,0.042546548824869516
0.2718239255966887,0.022384489599582717,0.2770443752337282,0.04246167916531714
0.27190552444217386,0.022384155068052945,0.2771284760091637,0.04244339778259665
0.27199152057635606,0.022381516722403547,0.2771806529317884,0.042443005587366224
0.27217525157667205,0.022343491465581778,0.2772296323035164,0.04243808538797945
0.27223016561723734,0.022342220179292535,0.2773182871115059,0.04242640248430342
0.27226921460474124,0.022312093247734078,0.27737640000265407,0.04241755447312599
0.27235470023406916,0.022302108124000346,0.2775190859607688,0.04238334798997773
0.27241255420308796,0.02229026255679685,0.27754388025740484,0.042371461729231084
0.2725553599192178,0.02227317011017334,0.27765802778197424,0.04236640687622067
0.27276466269611127,0.02225428420292794,0.27781247695371164,0.04234859534893333
0.2728343675693465,0.02224848805590498,0.277848281414732,0.04228509642407203
0.27299438847042085,0.02224046997271844,0.2779205534315849,0.04227614025912879
0.2730477998231238,0.0222366660435034,0.27803635210980676,0.042229668151239935
0.27313212826450933,0.0222187251420709,0.2780860540518571,0.04208885769050143
0.2732354491225497,0.022217897145770903,0.2781502102035993,0.04205931472405337
0.2732964985272896,0.022214964573620932,0.2782557204213017,0.042015014762105646
0.27335628524014693,0.02219872561946176,0.27837787137962916,0.041977713631051954
0.2734264322403003,0.0221923237667139,0.2784553317948365,0.04193952038271909
0.27346523407080825,0.02219127561317342,0.2786097295737528,0.041933585123581224
0.27360797232218026,0.02215073309608437,0.27866050273332477,0.041816373804251364
0.2736677590350376,0.02214430459033315,0.27873728833955463,0.04180031446031733
0.27372455370457244,0.022122573550495836,0.27885692607850043,0.04179040084877529
0.2742455410973539,0.02212234058603516,0.2789242595553035,0.041750189960187346
0.27432863009679925,0.022097450119963054,0.279015592201101,0.041670040605496714
0.27444845415808183,0.022077983011728447,0.27907992721684993,0.04166735517011343
0.2745067735421872,0.022072461691312203,0.27912915794619375,0.0416617622229207
0.274668923923916,0.022057187422836643,0.2791975418030655,0.04158732710274817
0.2747195400550592,0.02205411938752006,0.27926089814234945,0.04151127346139906
0.274856074233028,0.02205323455679903,0.279338104082393,0.04147883414769853
0.27496360584506163,0.022006527032337686,0.27939089477121626,0.04145368845196942
0.27558615330138114,0.021979842225639746,0.2794727753173184,0.04143546793913214
0.27571392568293035,0.021971825205255934,0.2795132628578418,0.04141587604785333
0.27573871997956645,0.021969244213774504,0.27960751373242976,0.04133953926352859
0.2757682111786755,0.02195743891074299,0.27982000266035784,0.0413161192163585
0.2759109494300475,0.02195190826855479,0.27988291303312773,0.04122221817431123
0.27600968682995825,0.021847008104907778,0.2799154292073145,0.04121714573099243
0.2761768454208645,0.021835508945873675,0.2800327425551464,0.04111384164669762
0.2762841250296866,0.0218004904105476,0.28014281406835523,0.04111112896900125
0.27634734558998675,0.021783479991936028,0.28024016043874034,0.04110919447263132
0.2764200967153523,0.02175040863240368,0.28027302327449466,0.04108641251789311
0.27657001789922814,0.021736678770239996,0.280514894217271,0.04107553781527944
0.2767127038573428,0.02171518039221272,0.28060802983366284,0.041010263118016026
0.2768013852876631,0.02170751904451099,0.28068443386730924,0.0409801075070127
0.2769532075981742,0.021704324477423986,0.2808186141521364,0.040961534557107826
0.2770746114662821,0.021702439114418437,0.2809316043953219,0.04094743192820093
0.2772045460245136,0.021656386920735092,0.2810727581592992,0.04093655755415377
0.277300282652817,0.021625300144840653,0.28169530561561873,0.040888565451535526
0.27732478845096753,0.021611490812781176,0.28174965516338357,0.04085325804093418
0.27743533653277935,0.021555220149999423,0.2818421939264871,0.040822802040067586
0.2775750966253852,0.021547674655278865,0.2819270558593341,0.04074967268225884
0.2776409108029769,0.021518451347401532,0.28203037671737446,0.040735066744631565
0.2776876262996997,0.02151487731238095,0.2821112005761071,0.04073376872872582
0.2778087004382633,0.021514170829040356,0.28224023272736853,0.04071291814722344
0.27786363571128414,0.021484045437594485,0.2823034532876687,0.04070527018481347
0.2779889461388526,0.02146804241949101,0.2824396503202365,0.04069986805476589
0.27814312558747345,0.021450149824436725,0.2824996956706514,0.04066935703953823
0.27821058440329716,0.021437245313456175,0.2825555337074189,0.04066683600704746
0.27825286212991973,0.021428391862155248,0.28317808116373844,0.04064196052210307
0.27830428556583,0.02142573812578716,0.2832892288426207,0.040637784362962254
0.2783512274033325,0.021409941637151427,0.2833747144719486,0.0405605184970964
0.2784598908636746,0.02139338659214494,0.283430680506572,0.04051626117399159
0.278538011765827,0.021368099868038965,0.2836742478541674,0.04050702928837751
0.2787054604500952,0.021359107466437183,0.28378084187426156,0.04046852237786956
0.2788670239512913,0.021320415547865026,0.28388666392321504,0.04044073560930913
0.27930352341504827,0.021278159614887975,0.28398448267432536,0.04043146064123272
0.27938179250691364,0.021277137599622315,0.28406863304170954,0.04042946503299458
0.279496397656947,0.021270042985145,0.28415172204115485,0.04042788789766988
0.2795638564727707,0.021242105041827736,0.28425017836056043,0.040387754686367974
0.2796333795555815,0.021239275146069363,0.2843567723806546,0.040303543928912944
0.2797085545277881,0.021237122869338376,0.2844422580099825,0.04028922440699222
0.2798677502385442,0.021236765513191747,0.2845105614349656,0.04027630533450841
0.2799189348847194,0.021229854819202445,0.28461809304699925,0.0401321857516137
0.2799594224252428,0.021222820301225402,0.2846475842461083,0.040118533881147334
0.28001728068832293,0.02120611358724778,0.28469535649815797,0.04009967608520283
0.2800678109339922,0.021199689755428217,0.28481423928080946,0.04007448397172875
0.28027711371088565,0.021194627214987563,0.2849212381743976,0.04002951464894005
0.2804377853045376,0.02118068239028965,0.28515460704563117,0.039987174978659466
0.2806656514912028,0.021153578766351155,0.2852417806955278,0.03996826233958393
0.2807030958589178,0.021141460167679708,0.2853006570631355,0.039961846619982845
0.28075570823588863,0.02113069325210773,0.2853819624343756,0.03995933830611761
0.2808109742578155,0.021123757257276603,0.28544028037863256,0.039894360241652195
0.2809265182485065,0.021123168006530687,0.28558829340227715,0.03981681541814597
0.28097296770455704,0.02109953830495791,0.28573719620979554,0.039807020212800984
0.28106925221431184,0.021083034741716446,0.2858187950552807,0.03967029789471989
0.28112416625487713,0.021079780764834438,0.2859384327942265,0.039606581457333215
0.2811579831155316,0.021070490385460248,0.2860488620779222,0.0395388520768241
0.28124818630002607,0.02104942154216219,0.28610459521811926,0.039530459342786164
0.2813243527544295,0.02104316822810397,0.2861955836254571,0.03952433061696608
0.28194690021074903,0.02103837056119933,0.2862927306341698,0.03950603289180604
0.28199969089957233,0.0210010964593409,0.286520596820835,0.0394729000818658
0.2820487450244946,0.02098784216069801,0.28657089228625876,0.03939972369831353
0.28217019086482215,0.020955538159912204,0.28663928446791803,0.0393670908573863
0.28226526636907945,0.020947956637952334,0.2868825158168944,0.03935860973727373
0.2823621551904527,0.02094371171015737,0.28721044669740325,0.03934626458605256
0.28247642488552666,0.02093167597817165,0.2872582189494529,0.03934593169252936
0.28262035227333693,0.02092036824149796,0.2873634994285031,0.03932016216668436
0.2829389739007089,0.0209198504771288,0.28757165792087486,0.039271725334728065
0.2830065561867234,0.020915616175305282,0.2876852583624928,0.03923176873082879
0.2830524867324326,0.020912317609396214,0.2877804850041175,0.03921882470173594
0.28311982020923565,0.020907211982686434,0.28786463537150164,0.03920532670144466
0.2831675924612853,0.020896764243912826,0.2879172477484725,0.03912057103683105
0.2832647932158458,0.020892298055081162,0.2880102538974286,0.039036231728492486
0.2833196353107089,0.020882286814334752,0.28811582537027697,0.039032385613948624
0.2833805358376666,0.020873080743327367,0.28828810618597134,0.03896719197875235
0.2834240437725109,0.020858691660782257,0.28847347684663616,0.03896602439226135
0.28355155322668857,0.02085223708689815,0.2885271238333001,0.03896382137467277
0.2837352842270045,0.020836998380213294,0.288666883925906,0.03894735881346961
0.28381610808573715,0.02083482529291951,0.28874172331573295,0.038935671514173646
0.28396523943415775,0.02082646514959704,0.28883490559340846,0.038933399632858155
0.284045495720768,0.020783384909825252,0.28889711182081945,0.03892019264618732
0.284120335110595,0.02077873445442853,0.28900765990263133,0.03887332957605523
0.28415319794634925,0.02076793158783736,0.28911294038168145,0.03886696781693279
0.2842114948407863,0.020744406253388744,0.28918272471841167,0.03886251197389105
0.28425346520011274,0.020743241669491715,0.2892427700688266,0.038845990876397
0.28436172958882816,0.020722512077460488,0.2893035734421157,0.038841202501197956
0.28447752826705,0.020721727805650673,0.2894177209666851,0.03880763092824404
0.2845700670301535,0.02071772733714875,0.2895591240580495,0.03878829235506136
0.28464123122165624,0.02071278967457414,0.289606581284848,0.038787300289460404
0.28469607331651936,0.02068162985645407,0.2896952360928375,0.03876413270449714
0.2847171926760426,0.020676981622603643,0.28978964619172937,0.03876283648760312
0.28482183820315937,0.020667760430742175,0.2898932876475318,0.038735705082146035
0.28490547465082744,0.02064489546963526,0.28995384830229587,0.03870207580769597
0.28502335040601556,0.02064118514331671,0.29009397727643155,0.03869833921296969
0.28515534453367547,0.020635172816999146,0.29024757918866906,0.0386526603836341
0.2853169080348716,0.02063096497727815,0.29031232767452925,0.03863748817006208
0.2854094467979751,0.020606291435985392,0.2904343448331336,0.038630959977163065
0.2855086762777767,0.02058761164898163,0.2904812866706361,0.03861305365976172
0.2856079948243104,0.020560761643698366,0.2905994288445098,0.03856541335821952
0.28592205018678735,0.020508789277404352,0.2906746352045633,0.03855159865586359
0.2860160211786202,0.020502041676666444,0.2907360081462249,0.03854881018111979
0.28613589546045787,0.02049790497021427,0.29087807834189094,0.03853088376081375
0.2862616968975873,0.020490438662732636,0.29096675066591304,0.03849536453432765
0.2863405025050207,0.02047091115200126,0.2910611563900441,0.038452480969196734
0.28639862773894065,0.020435723626434348,0.2912156521636024,0.03842623684215024
0.2864710371912402,0.02042717695456964,0.29129872903264303,0.038416914789819796
0.28664924778708284,0.020423299338667374,0.29132514099265105,0.038396091291461494
0.2867770854757409,0.020397646901376916,0.2914437348457119,0.03838096690643877
0.2869472767867504,0.020392788472721406,0.2915982306192702,0.038371868792547906
0.2870184409782532,0.020372853966435133,0.2916884338037647,0.03836310852291179
0.2870729838819508,0.020371384990306246,0.29178766328356626,0.03833163730477943
0.28720672896727223,0.020363916645180006,0.2918571158605234,0.038327599263017806
0.2873058025441903,0.020362147726094976,0.2920462157541793,0.038325644361539096
0.2873944748682124,0.02035908776863655,0.2922256099139494,0.03832085024061524
0.28746883694190445,0.020356813465975954,0.2922872477112752,0.03831457825457237
0.2875761165507265,0.02033430682188193,0.2923117535094257,0.03830071429221783
0.28763585393072294,0.020321758132755833,0.2924056176381694,0.03824976856510916
0.2877197883463224,0.02030787850164796,0.2925149167470088,0.038224186456607946
0.2877536052069769,0.020300885621800168,0.2926066983197168,0.03821561825298645
0.28781409494814253,0.020292212939380307,0.2927262772839636,0.03820002281101285
0.28793624590647,0.020246473423874808,0.29278606399682094,0.03818372203766103
0.28806105172449287,0.02024327065842772,0.2929003450747677,0.038181541610013164
0.28821550089623027,0.02021171226460096,0.29296031904012937,0.038173901008883966
0.2883009865255582,0.020195342440932053,0.29303148323163214,0.03817222511793376
0.2884251883377712,0.020187702508788367,0.29309292785990815,0.03816377403198621
0.2884652406617995,0.020166715982777573,0.2931720254210387,0.03800367060507449
0.28851120734388247,0.02014492930139685,0.2932808844459307,0.03795331556401129
0.2886253548684518,0.020133634640516113,0.2933213719864541,0.037879804094353785
0.2886429494725781,0.020132545232966394,0.29340387250836675,0.037865450809067454
0.28876116449683753,0.02012896773542582,0.2934967285563066,0.037830657417988044
0.28887231217571974,0.020117282807035928,0.2935459162218642,0.03781956096177155
0.28896656305030777,0.0200955707929378,0.2936598056270516,0.03781338253907719
0.28900536488081574,0.020068541883676013,0.29370780975841315,0.037749702438855684
0.2892082823587779,0.02006614736384988,0.29378923150678526,0.037739673387551985
0.28932217176396524,0.020054736461112915,0.2938492768572002,0.037729275554847765
0.2893715057971268,0.020033925281668932,0.2939214045833987,0.037717301978030734
0.2894348502650938,0.01997953637610711,0.2940116077678932,0.037694691162470234
0.2895167308111959,0.01995481325945344,0.2942003415238013,0.03765514412760343
0.2896243462232593,0.019951069197476596,0.2943818637880875,0.03763951601035943
0.28970743522270465,0.019904654824371114,0.29445427324038703,0.037620885413090985
0.28976366150887506,0.019888554215535443,0.2945622750500128,0.037619326821339026
0.2901051060339978,0.019880898918986475,0.294599305467667,0.03758899386040737
0.2901839116414312,0.019880171520652835,0.29467366754135904,0.037552339415964246
0.29024176561045,0.019870164362856182,0.29477888397900787,0.03752814729206858
0.2903405030103608,0.01985681330354333,0.2948413736102194,0.0375268656783295
0.2904019476386368,0.019850698989959604,0.2949696765780492,0.03751269778061796
0.29052605188943653,0.019804566697807984,0.2950193409353827,0.037511266220566095
0.290672961403029,0.01980256906711418,0.2951483730866441,0.037421519611178164
0.29073545103424053,0.019801273307266647,0.29524571945702927,0.037369865201093956
0.2908768274777901,0.01977036622542548,0.29531788091560673,0.03726897888230719
0.2910240395719259,0.019722884960806528,0.295426040573398,0.037268748430278595
0.2910811598765687,0.019720611298914628,0.29550824301694834,0.03726762989284637
0.291178978627679,0.019715388674762212,0.2974045494303027,0.037244644155141504
0.2913269916513236,0.01970955966036528,0.29744237915073424,0.03720267462052145
0.2913883645929852,0.019708647576128127,0.29753636684311024,0.037201432732522056
0.2915423291941299,0.019684109533236308,0.2976802942309205,0.03710382711335703
0.2915851282011098,0.01967836979311304,0.29778855861963593,0.03710122320208831
0.29171887328643126,0.019673058490023827,0.2978926737048817,0.037083123358927494
0.29180883160324633,0.019656826069169794,0.2980201831590593,0.0370772596114897
0.2919408257309063,0.019647777174851437,0.29809890967251634,0.03705009392421265
0.2920494891912484,0.019647346020536072,0.29815108659514106,0.03701238051320763
0.29216308963286636,0.01960416122413594,0.2982259779214487,0.0370031530672743
0.2922357128368282,0.019591560703597535,0.2983115171437201,0.03691776385549042
0.2925354643794488,0.019590656226309393,0.2984256646682895,0.03689728018695137
0.29259677653317195,0.01958588284433387,0.2984864680415787,0.03689230542195523
0.29264423375997045,0.01956905707926648,0.29864803154277475,0.036870231113445874
0.2927456781004669,0.019567970888623717,0.29873671297309506,0.03686866211989249
0.2928078843278779,0.019560651691688,0.2988721550408739,0.03686561242705228
0.2929398784555378,0.019556147318171097,0.2989360426672496,0.03679137403325939
0.29302852834510695,0.019555374989733112,0.2989795506020939,0.03673369198680132
0.2931440723357979,0.019530577145177173,0.29912502871094115,0.03671298224199935
0.29324771379160036,0.019507234342764735,0.2992375901001478,0.03669328486609356
0.29336641608776104,0.019503409296890477,0.29932152451574723,0.03666455728301803
0.29341608044509454,0.019482975713922136,0.29940789958916175,0.03666199487723835
0.293534963227746,0.019446654997810876,0.2996497705319381,0.0366522964993682
0.2936893610066624,0.019438377907337715,0.2997288680930686,0.03663879025253936
0.2938170911186781,0.01941702303428615,0.29981280250866804,0.03663816877597333
0.29387200515924333,0.019405424484619894,0.29994388124948507,0.03662911741692627
0.29402560707148084,0.019372931007597436,0.3004317518898737,0.03661491220043427
0.29408724486880666,0.01936072377444066,0.300491978032588,0.03660036335256321
0.2941687229199255,0.01936059300668379,0.3008334225577108,0.03658766989135724
0.2942146896020085,0.019354836788601806,0.3009225810323362,0.03658672016364774
0.29435622157467556,0.019339073491203642,0.30101655202416905,0.03657295681192199
0.29446013408725946,0.019338073198031505,0.3011311571742024,0.03651000808059383
0.29457233646575576,0.019332287414518583,0.3011837460421431,0.03648785554187667
0.2946234183305361,0.019275541397466425,0.3013264320002578,0.036468165552979374
0.29472061908509667,0.019271614634197732,0.3013843291774724,0.036464406149050096
0.2948757851399674,0.019143691148256495,0.3014414494821152,0.036462345020387824
0.2949693247124276,0.019139688627311358,0.30152170576872545,0.03638307318766975
0.295591526741032,0.019113182451982662,0.30156398349534796,0.0363806823491372
0.2957112197039001,0.019088116318507067,0.30180004951279993,0.03637350589461388
0.2958388538939761,0.019063240877783993,0.30188135488403994,0.03633599102461467
0.2961962687255072,0.01905958838607719,0.3019322450026296,0.036309057964938315
0.29634149812707916,0.019030666019215617,0.30208620960377436,0.03627288360824134
0.2964015434774941,0.019030291674420996,0.3021944067231096,0.036215643569824096
0.29644866048806434,0.019023458329073997,0.3023162597220003,0.03610542910334226
0.2965632656380977,0.01901816613289227,0.3024601871098106,0.036104882774210985
0.2967771028927892,0.01900603984724153,0.30252041334171903,0.036092698873327944
0.29683397344955825,0.019005113430321297,0.3027095132353749,0.03608398379691171
0.2987302798629126,0.018992566306765418,0.30293116308231727,0.03607788106319728
0.2988375594717347,0.018977382140707866,0.30297323609986565,0.036075691345301385
0.29900984028742905,0.01896223056436503,0.3030315329943027,0.03605927773269903
0.2991597614713049,0.018952319799023155,0.3030904236287274,0.03604236409321273
0.29922409648705384,0.01894037769664406,0.30326863422457007,0.03594900951088503
0.2992923999120369,0.018937045115162584,0.30337729768491223,0.03594872300690045
0.299361852488994,0.018935084020576826,0.30343749643652707,0.03593577238869773
0.29944578690459345,0.01892765111642569,0.3035310360089873,0.03591418654495913
0.29947029270274395,0.01889648094378474,0.30365086007026987,0.03590846609925548
0.2995862649273021,0.018884638874894673,0.3037433095287902,0.03590446928794098
0.2996867875354289,0.01888012766030179,0.30385198469480296,0.03590438962535585
0.2997968019388962,0.018874754303707414,0.30393071120826,0.03587201674852736
0.2999115233981042,0.01885869176225957,0.30402791196282053,0.035789174865339994
0.29998000039066025,0.018836570948595418,0.30412636828222606,0.035776221684554216
0.30009910994732025,0.018826034520196412,0.30428793178342217,0.03577614264615257
0.3002489011285955,0.018785314177784583,0.30433389846550507,0.03571079879927016
0.3004924684761908,0.01878162865699922,0.3043806139622278,0.03570450400795651
0.3005743490222929,0.018739705849214958,0.3044647624183087,0.035690899340545465
0.30065542428111475,0.018728178431803622,0.3046589442549747,0.035677653163341476
0.3007802300991377,0.018719413358655984,0.30469566671919973,0.03563500926499458
0.3011132443667523,0.01870725711647336,0.30478137895264257,0.03562039841258345
0.3012311201219405,0.018686732622253472,0.30483396782058325,0.035607655003595744
0.3012950077483162,0.01868102608385178,0.3050011264114895,0.035555296204593884
0.3014249423065477,0.01867472310756438,0.3051725240351827,0.03545469468934636
0.3014945023752003,0.018671219796614343,0.3052357445954828,0.035435365793393375
0.30154487793272544,0.018662177737803185,0.3053556188773205,0.03539165360963929
0.3016489930179712,0.018657653439503635,0.30540217327241487,0.03537234403337435
0.30168474096387776,0.01865764192484273,0.30550124684933294,0.03532873660696415
0.3018593249084991,0.018636698858138318,0.3055754206469115,0.035306740075449
0.3019128815457341,0.018634355907311866,0.30576079130757633,0.03530124988804369
0.3021608241468236,0.018616574023152546,0.3057852971057268,0.035251740435798234
0.3021692346441106,0.018588375781673192,0.3059250571983327,0.03523118534576632
0.3022533831001915,0.018578349661982636,0.30598595772529036,0.03519123826712448
0.3023817548919281,0.018556612843674224,0.3060445578840925,0.03508966638782263
0.3024757258837609,0.018552333677697288,0.3063443094267131,0.03503572508474979
0.3026010363113294,0.018550857241450683,0.30642824384231254,0.035019735729627105
0.30267592763763707,0.01852642864359296,0.30655592840584783,0.03499117691420303
0.30277300052176187,0.01852138962660532,0.3066516650341512,0.03498675815374846
0.3028872549518938,0.018503220694967983,0.3066991222609497,0.03498625081953662
0.30297878405418277,0.01848063906088374,0.3067739616507767,0.03498153812174629
0.30302723999215175,0.018479978103535945,0.30682090348827923,0.03497023848919716
0.30307753545757543,0.018406287653051218,0.3069815750819312,0.034948739927844405
0.3032117157424026,0.018398253334988856,0.3070418013138396,0.03491358058943163
0.3033183097624968,0.01837946699872769,0.3071223149722999,0.03486418062032488
0.3033905817793497,0.018379168343830736,0.3072309784326421,0.03485966804799212
0.30348062475415727,0.018359764344849438,0.30731646406197,0.03485898947442294
0.30358051677661674,0.01835951990543929,0.3073945557084404,0.03484152317754077
0.30361337961237106,0.018344112856345383,0.3074885267002732,0.03481048555569898
0.30369247717350156,0.01834381865888449,0.3075437927222001,0.03480329497917499
0.3037706873802371,0.018336859979479335,0.3076935839034753,0.03478396879257477
0.30380355021599137,0.01833657798842081,0.3077760942112606,0.03478305636014683
0.3038635955664063,0.018330332342611066,0.30788237048780565,0.03477678725614464
0.30401799334532265,0.018311640002516835,0.3080262978756159,0.03469964696837805
0.30409026536217554,0.01831033895232032,0.3081106263170014,0.034699559257650364
0.30417276588408815,0.01830262968612233,0.3081737629456043,0.03466871553317961
0.3042340780378113,0.01829618280004231,0.3082204947860936,0.03462846108546099
0.3044565654093489,0.018284190668459262,0.3082469067461016,0.034623528594840955
0.3045314047991759,0.018283608102552966,0.3082680261056249,0.034559702472878505
0.3046011096724111,0.018271174159894064,0.30835217647300905,0.034554223329563274
0.30471534855727644,0.0182676865148157,0.30844531208940096,0.03452159006053953
0.30477346144842465,0.018231423026169178,0.30848275645711587,0.034382764345851954
0.30488146325805043,0.01819120246387065,0.30854249383711235,0.034367172888258045
0.30496455225749575,0.018168913005933904,0.30859168150266997,0.03434822370320744
0.3050618986278809,0.018166087490541563,0.3086803313922391,0.034313236416003215
0.30512480900065075,0.018153287671018817,0.30877540689649635,0.03428053087441283
0.3051805421408479,0.018137621584333966,0.30884767891334924,0.034269097066897986
0.30526894628778545,0.018125421870795525,0.30893182736943015,0.03426613910200693
0.305343120085364,0.01811877992665669,0.30906521224629124,0.03426376469518875
0.3054403208399245,0.01811310081657764,0.3091849052091593,0.034218712767857984
0.3054992114743493,0.018109941265498926,0.30928197809328417,0.03413717899384305
0.3055483991399069,0.018092094904481968,0.30940869088228296,0.034118478729833285
0.30559617139195655,0.018056294447755288,0.3094798550737857,0.03408865534918551
0.305656397623865,0.018045364540294522,0.3095772014441709,0.034025113960285104
0.30567465575815583,0.0179983108940735,0.3097025118717393,0.03401368458123937
0.3056971312468072,0.017993499679551703,0.309763001612905,0.033957715667777034
0.3057953589148797,0.017974332738664143,0.310077056975382,0.033849516362860585
0.30587695776036483,0.017956790482872183,0.3102323862640461,0.033841428057316436
0.3059747704292834,0.0179490863947856,0.31032635725587887,0.03382961613482683
0.3060662995315724,0.017938374218412205,0.3103844701470271,0.03382170856796282
0.3061777714864136,0.017920633857738937,0.31050867195924003,0.033808027790937514
0.3062840477629586,0.017910718650155213,0.3105988751437345,0.03376694861138678
0.3063345509360789,0.01790832308566854,0.3106634116745575,0.03374340125996437
0.3063892275800369,0.017907819931500625,0.3107356836914104,0.03370764508794045
0.3064494538119453,0.0179040454930211,0.31078643811596307,0.03370760653933704
0.30650777175620225,0.017899005242474137,0.3108140644416124,0.03364239469594031
0.30655522898300075,0.01789159912007531,0.31096319579003306,0.03362989966781839
0.30667760890696444,0.01786318282204659,0.31102794427589325,0.03362128284328146
0.3069048460285103,0.01784361497192086,0.31114773473221713,0.03361192804040786
0.30698593856551365,0.0178351091324197,0.31119545831823836,0.03358725329595565
0.3069962410964106,0.01782496418329416,0.3113045390458143,0.033488907401940285
0.30701383570053686,0.017759840691057602,0.3114008235555691,0.03346641658969432
0.30709798606792105,0.017747917632163848,0.31145341242350977,0.03342805544997926
0.3072515879801585,0.01774031923743737,0.31157305016245557,0.0334246040222714
0.30736261093163714,0.01774007519019994,0.31167887221140905,0.033411060467025314
0.3074375022579448,0.01773949461664469,0.31230141966772856,0.03338708799358733
0.30749772840065903,0.01772737446137606,0.31241963469198797,0.03337596760599102
0.3081202758569786,0.01772250641132269,0.312484826833809,0.03336959662128009
0.3081769738740311,0.017722292593894132,0.31254613898753214,0.03334337553324364
0.30823409417867387,0.01770960430754303,0.3125996956247672,0.03332352632093189
0.30836186656022313,0.01767253321215253,0.31275329753700465,0.03330463300488906
0.3084705417262359,0.01766382245594251,0.3129793567520807,0.033293463562865055
0.3085565378604181,0.017645427736466688,0.31320100659902306,0.03328172426939205
0.3086093285492414,0.01756122309985908,0.31329253570131205,0.033277317231751445
0.3086488873620251,0.017543115507554552,0.3133796027854334,0.033265941495018714
0.30874375776220553,0.017534843780895207,0.31345216772437706,0.033263065874042215
0.308849579811159,0.01751698933213665,0.3135010847961134,0.03321036503329316
0.3089770892653367,0.017500676003488477,0.31362346472007707,0.03320846111216118
0.3090483865854827,0.017480579201693356,0.31370876447728635,0.03314877138599036
0.30927003643242507,0.017478143740181695,0.3137615551661096,0.033127861513363194
0.3093732003002628,0.01745873615774434,0.3138893928547677,0.033028506012028884
0.30950864236804154,0.017453550205512144,0.31394626341153675,0.033009582561545917
0.3095788131065815,0.017444924856020252,0.31406766727964464,0.03300452175512651
0.309628147139743,0.01743922340570733,0.3144048938218005,0.0329862825116466
0.309822328976409,0.01743255916623576,0.31451148325476685,0.032975752267755766
0.30990380702752784,0.01742715301998698,0.3145693804319814,0.03288745861159797
0.3099820761193932,0.017394744242860943,0.31469518186911083,0.03287818789184244
0.30999783763397126,0.01738529271068837,0.3147713726862599,0.03284199044399863
0.31006999909254873,0.017382375605868042,0.314809563727955,0.032839180773480074
0.3102113755360983,0.017371780800585553,0.3148926405969956,0.032805367788094564
0.31031041968744083,0.017364644004082438,0.31499762569049744,0.03280214488816862
0.3105040549253522,0.017335619659652354,0.3150872842894768,0.03276959444548026
0.3105450359219048,0.017335273370553954,0.3151372931528525,0.03276787198443314
0.3106523155307268,0.017326714535256544,0.3152412056569417,0.03275947928123762
0.31075782574842925,0.01731952856472862,0.3153751482605897,0.03275785171627944
0.3108299872070067,0.017306228980626538,0.3154790607646789,0.03266981822199687
0.31087003953103504,0.017294075302006797,0.3155873251533943,0.032624684495726176
0.310943949789625,0.01729276430811875,0.3157150097169296,0.032616323352279895
0.3110514814016586,0.01728383639054083,0.3158602391185016,0.03256522712292415
0.3111626290805409,0.017271761364241335,0.3159574398730621,0.03254470124734715
0.3112773505397488,0.01726568039502393,0.31600662753861974,0.03251160457628096
0.31129517361894354,0.017257466628994095,0.31607181968044074,0.03250922259989108
0.31133797262592344,0.017248784992384678,0.31615062528787413,0.03250791959557394
0.3114201750694738,0.017246341156723556,0.31626486417273947,0.03249795181584844
0.31147607550392187,0.017233409707084476,0.3162831223070303,0.032496684013803595
0.31151310592157605,0.017232769281989736,0.31641085241904604,0.03244706816004732
0.3115733321534845,0.01722480196864492,0.3165183840310797,0.032415755648777626
0.3119232339831802,0.017210534253476108,0.3166532714641355,0.032392846119555965
0.3119791719556244,0.017197983236275523,0.31679464790768513,0.03238432869643018
0.31209704771081254,0.017192683166936056,0.31715206273921626,0.032270158047006156
0.3121903556842853,0.017189552122689446,0.3171921150632446,0.03225844778189629
0.3123398992965725,0.017177532582638048,0.31728046836951534,0.03225612433903491
0.31235749390069883,0.017174274669423013,0.31735387118133623,0.0322425693410974
0.31240750276407453,0.01715965491290483,0.3175056509844627,0.03222975854409488
0.31250237316425494,0.01714195479877446,0.31763939606978414,0.03216244325475655
0.31274594051185034,0.01713995268605332,0.3176972932469987,0.03213786604033848
0.31279187105755957,0.017104589670537407,0.31780257372604886,0.03211330284519797
0.31285022869321427,0.017056282452037407,0.31788137933348226,0.032066824758753436
0.3128902810172426,0.017022255746912338,0.31797382879200264,0.032054071617092
0.31302516845029843,0.016996518823030465,0.31804900376420925,0.031980171213479854
0.31310474697178214,0.016994079410198853,0.3181983033243064,0.03197791081400179
0.3134044985144028,0.01697008569570973,0.3182485987897301,0.03197287320732854
0.313571657105309,0.01696091416757528,0.3183981424020173,0.03195820502878435
0.31366900347569415,0.016954596314069658,0.318534676579986,0.031945247969485356
0.3137819937188796,0.016952309525921378,0.3188732162639359,0.031926217593197775
0.31383097309060765,0.01693757643853263,0.3189603899138325,0.03189725689604995
0.3139860406411555,0.016937463128213124,0.3190490622378546,0.0318853421925659
0.31410573360402355,0.01691942667200892,0.31913156275976723,0.03188263528741529
0.31415345719004484,0.016903649802500167,0.31924455300295274,0.03188076574665644
0.31431347809111915,0.0168970245124059,0.3193045269683144,0.031877093003603224
0.31433173622541,0.01685308533160009,0.31943225708033013,0.03182633268661789
0.31437426053988493,0.016838203806646107,0.31949807125792185,0.03180371168208275
0.31452875631344324,0.01681650928551538,0.3195820995057695,0.031790116928733125
0.3146853632021553,0.016812650368930804,0.31964099014019426,0.03178230803547575
0.31470318628134997,0.016720139410034283,0.31969065449752776,0.03177874171655202
0.314797173973726,0.016708347915216436,0.3197485127606079,0.03174097699402358
0.3148828862071688,0.016706919410729743,0.31984424938891126,0.03172910208044121
0.31497602182356066,0.016705876607337126,0.31989933855582353,0.03171147456366635
0.3150281987461854,0.01669785047315259,0.320025139992953,0.031642224674019254
0.31510237254376394,0.01664419587528427,0.32009097615902693,0.03163385582763165
0.3155902431841526,0.016634338508433436,0.32017735123244145,0.031633751526660016
0.31570280457335914,0.016632900620321717,0.320269683880601,0.031607935281432444
0.3158393387513279,0.016629526668672314,0.3203951204796689,0.031528459075922124
0.3159574809252016,0.016621506616508852,0.3205140032623204,0.03145618568008196
0.3159983065752723,0.016609428022185544,0.3206443566168283,0.031446024868321175
0.3160853549371163,0.016602163651430035,0.3207611660601732,0.031414187192849434
0.3161892674412055,0.016588974967236776,0.3208070966058824,0.03137998106863307
0.3162505795949287,0.01658537351596626,0.3208571054692581,0.03136165420627239
0.31634191646258275,0.016570530261283602,0.32096965539064515,0.031358110621073035
0.31637863892680784,0.016566733936974547,0.32107516560834753,0.03135049980037771
0.31641961992336043,0.016558558260562264,0.3211262474731279,0.03134363187339162
0.31650325637102844,0.016540198914652825,0.32117675064624823,0.03134215619802301
0.31654918691673767,0.01653479942548483,0.3212272538193686,0.031281927959854336
0.31665826764431354,0.016517751319812222,0.32130598033282565,0.031261782908074486
0.3167521317730573,0.01650829675961475,0.32135253472791997,0.031224188048749504
0.31680118589797956,0.016499089381424338,0.3214031508590632,0.031214458056135985
0.316885120313579,0.016454916409006787,0.3215547682608751,0.031178501507559186
0.3169727155629968,0.016453382607937217,0.3216286343216389,0.031177873380303627
0.3170216949347248,0.016406999357951174,0.3217214323169276,0.031131869830101185
0.31720029937796523,0.016400263491416663,0.3217816584596419,0.03107318037016635
0.317268683234837,0.01639226160659597,0.3219181926376107,0.031021915662933178
0.31734162983980563,0.016320158811465396,0.3220595957289751,0.030991050877456114
0.3173973308403765,0.016307468376498536,0.322243326729291,0.030968318946974053
0.3175146441882084,0.016276013195265542,0.3223847031728406,0.030906713057723332
0.31757983633002945,0.01626542380778673,0.3224185200334951,0.030870994188867584
0.3176439924817716,0.016262518271515418,0.32246980370641604,0.03084718475555035
0.3177098286478455,0.01624324207633184,0.32261822788961864,0.030816803817253564
0.3180483683317954,0.016237819304506542,0.3226924016871972,0.030796375334357803
0.31809033869112185,0.016223820762229627,0.32285396518839327,0.030788632495212038
0.3183322096338982,0.016215434825059414,0.32300814463701416,0.03077280261166769
0.31843585108970063,0.016134387799814905,0.3231373287496271,0.030761248252583723
0.31858132919854787,0.016126629469334644,0.32322240851158335,0.03072897291794193
0.3186341198873711,0.01612473951655179,0.3232713878833114,0.030713172934598302
0.3187563268341422,0.01611860889098168,0.3233101897138193,0.030711215425300222
0.3189047510173448,0.01611358017020778,0.3234100817362788,0.030699448925860056
0.31894937268983725,0.01611142817165691,0.32353425329043745,0.03069853729666306
0.318987120916545,0.016104703419174925,0.3236323320807277,0.030695656943123012
0.319100721358163,0.016082951717440605,0.32378394948253963,0.030685182613643315
0.3191704853841105,0.016049241082407812,0.32384284011696435,0.03062331950116626
0.3192759956018129,0.016046868478794066,0.32396701721814986,0.03059673485879405
0.31937874201553385,0.016040877670355766,0.32399650841725885,0.030592833623574844
0.31947228158799407,0.016026751831898427,0.324116201380127,0.03056542646021176
0.31958342926687633,0.01601230534546142,0.32429441197596964,0.03051891276605822
0.319633438130252,0.016008465069552773,0.32444331478348803,0.030501180404499537
0.3197555890885795,0.015948352478774415,0.3245066592514551,0.030498226397481062
0.31987239853192434,0.015922018300890226,0.32460091095852184,0.030438813530379263
0.3199189529270187,0.01591528717459084,0.32484447830611723,0.030430384012534527
0.32003754678007956,0.015894992921508467,0.3248959017420275,0.030403659687204147
0.32023118201799095,0.015889181964857443,0.3249894413144877,0.030401652302816797
0.32030227118446963,0.015883225040450262,0.32506604736864164,0.03035628646327613
0.32035193554180313,0.015865307543841186,0.3252657142888966,0.03031057840393549
0.32045782141979096,0.0158651452845274,0.32539989457372376,0.03030587455833605
0.3205124980637489,0.01586189239750981,0.3254418649330502,0.030262938209983156
0.3206642778668754,0.015851141097366624,0.32553065577486395,0.030238880160373478
0.3207340418928229,0.015816315714080764,0.3255908820067724,0.03022883586934848
0.32092819513639204,0.01581457407286976,0.32564141225244164,0.030134733628911264
0.32101252357777754,0.01578400245680413,0.3257472981304294,0.03013024123257084
0.321091329185211,0.0157428130479406,0.32580588106201813,0.030012185389493098
0.3212627268089041,0.015741257200450467,0.32587829051431766,0.030011298802331325
0.3213727412123714,0.01572539159995185,0.32603335806486555,0.030005557917705154
0.32151542717048615,0.015705073217953436,0.32615395496374633,0.029991853443723397
0.32164536172871766,0.015690806892974883,0.32622608268994485,0.029927109016330056
0.32172169209648893,0.015688252978921916,0.3263480998485492,0.029886526954311946
0.32184649791451186,0.015667510617798502,0.3264171112797237,0.02988622261187088
0.32197568202712473,0.015666260381710255,0.32646173295221625,0.02986118954713113
0.32210962463077275,0.015653773158523,0.3265356432108062,0.02983105013178519
0.3221600140601122,0.015634656512500133,0.32657339143751396,0.029816545003780774
0.32232003496118655,0.01563224155969734,0.3266702802588872,0.0297309546479788
0.3225416848081289,0.01563185112301909,0.32675855420784644,0.029721663173467364
0.32265054383302094,0.015610919505920307,0.3267832276825086,0.02971387665674625
0.32287303120455857,0.015610536307089008,0.32684345382522284,0.02971024381100012
0.3229112222462537,0.01559349876580401,0.32700501732641896,0.029663050813144146
0.32303993813204046,0.015548230779236618,0.327112296935241,0.029620154490255415
0.32316762269557575,0.01551197125932457,0.32746219876493676,0.029566827519526526
0.32327344474452924,0.015499651680814871,0.3276121199488126,0.02955539333299944
0.32335595505231457,0.015470001269486836,0.32766982215610496,0.029536100987190127
0.32341816127972556,0.01544176718641205,0.3277311343098281,0.029515008141164922
0.3235579213723314,0.015433973553580853,0.3278021416427957,0.02950034015829778
0.3236226698581916,0.015401270318452556,0.3278836196939146,0.02949513078393512
0.3237118283328171,0.01538943235092888,0.3279384617887777,0.02948881638004099
0.32395539568041243,0.015374244601014076,0.3280595456452566,0.029437833206366434
0.32400886026928233,0.015368811169975915,0.3281307315788958,0.02942455616362383
0.324059614693835,0.0153398961947307,0.32820832393349103,0.029394949900997613
0.324121820921246,0.015334189081702605,0.3283151611987805,0.029388229621788553
0.3241804038528347,0.015331947954617306,0.3284565376423301,0.029291945969284944
0.32427294261593814,0.015321176975102761,0.3284982031148073,0.029291471255787672
0.32442801016648604,0.015319921596008462,0.32859342975643197,0.02922334976262978
0.32449901749945365,0.015316348871333704,0.32868768146349875,0.029205951822207588
0.3245550709953144,0.015302066783213868,0.32875480080637887,0.02915550773454754
0.3246366698407995,0.015294028769928664,0.3288170070337898,0.02914637254824683
0.32470055746717524,0.015284750726612768,0.32883276854836785,0.02910561790582014
0.32474011627995897,0.015273822648803826,0.32889692470011006,0.02901276334792029
0.32486930039257184,0.015262972985646103,0.3289832997735246,0.02900291830573101
0.32495567546598636,0.01526137132751083,0.3290304167840949,0.028995486178178258
0.32529711999110916,0.015252988557416303,0.3291196675704206,0.028986644630842027
0.3253476231642295,0.015227567306964231,0.3292021680923332,0.028979338853541085
0.3254362954882516,0.015216564073668129,0.3292663242440754,0.02894732742539906
0.32550422432752646,0.015187902615131517,0.32939625880230694,0.028887335278176465
0.3255893040894827,0.01518011723289416,0.3294834324522036,0.028868902219194942
0.32579476975093424,0.015177830367686397,0.3295810975005528,0.028856847855077142
0.32594198184507,0.015177220759304683,0.32962660822637657,0.028835147821797625
0.3259976828456409,0.015173492144412836,0.3296787851490013,0.028816156826287288
0.32603512721335587,0.01514774512973663,0.32981531932697,0.028811009059203224
0.3260909652501234,0.015145566436150249,0.3298755454696843,0.028797824621429758
0.32623072534272923,0.015129487459169996,0.3299794579822682,0.028779885368272234
0.32635835953280523,0.01511860025974978,0.33020551719734426,0.028708389582248063
0.32648619722146327,0.015105633360333975,0.3303210611880352,0.02869351444422078
0.3265835435918484,0.015100665524310716,0.33039879375583786,0.02867014208174149
0.32669355799531574,0.01509269749977775,0.33045054037189325,0.028658687693126038
0.32677313651679946,0.015066516453939022,0.3305847206567204,0.028651459626574987
0.3268457014557431,0.01503300972526572,0.3307843875769753,0.02863232502949695
0.3269677186143474,0.015008936799779217,0.3308492714468167,0.028632136029549532
0.32711614279755,0.015006437826308274,0.3310631087015081,0.02855970677172938
0.32727121034809786,0.015000846844682026,0.3314130105312039,0.02854830562443803
0.3273692891383882,0.015000433163049186,0.3316066457691153,0.02850446164091275
0.3274394088791097,0.01499352755185712,0.33174640586172116,0.02849382492637787
0.32749534685155385,0.014993172908498133,0.3317910275342137,0.028484693361460447
0.32755728347477386,0.014987778078457548,0.33189045155070873,0.02847698779444027
0.32771177924833217,0.014978694601252509,0.3319450866684178,0.0284723355394486
0.3277813393169848,0.014923241259292432,0.3320990512695625,0.028462890106502572
0.3278896037057002,0.014906910582564582,0.33216881529551007,0.02844136542398201
0.327963469766464,0.014896232229492242,0.3327910173241145,0.028398589822787132
0.32805920639476743,0.01486168256707538,0.3329120914626781,0.028315143114801277
0.32814335676215156,0.01485594363502056,0.3330906959059185,0.028280901205146026
0.3281728479612606,0.014848290354160354,0.3331440788269236,0.028271039209140345
0.3283212721444632,0.014815125855703935,0.33328026361016116,0.028187676290338314
0.32832968264175016,0.01478168303129702,0.3333049370848233,0.028073349864075028
0.3283716530010766,0.014762109632987457,0.3335383059560569,0.028065795604491982
0.3284905357837281,0.014755219290011974,0.3340592933488383,0.02805699846558278
0.3285293376142361,0.014729444516064623,0.334249569178198,0.028032432943578125
0.32859772979589535,0.01472879776322231,0.33430530231839506,0.027986576335239145
0.32864691746145297,0.014726878331429957,0.3343782489233637,0.02798391816790245
0.32869427386912803,0.014719433764788781,0.33450696480915054,0.027972593347813837
0.3288021070423432,0.014685824379742194,0.3345427692701709,0.027932213670261642
0.3288931939794879,0.0146729364716477,0.3345912252081399,0.027927102044851014
0.329119253194564,0.014670207386590136,0.3346753736642208,0.027901625497053384
0.32916946102036204,0.014668991656569565,0.3347310746647917,0.02790087380272178
0.32931099299302913,0.014653062786579803,0.33477458259963594,0.0277818042550332
0.32940417527070465,0.014648276848617782,0.3349147115737716,0.027771387711932695
0.32949570437299364,0.014634895601361646,0.33495933324626415,0.02776192589930276
0.3296563759666456,0.01458688807612783,0.33503813885369754,0.02770824664351054
0.32971944707577255,0.014560713419343712,0.33515921299226115,0.027697136283129906
0.32980359553185346,0.014551853927624992,0.33531103530277223,0.027675142545740977
0.32984457652840604,0.01453524767247265,0.3353711243583218,0.02767378727800824
0.32990051450085023,0.014524771396741184,0.33544328581689925,0.027668495281023137
0.3299823950469523,0.014512719729757486,0.3354879540105132,0.027668091647543
0.3300889890670465,0.0144860955443764,0.33554673132164375,0.02763746150645487
0.3302705113313327,0.014478246055624503,0.3356720417492122,0.027637227605686977
0.330298137656982,0.01446802840834776,0.33578801397377034,0.027632256487091344
0.33055873813151504,0.014459324773210236,0.3359036790986148,0.027629361189964324
0.3306263204175296,0.014459301699094845,0.33622230072598674,0.02760909805024218
0.33070589893901325,0.014446703356220803,0.3363264246796796,0.02756329285890772
0.3311423984027702,0.014443868102344026,0.33648303156839166,0.027532623273486885
0.33129152975119086,0.014442894335526459,0.33659730126346565,0.027512756385167057
0.33137403027310347,0.014435483587028869,0.3367272975865239,0.027482772304408848
0.33141610329065185,0.014427550041616668,0.33689748889753346,0.027469419065068435
0.3314811037075189,0.014414368287353735,0.3369434555796164,0.02740854537431153
0.3315779925288921,0.01439348328297418,0.33699264324517403,0.027390854988829896
0.33167152061654337,0.014387808530670607,0.3370109013794649,0.02737430194477933
0.33174393006884295,0.01438396971303346,0.3370609102428406,0.027323840468781738
0.3318923542520455,0.0143733705187977,0.33717210671517145,0.027303142891035297
0.33208145414570145,0.014348309452941839,0.3372593640461723,0.027199461567154515
0.3321365433126137,0.014342102134832732,0.33739425147922814,0.027177503165722268
0.33224066726630663,0.014326995264432466,0.3375217609334058,0.027153828005563985
0.3323247680417421,0.014296663625957433,0.3375828103381457,0.027113027296494768
0.3324104802751849,0.014272022091068329,0.33770761615616857,0.02706651376598984
0.3324574221126874,0.014265867037513457,0.33778799901352824,0.026992422305854906
0.332556732776157,0.014244363249392893,0.3378938210624817,0.02698043354569901
0.33267100247123094,0.01424351003819368,0.3379937130849412,0.02697571640040089
0.3327129728305574,0.014224351020156924,0.33806807515863324,0.026969764122626628
0.3327824254075145,0.01422209648835438,0.3381018920192877,0.026923131693965416
0.33290349954607806,0.014213955490997219,0.3382160395438571,0.02690595681887827
0.3330191646709226,0.014179134522807295,0.33831001053568993,0.02689079406256056
0.3331388024098684,0.014172192493095925,0.338391609381175,0.026882494903116907
0.3332316584578082,0.01416985947456999,0.33844219974795026,0.02687166369429257
0.3333529741001575,0.014168910765129064,0.338500053716969,0.02686951147633048
0.33343517654370786,0.014166859048723425,0.3387138909716605,0.026842987245138516
0.33355500060499044,0.014147953978805795,0.338781473257675,0.02683426138247943
0.3336833035728202,0.01413941299768089,0.3389033262565657,0.02680940599385163
0.3337191080338406,0.014120896585651679,0.3389917304035033,0.026789643618157066
0.3338193126350831,0.014117866934961743,0.339031289216287,0.02678736965738855
0.3339607157264475,0.014116468696978806,0.3396534912448914,0.026719742543054426
0.33408050618277135,0.014090800709278166,0.3399865055125061,0.02670219297940847
0.3345771844144057,0.014087837815528128,0.3400858161759756,0.026699500755763054
0.33462180608689823,0.014047870347485357,0.3404243558599255,0.026687434153335975
0.33472455250061917,0.01403844041288659,0.3404594846221505,0.026681824730358693
0.33486074953318695,0.013982769266479074,0.3405084639938785,0.026650188676325324
0.3349076806673912,0.013968361447612503,0.3405865848960309,0.026645821966411385
0.33495686833294885,0.01395086843372626,0.3406749382023016,0.026608478725440716
0.3350041587836719,0.013944934820000737,0.3407159191988542,0.02656530094649989
0.3353458519651019,0.013910040387898866,0.34085080663191003,0.026556318692475905
0.3355240625609446,0.013905621882727159,0.34094926295131556,0.02653735899233852
0.3356112362108412,0.013889796063540204,0.34102850854925487,0.026492625011229114
0.3357048500013308,0.01388455950566051,0.34122214378716625,0.026486710251146333
0.3357587912607399,0.013873650650985728,0.3413052206562069,0.026463461676003885
0.33581372052802116,0.013872668517421943,0.3413597635599045,0.02641436816348742
0.33596811830693746,0.01387211022564398,0.34145965558236396,0.026403388432215
0.33609095800551947,0.013867835462897988,0.34159304045922506,0.026348062505127706
0.3361435703824903,0.013832305187650842,0.34170418813810727,0.026315771566546776
0.33633078345455414,0.013824852747332132,0.34181420254157463,0.026296627710356957
0.3364443838961721,0.013821664232731984,0.34192535022045684,0.026231037984390058
0.33677739816378677,0.013805522302395849,0.3420108894427283,0.026184558283608265
0.3368758544831923,0.013804480859425105,0.3420923674938472,0.0261623885688297
0.3369650129578177,0.01380232807285008,0.34220803261869165,0.02611651138208691
0.33705366776580725,0.013798073669045036,0.34230157219115187,0.026101879919531282
0.3371285590921149,0.013788515599816762,0.34245149337502767,0.026052135432557758
0.33718875784372976,0.013786780434101717,0.3424599038723147,0.025998553702836116
0.3372545720213215,0.013776704038845324,0.34256857903832744,0.02598729331337477
0.33747263046996934,0.01376719896011757,0.3426253737078623,0.025982058347336214
0.33758148949486133,0.013751135791363943,0.3426992397686261,0.02597821612413327
0.33766874682586223,0.01372823979997354,0.34278000813160664,0.02596896248035801
0.3377468384723326,0.013707597327157312,0.3428060829886871,0.02594873258338944
0.33780280450695604,0.013690433098834234,0.3428620209611313,0.025911445267132734
0.3379881751676208,0.01367300135632613,0.34298682677915415,0.025901197394717027
0.3380549404564371,0.013665318801825487,0.34300442138328047,0.025827457692840547
0.33814514364093157,0.013656021080103551,0.3432169563523805,0.025767595539336188
0.3381746348400406,0.013649937402240193,0.34333943245312437,0.02574933529394099
0.3386845230144477,0.013647380736108385,0.3434731775384458,0.025749118567336148
0.33872618848692493,0.013632524034678309,0.3435633807229403,0.025739459202381455
0.3388407936369583,0.013618782839393342,0.34367138253256607,0.025737669745980102
0.33898217008050785,0.013612672896499327,0.34380009841835285,0.02571321414718415
0.33902348538099053,0.013607500971904243,0.3438775588335602,0.02566174635875757
0.3392231523012455,0.013602689637150805,0.3439113756942147,0.025659828918147453
0.3393542310420625,0.013577117267984848,0.34406798258292676,0.025595104070160014
0.339479541469631,0.013563226190837021,0.3441780363847253,0.02554351124386497
0.33963393924854735,0.013562828168653928,0.3442650847465694,0.025534733605276128
0.33968212000556713,0.013556908406349405,0.34433460782938025,0.02549684041663242
0.33980175774451293,0.013533655825324255,0.34443242658049056,0.02543376336457673
0.33986256111780205,0.01352925926659,0.34451373195173063,0.02542616467090349
0.3399226501733516,0.013524529560773822,0.34461218827113616,0.02542107733481155
0.340025971031392,0.01351447089422268,0.34512207644554327,0.025381742407007267
0.3401203767555231,0.01350641921821866,0.3452892350364495,0.02535749023788896
0.3401952680818307,0.013495636192062134,0.345419169594681,0.02534730082540511
0.34022134293891115,0.013494038320553495,0.3454979752021144,0.02533139224691183
0.3403578771168799,0.013466522855424675,0.3455457474541641,0.0252404023592601
0.34040846748365516,0.01346243994312544,0.34559853814298735,0.02517928197088988
0.3405304846422595,0.013427235587309424,0.34563498441114887,0.025122867426138902
0.3406031078462213,0.013421844019655415,0.34578452802343607,0.025100158210497287
0.34072451171432916,0.013284525426298785,0.3458911174564024,0.025095030734841782
0.3407955101406236,0.013282433528030064,0.34604858288555096,0.02508655876153425
0.3408672925835166,0.013260532681491386,0.3461102206828768,0.025083535392969574
0.3410247580126652,0.013248629457842276,0.3461476650505917,0.02506410920550252
0.3411524881246809,0.013234406277701229,0.34619438054731444,0.025044199384736905
0.3411902363513886,0.013231694929670159,0.3462360460197917,0.02502689135715159
0.3412654113235952,0.013223147443093993,0.34628998727920074,0.02501885700894944
0.34134592498205557,0.013211045675601652,0.34638329525267353,0.02499861376037886
0.3413854837948393,0.013210612868045713,0.3464801840740468,0.024983947133516402
0.3415154801178976,0.013199228604567542,0.3465789214739576,0.02494593651222537
0.34163407397095846,0.013179992702215693,0.346649068474111,0.024919100317945638
0.3418282558076244,0.013179159962180168,0.3467974926573136,0.02489875438552538
0.34192003738033244,0.013173042968912156,0.346823567514394,0.024885327606127734
0.3420199294027919,0.013167449502743718,0.34685215816686815,0.024877400630016634
0.34212520988184203,0.013141993203885448,0.34690562275573805,0.024865134673568472
0.34224252322967397,0.013139041741384071,0.34704599551023396,0.024832582864465443
0.34232649576090785,0.013113295092620448,0.3472401487538031,0.024810195115114165
0.3424142411962887,0.013086276905782903,0.34736933286641597,0.024800624205208847
0.3424653230610691,0.013065862942247153,0.3474088916791997,0.024794539578751686
0.3424981858968234,0.013061075381909988,0.34754507646243726,0.024755443683345466
0.342580686418736,0.013059215205163127,0.3475851287864656,0.02471431728497782
0.3426785051698463,0.012997732003527196,0.3477597127310869,0.024689886580185446
0.34277696148925185,0.012995704070684285,0.3478175667001057,0.02468252047084874
0.34289110901382125,0.01298271428508761,0.3478742647171582,0.024630539727422844
0.34298823636584175,0.012978938157710031,0.34798850360202355,0.02462558974444994
0.3431224166506689,0.012952166327311998,0.34807645826989636,0.024621904603924848
0.34316838333275185,0.012942608872875449,0.3482211660640657,0.024600402890052456
0.3432461159005545,0.01293266106995717,0.34873105423847284,0.024594828980077827
0.3433376450028435,0.012922122780555437,0.3487812620642709,0.024576836185780028
0.3433766939903474,0.012900240761829362,0.34884838140715096,0.02453505778953145
0.34360456017701263,0.012871268101317494,0.34894236909952697,0.024516060321919688
0.3437202253018571,0.012865353611969938,0.3489848934140019,0.02443162418476669
0.34381302329714586,0.012857654422458155,0.3491423588431504,0.02442978899025216
0.3438854327494454,0.012857052152607835,0.3492121013435759,0.024418836409471924
0.3439404832952897,0.012848343741039858,0.34932638242152264,0.02439822523684263
0.3439652775919258,0.012831624668177694,0.34948078020043893,0.02439517842437975
0.3440205548310792,0.012820753416526984,0.34950557449707503,0.024363462506759945
0.34409864647754956,0.012820506785218158,0.34969467439073093,0.024362535459595665
0.3441493853525884,0.012811682759980781,0.3497495884312962,0.024361628416121387
0.34427987526759074,0.012802868109182877,0.34978753985077754,0.024353281653226467
0.34434118742131387,0.012800568677115858,0.3498986875296598,0.02434328080675275
0.3445157713659352,0.01274174011648603,0.34994502221832036,0.024343131988616252
0.3446129721204957,0.012740611592621439,0.35006413177498036,0.02431441857928762
0.34473405597697454,0.012725595517832589,0.35011880841893833,0.024302611010100672
0.344806217435552,0.012703221267438624,0.35019121787123786,0.024281090283482402
0.3448536746623505,0.012691720313160994,0.3503026898260791,0.024280123933158815
0.3449950777537149,0.012691529988108506,0.3504208319999528,0.024266253846335455
0.34505293172273366,0.01268897010971095,0.35049702281710177,0.02424160727828257
0.3451440398031398,0.012682423150291333,0.35055286085386933,0.024198480789908567
0.3452116220891543,0.012675908408726452,0.3506640573262002,0.02418704889336427
0.34533157710444184,0.01265721594396355,0.3507618760773105,0.024175401572220416
0.34536802849914344,0.012656366747942616,0.35091547798954803,0.024161517636234277
0.3454822673840088,0.012641235982063074,0.35106965743816887,0.02415755319548764
0.3455286781297972,0.012639925456039624,0.35119742981971813,0.024154526242356464
0.3456006028331158,0.012629553006682198,0.3512669529025289,0.024154450022928157
0.3457058192707646,0.012628169341646176,0.3512998157382832,0.024126518479124996
0.3457558281341403,0.012628072226308427,0.35135031891140356,0.02411698485770857
0.3458972312255047,0.012608715833923555,0.3514053694572479,0.024116113682821228
0.3459895638736643,0.012599690152209528,0.3515092819698318,0.024100704820824374
0.34608089651946183,0.012596216283603492,0.3515818469087755,0.024071535791611868
0.34617102828917173,0.012595699415528714,0.35172337888144256,0.024049294355445876
0.34627929267788715,0.012583500929426719,0.35187844643199045,0.024035058746169544
0.34634687496390165,0.012580232727491166,0.35239943382477185,0.024016246192191858
0.34642738862236194,0.012576554279210294,0.3525545998796426,0.024001711745312366
0.3465254674126523,0.012576159335447295,0.3527083307411402,0.023974735841841108
0.34668207430136433,0.012574940867830274,0.35284207582646165,0.023970455888561233
0.34676844937477885,0.012570000552560951,0.3529532235053439,0.02395305773654547
0.34679324367141495,0.012564835793362211,0.3530039623803827,0.02394607774894207
0.3468855763195745,0.01256340503506332,0.3530509042178852,0.023945593677887275
0.3470189611964356,0.012548123070876415,0.353187438395854,0.023928665527830746
0.3470678194764835,0.012531362279537505,0.35329544020547976,0.023806730107558325
0.3472043536544523,0.012516061153991087,0.35340429923037175,0.02375408096842913
0.34729923606611185,0.01247273983641417,0.3535048218384985,0.0236449218080991
0.34764913789580765,0.012471877361857715,0.3535887943697324,0.023624384819423905
0.3478095066200972,0.0124707014630739,0.35360638897385865,0.02360228963370007
0.347945703652665,0.01245931478084041,0.3536605587359439,0.023534285303666014
0.34804559567512444,0.012446737420443737,0.3538033644520737,0.02353202808230638
0.34811533817554985,0.012439308346651048,0.35389252292669915,0.023529829677917922
0.3481882730493638,0.012430262198939874,0.3540469207056155,0.023514161425486447
0.34828542005807656,0.012414735604957972,0.3541153976981716,0.023491649536611023
0.348374578532702,0.012409889994941923,0.35433345614681944,0.023472980770935695
0.3484736226840445,0.012398024237781425,0.35435593163547086,0.023432173405279342
0.3486149991275941,0.012387483535405298,0.35443753048095594,0.023398789136139332
0.348677909500364,0.012377545311951167,0.35449375676712636,0.02336342376047303
0.3487818220044532,0.012362515577749702,0.3546157739257307,0.02334116915193131
0.3489705557603613,0.012348966789766033,0.35470504050366874,0.02329190672380782
0.3490195351320893,0.012344520486833519,0.3548347563663335,0.023274623619097542
0.34913377401695467,0.01231695063864373,0.35489484542188304,0.023269808763434274
0.349161400342604,0.012316534474114705,0.355010389412574,0.023243943649723292
0.3492719484244159,0.012298046736785839,0.3550531884195539,0.023238014178037926
0.3494729660329556,0.012297914644375173,0.3552132093206283,0.023175366410538755
0.3496033193874635,0.012208485946899857,0.3553057480837318,0.023168116504531235
0.3496433717114918,0.012203215854769344,0.35534790707594827,0.023157907471083837
0.34968933839357474,0.012198368886090629,0.35544842968407503,0.023097320151017686
0.3497764054776961,0.012197329305582798,0.3554958869108735,0.02304710793337131
0.34988162191534494,0.012188993093129282,0.3557084218799735,0.023042200102818627
0.3499768485569696,0.012178974791980178,0.35576333592053877,0.02302848665727179
0.3500015220316317,0.012154456004315303,0.35586992994063293,0.02299908540224459
0.3500947043093072,0.012142586855860537,0.3559119002999594,0.022972332195533303
0.35018024353157867,0.012122002713462506,0.356005514090449,0.02296059172360857
0.3503516411552718,0.012109916425924173,0.35610963804414186,0.022933010879783566
0.3505052430675093,0.012086916963225131,0.35621716965617556,0.02293238240825433
0.3506303338481067,0.012055357321785165,0.35632444926499757,0.02293138335639087
0.3508300007683617,0.012053709370225955,0.3564848179892871,0.02292713373503821
0.3509098143801468,0.012041827154915112,0.3565924334013505,0.022893542719152754
0.35095233869462167,0.01202391610143454,0.3566720119228342,0.0228818789888757
0.35100725273518696,0.012016171182935426,0.3567538924689363,0.022874308033654835
0.351033664695195,0.012010901526971594,0.3568031231982801,0.022866445035860127
0.35124182318756675,0.012004757144467103,0.35685796529314323,0.02286443707914199
0.35130231292873243,0.011991067703779107,0.35696187779723243,0.022850130913169276
0.35137458494558527,0.011989888282562674,0.35709181235546394,0.02281906989756034
0.3514296145902666,0.011969548185184118,0.35713777903754684,0.02281581487382861
0.35152807090967214,0.011965292123528799,0.35719371700999103,0.022779865883245244
0.3515705952241471,0.011922488726426874,0.3572662142633151,0.022739198626541036
0.3519078217663029,0.011920315103208127,0.3573561725801302,0.022719111209197607
0.35197727434326,0.011918950961553489,0.35742006020650596,0.022705360715941498
0.3522133403607119,0.011915598880773074,0.35746939423966745,0.022689086824989397
0.35232722976589925,0.011914979087982969,0.3574988854387765,0.022662575320235398
0.35243523157552503,0.011896123652367556,0.3576860985108403,0.022660821513592024
0.35248802226434833,0.011892533584812931,0.3578797337487517,0.022660647959511355
0.3526335003731956,0.01189251076784005,0.35799272399193716,0.022637617811609355
0.352767245458517,0.011890852612849865,0.3582454058775877,0.022622752154204607
0.35283958386130326,0.011890628512612427,0.3583530212896511,0.022617693975866326
0.3529162823715671,0.011888368148780649,0.35851369288330304,0.022549647561192536
0.3532442132520759,0.01188689035177575,0.3586350967514109,0.02243439415369504
0.3532959598681312,0.011872158520454576,0.35875654259173845,0.02242560890221281
0.3533567493908427,0.011867781070782527,0.35880431484378816,0.02239667521216515
0.35342513324771446,0.01186662769564496,0.3589070612575091,0.022371195119144056
0.35348733947512545,0.011858190945693396,0.35895824590368425,0.022370541133589272
0.35354838887986534,0.011852615540747003,0.35905078466678775,0.022353892763065975
0.3535760152055147,0.011836900790975236,0.3591234078707496,0.0223491898452903
0.35366597352232976,0.011831864491319836,0.359248498651347,0.0223140195659287
0.35372417711543613,0.011817159481066552,0.3593132471372072,0.022305432424331757
0.35434637914404055,0.011814081504019214,0.35935069150492216,0.022279708418185426
0.35438845216158893,0.011806010497744664,0.35947213734524974,0.02223691382849814
0.3545171680473757,0.011782531428320458,0.35960833437781753,0.02223494470061598
0.3545984734186158,0.011764159804264446,0.35969319631066454,0.022226087334652964
0.35475243801976053,0.011763445117823254,0.3597545692523262,0.022219128647212653
0.35484122886157426,0.011758964650722575,0.35990906502588443,0.022207051142737678
0.3548837531760492,0.011752501589973445,0.360027947808536,0.02219648108751118
0.3549207835937034,0.01174884763239908,0.3600738783542452,0.022172947631605315
0.3549704479510369,0.011729672978751719,0.36014333093120227,0.02215879639694085
0.35510698212900565,0.011726865959834375,0.36021608205656785,0.022156738233216487
0.35525389164259813,0.011723163077018041,0.3602828473453841,0.02214367907320371
0.355330677248828,0.011722975957889726,0.360412031457997,0.022126667436454882
0.3555243124867394,0.011705729773536826,0.3605985475754495,0.02211143744714021
0.3556153994238841,0.011703002292430003,0.3606390351159729,0.022081663582254146
0.35573599632276487,0.011687455020152152,0.36066666144162224,0.022052928030839896
0.3560858981524606,0.011682422186114956,0.36080642153422815,0.022033275207430744
0.356227051916438,0.011680189718660238,0.36093980641108925,0.02201385657448846
0.3563346673285014,0.01167318638722605,0.36101861201852264,0.021977781682315248
0.35647619930116853,0.011672089171554975,0.36114062917712697,0.02190850953021915
0.3566305970800848,0.0116709927686853,0.3612506435805943,0.02190413876412109
0.3566704879626975,0.011670348930212696,0.3613439515540671,0.02188830522109226
0.3568125581583636,0.01164327098326988,0.3614022484485041,0.02188020400246469
0.35690608624601483,0.011633238975793147,0.36145333031328447,0.021772514356959618
0.35699368149543265,0.011620728525137892,0.3614988410391083,0.021730422687470184
0.35711049093877756,0.011590263551242198,0.3616077000640003,0.021695510218699095
0.35716926824990813,0.011582621016311193,0.36167962476731885,0.02168539178671793
0.3572169918359294,0.01156140528969211,0.3617906477187975,0.021626493032813148
0.35738838945962254,0.011549295205951849,0.3618455769860787,0.021626330677486486
0.3574732513924696,0.011517604402782806,0.36196238642942363,0.02162153710453096
0.3576307168216182,0.011512865674011817,0.3620093175636279,0.021568127241797685
0.3577525698205089,0.011505665306861465,0.3620834913612065,0.021560848526542168
0.3577708279547997,0.011499541309800002,0.3622248944525709,0.02154728827109029
0.35790701273803727,0.011481867609668066,0.36243305294494266,0.021546239754475918
0.3579334246980453,0.011481270560900751,0.36253018029696316,0.021532279119654118
0.3582864127133676,0.011478029235743125,0.36262730764898365,0.021485153147447703
0.3583497690526516,0.011472736470268544,0.3627271996714431,0.02143564008437396
0.35843972736946667,0.011467143198773285,0.36276364593960464,0.021428759235856364
0.3584902675793969,0.01146433346144328,0.3628452447850898,0.021417277962789274
0.35863307329552674,0.01146281060504013,0.3629153645258113,0.0214076150455142
0.35870322029568014,0.011461305819497686,0.3629635452828311,0.021391289839376163
0.3587767195646057,0.011438638200423484,0.3630570733704824,0.021390212247520742
0.3588772421727325,0.011429813987121909,0.3631870696935407,0.02137965040034584
0.35893180878083786,0.011414672705662677,0.3633474384178302,0.021332135531113225
0.358988679337607,0.011401145148501575,0.3634176091563701,0.02129296343449984
0.35910422332829794,0.011385442930243458,0.36350626396435964,0.02124898072474084
0.3591732347594725,0.011370911588984945,0.36366066174327594,0.021240661786324208
0.359259609832887,0.011361409493305791,0.36380908592647854,0.02122635659027001
0.359374331292095,0.011315593474134772,0.3638672895195849,0.02121212791140578
0.3593991255887311,0.01130688322463716,0.3639778376013968,0.021209288805806983
0.35949835506853267,0.011301849815920568,0.36432773943109253,0.021205237472005457
0.3595268753468207,0.011288315187445061,0.36442269382668036,0.02118609045054565
0.3596179834272268,0.01127101749779678,0.36453741528588834,0.021116057681162984
0.35972898620383764,0.011254997444184992,0.36464567967460376,0.02108733515155675
0.35983941548753334,0.011254192693558946,0.36483986151126974,0.02108707987587086
0.359982101445648,0.011244132677879898,0.36488152698374693,0.02107933821922234
0.3601182984782158,0.011218859885117121,0.3649957658686123,0.02107386272892496
0.3602368923312767,0.01120998776666598,0.3651455570498875,0.020984898537810534
0.36028330307706513,0.011196911304801854,0.365317348877755,0.020950064897280803
0.3604014452509388,0.011174451595236628,0.3654074806474649,0.02094840312236831
0.3605225193895024,0.011167606998725734,0.3655486344114423,0.020923535805105444
0.3606289946199751,0.011159247279455348,0.3656476785627848,0.020884992333511408
0.36069611396285517,0.011156976515044709,0.36569020287725973,0.02084091593379992
0.3607562030184047,0.011155633256348814,0.3658044573073916,0.02081266026686822
0.36084217845104893,0.011136239700877817,0.3658901695408344,0.02078882979760132
0.3609533749233798,0.011136161299268026,0.365931150537387,0.020780432260812744
0.36103262052131907,0.01113374595596669,0.365989468481644,0.0207253074698037
0.3611357843891568,0.011122831865994968,0.3660838932508502,0.02072004381832896
0.36119265494592584,0.01112019461441011,0.3662115778143855,0.020699359340715463
0.36130680247049524,0.011098188234296667,0.36634776259762303,0.020644363346322893
0.3614107149830791,0.01109075372902986,0.3664719341517817,0.02062850850236216
0.36160435022099047,0.011082162819775043,0.3665395164377962,0.020624819017682067
0.3616546310160998,0.011068716421920963,0.3666042649236564,0.020617357670860145
0.3617354673450244,0.011067061911075664,0.36664633794120477,0.02061387425382712
0.36188348036866896,0.011063653331117735,0.36668716359127546,0.020609612306085476
0.36193348923204466,0.011052089888410648,0.3668617475358968,0.020580719994258645
0.36205766078620333,0.011037298873272388,0.3669230596896199,0.020579735519182744
0.3621790646543112,0.011032759958498149,0.3669595110843215,0.020571712408577164
0.36236443531497603,0.01101805393258973,0.3670471063337393,0.02055969938328939
0.3624685592686689,0.011004320360408623,0.36710203560102056,0.020554092717686344
0.36282597410020007,0.01100078223105602,0.3672218596623032,0.02053280816722784
0.36287194078228296,0.010993659898123795,0.36730912199667126,0.02051663489798768
0.36294683210859063,0.010989805522369505,0.36779699263705984,0.020443771316006405
0.36299737231852086,0.01098351291477059,0.3678553120211653,0.02043536003916431
0.36305569026277784,0.010978939660076069,0.36799075408894405,0.02043310641633518
0.3630973557352551,0.01097664436574648,0.36804129429887433,0.020432745788019333
0.36323748470939077,0.010968930096606403,0.3681897184820769,0.020432551200290222
0.36346535089605597,0.010965804279341608,0.3685176493625857,0.02042712372679798
0.363521251330504,0.010964599536890149,0.36857292660173907,0.020399559048578562
0.3636206753469991,0.010938879133341049,0.3686439250280335,0.020358045857844217
0.3636605662296118,0.010926293697436484,0.3689853695531563,0.020338107773723704
0.3637110694027321,0.01091942250371721,0.36909320272637147,0.020256863232603364
0.36380468319322173,0.010916686485238164,0.369341145327461,0.020233257607518745
0.36391570614470037,0.01091025056599969,0.3693911541908367,0.020229839993366375
0.3639629965954234,0.01089861339139046,0.3695208700535015,0.02022878678373637
0.36405095126329623,0.010898536369103424,0.3697218876620412,0.020220553118734778
0.36410700475915697,0.010891609751671182,0.36988190856311554,0.02021773787805333
0.3641946504245075,0.01085499769173174,0.3699660589304997,0.020214967152754622
0.36425260064675863,0.010846847425562531,0.37006004662287567,0.02019888329315235
0.36431971998963875,0.01084179903493928,0.37013245607517525,0.020188469251683647
0.3643971804048461,0.010840883283017397,0.37020734740148287,0.020178047832592347
0.3645060394297381,0.0108196640306031,0.37045091474907826,0.020171234398211432
0.3645389022654924,0.010818826511964022,0.37073262234867005,0.020164841037285525
0.36462806074011783,0.010815070342725577,0.370795693457797,0.02016169782062061
0.36469221689186004,0.010803248794228087,0.3708880261059566,0.02015375232843677
0.36479067321126557,0.010796226552056913,0.3712066477333285,0.020090021155925376
0.3649248534960927,0.01078018686144581,0.37124620654611223,0.020045789255784225
0.36516672443886905,0.01078005507896961,0.3713094271064124,0.020033590627981636
0.36527433985093244,0.010780017016389866,0.3713652651431799,0.020025608463614467
0.36540469320544033,0.010773817760990411,0.37146162318289494,0.020024447936687284
0.36548720351322567,0.010769222108406043,0.37158536356402677,0.020019234655194028
0.36562058839008676,0.010767555170209752,0.37168344235431705,0.019979619336265797
0.36566521006257924,0.010741450534990905,0.3717530024229697,0.019923916169264484
0.36575471320039854,0.010738436957248264,0.37180045964976816,0.019902565926351236
0.3657872293745853,0.010721322260078707,0.3719043721538574,0.01989896203515605
0.3658277169151087,0.010707131920279871,0.37199545909100207,0.0198967039893959
0.3658711400815296,0.010703455856707707,0.3721409371998493,0.01989371789670472
0.3659674981212446,0.010674681593197488,0.372232024136994,0.019870445998103413
0.36606102620889586,0.010670565040786041,0.3723055234059196,0.01986458926779832
0.3662079357224884,0.010634938415032455,0.3724004778015074,0.0198590312751445
0.3663270452791484,0.010627198091690975,0.37244692725755796,0.01982370885143485
0.3665135613966009,0.01060375979744979,0.3725896132156727,0.019818337431464026
0.36659576384015125,0.010596484817030646,0.3727056391181211,0.019814342455584062
0.3666555012201477,0.010587661205436439,0.3728421732960899,0.019802363009585235
0.36672766267872514,0.010586215090372601,0.37287093068004235,0.019778692842337783
0.36683264777222696,0.010585546630946584,0.37307908917241417,0.01977327782428451
0.3668886138068504,0.010578867998201968,0.3731263796231372,0.019749234613453372
0.36694278356893556,0.010556258452949259,0.37346807280456723,0.019737163213381235
0.367001102953041,0.010553189948524378,0.37354041120735343,0.019725290790702434
0.36706241510676413,0.01054942526271005,0.37364741010094155,0.019723035223595
0.3671512059485779,0.010521817796271822,0.3736652331801363,0.019713425597082467
0.36720588259253584,0.010513637418050484,0.37387069884158775,0.01969966388046049
0.3673852767523059,0.010505338943884076,0.3739212020147081,0.01965653900913738
0.367456574072452,0.010486203351404636,0.37397932724862804,0.019629961722470102
0.36748124754711414,0.010465689286967046,0.3740884079762039,0.019621451541266006
0.3677244788960905,0.010464629667967547,0.3741651935824338,0.019593919572311932
0.36788484762038004,0.010448474392699603,0.374215733792364,0.019570498953767636
0.36794973149022137,0.0104473902429149,0.37435951425616876,0.019554963624273915
0.36809088525419875,0.010444161399410283,0.3743777723904596,0.019548835525048956
0.3682610765652083,0.010429096236077722,0.3744165742209676,0.019544897021138836
0.3683830937238126,0.010425334829286611,0.3744639306286426,0.019538207962313734
0.3685384230124767,0.010419057414129598,0.3745588130403022,0.019525193585897906
0.3686096089461159,0.010398676404009688,0.3746489448100121,0.019494669211244476
0.36864559338394626,0.010398194245254788,0.3747165270960266,0.01948883051832865
0.36875948278913356,0.010380083830827497,0.37479634070781165,0.01946791012290747
0.36881415943309154,0.010355474378045052,0.3748661047337592,0.019456799351290514
0.3689280488382789,0.010340449365567822,0.3749372906673984,0.01944332219411137
0.36909984066614643,0.010337032963487822,0.37497734299142677,0.01942579792073356
0.36920801490081057,0.010318348383396486,0.37502579892939575,0.01942269825729879
0.3693596323026225,0.010315594684553942,0.37507176561147865,0.01937974780470756
0.3694874046841717,0.01029892617113878,0.3754047798790933,0.019348543949318325
0.3696157764759083,0.010298294133636428,0.37554685007475935,0.01929687433551168
0.36971344152425756,0.010278085120845949,0.37564046386524896,0.019279728285436143
0.3698581493184269,0.010277831825333346,0.37578502769156186,0.019271557350928906
0.36994122618746755,0.010266629835429199,0.37584323128466823,0.019251661700378092
0.37017729220491946,0.010257443660982678,0.3759554336631646,0.01920633362165796
0.37024204069077965,0.010256976937948614,0.3759805757256767,0.01920334616477568
0.3703995061199282,0.010245372294835662,0.37612210769834387,0.0191829023264832
0.37044969605168043,0.01021863062931746,0.3762157214888335,0.019162254872272654
0.3704913615241576,0.010201928882959066,0.37627594772074185,0.019131249053358994
0.37061556333637063,0.010180563724272274,0.3763343053563966,0.01909571967836236
0.37069436894380403,0.010166888629614403,0.3764335348361982,0.01909461908480097
0.37078154259370066,0.010153127489062379,0.3765011171222127,0.019067306531285366
0.37087868960241344,0.010141881975488464,0.37665858255136125,0.019052787915049926
0.3709898860747443,0.010141433069997749,0.3767188087832697,0.01902466847101516
0.3711123621754882,0.010140726943132212,0.37693686723191755,0.019022717271950353
0.3712176426545384,0.01012604580841904,0.3772942820634487,0.018989620596803685
0.3714067425481943,0.010124210973967991,0.37734122390095126,0.01895501311328768
0.37149089291557846,0.010123346425846775,0.37744769913142395,0.018948296358192288
0.37161350159281137,0.010122771009814197,0.3775354445668048,0.01893757185715643
0.3721013722332,0.010117936725680428,0.377596756720528,0.01890850430563415
0.372162816861476,0.010081474062730083,0.3776471322780531,0.01890135042298698
0.3722112260914406,0.010072795401611512,0.37776677001699893,0.018851634531390053
0.3723446109683017,0.010062699374798041,0.3778038004346531,0.018842900926606156
0.37240290786273866,0.010056190088201612,0.3778789754068597,0.018842184351215638
0.3729127960371458,0.010036668277531016,0.37822066858828973,0.01883691978733586
0.3730151343663833,0.010020980972225266,0.3782605594709024,0.018818845212217165
0.37308351822325503,0.010019484017813711,0.378381633609466,0.018800212605985796
0.37312146964273635,0.010003363015076512,0.37844242313217746,0.018776335523190555
0.3732001961561934,0.009999643533540622,0.37856816531890575,0.018761092449636217
0.37329865247559896,0.009965613194913677,0.3786184607843295,0.01873528932801702
0.37341753525825044,0.009962546504475712,0.3787327304794035,0.018704744304114788
0.3735576642323861,0.009955362504023436,0.3788269821864702,0.01868161367008372
0.37365067038134225,0.009925791854058338,0.37892123306105824,0.018649862838721117
0.3737231676346664,0.009921961388374347,0.37909263068475135,0.01860347596874337
0.3738749899451775,0.009914000182934694,0.3791831571173484,0.01852892658265559
0.3739667715178855,0.009875817785169506,0.3792388581179193,0.01852465493410292
0.374041977877939,0.009872855582142964,0.3792867746223973,0.018510797091491598
0.3742033347035422,0.009869057207615672,0.3793579605560365,0.0185036819659251
0.37428206121699925,0.009869045552807994,0.37944621032063847,0.01843227771482854
0.3744318523982745,0.009850300661717899,0.37950038008272363,0.018423313128994267
0.37454285517488534,0.009814828836865219,0.37950879058001064,0.01842262941887161
0.37467393391570236,0.00980110220471865,0.37985048376144065,0.01841718389288079
0.3750124735996522,0.009780304560212177,0.37992484583513264,0.018415339172980428
0.3752179392611037,0.0097704181575283,0.3799907520908209,0.018385209650631496
0.3754317765157951,0.009767262924705217,0.3800630241076738,0.018375946761536918
0.3756753438633905,0.009765382365453821,0.38015028143867463,0.018373828002592987
0.3758030284269258,0.009760337450140785,0.38025818178782855,0.018298342558122776
0.3759011072172161,0.009753692361526914,0.38042563047209677,0.01826082091996926
0.3759298646011686,0.009749259720175697,0.3805167385525029,0.018257513785534404
0.37599130922944457,0.009743946633419284,0.3805897563259104,0.018252171547361435
0.37611711066657405,0.00973913434043425,0.3807180592937402,0.018245888714017458
0.37636505326766356,0.009734655288536228,0.380829062070351,0.018232655145802586
0.3765105313765108,0.009729987728900973,0.3810226973082624,0.018225663482569845
0.37659650680915496,0.009711936566211148,0.3811078451975617,0.01819896029700392
0.3767710907537763,0.009711680668104088,0.3811993742998506,0.018192615978288428
0.3768075370219378,0.00969808365789211,0.3813545403547213,0.018154557296396673
0.3768530477477616,0.009697962023790918,0.381424100423374,0.01814694265808035
0.3769822318603745,0.00968643357848816,0.3815128912651877,0.018105106786489814
0.37705516673418843,0.009684047079563817,0.3815548616245142,0.018065318627984127
0.37710578286533164,0.00968390754849119,0.38159683198384065,0.018062753628040044
0.3772218087677801,0.00966931095232506,0.3816146550630353,0.018015849040704617
0.3773280850443251,0.009668498908383947,0.38167609969131133,0.018014277745666052
0.3774423547393991,0.009667265649361233,0.3817440285305862,0.018006006759397036
0.3775851604555289,0.009664173449063009,0.38184719239842385,0.018005909049319955
0.37764327334667713,0.009663350061162696,0.38190406295519297,0.017958031297416716
0.37780073877582565,0.009661648700814658,0.3820293733827614,0.017939284152363125
0.37780914927311265,0.009655004654041201,0.3821041327781758,0.017937389809551105
0.37786407854039394,0.009650408350102528,0.38228234337401845,0.017906630804802308
0.37800061271836266,0.009647260251761913,0.3824165236588456,0.01790317610190744
0.3781205677336502,0.009643274877932016,0.382531128808879,0.017888750392949467
0.3781787713267566,0.009637886156007228,0.38265876299895496,0.017870767963227212
0.3782730230338233,0.009637662416192924,0.38273092445753243,0.017855322669719734
0.37840065722389926,0.009632199907640101,0.38277605432857326,0.017818370858806214
0.3785281666780769,0.0096311250996069,0.38288483121839306,0.017814838743518857
0.37857702495812484,0.009623029702367045,0.3829340188839507,0.01779184838411309
0.3786984707984524,0.009615505603755153,0.38302397720076575,0.01778146947115872
0.37886591948272064,0.009607828711039258,0.38309881659059275,0.017757460243915144
0.3790212487713847,0.009600417866187974,0.3831419627794394,0.017751684693600247
0.3792546176426183,0.009594760493189879,0.38320531911872335,0.017702568577672714
0.37930054818832754,0.00958342044703421,0.3833468510913905,0.017700196111539696
0.37940582866737765,0.009572408111382144,0.3834830481239583,0.01769956529531368
0.37962747851432005,0.009561074822425498,0.3835579394502659,0.01766793815151915
0.379692015045143,0.009544302385506282,0.3836237536278576,0.017648205657346754
0.37976854694073037,0.009541623857556471,0.3836413482319839,0.017645948440138694
0.38011844877042616,0.009540922614741681,0.3837688576861616,0.017645685034605438
0.3802033107032732,0.00954014012367011,0.3838660046948743,0.017618982783845605
0.38026162864753016,0.009538272360348618,0.38394993911047376,0.01759618779107527
0.380310859376874,0.009532053173737814,0.3840183229673455,0.017590289443407434
0.38044004348948685,0.00951313883805829,0.3841397268354534,0.01758685217951633
0.3805059497451751,0.009504394255080872,0.38422888531007887,0.017563437274368137
0.380568860117945,0.009497299438885515,0.3843369994193897,0.017531344197986572
0.38064564572417486,0.009496522989071565,0.38440994602435835,0.017519859131965743
0.38079982517279576,0.00949113902968504,0.38450802481464863,0.01750320614043423
0.3808997171952552,0.009490210975891642,0.38453443677465665,0.01748659584667325
0.3810090163040946,0.009487078779878656,0.38461748302886634,0.017478977669098533
0.3811032671786826,0.009484086678130721,0.3846532659728593,0.01746505826539945
0.381725469207287,0.009482215676673142,0.384831476568702,0.017422188315203684
0.3818770866090989,0.009471808167027175,0.3849366930063508,0.01741535790905597
0.38191871552896306,0.009457399281379713,0.38508217111519805,0.0174120641869466
0.3821197331375028,0.009448107951426985,0.38511503395095237,0.017408451230688477
0.38219275091091026,0.009436907143019929,0.3857372359795568,0.017408009194952112
0.38226569751587897,0.00943595355275472,0.3857782525348447,0.01736575108261257
0.3823414752111986,0.009424446939277714,0.3858674110094702,0.01735501164871471
0.38242224357417914,0.009416667479091801,0.386149118609062,0.01735457645071284
0.38252871880465183,0.009413099062888569,0.3862050565815061,0.017345209171077652
0.3825738486756927,0.009405062008639239,0.3862633745257631,0.01730988309722448
0.38270356453835747,0.009403545803486226,0.38631049153633334,0.0172795822183332
0.3827684484081988,0.009398573270796684,0.38641875592504876,0.017264982199715784
0.382822618170284,0.009389426309475719,0.38676865775474456,0.01724689942296999
0.3828839911119456,0.009375625453711704,0.38684092977159745,0.01723782940368874
0.3829565560508893,0.009373284594236723,0.3868840759604441,0.017223052427872292
0.3830123940876568,0.009366940071276883,0.3869812033124646,0.017197153569708884
0.3831189835206231,0.009357909833869797,0.38710115832775216,0.017181755827190517
0.38318850660343395,0.009353737040504915,0.38718822541187353,0.017163571665170727
0.38326077862028685,0.009344287078778263,0.38725310928171486,0.017152527268232822
0.38335004519822485,0.00934172998514767,0.3873381890436711,0.017143891050667583
0.3834313505694649,0.009336744410783172,0.38746656083540776,0.01714315231700118
0.3835404312970408,0.009322237368674928,0.38752705057657344,0.017130760452178276
0.3836361679253442,0.009290645215158284,0.3875993889793597,0.017126234586294784
0.3837105299990362,0.009284117492052602,0.38767571934713096,0.017110312659177816
0.38383254715764054,0.009265607879273474,0.38782968394827566,0.01710271635574028
0.38400713110226187,0.009246234787714648,0.38790638245853953,0.017091171801288746
0.3840768951282094,0.009242665941566685,0.3879958855963588,0.017088632280402263
0.3842026373149377,0.009242177632651628,0.3880841353609607,0.017040737313693075
0.38440230423519267,0.009220067803498756,0.38827286911686887,0.01702776120870379
0.3845299384252686,0.009200382617318197,0.3883767816294527,0.017022660646675947
0.3845681294669637,0.009195026071969628,0.38841252957535927,0.016989517517923255
0.3846934398945322,0.009194574610994308,0.388480913432231,0.016981258780916466
0.38473445644982013,0.009192050924628544,0.38854939042478714,0.016959050547089082
0.38480401651847274,0.009177989817740515,0.3885770167504365,0.0169477154100655
0.3848826372391705,0.009177226769368468,0.38864831407058253,0.016916221454587235
0.38493339166372315,0.009168196499033202,0.3887400956432906,0.016838061094380467
0.38505930807636224,0.009168060862515839,0.38884284205701153,0.01682915652274259
0.3850750695909403,0.009155597738417945,0.38891500351558894,0.016813058770133324
0.3852876045600403,0.009151188415294388,0.38899808038462963,0.01680431043671362
0.38546581515588296,0.009138880972790834,0.38910809478809694,0.01680211391109745
0.3856153587681701,0.00913600436616416,0.3892307034653299,0.016773314942682485
0.3856855057683235,0.009132847141468977,0.38930085046548324,0.01674587531144315
0.38579418093433626,0.009128195066466822,0.38936027460835887,0.016739408398397895
0.38586712753930497,0.009108458476887502,0.3893931374441132,0.016713864819933977
0.38595283977274775,0.009106868281083315,0.3894365606105341,0.016707503230143698
0.3861525066930027,0.00910231000894542,0.38954564133811,0.01667920875903385
0.3863078359816668,0.009068135829301487,0.3896005706053912,0.016666800012342217
0.38645161644547155,0.00906224083568886,0.38971611459608224,0.016623564111983756
0.3865792506355475,0.009054335547506802,0.38980833756091854,0.016603385053211645
0.3866614530790978,0.009050538717290151,0.38988706407437557,0.016564144442134568
0.38679519816441926,0.009040410317705786,0.3900232488576131,0.01655098962131134
0.3869406762732665,0.009031613400485392,0.3900903682004932,0.016511588203866313
0.3870548237978359,0.0090234018563931,0.3901514176052331,0.016511154204766846
0.3871224060838504,0.00901614692737076,0.39020936782748417,0.0165004295663222
0.3871812824514581,0.009005671831923035,0.39030782414688975,0.01649617616441803
0.3872757072206644,0.009002966745359215,0.39037257263274994,0.016486951044937352
0.3874431559049326,0.008984970581740994,0.3904893004337141,0.016484223207886457
0.38749808517221385,0.00898025377950068,0.3905426833547192,0.016476997317860786
0.3875828617165258,0.008966017719238897,0.3906188498091226,0.016447287222280445
0.38775901914792965,0.008960459009016254,0.39073848754806845,0.01643858675621232
0.3878320369213371,0.008949381969302077,0.3909803584908448,0.016425875942520186
0.38794664207137053,0.008949116205021625,0.3911231642069746,0.016415698112645285
0.3880867710455062,0.008930653092814956,0.39116091243368234,0.016390140561914637
0.38814699727741464,0.008920502088291864,0.391211666858235,0.016378171015191442
0.3881977704369866,0.008911375672733443,0.3913220961419307,0.01636803319400864
0.3883077848404539,0.008905750427570382,0.391374886830754,0.016367841116910226
0.38864947802188393,0.008904503375286013,0.3914108712685843,0.016366930057385015
0.38877983137639177,0.008904428315549126,0.3915522743599487,0.01633096316545011
0.38882774788086977,0.008901798000228235,0.39160289049109187,0.016314189984888774
0.38886990687308626,0.008898477685205632,0.3917312622828285,0.01631107398648138
0.3889771864819083,0.008875733254458883,0.3917938903943325,0.016299248728142184
0.38907993289562925,0.008867094098420777,0.3919080379189019,0.016279616309496918
0.38915111882926845,0.008863683854851563,0.3919568961989498,0.016254082102824644
0.38943282642886023,0.008846965280965994,0.39203820157018987,0.01620090143516509
0.3894698568465145,0.00884517189552876,0.39212546390455794,0.016195457138192235
0.38957893757409034,0.008830173116065166,0.3922189919922092,0.016159181662288215
0.38968552700705666,0.008797612955284806,0.39233769428836984,0.01614609689339619
0.38984002278061497,0.008794272968518192,0.3924115603491337,0.016133667470724995
0.38992827254521695,0.008777766968914014,0.39252836979247857,0.016113609035709846
0.3900392954966955,0.008745686223009887,0.39263070812171613,0.01605927737835161
0.39014807238651533,0.008726432004963848,0.39270588309392274,0.016056024334413454
0.3902358178218962,0.008701392157637974,0.3927562725232622,0.016048997182503216
0.3903288239708524,0.008656357746918732,0.39283803933407807,0.01601755381968729
0.39038668223393247,0.008652119259216634,0.3928963587181835,0.01599803337940718
0.3904330169225931,0.008630208467076331,0.39294364916890656,0.015939477115540914
0.39050785631242,0.008629550031718856,0.39301854049521423,0.01588997428226865
0.39062466575576493,0.00861326807481206,0.393112792202281,0.015877463868162932
0.3908427242044128,0.00860039664626189,0.39320597447995653,0.015862014488787088
0.3911844173858428,0.008586001776229117,0.39326986210633225,0.01581674597983948
0.39124930125568413,0.008578318832487438,0.3933089110938362,0.015812339859567787
0.39129481198150795,0.008574232541643535,0.3933334168919867,0.015792890855284656
0.39149325243969557,0.00854619992218952,0.3934045060584654,0.015745501498639118
0.3915391829854048,0.008522591402312582,0.393502157668229,0.015716790421329698
0.3915935325331696,0.008507375968074582,0.39358625844366446,0.015680588129260254
0.3917550960343657,0.008490203392874781,0.393646347499214,0.01568016741883233
0.39181514138478063,0.00848888429432393,0.39369231418129697,0.015654210159195502
0.3918979735815195,0.008488618849736935,0.3937853203302531,0.015652353178132943
0.391997865603979,0.008481525515843694,0.3938740017605734,0.015651740720065564
0.39233087987159365,0.00847104741589375,0.39404858570519474,0.015635041394909663
0.3923787963760716,0.00846158019878,0.3940990888783151,0.01562292551217979
0.3924930660711456,0.008453463660329915,0.39419929347955757,0.015615526827941323
0.39270122456351736,0.008445448474619565,0.39427402078206647,0.015608218616359828
0.3927223439230407,0.008444200115753298,0.39440165497214247,0.015601251583641266
0.3928465210242261,0.008440688291750369,0.3944463231657564,0.01559973741312392
0.3928932365209489,0.008438774520724581,0.39453147105505565,0.015598007034160456
0.39300007378623836,0.008436627422859335,0.39642777746841,0.015581256364427011
0.3930811663232417,0.00839610944141785,0.39657155793221477,0.015540118069609246
0.3931788179330053,0.008395017186869459,0.3966309820750904,0.015497477893227406
0.3932407545562253,0.008391841826386819,0.3967097085885474,0.015493208796511978
0.39329041891355887,0.008388915550240548,0.39687715727281564,0.015485282726374828
0.39342041523661714,0.008381100899309348,0.3969322464397279,0.015471537293461332
0.39351536963220496,0.008374358404498362,0.39705798862645625,0.015470229853915699
0.39367053568707566,0.008372122512713508,0.3970827829230923,0.01542700153227282
0.3938143161508804,0.008369363105492893,0.39719832691378326,0.015416451887478881
0.3939085678579472,0.008364060262447796,0.3972701093566763,0.015410525968545054
0.3939638338798741,0.008363306360650021,0.3973126336711512,0.015406145538295595
0.39400028014803556,0.008355380749772398,0.3974189099476962,0.015367917443652797
0.3940736829598565,0.008343827402902146,0.39743716808198704,0.01533842407037844
0.3941879640378032,0.008342642801976087,0.39754534231665123,0.015288938132436187
0.3942731119271025,0.008321773173707234,0.39760156860282164,0.015288129194042379
0.3943886559177935,0.008321649923623631,0.39772748501546074,0.015279365864290085
0.3944835383294531,0.008320695374380262,0.39780135107622455,0.015275695978099017
0.3947362202151036,0.008313067090897389,0.39842389853254406,0.015268453370084062
0.3948086296674031,0.008306144435428165,0.3985481003447571,0.015240694566755166
0.3948797188338818,0.008303590642904096,0.39858579118564613,0.015230137576760602
0.39497251682917056,0.008294907863896157,0.39878423164383375,0.015196533994004105
0.3950600986654868,0.008287110128715929,0.39887020707647797,0.015178353431127367
0.3951092863310444,0.008268882292502288,0.3989431536814466,0.015168113806064544
0.39522897929391254,0.008268277225439274,0.39902566398923195,0.015150233228341886
0.39530415426611915,0.008263828155445883,0.39914168989168036,0.01513774686220086
0.39534190249282686,0.00826344597425194,0.3991977433875411,0.015085237714966384
0.39542070810026025,0.008263277832922565,0.3997076315619482,0.015080388222168924
0.39546726249535463,0.008260016771586427,0.39977025967345214,0.015071945392700832
0.3959882498881361,0.008248797456366447,0.39989211267234287,0.015066638015609092
0.3964981380625432,0.00824756033106061,0.399933741592207,0.015057126939646337
0.3965484188576525,0.008240409365225243,0.4000125471996404,0.014990941830276557
0.39672300280227385,0.008239435115363448,0.4001528244654253,0.014987018609719295
0.3968081506915731,0.008218719496085769,0.40027503141219634,0.014924953607093422
0.39687915802454077,0.008193384818547051,0.4003578636089352,0.014907902295238487
0.39707759848272833,0.008171178529717715,0.4004678780124026,0.014903165862705068
0.39712778841448054,0.008167404884827409,0.40058248316243594,0.014890572621014281
0.3972777095983564,0.008162526139405876,0.40064441978565596,0.014889233465090938
0.397371323388846,0.008161845558681853,0.40073216522103683,0.014876478635366628
0.397477599665391,0.008155932999831665,0.4008550049196189,0.014847923273807942
0.39752605560335996,0.008146722488999213,0.4010491867562848,0.014842826741504146
0.39761020597074415,0.008142321401582909,0.40112439311633835,0.014835298312625825
0.39771339067603473,0.008133547915644523,0.4012581382016598,0.014794804421037849
0.3996096970893891,0.00813215170063093,0.4013794538440091,0.014794171430543472
0.3997030050628619,0.008123061809170133,0.40147665459856957,0.014784314608127638
0.39988952118031434,0.008122887291692247,0.4016983044455119,0.014771295114111845
0.40017122877990613,0.00811370505412601,0.40176414061158583,0.014758836560368563
0.40021402778688603,0.00811140602793388,0.4018847375104666,0.014756022232072766
0.4003578082506908,0.008092107906873727,0.4019133281629408,0.014742409493225523
0.4003838831077713,0.008087729511615292,0.4020104751716535,0.014729756543472163
0.4004308249452738,0.008058779600100515,0.40211837216540836,0.014688828966571373
0.4005396839701658,0.00804640445770371,0.4021656626161314,0.014678973935234594
0.4006160143379371,0.008035360321534245,0.4022308547579524,0.0146546125311243
0.4006738726010172,0.008035354263056575,0.40234474416313976,0.014646866092603876
0.40076222590728794,0.008007457942514644,0.40239942080709773,0.014626007933055638
0.4008232753120278,0.008006178640489333,0.4024471930591474,0.014623826269776817
0.4008645906125105,0.008003445530940626,0.40250315909377077,0.014604353960214414
0.40092481684441894,0.008002991453895712,0.40254908963948005,0.01460039022919406
0.4010675028025336,0.008000688009164487,0.4026434953636111,0.014552264132877062
0.40120903477520076,0.00799592691924915,0.40277384871811894,0.0145212978889423
0.401294114537157,0.007995788879317968,0.4030984352426511,0.014521064868280874
0.4013664529399433,0.00796150794635046,0.4032060506547145,0.014510964732488559
0.40145371527431134,0.007961246311548365,0.40331421031250575,0.014480323946919902
0.40150994156048175,0.0079565400356591,0.40338132965538587,0.014449127102196944
0.40163762612401704,0.007953072662788599,0.40346619158823294,0.014445079526046217
0.40175061636720255,0.007934350216554316,0.4035087159027078,0.014434275651792351
0.4018074869239716,0.007918746872536419,0.40357065252592783,0.01442815999372248
0.401863713210142,0.00791136873358429,0.4036267060217886,0.0144120516604904
0.4019400435779133,0.007895377321923056,0.40370479766825895,0.014394914748349764
0.40196880096186577,0.00789135555956963,0.4038040271480606,0.014381948259051626
0.4020906539607565,0.00788795380186504,0.4038608218175954,0.014366986567336737
0.40271320141707606,0.007871552407541017,0.40390723256338384,0.01436111135081067
0.40279571172486134,0.00785790627937179,0.40398240753559045,0.01432670677315816
0.40297944272517733,0.007839742795188327,0.4040111649195429,0.014313187086323459
0.40309902168942413,0.007827372381094046,0.40409074344102663,0.014298960367570277
0.40320185807031333,0.007821852760990409,0.40416376121443415,0.014243556591385416
0.40326769423638725,0.007818703417066026,0.4042856142133249,0.014242954604363464
0.40333244272224744,0.0078105271871942335,0.4044840546715125,0.014221385910579183
0.4034036069137502,0.007792797027603171,0.4045537971719379,0.014206877840338675
0.4036296661288263,0.007791088989635266,0.4045622076692249,0.014200564142839663
0.4037443875880342,0.007789978951827874,0.4046912398204863,0.01419955892986636
0.4037955722342094,0.007776792867363207,0.40474909808356646,0.014181262874599166
0.40386657956717703,0.007776712326785216,0.40480988760627795,0.014173221906724726
0.40400695232167294,0.007770825874210559,0.4049553657151252,0.014169728708786127
0.40409708409138284,0.00776946572937091,0.40500377494508977,0.014168870600642402
0.40420709849485015,0.00775725669664527,0.4052176121997812,0.014168703699084899
0.40430198090650976,0.007757218621137257,0.4052805225725511,0.014166163255617217
0.40439451966961326,0.007748158887882542,0.4053319460084613,0.014153594130131808
0.40446924697212217,0.007743758452040108,0.4053933189501229,0.014138318433428205
0.4045166033797972,0.007741264444224235,0.4054662655550916,0.014120679466664829
0.4045747162709454,0.007737989220802534,0.4055141820595695,0.014120112809864029
0.40468053831989886,0.00773314228784319,0.40586717007489187,0.014114939126576633
0.40476881226885814,0.007727459499746256,0.4059948042649678,0.014079943498712227
0.404876712618012,0.007723547290510722,0.4060883323526191,0.014069077321581008
0.4049324136185829,0.007718755474271752,0.40617591418893534,0.014062922703684217
0.4049826944136922,0.007704645252492558,0.40630863020309577,0.014061063414037607
0.40506417246481113,0.00769540295280319,0.40642858521838326,0.014040041937804393
0.4051289209506713,0.007694979851905113,0.40648963462312315,0.014039098636690481
0.40528894185174563,0.00768560669312203,0.4066880750813108,0.01400030632331743
0.4054431213003665,0.00768229431061104,0.40677803339812585,0.013990465201323701
0.40553710899274253,0.0076802097977309745,0.4068548190043557,0.013969557593685764
0.40563492774385285,0.007667068712325955,0.406962978662147,0.013963044636236106
0.40569008448595384,0.007655333218027003,0.4070118369421949,0.01393008649667403
0.4057437314726178,0.007646448595409591,0.4071636167453214,0.013929805073586923
0.4057925897526657,0.007618851403390444,0.4073690824067729,0.013890628735966708
0.4059074321081761,0.007603419514371021,0.407462088555729,0.013882207564848583
0.40599468943917694,0.007597983307813186,0.40751236935083834,0.013881389581574779
0.40603635491165413,0.007573021611869793,0.40760759599246305,0.013874883993971441
0.40609632887701586,0.007572580293091015,0.40775560901610763,0.013832438587189522
0.40627248630841967,0.007572386627115425,0.4078278810329605,0.013791919970910867
0.40636127715023346,0.007570352030569501,0.4078928814498275,0.013788120269863511
0.4064118173601637,0.007560516366492936,0.40809254837008246,0.013779870036802458
0.4064916309719488,0.007554627537014664,0.40824056139372705,0.013773734405548223
0.40657322981743393,0.007551645719827207,0.40826506719187755,0.013765494087328349
0.4066187405432577,0.00754385402948922,0.40839968666871057,0.013756644393237946
0.4067680401033549,0.007537234803571129,0.4085408404326879,0.013724931740363551
0.40681659612990473,0.0075324319694432176,0.4085955170766459,0.013702343249772306
0.4068586691474531,0.007530301338679149,0.4087007335142947,0.013700518723187838
0.4070122710596906,0.007530158097741079,0.40887531745891603,0.013688410776532317
0.4071137154001871,0.007524878726119942,0.40898190689188235,0.013674208686638486
0.4071832384829979,0.007504270738004855,0.4090329887566628,0.01366922770016996
0.4073178579598309,0.007502514672206608,0.40908196812839076,0.013624297193175382
0.40741281235541876,0.007495301515252463,0.4091814263529669,0.013608621126017621
0.40749161796285216,0.007490123452994974,0.4092877026295119,0.013605748199033799
0.4075587373057322,0.007471986206108588,0.40936206470320396,0.01357810982318553
0.4076846537183713,0.007470832506256402,0.40946671023032066,0.013570958760102135
0.407735543836961,0.007470289002195203,0.40959262664295976,0.01352070286321856
0.40786146024960007,0.0074390433182703174,0.4096559829822437,0.013519254927485147
0.4079740216388067,0.007421016702430597,0.40971418657535014,0.013518488676921767
0.40810776672412813,0.0074133269214429354,0.4097520162957817,0.013500203733262295
0.40816719086700376,0.007411656050059468,0.40978053657406965,0.013492507946941417
0.40826696222251724,0.007399450920854008,0.4098260472998934,0.013490113328580996
0.40836408957453774,0.0073993053268655235,0.4098634916676084,0.013476447582369629
0.40856253003272536,0.007390062922126232,0.4099202863371432,0.01346147485922867
0.40868141281537684,0.007386218999046657,0.4101638536847386,0.013457515071079718
0.4087595337175292,0.007385885204704658,0.41028965512186805,0.013457434555470877
0.40888327409866104,0.007385032286730354,0.41033888585121187,0.013456675508431366
0.40894590221016497,0.007373156459672937,0.41043206812888744,0.013455170733360998
0.4089922368988256,0.0073686687029464425,0.4104736970487516,0.01344867049530461
0.4090395933065006,0.007366735693747487,0.41056076413287296,0.013420068088396622
0.40917935339910644,0.007350049022817204,0.41061042849020646,0.013416742018424698
0.4093282562066249,0.007339572007766874,0.41070296725330996,0.013411822269060793
0.40952189144453627,0.007312347250915027,0.4109111257456817,0.01339059195261993
0.4096211209243379,0.007312332407491363,0.4109981928298031,0.013355132626768745
0.4098195613825255,0.007306417306843407,0.4110769984372365,0.013355085903573621
0.409896767322569,0.007299384467795799,0.4111304086558995,0.013313278286337401
0.41002948333672945,0.007296705429720061,0.41124143160737814,0.013306745239411909
0.4100755081351736,0.007295299408080178,0.41131088418433526,0.013299090599050479
0.41013230280470847,0.007285451890035458,0.4113356784809713,0.013281255884640068
0.4101917269475841,0.007265365919352783,0.41144668125758216,0.013275579078901742
0.4102409146131417,0.007257943981763222,0.4115539608664042,0.013255491028647445
0.41075080278754883,0.007255062308997377,0.41164675886169294,0.013238003689777116
0.41107873366805764,0.007250937025940488,0.411734021196061,0.013230238316456843
0.4112044758547859,0.0072505134380285345,0.4118885169696193,0.013160354590378523
0.41128752210899566,0.007242679045147026,0.4120027866646933,0.013108891024789337
0.4113367097745533,0.007227060755604617,0.4122388526821452,0.013108813451049403
0.4114015936443946,0.007226547611289599,0.41274874085655233,0.01306622413103733
0.41149599936852566,0.007205588457624679,0.4128199050480551,0.013049329847017517
0.4117957509111463,0.007191034398088323,0.41287677560482416,0.013046638611819303
0.41186476234232083,0.007182593498660344,0.41304393419573043,0.013028268807629091
0.411901792759975,0.007175757891848805,0.4130764503699172,0.01302738797764368
0.41197473936494367,0.007175307314472711,0.41311157913214225,0.013013759439607506
0.41207162818631693,0.007171804518942261,0.41327293595774545,0.013013193468629393
0.41217067233765947,0.007170639494471316,0.4134218387652639,0.01301126823020691
0.41226178041806555,0.007135248161156654,0.4135208668276803,0.013007024079471198
0.4123269725598866,0.0071286977139818405,0.41358106557929514,0.01297515532790011
0.41240827793112667,0.007111545773892004,0.41365968629999283,0.012967382576133559
0.41251643758891793,0.007097131718448093,0.41414755694038147,0.012966381502782008
0.4125538819566329,0.0070965135826715564,0.4142088690941046,0.012960331207664676
0.41259171167706443,0.007095396909296843,0.4143284480583514,0.012956700097890673
0.41268039310738475,0.007083908835590695,0.4143837140802783,0.012926829694033339
0.41273377602838984,0.0070822897199803,0.4144389913194317,0.012925682693023735
0.4127939747800047,0.00707382944301666,0.4145397742555576,0.012915272419114967
0.4129139297952922,0.007072898550721754,0.4146412185960541,0.012908167435936485
0.4129517595157237,0.007071738877515227,0.41473810741742734,0.012907357185852088
0.4130389331656204,0.007071579291368058,0.4147941609132881,0.012907250084822516
0.41311070101465114,0.0070699909257807975,0.4148752534502914,0.012878555932910745
0.41321461351874034,0.007056282818412466,0.4150288553625289,0.012858981102290034
0.4133437976313532,0.00705541567609599,0.41507540975762325,0.012852569894015595
0.4134160696482061,0.007052675009931003,0.41514641709059086,0.012847281559564074
0.413477119052946,0.007052277507768837,0.4151792799263452,0.012844545435688972
0.41360255565201387,0.007046299605485111,0.4153196526808411,0.012837863794672912
0.4137352716661743,0.007030406512489321,0.4153798514324559,0.012818375044284019
0.4138434313239656,0.007022796137694266,0.41570778231296474,0.012800237533926796
0.41393356309367546,0.007021794456328021,0.4158109670182553,0.012774642960738776
0.4140343460298014,0.007017913413101908,0.415860154683813,0.012771549051335459
0.4141406223063464,0.00701585772030556,0.41600706419740546,0.012769888523060643
0.41422787963734725,0.00701474729321727,0.41605308899584964,0.01275501093410413
0.41426607067904236,0.006995957281783015,0.41616793135136,0.012713125345604306
0.41432296228138404,0.0069943005921622595,0.41623694278253454,0.012666407058061513
0.4143790157772448,0.006991585787335692,0.4162746910092423,0.012651702769312038
0.4144831308624905,0.006990642579395608,0.41633957487908363,0.012629362125418299
0.4145555403147901,0.006982276549231066,0.41643068295948976,0.012627310813794299
0.41466656326626866,0.0069818287603466075,0.41651947380130355,0.012626747963257101
0.41474073706384723,0.006976224492811312,0.416565884547092,0.012625365651239819
0.4148486340576021,0.006961851046195937,0.41674961554740797,0.012617398143508488
0.4149565310513569,0.006952302675439831,0.4168773879289572,0.01259650708121623
0.41502127953721707,0.006930128883126045,0.41694045903808413,0.012578407638763466
0.41510614147006414,0.006922445649283291,0.41704364374337477,0.012575886427382152
0.4151932085541855,0.006920813789688612,0.4173766580109894,0.012572109027806963
0.41524350401960924,0.006916344202824935,0.41752043847479414,0.01256030786731346
0.41531867899181585,0.0069123386734894765,0.41758188310307015,0.012501148343184804
0.41540465442446,0.0069094555791640614,0.41775804053447396,0.012486963790068065
0.41549019364673145,0.006893739857041051,0.41786462996744034,0.012486267773350141
0.4155532647558584,0.006891692888802833,0.4179125464719183,0.012480228203530036
0.415656449461149,0.006877173620045281,0.4180188227484633,0.01244648195960384
0.415868984430249,0.006873516759693859,0.4180833592792863,0.012412522688474306
0.4160828216849405,0.006849267855830909,0.4182958482072143,0.012397169919669913
0.4161758278338966,0.006837860872063495,0.418395166753748,0.012395423384533817
0.41625540635538033,0.006831684826988441,0.4185119761970929,0.012391713280945967
0.4164090082676178,0.006802249286025197,0.4185599803284545,0.012374497544075281
0.41646428550677117,0.006800022339894822,0.4186105205383847,0.012368984321722072
0.4165314048496513,0.006797802596620624,0.4187408738928926,0.012358398637497247
0.41656718779364427,0.006791951385143447,0.4187821891933753,0.012352894470148099
0.41680055666487786,0.0067865580002999665,0.4188069834900114,0.012351196675606416
0.4168452248584918,0.006772175359395789,0.4188575236999416,0.012336798649836852
0.41692682370397693,0.006769814799417666,0.4189222721858018,0.012331216895979016
0.41695323566398496,0.006768059824742006,0.4189898544718163,0.01231593855564981
0.41703500247480085,0.006761630368140391,0.41904672502858537,0.012299484476546614
0.4170717249390259,0.006747004433194564,0.41910163906915066,0.012285429976453295
0.4172000279068557,0.006746587228191426,0.41920964087877644,0.012279351063676275
0.41726265601835966,0.00674632773795429,0.4192779793103406,0.01225543943225147
0.41738809261742754,0.006721556917963107,0.41932873373489327,0.012210975456214527
0.4174206087916143,0.006689675883187598,0.41944868875018076,0.01217440329084357
0.41751583543323895,0.006678267183021819,0.41956757153283225,0.012116346154146591
0.417569245651902,0.006675298589723878,0.4195922450074944,0.012089809260565531
0.4177210254550285,0.006670582634518436,0.4197001420012492,0.012087414149871837
0.4177948915157923,0.006667896782925611,0.41976018735166415,0.012078746864519896
0.41786463401621776,0.006665687277389298,0.4198367192472515,0.012076693397969218
0.4180008187994553,0.0066542352863031675,0.4199226946798957,0.012053912475312827
0.4180746848602191,0.0066539527333374544,0.4200308917992309,0.012040242713354054
0.41828284335259086,0.006650045224983342,0.4201205503982103,0.012017522353256115
0.4188038307453723,0.006648947682824417,0.42016044128082297,0.012003298486277205
0.4189118325549981,0.006645773273391278,0.4201982710012545,0.011981345288454147
0.42080813896835245,0.006623467514608497,0.4203598345024506,0.011978779158217734
0.4209365107600891,0.006619429007743506,0.42040906523179444,0.011921121451808493
0.42107139819314493,0.006617856801697762,0.42052162662100107,0.011919849833887827
0.4211296017862513,0.006612181519666928,0.4206304856458931,0.011903817571617795
0.42123965558804993,0.006599565973485558,0.4207430470350997,0.011880079822849951
0.4212480660853369,0.006594418342946687,0.4208331788048096,0.011843731906742606
0.42146055501326496,0.006587195767421621,0.42088680460149136,0.011828413462858369
0.4216459256739297,0.006583156313455357,0.4209284700739686,0.01180878125699209
0.42174495373634613,0.006582721922464189,0.42100023792299934,0.011789281893203992
0.421787478050821,0.006582549004334608,0.421059662065875,0.011774009023539781
0.42186364450522446,0.006575204194125615,0.42111481880797597,0.011764568824051684
0.4219634158607379,0.006555151323816139,0.4212145901634894,0.011762555922630726
0.4220716129800731,0.006554994031247764,0.42126548028207905,0.011748356838864256
0.4221687403320936,0.006537159032581326,0.4213695953673248,0.011696257396989089
0.4222478378932242,0.006532259129629953,0.42151240108345467,0.011663048900881417
0.422321703953988,0.00652087645609263,0.4215545056247649,0.011660471516858218
0.42236485014283465,0.006508154473345232,0.4216607819013099,0.011658832515434864
0.42244258271063734,0.006507041948482476,0.42167654341588795,0.011637285344482563
0.4225026717661869,0.006504889885808437,0.4217268242109973,0.011636892971631311
0.42269685360285286,0.006480744993205284,0.42200853181058906,0.011631800078850028
0.4227917360145124,0.0064742700201542,0.4221015379595452,0.0116239401778198
0.4228998501238233,0.006431511323720386,0.42217001495210127,0.011619415320529151
0.4229683271163794,0.006429009275674129,0.42225917342672675,0.011610486686236625
0.4230405534658263,0.006405924502193389,0.42230124644427514,0.011603366296264659
0.42308784391654936,0.006400804203898182,0.42235152723938446,0.011595382351286548
0.42313584804791093,0.006393731316607458,0.422423936691684,0.011535002474517147
0.4233261238772706,0.006390204975476462,0.42245974115270435,0.011525289979306814
0.4234745480604732,0.006388452173515771,0.42264625727015687,0.011496176521318121
0.42351617698033733,0.006382708248715527,0.42275309453544635,0.011485850968232549
0.423615495526871,0.006330814537436233,0.42279128557714146,0.01148438221729175
0.4237213814048588,0.006328279030523798,0.4228907438017176,0.011482106989698806
0.42377061213420264,0.006317323298740718,0.4229767399358998,0.011453056848957768
0.4238592620237717,0.006292184395668796,0.42317775754443954,0.011436913603870636
0.42396514790175954,0.006286211577464392,0.42328331193448404,0.011428386666666783
0.4240927820918355,0.006275024558804416,0.4234297680869425,0.01139986220159231
0.42425994068274175,0.006261997065015022,0.4234718411044909,0.011346625671800814
0.4242950694449668,0.0062572415426063125,0.42354601490206945,0.011337677396747736
0.4243372284371833,0.006256546002904161,0.4236914930109167,0.011337166743878035
0.4244004489974834,0.006243239679033604,0.42373019080706437,0.01130881536499168
0.4244646051492256,0.006237909852304555,0.42381070446552466,0.011274413851430428
0.42452318808081435,0.006235249543526961,0.4238962436877961,0.011255783979422247
0.4246374691587611,0.006234686502845662,0.42396112755763743,0.01121096806968944
0.4246621426334232,0.006229650879008606,0.42402528370937964,0.011197364933847187
0.42478498233200523,0.006228584271573889,0.4240765673823006,0.011193578463475542
0.42492535508650114,0.0062095596197296946,0.4242381308834967,0.011192684421936
0.4250126174208692,0.006196660254927973,0.4243197297289818,0.011180965088059956
0.4251120756454454,0.006186839292085736,0.42437981878453135,0.011175919726975233
0.4251901672919158,0.006185801419101779,0.42442867706457926,0.011123041287898355
0.4252964435684608,0.006183671222862184,0.4245192034971763,0.011115552908714065
0.42537133489476847,0.006170808587771062,0.42454527835425676,0.011106128504123465
0.42548687888545944,0.006164850380340072,0.42459446601981443,0.011085469428394867
0.42561659474812424,0.006154127433960706,0.4246390876923069,0.01108471157567934
0.4256780393764002,0.00615163260452514,0.42475297709749427,0.011073390452380037
0.4257286555075434,0.006145972037561119,0.4247993117861549,0.011060534386082089
0.42589884681855295,0.00613775126509816,0.42488078983727373,0.011056639662877473
0.4259346512795733,0.006133616658788054,0.4250067062499128,0.011050933332288022
0.42603100931928833,0.006113130315553865,0.4252063731701678,0.011035906236332828
0.4261468023145685,0.006112833635464188,0.42534011825548923,0.011012225761569051
0.4262254230352662,0.006106884137352086,0.42547283426964966,0.010981924198693194
0.4262731952873159,0.006103980800293996,0.42549395362917297,0.010973687461947861
0.426354617035688,0.0060881952323381195,0.4256475555414105,0.010970420066934253
0.4266543685783086,0.00608183698197519,0.4257323320857224,0.010968318383521422
0.42677307087446925,0.006075064644603548,0.4259850139713729,0.010966866773914966
0.42710100175497806,0.006073971691691249,0.42606979051568483,0.010957581663277522
0.4271304929540871,0.006073929404139147,0.4261546524485319,0.010954167234411089
0.4272000160368979,0.00606273266360237,0.42621756282130174,0.010948464946368018
0.42731674383786206,0.006060835302263199,0.4263173341768152,0.010930526752999119
0.4274289462163584,0.00606010659119905,0.4264283571282938,0.010926012940658078
0.42748022988927936,0.0060564708751160694,0.42661745702194975,0.010903042406988559
0.4275307700992096,0.006055643478218132,0.42681109225986114,0.010902104355765635
0.42757391628805624,0.006041897721003229,0.42694483734518257,0.010887292004819403
0.4276372726273402,0.006031532841917205,0.42699329328315155,0.010874114788265183
0.42772257238454947,0.00602435467748076,0.4270450398992069,0.01086525655413222
0.42784737820257235,0.006023628167770563,0.4271012661853773,0.010864838179386046
0.42790816772528384,0.006021049542159942,0.42715716661982533,0.01084134946887131
0.4280681886263582,0.006012247210603816,0.42735560707801296,0.010809095363624828
0.42818279377639157,0.005990459014647555,0.42741371996916117,0.010793305048126907
0.4283153100381243,0.005968363766061424,0.4274718328603094,0.010787774930380137
0.42843948159228296,0.005966337452148363,0.42755063846774277,0.0107662156003178
0.42852961336199286,0.005945394984251128,0.4276230479200423,0.010766086387146323
0.4285647421242179,0.005937686037710843,0.4277179303317019,0.010764350048247804
0.4285858614837412,0.005935032032751177,0.4278048600568287,0.010745874814289565
0.42869975088892853,0.0059240116473844254,0.4278490697500265,0.01072932096515347
0.42872737721457793,0.005922872361253143,0.4279186298186791,0.010720317331479422
0.4288312897271618,0.00592045860787757,0.4280325192238665,0.01071370626219984
0.4289170019606046,0.005918420017605696,0.428186121136104,0.010663363226578534
0.4289973848179643,0.0059140316992976946,0.4282599871968678,0.010653901479689523
0.42908224675081136,0.005913176703274637,0.4283487780386816,0.010645325250764934
0.429156277684842,0.0058925744004001334,0.4284516144195708,0.010635522386767241
0.4291983822261522,0.005887644090232561,0.4285402643091399,0.010615365148000018
0.4293429460524651,0.005882361443026994,0.42862752664350795,0.010606455730507456
0.42941060250978824,0.005878664833038166,0.42872575431158044,0.01060064575161249
0.42948536190520264,0.005873964918373224,0.42883164018956826,0.010595538441331282
0.42962573465969855,0.005838212015946469,0.4288680864577297,0.010589780709335393
0.4297153932586779,0.005826756436536598,0.4290000805853897,0.010569063354615247
0.42982094764872236,0.005825010274734106,0.42914850476859223,0.010559688447993522
0.42991348641182586,0.0058204916788347424,0.4291866958102874,0.010554103735481631
0.43006149943547045,0.00581696492674631,0.42930638877315547,0.010536663399696477
0.43015065791009593,0.005814797199143483,0.4294206698511022,0.010518465119996238
0.4302585582592498,0.005795256862060649,0.4294631941655771,0.01047031904588923
0.43035778773905137,0.005793633420893038,0.42951892730577423,0.010436645402832774
0.4307107757543737,0.005789371611848607,0.4295579762932782,0.01042618339380686
0.4308237659975592,0.005785769352422981,0.42985772783589876,0.010410167985441154
0.4308845555202707,0.005783453594177235,0.42991342883646966,0.010359782682757971
0.4309070310089221,0.005776377789789078,0.42998295191928043,0.01032016645739004
0.4309544882357206,0.005752408750382631,0.43003314185103264,0.010284935666476286
0.43107003222641155,0.005751215294695687,0.43018005136462517,0.010277318029835694
0.4311839216315989,0.005747358433678193,0.4302622538081755,0.010277108251473602
0.4312981760617308,0.005746439426896201,0.4303661663122647,0.010255031282092169
0.43143192114705226,0.005729673935954389,0.43049036812447766,0.010216450090131583
0.43155332501516014,0.005721786064758414,0.43061800231455366,0.010211687728747296
0.4316403920992815,0.005675704199368583,0.43089970991414545,0.01019471231160162
0.43165798670340777,0.00566122858729665,0.43101966492943294,0.01018788676076926
0.4318119513045525,0.005658505080603725,0.4310566953470871,0.010173187426163806
0.4319325482034333,0.00565544937670549,0.4311324730424068,0.01016165332000429
0.4319817789327771,0.005648734341972269,0.4314322245850274,0.010131011529178167
0.4320700286973791,0.005648654640457998,0.4314930141077389,0.01012240771724818
0.4321635682698393,0.005642940999364101,0.431548747247936,0.01010492179431657
0.43228936970696874,0.005634920319673356,0.4316303460934211,0.010043749870061867
0.43235889278977957,0.005634478550920016,0.4317580306569564,0.010040499189000707
0.4323953390579411,0.005634206188370863,0.43184855708955344,0.010031017886642726
0.43244379499591,0.005630711924115329,0.43190220407621743,0.01000237344186413
0.4324974207925918,0.005630626824501797,0.4319836821273363,0.009979903771904918
0.43252192659074234,0.005626678446010539,0.4320714275627172,0.009958456659717148
0.43259628866443434,0.005626093354186785,0.43227109448297213,0.009946295314545498
0.4326775940356744,0.0056207420525540615,0.43236122625268203,0.009924409825401983
0.4328196642313405,0.005609542942767689,0.43251101743395726,0.009888632797482321
0.4329170106017256,0.0056050495903436585,0.43263097244924476,0.009887259312783179
0.4330225649917701,0.005596410240946884,0.4327004955320556,0.009886995057966993
0.4330510852700581,0.005594819867015939,0.43278300583984086,0.009881856483633504
0.43306934340434894,0.005586729030711788,0.4328303622475159,0.009863183023922731
0.43311150239656543,0.005580796194911686,0.4329382625966698,0.009851155427911191
0.4332037253614017,0.0055775119042592,0.43301688331736754,0.009839887695222002
0.4332571082824068,0.005547041609082825,0.4331279062688461,0.009827150755043607
0.433581694806939,0.00554418510613372,0.4332161802178054,0.009779203000368828
0.4336638972504893,0.005543343441635498,0.4332583392100219,0.009764132867167352
0.43380937535933656,0.005543217028105839,0.4333312740838358,0.009717438944500565
0.4341091269019572,0.005528359795184213,0.4334025714039819,0.009713022014307206
0.434196056627084,0.0055083068068781165,0.4335639282295851,0.009688082914123656
0.43425285129661884,0.005472666382505665,0.43362178649266525,0.009685793695408531
0.4343956570127487,0.005466389132016669,0.4337070862498745,0.009684999167372026
0.4344220689727567,0.005462735523826037,0.43382311215232294,0.009675134627015296
0.43451259540535375,0.005449728192854981,0.4339572924371501,0.00966318581959538
0.43457595174463776,0.005448503375166343,0.4342052350382396,0.009635618801372517
0.43463168488483483,0.005437785892677502,0.4342609360388105,0.009609902546176578
0.4349314364274554,0.005423899773654447,0.43433582736511817,0.009583713672589082
0.4350380258604218,0.005409560786733989,0.4344695724504396,0.009558227376913458
0.4351700199880817,0.005401969078923449,0.43455716769985736,0.009555046572648896
0.4352825813772883,0.005377573251403088,0.43471223525040525,0.009533176965213754
0.4353662212653022,0.005370002338363323,0.43506522326572755,0.00949378008612308
0.4354314134071232,0.005360317938029026,0.43508634262525087,0.009463881114466692
0.43548033047885953,0.00535083945366373,0.4352162771834824,0.009447227282086204
0.43553975462173516,0.005339010416192076,0.4353019894169252,0.009426086972208413
0.4356272132511957,0.005338264866637879,0.4353767488123396,0.00940325414550838
0.43567687760852924,0.0053306859370074846,0.4354683011305922,0.009377414829800243
0.4358319451590771,0.005330416481544172,0.4355393084635598,0.009370196982115721
0.43592883398045035,0.0053094807951185475,0.435688852075847,0.0093524255665251
0.43609039748164646,0.005284978245953448,0.4358430315244679,0.00934289032357668
0.43634307936729694,0.005276082804308193,0.4359672030786266,0.009315267307504874
0.436424959913399,0.005274635077016383,0.43611898288175305,0.009311745130057213
0.436483085147319,0.0052740731190143945,0.4364575225657029,0.009307704579604755
0.4366108152593347,0.005225710621456885,0.4364799980543543,0.009283878634541026
0.4366622386952449,0.005211743607710875,0.43650948925346333,0.009260657448929888
0.4367821129770826,0.005211113074265271,0.4366948599141281,0.009250976105365663
0.43681914339473676,0.005210705016222497,0.43859116632748246,0.009244977530898528
0.43685689162144453,0.005210027956906409,0.4386651972615131,0.00922021111293782
0.4368945824623336,0.00518317282833299,0.4388467195257993,0.009215830499021615
0.43698057859651585,0.00517446277302492,0.4389378276062054,0.009214562512229145
0.43707411816897607,0.005170483511760301,0.43899927223448143,0.009212237560755752
0.43714627962755354,0.005170257441966369,0.4391929074723928,0.009190504733782617
0.4372041378906336,0.005161519750052277,0.43927541778017815,0.009174274955777379
0.4373578687521313,0.005152255542751136,0.4393630130295959,0.009151763710933616
0.4375123645256896,0.00513361059803748,0.4394558110248847,0.009150945255305229
0.4376101832767999,0.005122689431076022,0.43951801725229567,0.009133214838000626
0.4377029812720886,0.005105580189194309,0.4396340431547441,0.00912183225499459
0.4377442965725713,0.005100959184896478,0.43969236109900106,0.009119842796649364
0.4378184703701499,0.0050888765868536846,0.439765295972815,0.009104372617394104
0.4379683915540257,0.0050683715121684365,0.4398335993977981,0.009070859849013574
0.43811818273530095,0.005066838457296765,0.4399299574375131,0.009065227578681338
0.4381604604619235,0.005063309916349077,0.440055394036581,0.009053800166478559
0.43824873441088275,0.005061029187353188,0.4402095734852019,0.009039750402293894
0.4383255200171126,0.005059056060925832,0.4403031130576621,0.009012489449276467
0.4384772998202391,0.005056592114800821,0.4403728770836096,0.008987918884569113
0.438558777871358,0.005055869820991968,0.4404506096514123,0.008983509781194828
0.43861707476579503,0.005055105351590871,0.44056163260289094,0.008959860262944326
0.43866882138185037,0.0050502106209409274,0.44071536346438855,0.008958761996987087
0.43878296890641977,0.005041325217571102,0.4410151150070092,0.008956661157118136
0.4388250419239681,0.005035707595051085,0.4410987548950231,0.008944748279270198
0.43885453312307715,0.005030555287137974,0.4411862135244836,0.008932982848162773
0.4390486863666463,0.005028841803964155,0.4412261044070963,0.00892026369395482
0.43916471226909476,0.005026001393713535,0.4412745603450653,0.008910887275477298
0.43921980143600703,0.005010386106342331,0.44138323551107805,0.00890691509640579
0.43930739668542484,0.004999279376335601,0.4414432094764398,0.008898418931102629
0.43933598733789897,0.004957533560952978,0.44151953984421105,0.008881109716610085
0.43942753965615156,0.00494996438553798,0.44158098447248706,0.008879968622063248
0.4395385626076302,0.004942518159844629,0.44163160060363027,0.008843090187471817
0.4396684971658617,0.004923643331430935,0.4416793241896515,0.008836093578158566
0.43970136000161597,0.004916459767429686,0.4417379071212402,0.008809332386656188
0.43974927650609397,0.004916372229902955,0.44184449655420655,0.008805884622528275
0.43985727831571975,0.004909431653459904,0.44193937896586616,0.008800406300200346
0.4399999642738345,0.004903753578368115,0.4420115404244436,0.008785372213461826
0.440136149057072,0.004898657298573103,0.4422642223100941,0.008781563022762747
0.4404359005996926,0.0048949102394029,0.4423119945621438,0.008775231019199968
0.4404849547246149,0.004891558946243328,0.44244817934538133,0.008697461551122292
0.44061913500944205,0.004871892159473436,0.44252799295716644,0.008672671046670606
0.4407063973438101,0.004864674733223226,0.44264098320035195,0.008651738173523747
0.4407571517683628,0.004851337694358848,0.44276871331236767,0.008649708773170693
0.44086971315756934,0.004833805424844852,0.44281606972004267,0.008606677650714694
0.44092455525243246,0.004831004826272752,0.44294087553806555,0.008593110039983767
0.4409428133867233,0.004829458307204685,0.44297790595571973,0.008589643765761979
0.44101717546041536,0.004828285505369075,0.4430769501070623,0.008499191822682437
0.4411019520047273,0.00481789777658892,0.4431317922019254,0.008472652514877653
0.44114995613608887,0.004811317143174042,0.44322619792605644,0.008465623962415904
0.44125863130210163,0.004771045755416378,0.44338069369961475,0.008464953342943593
0.44130635488812286,0.0047690589713329816,0.44344802717641774,0.00844787598966235
0.4413710974829217,0.0047630356048422124,0.4436019917775625,0.008447376103966849
0.4414263635048486,0.004760112983650705,0.443648933615065,0.008379776758181965
0.44143477400213554,0.0047369678676697355,0.4437731051692237,0.008379521018185431
0.44154177289572366,0.004735961297876067,0.4438888981645038,0.008345411502555723
0.4416277483283679,0.004735823126320018,0.4439944525545483,0.008329396537774435
0.4417054808961705,0.004730483300913508,0.4440527494489853,0.00827275961866522
0.4418457581619554,0.004721280616354853,0.4441627638524526,0.008264671599621704
0.4419014913021525,0.004718055927027268,0.44430544981056735,0.008262722397826742
0.44202144631744,0.004712043904704685,0.44448160724197117,0.00823222881378255
0.4422266583277118,0.004687903101932716,0.44460148152380885,0.008228143362450544
0.4423466133429993,0.004686124418647393,0.44475593069554625,0.008212155285504126
0.4423550238402863,0.004681194972092908,0.44480934204824923,0.008205563549450921
0.4426829547207951,0.004677830677307529,0.4451090935908698,0.008204397010781742
0.4427857911016843,0.004658038238965125,0.4453526609384652,0.00818161017382436
0.4428542680942404,0.0046343854889419195,0.4454294465446951,0.008178246821096176
0.4429820404757896,0.004625334393458369,0.4454820589216659,0.0081751619002827
0.4430366755934987,0.004621796135412946,0.4456045350224098,0.00816013463614219
0.4431089476103516,0.0046200332013768206,0.44565472495416203,0.008133024429944291
0.44315671986240124,0.00461541111331781,0.4456875877899163,0.00811834478873559
0.44331121563595954,0.00461146210774806,0.44578493416030146,0.008089639779962068
0.44342724153840796,0.004607546017653145,0.44590633802840934,0.008079702989117834
0.44348187665611705,0.004603407614784408,0.4461201752831008,0.008068602802317242
0.44355414867296994,0.0045894016215722,0.44624553865801697,0.008066676112795164
0.4436124455674069,0.004588966937252816,0.4463597930881489,0.00803516822021614
0.4436322773243952,0.004577326295609124,0.4464598834189403,0.008027903613582325
0.443913984923987,0.004547685809430689,0.44656570546789376,0.00799250140813008
0.4440009146491138,0.004546807989029278,0.44686545701051433,0.007980583628708009
0.4440588648713649,0.0045452161217526136,0.446985331292352,0.007980451371139261
0.44409681629084624,0.004505202897800864,0.44705755764179894,0.007909166440494986
0.44416515472241047,0.004503005958760944,0.4471252140991221,0.00789931550292124
0.44420420370991437,0.00450215864789652,0.447197486115975,0.007886184558841509
0.4443132844374903,0.004499625746440805,0.44728256587793125,0.007831317890660732
0.44444691635666916,0.00449362196187053,0.4473673424222432,0.00782007252966071
0.4445243767718765,0.004493531826422852,0.44738717417923146,0.007817619027705293
0.44461163910624457,0.004487521786567686,0.44750605696188295,0.007795604637179296
0.44465033690239225,0.004486136275988137,0.44764642971637886,0.007745689158866209
0.4447972464159847,0.004480948217525901,0.4477500711721813,0.007732976213597483
0.4448233212730652,0.004474896529671128,0.4478754345470975,0.007724401003559633
0.44495235342432665,0.004474290455048629,0.44792605067824065,0.007703393217642651
0.4450251045496922,0.004465501065065612,0.44802923538353123,0.007695281403913386
0.4450730210541702,0.004464698570177957,0.4481791565674071,0.007689973710469719
0.445117230747368,0.004458958030281068,0.4482832805211,0.007688439042096872
0.44515597278381513,0.004448846557516596,0.4483401721234417,0.007653002378141512
0.4452564953919419,0.004441573219252975,0.44847380404262055,0.00765190553423983
0.4454060390042291,0.0044374042548266405,0.4485014303682699,0.0076505089907509165
0.4455249217868806,0.004437209840853229,0.4485614757186848,0.007624600440338442
0.4455665507067447,0.004433126226796252,0.44868035850133636,0.007619162983438127
0.44565429614212565,0.004421720390447064,0.4487617802497084,0.0076143331126051345
0.4457173672512526,0.004411817141829426,0.4488125534092804,0.00760698230396965
0.4458205519565432,0.004386434940989351,0.449300424049669,0.007599889683148424
0.4459187796246157,0.004383843297009772,0.4493538069706741,0.007593361617297457
0.4461548456420676,0.004380851482076339,0.44948632323240684,0.007585244123558266
0.44618997440429264,0.004362625941667112,0.4495635291724504,0.0075790190748908914
0.44631182740318337,0.00436173631973575,0.4496213874355305,0.007545099153388819
0.4464260818333153,0.0043467558435172126,0.44970831716065734,0.007542050624492257
0.44649029987305716,0.004317992328146941,0.44976936656539723,0.007539458236213457
0.4465615971932032,0.004302048385608729,0.4498474582118676,0.007510380527427577
0.4467153280547009,0.004291923820152212,0.4499423406235272,0.007471328163904238
0.4468490731400223,0.004268753477634095,0.449980088850235,0.007462005455391926
0.4469549590180101,0.004268740923770254,0.45013458462379324,0.007380410894284552
0.4470675204072167,0.0042623345434989095,0.45026458094685157,0.007358025287627926
0.44742050842253905,0.004258178413816565,0.45037186055567363,0.007351819938574448
0.44790837906292763,0.004238634161366215,0.4504710900354752,0.007325312665661683
0.44795478980871606,0.004221860738834095,0.4505132490276917,0.0073243540309449046
0.44799182022637024,0.00421491950744343,0.45071291594794666,0.007323113304520449
0.4480615842523178,0.004209907325816448,0.45081703990163957,0.007307608824301292
0.4481953293376392,0.004198899366237284,0.45093340102969104,0.007285447136700511
0.44826919539840304,0.004191130351792794,0.45098306538702454,0.007270346033598776
0.4483852213008515,0.004184065762774292,0.45103098189150254,0.007255992810652952
0.44843216313835405,0.004173190788044452,0.45104754560766785,0.007255488424499147
0.44850228287907556,0.004172827738692085,0.45111655703884246,0.007251454477588764
0.44860875810954826,0.0041723150891269595,0.4511348151731333,0.0072118720441325165
0.4486495837596189,0.004161020000888617,0.45116089003021376,0.007188109096397334
0.4487110283878949,0.004148783716203694,0.45123722039798503,0.007160084096281859
0.4487868060832146,0.004144789032588874,0.4513148127525803,0.007156494831741042
0.44888387896733944,0.004105968185819579,0.451373395684169,0.007142805607849457
0.44903189199098403,0.004098611161414765,0.45142272971733055,0.007141767097490148
0.4490825081221272,0.004073294716625421,0.45149548084269614,0.00713746715883814
0.4491852545358481,0.004073092498754595,0.451635240935302,0.007117866834798004
0.4492576639881477,0.00405246032306277,0.4518138453785424,0.0071064710827269985
0.4492996343474741,0.0040448129375768695,0.45185179679802373,0.00709394638188905
0.4493679377724572,0.004044603359204243,0.4519772333970916,0.00707355094090392
0.4494114457073015,0.004039595356257911,0.4520353586310116,0.007063342201324403
0.44952400709650814,0.004036279314590076,0.4521479200202182,0.007062720705315104
0.4496312867053302,0.004036045349947997,0.45219683709195446,0.007058335577711445
0.449912994304922,0.004031490066018386,0.4525695191421229,0.007043947133049809
0.4500328685867596,0.004031196868195403,0.45258777727641375,0.007023438492679011
0.45016661367208105,0.004029992585466651,0.45261629755470173,0.007021798931930014
0.4502702551278835,0.004027676755139813,0.45262470805198873,0.006992987472535074
0.45037343983317407,0.004024406326574254,0.4527252306601155,0.006978500577643987
0.4504481992285885,0.004021649123723501,0.4527809638003126,0.006973845765080094
0.45057363582765636,0.004003587765130875,0.45287803668443743,0.006972952644172326
0.4506426472588309,0.003961954991868868,0.45299484612778235,0.00697035095274374
0.4507467712125238,0.003936918796482605,0.4530761514990224,0.006961808141345064
0.4508243635671191,0.003935065657518395,0.4534291395143447,0.006939428677078733
0.45084092728328445,0.003909961866518657,0.4534805673504998,0.006871732293210514
0.45094411198857504,0.003907688078027015,0.45352607807632356,0.006866803357549227
0.4512826516725249,0.003902148258826591,0.45356958601116787,0.006860846883440694
0.4513927054743235,0.0039008698261631457,0.4537747980214396,0.006859607036306
0.4514741272226956,0.003898529764424486,0.4538543765429233,0.006850371692019932
0.4515468783480612,0.0038961850470248735,0.45391223480600346,0.006846810934332535
0.45158484300225576,0.0038946978187117806,0.454022288607802,0.0068416849922389
0.4518284103498511,0.0038944917658785706,0.45413271789149773,0.00682323275570946
0.45190361670990464,0.003893929478631205,0.4542602273456754,0.00678910977709713
0.45202042615324955,0.0038888935083565028,0.4543136386983784,0.006779639920258829
0.45211322414853833,0.0038858036934313147,0.4544540114528743,0.006766659491171995
0.452204311085683,0.003883684376397947,0.4545241311935958,0.006737994033399984
0.4522600120862539,0.0038678493144193443,0.45474578104053814,0.006735213699416965
0.452315745226451,0.0038612042199840987,0.4548741528322748,0.006705181937332796
0.45240334047586883,0.003850527701798425,0.45496012826491894,0.006685395183986933
0.4525431005684747,0.003842097195947417,0.4550243463046608,0.006675336935565707
0.45266727212263336,0.0038417853673018442,0.45524599615160316,0.00666959124324336
0.45274765497999303,0.003832382799381621,0.45528271861582825,0.006643264458687839
0.4528327347419493,0.003818891723090603,0.45532354426589894,0.006636570214224617
0.4529300811123344,0.0038148398740409624,0.4553721002924488,0.006636279689547752
0.4530171481964558,0.0037838348600948927,0.455521643904736,0.0066352674418209134
0.4531715973681932,0.0037765120160688074,0.45561687054636063,0.006610402178148458
0.45330778215143075,0.0037749661134919717,0.45571610002616225,0.006610034128819973
0.4536804642015992,0.003771489320327997,0.4557512287883873,0.006549003436560007
0.453744682241341,0.0037692898894704915,0.45579254408887,0.00651371647309595
0.45381444626728856,0.003767781933296119,0.45584031634091965,0.0065124926616476515
0.45394444259034683,0.0037565178437847582,0.455917776756127,0.006509210354893282
0.4540221751581495,0.003749372741657111,0.455926187253414,0.006499315322192791
0.4542303336505213,0.003745642669009733,0.4560052848145445,0.006485701240023737
0.45448301553617176,0.003730976091756548,0.4560988243870047,0.006483434031216572
0.45467665077408315,0.0037304447322493825,0.45618030243812363,0.006441060594753307
0.45472807861023823,0.003711662219465936,0.4562834871434142,0.006432974253170939
0.454816869452052,0.0037034283933801895,0.45633378260883795,0.0064314135435895505
0.45489738311051237,0.003699663831286417,0.45639897475065894,0.0064213637248714634
0.4550759875537528,0.0036961712574750012,0.4564469788820205,0.006394288637647265
0.4551004933519033,0.0036956468869453786,0.45658186631507636,0.00638418845398581
0.4552173027952482,0.0036877182147032023,0.4565902768123633,0.006378041053053269
0.4552761791628559,0.003683094974724431,0.45671804919391257,0.006361589662534514
0.4553160700454686,0.003683011735274286,0.4568348586372574,0.0063608596886291745
0.45539737541670866,0.0036784500819638517,0.45745706066586184,0.006352671006037112
0.4554502133147225,0.003635728257560652,0.457554407036247,0.006346938748444797
0.45551754679152556,0.0035715044725420364,0.4577083716373917,0.006309295455975589
0.4555703846895395,0.0035557340336499666,0.45775742576231404,0.006303020004701059
0.4556163152352487,0.0035551647288354572,0.4578048829891125,0.006274621398928447
0.45574603109791345,0.0035540669090940516,0.45788526584647216,0.006265512723556461
0.4558999956990582,0.003546331965598135,0.4579576752987717,0.0062591999645775385
0.4559535523362932,0.0035425786487828155,0.45804253723161875,0.006254872841501494
0.4561275548369778,0.0035333718415348405,0.45821653973230336,0.006252217853172355
0.45624940783586854,0.0035256297994970126,0.4582268422632003,0.006242682432090851
0.4563297906932282,0.0035250674398414955,0.4583359229907762,0.0062400730102257634
0.4564839701418491,0.003519735805550667,0.4584287209860649,0.006236765966701067
0.4566308796554416,0.003512123453217386,0.45848667120831604,0.0062065132995219405
0.4567521952977909,0.0035009535534201624,0.4585449681027531,0.006192317928583977
0.45681077822937954,0.0034838402181108976,0.4586640776594131,0.006190302099592668
0.4568270457360125,0.003473132123043506,0.45874515137220295,0.006173766461632033
0.4569765893482997,0.003466281568267362,0.45889316439584754,0.006165186741928533
0.457104273911835,0.0034653872922685686,0.4590070538010349,0.006159317221489606
0.45718837468727047,0.0034641711900061933,0.4590365450001439,0.006132812666022366
0.4572930202143872,0.0034605907048347513,0.4591392914138649,0.006124104172016007
0.4574021009419631,0.0034493357894328823,0.45921058873401094,0.0061026572730099905
0.4574494573496381,0.0034373577798014025,0.45930281169884724,0.006083120768156694
0.457512367722408,0.0034302237474430237,0.45937801805890077,0.006050317405811401
0.45767372454801125,0.0034283733175704345,0.4595296354607126,0.006031643095941865
0.4577244977075832,0.003422893195124909,0.45956666587836686,0.00602399947346154
0.4577844716729449,0.0034226166867180902,0.4596991821400996,0.005977014101840399
0.4578659497240638,0.0034041430598862983,0.4598130715452869,0.005968809813362044
0.45791528375722534,0.0033995494476192945,0.4599260617884724,0.005938029023440319
0.45799486227870906,0.003398414901114777,0.46006984225227715,0.005922148587821165
0.4580853887113061,0.00339586756068001,0.4602058217785336,0.005910551268461906
0.45819358583064135,0.003394069604934231,0.4603183831677402,0.005896468637325913
0.4583189492055575,0.00338887182391888,0.4604858318520084,0.005858511576310904
0.45837598119524753,0.003385089822855975,0.4605786298472972,0.005832161404963702
0.458422391941036,0.003382587775311924,0.46063326496500623,0.005784013203591691
0.45852651589472887,0.003380109887724545,0.46070343570354616,0.00578244064816252
0.4586433253380738,0.003375241297615472,0.46082361553057083,0.005769813832854416
0.45869673669077676,0.003374061534933143,0.46093181264990607,0.005747139390766249
0.45881921279152066,0.0033737618921861395,0.46102222619668504,0.005738679342097256
0.45898666147578887,0.0033634044622520122,0.46112145567648666,0.005703142400462851
0.45904803441745046,0.0033138359766416397,0.46116015347263434,0.0056918539299949155
0.45907317647996265,0.0033114969858844987,0.4612642774263272,0.00569110596952753
0.4591635900267416,0.0033088416828504696,0.4613030194627744,0.005655995302841708
0.4592886808073391,0.003307189440991582,0.46167570151294285,0.005643729713115859
0.459373457351651,0.003301370076157992,0.4618428601038491,0.005612489086033514
0.4594361566230991,0.003293708335179254,0.46188513783047164,0.005592541397269119
0.45948082481671304,0.003287173982143483,0.4619706770527431,0.00558794496022763
0.459602228684821,0.0032573727704730752,0.4621134153041151,0.005566559898795699
0.45971090385083374,0.0032363942656124293,0.4621513799583097,0.005564424324812452
0.4598103620754099,0.0032328449031609266,0.4622128245865857,0.0055607717345756875
0.4599531003267819,0.0032318952226594675,0.4623174701137024,0.005552293188242499
0.46009688079058664,0.003231105265987053,0.4623952026815051,0.005539225279740187
0.4602047139638018,0.003228579360282879,0.46243316733569967,0.00553736808601416
0.4602531231937664,0.003227734923131008,0.4624920437033074,0.005532184951037204
0.4603396291872071,0.0032268423699367654,0.46256621750088595,0.005445015002460444
0.4603902453183503,0.003222193033529156,0.46274022000157056,0.005425198550861646
0.4604970825836398,0.0032067295986431808,0.46282060285893023,0.005412295601763873
0.4611192846122442,0.00319734233441376,0.4629354452144406,0.005387024080824612
0.46125180087397694,0.003182745371906134,0.46297741557376704,0.005380636968869892
0.461342327306574,0.0031818343155410878,0.4630190444936312,0.005373402215954445
0.4615238495708602,0.003167233504348986,0.4630743105155581,0.005323067539889942
0.4616780290194811,0.003155696190641612,0.4632688355883114,0.005321878227859601
0.46178385106843456,0.0031357799907883155,0.4633747214662992,0.005320904796079461
0.4618766490637233,0.003133410811049998,0.46350052290342864,0.005302333319030348
0.46199809490405086,0.0031308414091444294,0.4635540795406637,0.005301834581797766
0.4620929773157104,0.0031217320637693443,0.46367548340877157,0.005289976012414723
0.4621190521727909,0.0030957280496747624,0.46369175091540454,0.005269423402009063
0.46217584684232577,0.003092850552585131,0.46380479493841653,0.005220003196853491
0.462303619223875,0.003061508494090539,0.4639079796437071,0.005219475666693562
0.4624294206610044,0.003051471152147444,0.46400051840681056,0.005211462815725921
0.462603423161689,0.003046936051454404,0.46412631984394004,0.005208937464317392
0.4626844968744789,0.0030401150319221454,0.46417225038964927,0.005191419118025916
0.4627897133121277,0.003029690949790253,0.4642450015150148,0.00519003810345462
0.46301136315907004,0.0030251412255275344,0.4642919326492191,0.005164868682905438
0.4630894548055405,0.002997829802500875,0.4643513567920947,0.005154061135850974
0.4631281968419877,0.0029817057258831824,0.46448510187741615,0.005152033682694544
0.46316724582949165,0.002978521638460181,0.46456283444521884,0.0051127522341225745
0.4632664753092932,0.002954896972034351,0.46467539583442546,0.00509416249506527
0.4633853580919447,0.002941317889344598,0.46472902163110724,0.0050907562635393346
0.4634211625529651,0.002933415411926234,0.464793764225906,0.005053107776756855
0.4635203920327667,0.002928474075858429,0.46484839934361505,0.005035908448064777
0.4636205966340092,0.0029250346809279217,0.46489306753722903,0.005008119004612286
0.4637158232756338,0.0029163417369918935,0.4649106621413553,0.0050075830868770805
0.4638159136064252,0.0029069264711003863,0.4650383467048906,0.005003112171673925
0.46386368585847493,0.002888930958528014,0.4651197684532627,0.004981603264848636
0.4639560185066345,0.002888433448500497,0.4652448592338601,0.004976967389137204
0.4640261892451744,0.002875235675543293,0.46538083876011654,0.004966576903083609
0.46415456103691105,0.002867049361403819,0.46543367665813046,0.004934278031425294
0.46424497458369,0.0028647476110354917,0.4654770998245513,0.004894506424232381
0.46457798885130464,0.0028620281980210236,0.4656068156872161,0.004879251482939448
0.4647021604054633,0.002850902654060447,0.46566384767690616,0.00485717541222198
0.46476220575587823,0.0028456495256387695,0.4657102584226946,0.004833662959384833
0.46484201936766334,0.0027980032487003657,0.46574277459688135,0.004814711717913128
0.4649936367694752,0.0027754920424276023,0.4658331881436603,0.004803618718836347
0.46514355795335105,0.0027579276573052413,0.4659582789242578,0.004798868819909925
0.46526864873394846,0.0027384700616570334,0.46614364958492255,0.004749900239350913
0.46536118749705196,0.0027255934961991825,0.4662067206940495,0.004748186027110378
0.4654206116399276,0.0027084732452555137,0.46635050115785426,0.004743489145497129
0.46564226148686994,0.0027074164761884895,0.4664851206346873,0.004710885680443204
0.46574638544056285,0.0027048784326287488,0.46657412396245584,0.004669006684379601
0.4659317561012276,0.002697156363602874,0.466768277206025,0.004653877211563262
0.4659603467537018,0.002671178291438369,0.4668840702013051,0.004644335787102494
0.46609864231230586,0.0026562239481779013,0.46692569912116927,0.004642247175680801
0.46619086527714215,0.002655188466047799,0.4669420901425901,0.004634410944354314
0.46626388305054967,0.002625410755426347,0.46705117087016595,0.004628300417280587
0.466314163845659,0.002609487193076981,0.4671516934782928,0.004619373613124198
0.4663521152651403,0.0026068576994316066,0.4671981042240812,0.004616273743834892
0.4663885666598419,0.0026056144352190527,0.4673071849516571,0.004600368531297965
0.4664778332377799,0.0025954295045163764,0.4674124013893059,0.0045958059434878795
0.4665400394651909,0.002588579740974779,0.4675086858990607,0.00458553652038738
0.4665787372613386,0.002585227157182147,0.4676341224981286,0.004549036456451084
0.4667041006362548,0.002575473379505537,0.46767619551567696,0.004518831843685073
0.46684788110005954,0.0025753470856129976,0.4677685281638365,0.004453950626725668
0.4669422868241906,0.0025546723510942826,0.4678577947417745,0.004453035834929047
0.46699591262087237,0.002551969899378932,0.4679100269053109,0.004449246183994416
0.4671217140580018,0.002540202414563055,0.46824725344746676,0.004429146798717128
0.4671720896155269,0.002535100716097871,0.4685857931314166,0.004428218264354152
0.46722094789557483,0.0025151979032052682,0.4686426636881857,0.004420761754630329
0.4672743592482778,0.0025044387638918034,0.46874208770468073,0.00441899520234047
0.4673892016037882,0.0024935341116231495,0.46880206167004246,0.004367509109027048
0.4675228335229671,0.0024411684133862385,0.46887455892336655,0.0043305259112424365
0.4675923935916197,0.0024404213159883604,0.46892341720341446,0.004324951231546292
0.46772857837485726,0.0024399106320420103,0.46897682855611744,0.004311551762275646
0.4678569501665939,0.0024362102430802767,0.4690119573183425,0.004306527697153289
0.46822963221676234,0.0024253129133632203,0.4691615009306297,0.004296185008653291
0.46834921118100914,0.002417756816614187,0.4692502917724435,0.004277102025979225
0.4684269437488118,0.0024136217097019963,0.46936489692247685,0.004268225251711934
0.46848381430558084,0.002395761785100823,0.4695148181063527,0.004263355100737339
0.4686029238622409,0.0023947506949634156,0.4696176544872419,0.0042473668685247
0.4686586248628118,0.0023847366717874748,0.4697041604806826,0.004233041942227817
0.46876770559038766,0.002376822209544298,0.46980181209044625,0.004214322982130414
0.4688671638149638,0.0023688467504398166,0.46984928644676927,0.004204611408307879
0.4689635218546788,0.0023455759229113913,0.4699829183659482,0.004193376883519026
0.4690739511383745,0.002336905973005896,0.47001872282696855,0.004164106025857265
0.46919539697870205,0.0023307405278070164,0.4700998153639719,0.004159723438618927
0.4694006089889738,0.0023099031746938287,0.470179628975757,0.004148847693777878
0.4695432949470885,0.002305132573542656,0.4702656044084012,0.004133135506514798
0.4696438175552153,0.002293637581650773,0.4703283036798493,0.004108232233675954
0.4697983133287736,0.00229199577906694,0.47039678067240537,0.00409794937926778
0.4698362779829682,0.0022905692479196138,0.47045248167297626,0.004060812849854744
0.4700102804836528,0.0022903385965843126,0.47057107552603716,0.004044068936809073
0.47010313653159264,0.002279132884782506,0.4706090269455185,0.004027912872843718
0.47020078814135624,0.0022738481415137445,0.47066186484353234,0.004026345622758513
0.4702171791627771,0.002265510443352695,0.4707676868924858,0.004016583578282484
0.4703082660999218,0.0022636124005097806,0.4708160961224504,0.004008597605619536
0.4704754246908281,0.0022606231627530934,0.4708548979529584,0.004006745818787862
0.4705079408650148,0.002246101110651375,0.470983269744695,0.0039917573307689126
0.47062373386029493,0.002222100397303956,0.47105549609414193,0.003973285947576267
0.47066715702671585,0.0022143568025120262,0.47113219460440575,0.003963030285173513
0.4707393833761628,0.0022128570732263737,0.4712129629673863,0.003956959579569838
0.47085398852619614,0.0022115499167474502,0.47130404990453095,0.003945863441081314
0.4709014628825192,0.0021993380566053015,0.47140170151429456,0.003928087112324101
0.4709402647130272,0.0021864570560696994,0.47152314735462214,0.003911722658791133
0.47127749125518303,0.002175790979647828,0.4715739205141941,0.003907230906855675
0.47139053527819497,0.002170880177375383,0.4716580212896296,0.0039038092636505075
0.47148818688795857,0.002134431816295999,0.47173840414698925,0.0038964872067715228
0.47157511661308543,0.002131317832890236,0.47184172500502963,0.003887277976509201
0.4716745748376616,0.002130844928186937,0.471956330155063,0.0038653660427415038
0.4717279861903646,0.002129660579854555,0.4720545578231355,0.0038400446605977084
0.4717868625579723,0.002104060922784483,0.47209587312361817,0.003823257362583091
0.47185139908879525,0.002083313101505796,0.4721763867820785,0.0038039602173203855
0.4719789085429729,0.0020779486144952937,0.4722229411771729,0.0037735753445784868
0.47212536469543137,0.002046115726571092,0.4723025196986566,0.0037712459722016316
0.4722798604689897,0.0020407868163223,0.47239740211031617,0.0037526475401633264
0.47241447994582264,0.0020397427020350796,0.47261905195725856,0.0037410827400937833
0.47246049193853495,0.0020223690547513675,0.47311573018889286,0.0037239750715418935
0.47258469375074796,0.0019991773632444328,0.47316634632003607,0.003710988483653437
0.4726307185491921,0.0019984522091726006,0.47327417949325123,0.0037099820421038505
0.4726813346803353,0.00199636107566191,0.47339549513560053,0.0037077790526560276
0.47276242721733863,0.0019917410899656846,0.4735496745842214,0.0036980727877151095
0.47289617230266007,0.0019733572515195316,0.4737041703577797,0.003690860407953538
0.47308338537472383,0.0019608253040088518,0.4738468563158944,0.003676017624770913
0.4731254583922722,0.0019488107158036822,0.47398661640850026,0.0036728033242085993
0.4731720127873666,0.0019389670728550215,0.47402744205857095,0.003602429753722713
0.47327533364540697,0.0019291222480910368,0.47406618409501816,0.0035998776047162437
0.4733868056002482,0.0019090618487765593,0.4741902883458179,0.0035853902066779837
0.47343903776378454,0.0019006835573303342,0.47424369969852087,0.003578692777850773
0.4735470395734103,0.0019001309373682014,0.4743981954720792,0.0035732106330860925
0.47360489354242913,0.0018980752630405257,0.4744455518797542,0.003564003059710389
0.47370312121050157,0.0018909510864974061,0.4745924613933467,0.0035529393792640878
0.47392918042557763,0.0018669575171259634,0.4747325903674824,0.003549954882304645
0.47403234429341534,0.0018658410872697303,0.47485519904471535,0.0035287515530473905
0.47418188790570254,0.001855531889430174,0.4748972720622637,0.003486475529324478
0.47424772407177646,0.0018459686573356632,0.4750154870865231,0.003472645884800467
0.4742835285327968,0.001834068554155121,0.4752206990967948,0.003455478056392076
0.47433975481896723,0.001819588526391405,0.4754567651142468,0.0034399593290841755
0.47441933334045094,0.0018159034507044226,0.4755325428095664,0.003438385865910602
0.4745339384904843,0.001809436193634513,0.4755967608493083,0.003430389779325913
0.4746565471677172,0.0018055682080186106,0.4757707633499929,0.0034006928738795094
0.4747729082957687,0.0018044054495614914,0.475850576961778,0.0033978053611114197
0.4749088878220251,0.0017967305508489518,0.4759592521277908,0.0033936474509645756
0.4749635229397342,0.0017936993356835523,0.4760788310920376,0.0033871504510684038
0.47500515185959835,0.001789695766849323,0.4761505989410683,0.0033782013676093205
0.4751498596537677,0.0017731077504196373,0.47625524446818507,0.0033677556471013005
0.47537150950071005,0.001772197812771551,0.4763393948355692,0.0033599717843414497
0.475381812031607,0.0017660020921789997,0.4764245427248685,0.003340823755650664
0.4755032158997149,0.0017615278117513468,0.47652400094944464,0.0033390194341772032
0.4755506731265134,0.0017611073247261167,0.4766454467897722,0.0033182901613360706
0.4756500971430085,0.0017451394139302054,0.47670835716254206,0.0033148062922694664
0.4757559191919619,0.0017416489605391005,0.47681635897216784,0.0033142589016230337
0.4757724829081273,0.0017384150451048587,0.4769115856137925,0.003280211487241575
0.4758966847203403,0.0017184058634012868,0.4771197441061643,0.0032798465282170897
0.47607126866496163,0.0017128810559800373,0.47717002490127364,0.0032775411540399433
0.476147672698608,0.001704779350151217,0.47723978892722113,0.0032723094894020342
0.47622042382397356,0.0016893754410083795,0.4773870010213569,0.003241993020207716
0.4764057944846384,0.0016877341599292675,0.47750759792023767,0.003238508390344129
0.47648727253575723,0.0016696815244393768,0.47784061218785234,0.0032353200351711384
0.47655018290852713,0.0016613218790785193,0.4779334682357922,0.003211480171415583
0.4766703627355518,0.0016586997136557042,0.478261399116301,0.003170552237925463
0.4767174797461221,0.0016573729693215731,0.47833239754259543,0.003169216345848039
0.4767946856861656,0.0016357258270161003,0.4784466364274608,0.0031331457435174567
0.4769223702497009,0.0016313252339239138,0.47854684102870326,0.003117617602011082
0.47699413809873165,0.0016201361124084186,0.4787340541007671,0.0031126942460330655
0.4770524349931687,0.0016163344982496573,0.478847098123779,0.0031069463339788326
0.47715367951328,0.0016161986370415912,0.4789502619916167,0.003059454402703551
0.47727189453753943,0.0015903634603233532,0.47909939334003737,0.0030502051209251434
0.47731272018761006,0.0015844326406711314,0.4791863230651642,0.003040410717811947
0.47739253379939517,0.0015834355500772093,0.4793478865663603,0.003026387235217646
0.4775935514079349,0.0015690546009380657,0.47945578356011515,0.0030102823705751083
0.47775511490913103,0.0015682875682135255,0.4794922349548167,0.003008673952498383
0.4782517931407653,0.001563312461934054,0.4795699675226194,0.0030009574900839208
0.47829780513347764,0.0015622740195041318,0.4796740914763123,0.0029962117742599126
0.47840570212723244,0.0015616801430251583,0.47974710924971975,0.002975287260163825
0.4785103476543492,0.0015320874345865882,0.47981294541579367,0.002954569558247175
0.47854809588105696,0.0015011645606595142,0.479987529360415,0.002943141494592592
0.4786370992088255,0.00149928074114807,0.4800040930765804,0.0029402264500140046
0.4787152201109779,0.0014965430644404058,0.48008221397873274,0.0029386284143153815
0.47880920780335384,0.001490033714515582,0.48017857201844777,0.0029162190742541196
0.47893052344570314,0.001484391407513845,0.4802374483860555,0.00291620130464541
0.479013355642442,0.0014765394640197274,0.4803489203408967,0.002911572470297941
0.4792494216598939,0.0014675991485906992,0.48041868436684426,0.002895228204991147
0.47930377120765877,0.0014580069120690496,0.48047663458909534,0.002888810557124595
0.4793804697179226,0.0014538627204545844,0.48057609281367153,0.0028579960139436364
0.47968022126054316,0.0014299918585564105,0.4808758443562921,0.002818098796640097
0.4797381714827943,0.0014219778456740382,0.480949247168113,0.002714450471428841
0.4798030553526356,0.001404570824605974,0.48108754272671705,0.0026925762931180037
0.47994853346148286,0.0014024618328047139,0.4811934286047049,0.0026809165929905713
0.4800976648099035,0.00138254591942652,0.4812882990048853,0.0026797403980072976
0.48017016206322766,0.0013819047667887258,0.48143300679905465,0.0026730696894849814
0.4802247971809367,0.0013622597962422048,0.4814790315974988,0.002603929484395211
0.48045085639601276,0.0013589467195806166,0.48149559531366415,0.00260193696834992
0.4805634063173998,0.001344127736155118,0.4816966129222039,0.0025964957592081706
0.4807133275012756,0.0013407160570615571,0.4817876013295417,0.0025808271766290243
0.4807984753905749,0.0013369481044496485,0.4818602245335035,0.002570387129095626
0.48085108776754576,0.0013296251769116722,0.48194170258462243,0.002548402700625086
0.48090894603062584,0.0013239716992134156,0.4820429471047337,0.0025343242379003545
0.4811025812685372,0.0013234768114682507,0.48209332266225885,0.0025334703399615003
0.48120670522223014,0.001303790858500953,0.48220015992754833,0.00251519304750108
0.4812976936295679,0.001297979148546365,0.4824262191426244,0.0024374752766233108
0.48141628748262877,0.0012842640506017695,0.48265227835770047,0.0024224679819847745
0.48146975207149867,0.0012762695831270141,0.48269973558449897,0.002407321738562564
0.481519454013549,0.0012746688251058771,0.4827374838112067,0.0024044948297724587
0.48159045243984344,0.0012736592540408434,0.48274778634210364,0.0023630396139767565
0.4816487493342804,0.0012690305227221325,0.4828011965607667,0.002342251876393096
0.4817629882191458,0.0012260595365719941,0.4828594934552037,0.0022654491923085286
0.48184072078694845,0.0012165936334366967,0.48305312869311506,0.002258690900550434
0.48187744325117354,0.0011968027146198321,0.483135960889854,0.0022471240734770227
0.4819308546038765,0.001179243921372241,0.48317176535087436,0.0022381065285995276
0.4819842648225396,0.0011700405468867629,0.48324132541952697,0.002223800428903228
0.4820311959567438,0.001166311666123938,0.4833174918739304,0.0022044474077747085
0.48210381916070566,0.0011299609514847668,0.48339896992504927,0.00220175171008018
0.4821852972118245,0.0011286134040112766,0.4834568238940681,0.002184453040476695
0.4822438973706267,0.0011256255114157861,0.48350283588678034,0.0021548838845352044
0.4824326311265348,0.0010821182837382336,0.48355345201792355,0.0021537859787312263
0.4825868105751557,0.0010749482762089785,0.48363821310191574,0.00211861487244474
0.48269985459816767,0.0010741099370111483,0.4837596169700237,0.002071836642193537
0.48275348039484944,0.0010740453294387018,0.48381396651778846,0.00204572113962976
0.4829032715761246,0.0010694932489418861,0.4838914269329958,0.0020179642513464754
0.48305048367026043,0.0010658738662307436,0.48394972382743284,0.0019935530445320798
0.4831038950229634,0.0010432986178887974,0.4840126342002027,0.0019883907560432367
0.4832097809009512,0.0010395213526422278,0.4840660987890726,0.0019800567334818343
0.4833338851517509,0.0010389496996936693,0.4841309826589139,0.001964074855070324
0.4834818981753955,0.001011405896904892,0.48427646076776115,0.0019569223518958786
0.48356266653837604,0.0009920148223272476,0.4843536667078047,0.0019427970187888422
0.4836673120654928,0.000934611591547037,0.48440078371837497,0.0019387762370631685
0.483752073149485,0.0009258451779029592,0.48443750618260006,0.0019376233128455642
0.4838328970082176,0.0009253525696910732,0.484531493874976,0.0019259091933638915
0.4838980891500386,0.0009038274803330864,0.484584905227679,0.0019253321512597975
0.4839460932814002,0.0008965481286063735,0.48474512850603757,0.001881016834510988
0.4839626569975656,0.0008910091340696319,0.4848037286648397,0.0018674026114403116
0.4841571820703189,0.0008906228036667629,0.4848583637825487,0.0018394253438459745
0.48429731104445456,0.0008883651925953768,0.48501838468362307,0.001833929800981393
0.484392181444635,0.0008784815114506573,0.4850730198013321,0.0018269295436476307
0.4845457833568725,0.0008745072701658039,0.4851375563321551,0.001785074105946243
0.48466638025575326,0.0008680995818280671,0.48521528889995774,0.0017141096354746366
0.48499431113626207,0.0008542315551559706,0.4852731471630379,0.0016691956877655596
0.4851302906625185,0.0008444282401857821,0.4852889086776159,0.0016639810253651617
0.4851888908213206,0.000842758426812837,0.48536153188157777,0.0016511933423220483
0.48528524886103563,0.0008356298724433361,0.4854177581677482,0.0016446731677262623
0.4853275265876582,0.0008239094223161231,0.48556754934902335,0.0015892185282752125
0.48537355138610233,0.0008151086443948654,0.48561725129107375,0.001577876323003651
0.48552046089969486,0.0008093391169456018,0.4856755692353307,0.0015744657057657294
0.4855807424956878,0.0008013233452420973,0.48575197326897707,0.0015433536905376253
0.48580680171076385,0.000800430101665608,0.4857979852616894,0.001503195091285139
0.48589095207814803,0.0007958071794155546,0.485917859543527,0.0014726119451033935
0.48605117535650655,0.0007945176244650013,0.48599868340225966,0.00145957574884719
0.48616373674571317,0.0007801489934642633,0.48605206632326475,0.001440761225327247
0.4862569190233887,0.0007657928929872634,0.4861248174486303,0.0014384100849743418
0.4863657780482807,0.0007656403184867795,0.4861717592861328,0.0014359345793522878
0.48647261531357017,0.0007599157713316951,0.4862553991741468,0.0013627946416020552
0.486680773805942,0.000723441200444718,0.4864441329300549,0.0013520698464659553
0.48678000328574356,0.0007188746841279381,0.48653313625782346,0.0013469435730037653
0.4870060625008196,0.0007053077936326146,0.48664319005962203,0.0013147536455838844
0.4870643804450766,0.0006998082335908565,0.4867083822014431,0.001308970104379966
0.48715164277944467,0.0006970742609693113,0.4867669823602452,0.0012984531038416037
0.48716194531034157,0.0006960624628037466,0.48678324986687815,0.0012443725241966911
0.48732196621141594,0.0006899225157365279,0.4868118405193523,0.0012386600131663176
0.48743452760062256,0.0006700618266091037,0.48692069954424433,0.0012316510759339879
0.4875544018824602,0.0006681069443982287,0.4871467587593204,0.0012170312608824627
0.48817694933877975,0.0006573287878073836,0.4872070403553133,0.001197581663885222
0.4881927108533578,0.0006524066320735979,0.48731959027670035,0.0011960032188111178
0.48829859673134557,0.0006250335978448256,0.487418819756502,0.0011904789527420203
0.4884414024474754,0.0006145069950083371,0.48746955863154073,0.001168657368595085
0.4884576699541084,0.0006112370880005289,0.4876777171239125,0.001162783809910234
0.4885046117916109,0.0005965432027143423,0.48783131903615,0.0011488116065928402
0.48857723499557276,0.0005939633245164389,0.4879438804253566,0.0011252070359292314
0.48863064521423577,0.0005860354460563586,0.48799750622203836,0.001112468483373026
0.4887081056294431,0.0005845488639289176,0.48803978394866093,0.0010867192947727792
0.488781508441264,0.0005707790859836242,0.4881825896647908,0.0010747732541398906
0.48887051176903257,0.0005690688671002994,0.48829861556723925,0.0010261008033388387
0.4888862732836106,0.0005658763459799928,0.4883568191603456,0.0010161946356364161
0.488902836999776,0.0005585857559999447,0.48845177355593344,0.0010126710363063409
0.4890355530139364,0.0005583081725570121,0.4886778327710095,0.0009848378111050043
0.4892384704918986,0.0005433568637985179,0.4887959749448832,0.0009839027027153278
0.48935102041328565,0.0005307364665848681,0.48887906394432856,0.0009812883087297352
0.4893796110657598,0.0005284055243242624,0.4895016114006481,0.0009501021348045382
0.48949563696820825,0.0005171395587524896,0.4896141613220351,0.0009267971912363989
0.48959540832372167,0.0005136303888649127,0.4896809266108514,0.000924439802703494
0.4896715747781251,0.0005069573071567442,0.48978681248883915,0.0009220666898690201
0.4897608413560631,0.0005009213986035916,0.4898402227075022,0.0009099911358194485
0.4898518297634009,0.0004980285914323492,0.4899294892854402,0.0008585117692962719
0.4898938001227274,0.0004971622715515087,0.49002926064095365,0.0008565806345457767
0.4899774400107413,0.000493608930088681,0.4900752854393978,0.000851984802079802
0.49006052901018665,0.000491838351698392,0.49018784682860445,0.0008451675038813855
0.49015681351994145,0.0004804709205850819,0.49028102910627996,0.0008393814430577184
0.49031600923069757,0.0004782501433040021,0.49029759282244534,0.0008152320426684713
0.49042606303249614,0.00047127912008830417,0.490338418472516,0.000806408250449187
0.49047944595350124,0.00045959492372619294,0.49047113448667645,0.000792255660791921
0.4905202716035719,0.00045714372626015566,0.49054630945888306,0.0007704656064217899
0.490567562054295,0.00044801720587678306,0.49059431359024464,0.0007598761595119998
0.4906062598504427,0.00043151452862501917,0.4906351392403153,0.0007590124386628828
0.49072049873530804,0.00043083354703724427,0.4907943349510714,0.0007552210155508702
0.49080874849991,0.0004298086409592433,0.49088258471567336,0.0007457006252309677
0.49088265875849996,0.0004297251422595851,0.49108550219363556,0.0007426303863171489
0.49092348440857064,0.0004236014634146519,0.4911241999897832,0.0007375099961224728
0.491000944823778,0.00041772542429869826,0.4911825193738886,0.0007252027730843479
0.4910514479968983,0.00041400792627231274,0.49125997978909597,0.0007030862014779579
0.4911021868719371,0.00041344966845158844,0.49134724212346403,0.0006826926240789021
0.4911743145981356,0.00039697732573546986,0.4913797582976508,0.0006748613307401817
0.49137533220667534,0.0003965795241186269,0.4914518860238493,0.0006626292268625434
0.49141178360137694,0.00039483207403485525,0.49156612490871465,0.0006581750911300327
0.4915299257752506,0.0003860032805976522,0.4916195078297198,0.0006517325011048197
0.49158824515935606,0.00038456534663184336,0.49166679828044285,0.0006445005570274172
0.4917329529535254,0.00038046756902021295,0.4917173014535632,0.0006239118874774978
0.4917997182423417,0.00037796276819876304,0.4917912117121532,0.0006204337275014249
0.49200787673471347,0.0003746025268913736,0.49188220011949096,0.0006176417086607136
0.49206608032781984,0.00036640556590932096,0.4920269079136603,0.0006102055928134864
0.49218828727459085,0.00036390861357198323,0.4920738390478646,0.0006098808790563233
0.49227693716416,0.0003501627266374903,0.4922748566564043,0.0005992450759992575
0.49232428280482665,0.0003415669572380923,0.49229061817098235,0.0005990846853063366
0.4923694126758675,0.00034111821736309975,0.4923325885303088,0.0005690646511480398
0.4924445876480741,0.0003369968143667004,0.4924493979736537,0.0005248375110219495
0.4924979705690792,0.0003074943720497225,0.49249674361432033,0.0005137959423125813
0.49253786145169187,0.0003026781363498636,0.4926250465821501,0.000509178245911585
0.49263281584727975,0.00029551500023982893,0.492670176453191,0.0004812919350396732
0.49268716539504454,0.00027263738700784005,0.4927245260009558,0.00047933333526647303
0.4927503020236474,0.0002713517602048101,0.49281178833532385,0.0004752873394125398
0.4927972331578516,0.00027017806544494784,0.49284823973002545,0.00046920060293079705
0.4928558333166538,0.000268481864911055,0.4929263606321778,0.0004490912077180288
0.4929683832380408,0.00026748754097715826,0.49301990020463804,0.00044315670924313926
0.49301440803648494,0.00026021610679999524,0.49306410989783583,0.00044113543955188935
0.493101670370853,0.00025887021278427687,0.4931623375659083,0.00043697526704055957
0.4931797912730054,0.0002477647313577139,0.4932205411590147,0.00039686422596060057
0.4932733308454656,0.0002442797625074489,0.4932604320416274,0.0003817830252874606
0.4933267137664707,0.00024146045393697594,0.49327619355620544,0.0003745794593781033
0.4934435232098156,0.00023593889295726457,0.4933887434775925,0.00036472946418599834
0.49361580402551003,0.00022896090988664907,0.4934530784933414,0.0003326471154380976
0.4936483201996968,0.00022587112918332508,0.4936253593090358,0.00032475443403443536
0.49370652379280316,0.0002097860167059543,0.4937140091986049,0.000298480395910028
0.4937222853073812,0.00019930600724411214,0.49391502680714466,0.0002981335748324246
0.4938205129754537,0.0001868600528587771,0.49403723375391567,0.00029104502082720886
0.49386472266865145,0.0001750150552599372,0.49410037038251853,0.0002905141600435921
0.4939772725900385,0.00016866641343864407,0.4941463951809627,0.000284411062958987
0.4940416076057874,0.00016713413845808556,0.4942049953397648,0.00023180574142179464
0.4941025081327451,0.00015969744938931752,0.49431754526115185,0.0002219591727781046
0.4941406991744402,0.00015629634044036453,0.49437092818215694,0.00021944711611594631
0.49426900214227004,0.00015459056482207414,0.4944318287091146,0.0002009763552209505
0.49447001975080973,0.00013117849397842535,0.49447001975080973,0.00017606133289961074
0.4945843008287565,0.0,0.4945394525436544,0.0
0.4946919162408199,0.0,0.49460888533649905,0.0
0.4947518902061816,0.0,0.4946783181293437,0.0
0.49478570706683606,0.0,0.49474775092218837,0.0
0.494862492673066,0.0,0.4948167642986449,0.0
0.4949300749590805,0.0,0.49488577767510145,0.0
0.49498037042450416,0.0,0.49495479105155804,0.0
0.4950306658899279,0.0,0.4950238044280146,0.0
0.4951199166762536,0.0,0.49511954105631795,0.0
0.4952091674625793,0.0,0.49521527768462137,0.0
0.4952984182489051,0.0,0.49531101431292474,0.0
0.4953876690352308,0.0,0.4954067509412281,0.0
0.4954769198215565,0.0,0.4955024875695315,0.0
0.4955661706078823,0.0,0.4955982241978349,0.0
0.495655421394208,0.0,0.49566723757429143,0.0
0.4957446721805337,0.0,0.495736250950748,0.0
0.4958092087113567,0.0,0.49580526432720456,0.0
0.4958737452421797,0.0,0.49589857230067735,0.0
0.49593828177300264,0.0,0.49599188027415014,0.0
0.49600281830382564,0.0,0.4960759085219978,0.0
0.4960673548346486,0.0,0.4961599367698455,0.0
0.4961318913654716,0.0,0.49624396501769313,0.0
0.49619642789629453,0.0,0.4963279932655408,0.0
0.49629926427718374,0.0,0.4964120215133884,0.0
0.496402100658073,0.0,0.4964746496248924,0.0
0.4965049370389622,0.0,0.496544082417737,0.0
0.4966077734198514,0.0,0.49661351521058167,0.0
0.4967106098007406,0.0,0.49668294800342633,0.0
0.4967992821247627,0.0,0.496752380796271,0.0
0.49688795444878475,0.0,0.4968638640660275,0.0
0.49697948355107374,0.0,0.4969753473357841,0.0
0.4970710126533627,0.0,0.4970868306055406,0.0
0.49714981826079613,0.0,0.49718205724716524,0.0
0.4972261486285674,0.0,0.49727728388878994,0.0
0.4973337640406308,0.0,0.4973725105304146,0.0
0.4974413794526942,0.0,0.49746773717203924,0.0
0.4975329085549831,0.0,0.4975629638136639,0.0
0.4976357449358723,0.0,0.4976631684149064,0.0
0.4977086798096863,0.0,0.4977321817913629,0.0
0.49778161468350024,0.0,0.4978011951678195,0.0
0.49785454955731423,0.0,0.49787020854427605,0.0
0.49792748443112816,0.0,0.4979392219207326,0.0
0.4979569756302372,0.0,0.49794952445162954,0.0
0.4979864668293463,0.0,0.4980335526994772,0.0
0.4980761254283256,0.0,0.4981033370362074,0.0
0.49816578402730494,0.0,0.49817312137293757,0.0
0.4982554426262843,0.0,0.4982429057096678,0.0
0.49834510122526365,0.0,0.498312690046398,0.0
0.4984080115980335,0.0,0.49838247438312816,0.0
0.49860216484160264,0.0,0.4984522587198584,0.0
0.4987963180851718,0.0,0.49852204305658854,0.0
0.4989904713287409,0.0,0.49859182739331875,0.0
0.49918462457231005,0.0,0.49866161173004897,0.0
0.4993787778158792,0.0,0.49872474835865177,0.0
0.49957293105944833,0.0,0.4987878849872546,0.0
0.49966160338347043,0.0,0.4988510216158575,0.0
0.49975027570749253,0.0,0.49891415824446034,0.0
0.4998131860802624,0.0,0.49902564151421686,0.0
0.49999691708057836,0.0,0.49909967244824754,0.0
0.5001806480808944,0.0,0.4992078321060388,0.0
0.5003643790812103,0.0,0.49931599176383007,0.0
0.5005481100815262,0.0,0.4993791283924329,0.0
0.500702074682671,0.0,0.4994422650210358,0.0
0.5008560392838157,0.0,0.4995054016496386,0.0
0.5010100038849604,0.0,0.49956853827824144,0.0
0.5010861947021095,0.0,0.4996316749068443,0.0
0.5011623855192585,0.0,0.49969481153544715,0.0
0.5012385763364074,0.0,0.4997051140663441,0.0
0.5013189591937671,0.0,0.499715416597241,0.0
0.5013993420511268,0.0,0.49972571912813796,0.0
0.5014980794510376,0.0,0.4997360216590349,0.0
0.5015968168509484,0.0,0.4998057265322701,0.0
0.5016955542508592,0.0,0.4998754314055053,0.0
0.5017942916507699,0.0,0.4999451362787405,0.0
0.5018930290506807,0.0,0.5000148411519757,0.0
0.5019917664505915,0.0,0.5000845460252108,0.0
0.5020905038505022,0.0,0.500154250898446,0.0
0.5021892412504131,0.0,0.500164553429343,0.0
0.5022879786503238,0.0,0.5001748559602399,0.0
0.5024262742089279,0.0,0.5001851584911369,0.0
0.5024873236136678,0.0,0.5001954610220338,0.0
0.5025483730184076,0.0,0.5002694919560645,0.0
0.502584177479428,0.0,0.5003435228900951,0.0
0.502660368296577,0.0,0.5004175538241258,0.0
0.5027365591137261,0.0,0.5004915847581565,0.0
0.5028127499308751,0.0,0.500565615692187,0.0
0.5028352254195264,0.0,0.500679885387261,0.0
0.5028577009081778,0.0,0.500794155082335,0.0
0.5028801763968291,0.0,0.500908424777409,0.0
0.5029026518854806,0.0,0.5009956871117771,0.0
0.502925127374132,0.0,0.5011038467695683,0.0
0.5029476028627833,0.0,0.5012120064273596,0.0
0.5030003935516066,0.0,0.501320166085151,0.0
0.5030531842404299,0.0,0.5014283257429422,0.0
0.5031059749292531,0.0,0.5014980306161774,0.0
0.5031754275062102,0.0,0.5015677354894126,0.0
0.5032466134398494,0.0,0.5016549978237806,0.0
0.5033177993734888,0.0,0.5017422601581487,0.0
0.503427813776956,0.0,0.5018271220909958,0.0
0.5035378281804234,0.0,0.5019119840238428,0.0
0.5036478425838907,0.0,0.5019968459566899,0.0
0.5037282254412504,0.0,0.5020817078895369,0.0
0.5038086082986101,0.0,0.502166569822384,0.0
0.5038889911559697,0.0,0.502251431755231,0.0
0.5039693740133293,0.0,0.5023362936880781,0.0
0.5040405599469686,0.0,0.5024059985613133,0.0
0.5041117458806078,0.0,0.5025202682563872,0.0
0.5042359476928208,0.0,0.5026345379514612,0.0
0.5043601495050338,0.0,0.5027488076465352,0.0
0.5044843513172468,0.0,0.5028630773416092,0.0
0.5046085531294597,0.0,0.5029490527742534,0.0
0.5047327549416727,0.0,0.5030350282068975,0.0
0.5048569567538858,0.0,0.5031210036395417,0.0
0.5049811585660987,0.0,0.5032069790721859,0.0
0.5050063006286108,0.0,0.5032929545048301,0.0
0.5050314426911231,0.0,0.5033789299374744,0.0
0.5050565847536352,0.0,0.5034649053701185,0.0
0.5050817268161474,0.0,0.5035366878130115,0.0
0.5051068688786595,0.0,0.5036239501473796,0.0
0.5051320109411718,0.0,0.5036957325902726,0.0
0.5051571530036839,0.0,0.5037675150331656,0.0
0.505182295066196,0.0,0.5038392974760586,0.0
0.5052074371287083,0.0,0.5039110799189517,0.0
0.505268456029048,0.0,0.5039828623618446,0.0
0.5053294749293878,0.0,0.5040546448047376,0.0
0.5053904938297277,0.0,0.5041264272476307,0.0
0.5054515127300674,0.0,0.504201186643045,0.0
0.5055125316304072,0.0,0.5042759460384595,0.0
0.505573550530747,0.0,0.5043507054338738,0.0
0.5056345694310868,0.0,0.5044254648292883,0.0
0.5056955883314266,0.0,0.5045114402619325,0.0
0.5057566072317664,0.0,0.504671663540291,0.0
0.5058176261321061,0.0,0.5048318868186495,0.0
0.505878645032446,0.0,0.5049921100970081,0.0
0.5061147110498979,0.0,0.5051523333753666,0.0
0.5063507770673498,0.0,0.5053125566537251,0.0
0.5065868430848017,0.0,0.5054727799320836,0.0
0.5068229091022536,0.0,0.5056330032104421,0.0
0.5070589751197055,0.0,0.5057444864801988,0.0
0.5070753661411264,0.0,0.5058559697499553,0.0
0.507141405338575,0.0,0.5059674530197118,0.0
0.5072074445360235,0.0,0.5060789362894683,0.0
0.5072734837334721,0.0,0.506190419559225,0.0
0.5073395229309207,0.0,0.5062622020021179,0.0
0.5074234573465201,0.0,0.5063339844450109,0.0
0.5075073917621196,0.0,0.506405766887904,0.0
0.5077434577795715,0.0,0.5064805262833183,0.0
0.5078745365203885,0.0,0.5065552856787328,0.0
0.5080056152612056,0.0,0.5066300450741471,0.0
0.5081366940020225,0.0,0.5067048044695616,0.0
0.5082677727428396,0.0,0.5067727333088364,0.0
0.5083988514836566,0.0,0.5068406621481113,0.0
0.5085299302244737,0.0,0.5069085909873862,0.0
0.5086610089652908,0.0,0.506976519826661,0.0
0.5087920877061077,0.0,0.5070444486659359,0.0
0.5089231664469248,0.0,0.5071123775052108,0.0
0.5089777330550301,0.0,0.5071803063444856,0.0
0.5090322996631356,0.0,0.5072482351837605,0.0
0.509086866271241,0.0,0.5073161640230353,0.0
0.5091414328793464,0.0,0.5073840928623101,0.0
0.5091959994874519,0.0,0.5075443161406687,0.0
0.5092505660955573,0.0,0.5076286445820543,0.0
0.5093051327036626,0.0,0.507721952555527,0.0
0.509359699311768,0.0,0.5078152605289998,0.0
0.509509620495644,0.0,0.5079085685024727,0.0
0.5096595416795198,0.0,0.5079465199219539,0.0
0.5098094628633956,0.0,0.5079844713414353,0.0
0.5099593840472714,0.0,0.5080224227609166,0.0
0.5101093052311473,0.0,0.508060374180398,0.0
0.5105458046949042,0.0,0.5080983255998793,0.0
0.5109823041586612,0.0,0.5081362770193606,0.0
0.5114188036224181,0.0,0.508174228438842,0.0
0.511855303086175,0.0,0.5082121798583233,0.0
0.512291802549932,0.0,0.5082736244865993,0.0
0.5127283020136889,0.0,0.5083323458560071,0.0
0.5131648014774459,0.0,0.5083910672254148,0.0
0.5136013009412028,0.0,0.5084497885948226,0.0
0.5137106000500422,0.0,0.5085085099642302,0.0
0.5138198991588816,0.0,0.508567231333638,0.0
0.513929198267721,0.0,0.5086259527030458,0.0
0.5140384973765605,0.0,0.5086846740724535,0.0
0.5141477964853999,0.0,0.5087433954418613,0.0
0.5142570955942393,0.0,0.508802116811269,0.0
0.5143663947030787,0.0,0.508863561439545,0.0
0.514475693811918,0.0,0.508925006067821,0.0
0.5146249933720152,0.0,0.5090093345092065,0.0
0.5147742929321124,0.0,0.509093662950592,0.0
0.5149235924922095,0.0,0.5091779913919776,0.0
0.5150728920523067,0.0,0.5092623198333631,0.0
0.5152221916124039,0.0,0.5093388517289504,0.0
0.515371491172501,0.0,0.5094153836245379,0.0
0.5155207907325982,0.0,0.5094919155201252,0.0
0.5156700902926954,0.0,0.5095684474157125,0.0
0.5158193898527925,0.0,0.5096449793112999,0.0
0.5160275483451643,0.0,0.5097215112068872,0.0
0.5162357068375361,0.0,0.5097980431024747,0.0
0.5164438653299078,0.0,0.5098681628431961,0.0
0.5166520238222796,0.0,0.5099382825839177,0.0
0.5168601823146514,0.0,0.5100084023246392,0.0
0.5170683408070232,0.0,0.510101710298112,0.0
0.5171417436188441,0.0,0.5101718300388335,0.0
0.517215146430665,0.0,0.5102419497795551,0.0
0.5172885492424859,0.0,0.5103120695202765,0.0
0.5173619520543068,0.0,0.510382189260998,0.0
0.5174353548661277,0.0,0.5104505276925623,0.0
0.5175087576779486,0.0,0.5105188661241264,0.0
0.5175821604897695,0.0,0.5105872045556906,0.0
0.5176555633015903,0.0,0.5106555429872548,0.0
0.5178500883743437,0.0,0.510723881418819,0.0
0.518044613447097,0.0,0.5107922198503831,0.0
0.5182391385198503,0.0,0.5108605582819473,0.0
0.5184336635926036,0.0,0.5109288967135115,0.0
0.518628188665357,0.0,0.5110054286090989,0.0
0.5188227137381103,0.0,0.5110819605046862,0.0
0.5190172388108636,0.0,0.5111584924002736,0.0
0.5192117638836169,0.0,0.5113036264405547,0.0
0.519391158043387,0.0,0.5114487604808359,0.0
0.5195705522031571,0.0,0.511593894521117,0.0
0.5197499463629272,0.0,0.5116852271669146,0.0
0.5199293405226972,0.0,0.5117765598127121,0.0
0.5201087346824673,0.0,0.5118678924585096,0.0
0.5202881288422374,0.0,0.5119592251043071,0.0
0.5204675230020075,0.0,0.5120505577501047,0.0
0.5205065719895114,0.0,0.5121418903959022,0.0
0.5205456209770154,0.0,0.5122332230416998,0.0
0.5205846699645194,0.0,0.5123245556874974,0.0
0.5206237189520233,0.0,0.5124158883332949,0.0
0.5206627679395273,0.0,0.5125072209790924,0.0
0.520853043768887,0.0,0.5125985536248899,0.0
0.5210433195982466,0.0,0.5126686733656115,0.0
0.5212335954276063,0.0,0.512738793106333,0.0
0.5214238712569659,0.0,0.5128070965313161,0.0
0.5214800975431363,0.0,0.5128754349628802,0.0
0.5215363238293067,0.0,0.5129437733944444,0.0
0.5215925501154771,0.0,0.5130121118260086,0.0
0.5216487764016475,0.0,0.5130680497984528,0.0
0.5217050026878179,0.0,0.513123987770897,0.0
0.5217612289739884,0.0,0.5131799257433411,0.0
0.5218712433774557,0.0,0.5132358637157852,0.0
0.5219812577809231,0.0,0.5132918016882294,0.0
0.5221715336102827,0.0,0.5133477396606736,0.0
0.5223618094396424,0.0,0.5134036776331177,0.0
0.5225520852690021,0.0,0.5134596156055619,0.0
0.5227423610983617,0.0,0.513604749645843,0.0
0.5229326369277214,0.0,0.5136718689887231,0.0
0.5231028282387309,0.0,0.5137389883316033,0.0
0.5232730195497405,0.0,0.5138110901999923,0.0
0.52344321086075,0.0,0.5138831920683813,0.0
0.5236134021717596,0.0,0.5139552939367703,0.0
0.523783593482769,0.0,0.5140273958051594,0.0
0.5239537847937786,0.0,0.5140994976735485,0.0
0.5239969309826252,0.0,0.5141715995419375,0.0
0.5240400771714719,0.0,0.5142437014103266,0.0
0.5240832233603187,0.0,0.5143158032787156,0.0
0.5241263695491652,0.0,0.5143879051471046,0.0
0.524169515738012,0.0,0.5144562085720877,0.0
0.5242126619268586,0.0,0.5145245119970708,0.0
0.5242558081157053,0.0,0.5145928154220539,0.0
0.524298954304552,0.0,0.514661118847037,0.0
0.5243421004933986,0.0,0.5147294222720201,0.0
0.5244893125875344,0.0,0.5147967557488231,0.0
0.5246365246816702,0.0,0.5148640892256261,0.0
0.5247837367758059,0.0,0.5149314227024292,0.0
0.5249309488699417,0.0,0.5149997261274123,0.0
0.5250781609640776,0.0,0.5150680295523953,0.0
0.5252253730582133,0.0,0.5151317717370874,0.0
0.5253795525068342,0.0,0.5151955139217795,0.0
0.525533731955455,0.0,0.5152592561064716,0.0
0.5256879114040759,0.0,0.5153229982911637,0.0
0.5258420908526968,0.0,0.5153867404758558,0.0
0.5259962703013177,0.0,0.5154504826605478,0.0
0.5261129981022818,0.0,0.5155142248452399,0.0
0.526229725903246,0.0,0.515577967029932,0.0
0.5263464537042102,0.0,0.515641709214624,0.0
0.5264631815051743,0.0,0.5157088285575041,0.0
0.5265799093061385,0.0,0.5157759479003842,0.0
0.5266966371071027,0.0,0.5158675002186368,0.0
0.5268133649080669,0.0,0.5159590525368895,0.0
0.526930092709031,0.0,0.516050604855142,0.0
0.5274510801018125,0.0,0.5161349332965275,0.0
0.5279720674945939,0.0,0.5162192617379131,0.0
0.5284930548873754,0.0,0.5162863810807932,0.0
0.5290140422801568,0.0,0.5163535004236732,0.0
0.5295350296729383,0.0,0.5164208339004763,0.0
0.5300560170657197,0.0,0.5164881673772793,0.0
0.5305770044585012,0.0,0.5165555008540823,0.0
0.5310979918512826,0.0,0.5166228343308854,0.0
0.5312382691170675,0.0,0.5166901678076884,0.0
0.5313785463828523,0.0,0.5167502290261677,0.0
0.5315188236486372,0.0,0.5168102902446471,0.0
0.5316591009144221,0.0,0.5168703514631264,0.0
0.531799378180207,0.0,0.5169304126816058,0.0
0.5319396554459919,0.0,0.5169904739000851,0.0
0.5320799327117768,0.0,0.5170505351185645,0.0
0.5322202099775616,0.0,0.5171105963370438,0.0
0.5323604872433465,0.0,0.5171779298138469,0.0
0.5325007645091314,0.0,0.5172452632906499,0.0
0.5326410417749162,0.0,0.517295471116448,0.0
0.5327687263384515,0.0,0.517345678942246,0.0
0.5328964109019868,0.0,0.5173958867680442,0.0
0.5330240954655221,0.0,0.5174460945938423,0.0
0.5331517800290574,0.0,0.5175376469120948,0.0
0.5332467344246452,0.0,0.5176291992303474,0.0
0.533341688820233,0.0,0.5177207515486001,0.0
0.533436643215821,0.0,0.517795478851109,0.0
0.5334913198597788,0.0,0.5178702061536179,0.0
0.5336296154183829,0.0,0.5179449334561269,0.0
0.533767910976987,0.0,0.5180196607586358,0.0
0.5339062065355911,0.0,0.5180943880611447,0.0
0.5340445020941951,0.0,0.5181853764684825,0.0
0.5341827976527992,0.0,0.5182763648758204,0.0
0.53419918867422,0.0,0.5183673532831582,0.0
0.5342155796956408,0.0,0.5184516817245437,0.0
0.5342319707170617,0.0,0.5185018895503417,0.0
0.5342483617384826,0.0,0.5185520973761398,0.0
0.5342647527599034,0.0,0.518602305201938,0.0
0.5342811437813242,0.0,0.518652513027736,0.0
0.5343760981769121,0.0,0.5187027208535341,0.0
0.5344710525724999,0.0,0.5187529286793322,0.0
0.5345660069680878,0.0,0.5188419320071007,0.0
0.5346609613636756,0.0,0.5189309353348692,0.0
0.5347482186946764,0.0,0.5190199386626378,0.0
0.5348354760256773,0.0,0.5191089419904064,0.0
0.5349227333566782,0.0,0.519197945318175,0.0
0.535009990687679,0.0,0.5193430793584561,0.0
0.5350972480186799,0.0,0.5194882133987372,0.0
0.5351845053496807,0.0,0.5196333474390183,0.0
0.5352717626806816,0.0,0.5197784814792995,0.0
0.5353285573502164,0.0,0.5199236155195807,0.0
0.5353853520197512,0.0,0.5200687495598617,0.0
0.5354421466892861,0.0,0.520128810778341,0.0
0.5354989413588209,0.0,0.5201888719968204,0.0
0.5355557360283558,0.0,0.5202635992993294,0.0
0.5356125306978906,0.0,0.5203545877066672,0.0
0.5356693253674255,0.0,0.520445576114005,0.0
0.5360545757401085,0.0,0.5205365645213428,0.0
0.5364398261127916,0.0,0.5206275529286806,0.0
0.5368250764854746,0.0,0.5207185413360185,0.0
0.536905590143935,0.0,0.5207810309672299,0.0
0.5369861038023953,0.0,0.5208435205984414,0.0
0.5370716430246667,0.0,0.520906010229653,0.0
0.5371571822469382,0.0,0.5209684998608645,0.0
0.5372427214692096,0.0,0.521030989492076,0.0
0.537328260691481,0.0,0.5210934791232875,0.0
0.5374137999137525,0.0,0.5211559687544991,0.0
0.5374993391360239,0.0,0.5212449720822676,0.0
0.5378845895087069,0.0,0.5213339754100362,0.0
0.53826983988139,0.0,0.5214051623800265,0.0
0.538655090254073,0.0,0.5214337530325006,0.0
0.5390403406267561,0.0,0.5214623436849748,0.0
0.5394255909994392,0.0,0.521490934337449,0.0
0.5398108413721222,0.0,0.5215195249899232,0.0
0.5401960917448053,0.0,0.5215481156423972,0.0
0.5405206782693374,0.0,0.5215767062948714,0.0
0.5408452647938695,0.0,0.5216052969473456,0.0
0.5411698513184017,0.0,0.5216584074056995,0.0
0.5414944378429338,0.0,0.5217115178640533,0.0
0.541819024367466,0.0,0.5217646283224073,0.0
0.5421436108919981,0.0,0.5218177387807612,0.0
0.5424681974165303,0.0,0.5218708492391151,0.0
0.5427927839410623,0.0,0.5219239596974691,0.0
0.5431173704655945,0.0,0.5219997373927887,0.0
0.5434419569901267,0.0,0.5220755150881083,0.0
0.5435324834227238,0.0,0.5221286255464623,0.0
0.5436230098553207,0.0,0.5221817360048162,0.0
0.5437135362879179,0.0,0.5222348464631701,0.0
0.5438040627205148,0.0,0.5223339200400882,0.0
0.543894589153112,0.0,0.5224329936170062,0.0
0.543985115585709,0.0,0.5225320671939244,0.0
0.544075642018306,0.0,0.5226032541639147,0.0
0.544166168450903,0.0,0.522674441133905,0.0
0.544300860132526,0.0,0.5227456281038954,0.0
0.5444355518141489,0.0,0.5228168150738857,0.0
0.5445702434957719,0.0,0.522888002043876,0.0
0.5447049351773948,0.0,0.5229591890138663,0.0
0.5448396268590178,0.0,0.5230303759838566,0.0
0.5449743185406407,0.0,0.523101562953847,0.0
0.5451090102222637,0.0,0.523163499577067,0.0
0.5452437019038866,0.0,0.5232254362002869,0.0
0.5453783935855095,0.0,0.5232966231702773,0.0
0.5455130852671326,0.0,0.5233678101402677,0.0
0.5456368256482643,0.0,0.5234441101820271,0.0
0.5457605660293962,0.0,0.5235204102237866,0.0
0.545884306410528,0.0,0.5235967102655461,0.0
0.5460080467916598,0.0,0.5236730103073056,0.0
0.5461317871727916,0.0,0.5237493103490651,0.0
0.5462555275539235,0.0,0.5238250880443848,0.0
0.5463792679350553,0.0,0.5239008657397045,0.0
0.5465030083161871,0.0,0.5239766434350241,0.0
0.546626748697319,0.0,0.5240524211303438,0.0
0.5467189716621552,0.0,0.5241281988256635,0.0
0.5468111946269916,0.0,0.5242266893191714,0.0
0.5469034175918279,0.0,0.5243251798126792,0.0
0.5469956405566642,0.0,0.5244242533895974,0.0
0.5470878635215005,0.0,0.5245233269665155,0.0
0.5471800864863368,0.0,0.5246224005434336,0.0
0.5472723094511731,0.0,0.5247214741203516,0.0
0.5473645324160094,0.0,0.5247972518156713,0.0
0.5474567553808457,0.0,0.5248778835926733,0.0
0.5475489783456821,0.0,0.5249585153696753,0.0
0.5476910485413481,0.0,0.5250391471466773,0.0
0.5478331187370141,0.0,0.5251197789236792,0.0
0.5479751889326802,0.0,0.5252004107006812,0.0
0.5481172591283462,0.0,0.5252810424776833,0.0
0.5482593293240122,0.0,0.5253616742546853,0.0
0.5484013995196783,0.0,0.5255950431259189,0.0
0.5485434697153444,0.0,0.5258284119971525,0.0
0.5486855399110104,0.0,0.5260617808683861,0.0
0.5488276101066765,0.0,0.5262951497396197,0.0
0.5489661149317512,0.0,0.5265285186108533,0.0
0.5491046197568258,0.0,0.5267618874820869,0.0
0.5492431245819005,0.0,0.5269952563533205,0.0
0.5493816294069752,0.0,0.527228625224554,0.0
0.5495201342320499,0.0,0.5273176285523226,0.0
0.5496586390571245,0.0,0.5273795651755426,0.0
0.5498401613214108,0.0,0.5274415017987626,0.0
0.5500216835856969,0.0,0.5275034384219826,0.0
0.5501218881869394,0.0,0.5276019289154905,0.0
0.5502220927881819,0.0,0.5277004194089984,0.0
0.5503222973894244,0.0,0.5277989099025062,0.0
0.5504225019906669,0.0,0.5278726193128546,0.0
0.5505227065919094,0.0,0.527946328723203,0.0
0.5506229111931519,0.0,0.5280200381335514,0.0
0.5507034248516122,0.0,0.5280937475438997,0.0
0.5507839385100725,0.0,0.5281928211208178,0.0
0.5508644521685329,0.0,0.5282918946977359,0.0
0.5509449658269931,0.0,0.5283709922588664,0.0
0.5511264880912794,0.0,0.528450089819997,0.0
0.551359856962513,0.0,0.5285291873811275,0.0
0.5515932258337466,0.0,0.5286082849422581,0.0
0.5518265947049802,0.0,0.5286873825033885,0.0
0.5520599635762138,0.0,0.5287682247106326,0.0
0.5522933324474474,0.0,0.5288490669178765,0.0
0.5525267013186809,0.0,0.5289299091251204,0.0
0.5527600701899145,0.0,0.5291114313894066,0.0
0.5529934390611481,0.0,0.5292167118684568,0.0
0.5530824423889167,0.0,0.5293219923475069,0.0
0.5531714457166852,0.0,0.5294272728265571,0.0
0.5532604490444538,0.0,0.5295325533056072,0.0
0.5533494523722223,0.0,0.5296133955128511,0.0
0.553438455699991,0.0,0.5296942377200952,0.0
0.5535274590277595,0.0,0.5297750799273391,0.0
0.5536164623555281,0.0,0.529855922134583,0.0
0.5537054656832966,0.0,0.5299367643418269,0.0
0.5538505997235778,0.0,0.5300176065490709,0.0
0.5539957337638589,0.0,0.5300984487563148,0.0
0.55414086780414,0.0,0.5301721581666632,0.0
0.5542860018444211,0.0,0.5302458675770115,0.0
0.5544311358847023,0.0,0.5303195769873599,0.0
0.5545762699249834,0.0,0.5303932863977083,0.0
0.5547214039652645,0.0,0.5304669958080567,0.0
0.5548665380055456,0.0,0.5305633538477716,0.0
0.5550116720458268,0.0,0.5306328769305825,0.0
0.555156806086108,0.0,0.5307065863409308,0.0
0.5552481387319055,0.0,0.5308010111101371,0.0
0.555339471377703,0.0,0.5308954358793433,0.0
0.5554308040235005,0.0,0.5309898606485496,0.0
0.5555221366692981,0.0,0.5310842854177558,0.0
0.5556134693150957,0.0,0.531178710186962,0.0
0.5557048019608932,0.0,0.5312731349561683,0.0
0.5557961346066908,0.0,0.5313675597253745,0.0
0.5558874672524883,0.0,0.5314619844945808,0.0
0.5559787998982858,0.0,0.531556409263787,0.0
0.5560701325440833,0.0,0.5316259323465978,0.0
0.5561614651898809,0.0,0.5317249604090142,0.0
0.5563216884682395,0.0,0.5318239884714305,0.0
0.556481911746598,0.0,0.531923016533847,0.0
0.5566421350249565,0.0,0.5320220445962633,0.0
0.556802358303315,0.0,0.5321210726586797,0.0
0.5569625815816736,0.0,0.532220100721096,0.0
0.5571228048600321,0.0,0.5323191287835125,0.0
0.5572830281383906,0.0,0.5324244092625626,0.0
0.5574432514167491,0.0,0.5325296897416127,0.0
0.5575547346865057,0.0,0.5326260477813278,0.0
0.5576662179562623,0.0,0.5327224058210428,0.0
0.5577777012260188,0.0,0.5328187638607579,0.0
0.5578891844957753,0.0,0.5329151219004729,0.0
0.5579786876335946,0.0,0.5329956355589331,0.0
0.5580681907714139,0.0,0.5330761492173935,0.0
0.5581576939092331,0.0,0.5332146540424682,0.0
0.5582123290269422,0.0,0.5333531588675429,0.0
0.5582670056709,0.0,0.5334916636926176,0.0
0.5583784889406567,0.0,0.5336301685176923,0.0
0.5584899722104132,0.0,0.5337686733427669,0.0
0.5586014554801697,0.0,0.5339071781678416,0.0
0.5587129387499262,0.0,0.5340887004321279,0.0
0.5588244220196829,0.0,0.534270222696414,0.0
0.5590516591412287,0.0,0.5343397457792248,0.0
0.5592788962627745,0.0,0.5344092688620357,0.0
0.5595061333843203,0.0,0.5344787919448465,0.0
0.5597333705058661,0.0,0.5345483150276572,0.0
0.559960607627412,0.0,0.5346473430900737,0.0
0.5601878447489578,0.0,0.53474637115249,0.0
0.5604150818705037,0.0,0.5348453992149064,0.0
0.5606004525311684,0.0,0.534916406547874,0.0
0.5607858231918332,0.0,0.5349874138808416,0.0
0.560971193852498,0.0,0.5350584212138092,0.0
0.5611565645131628,0.0,0.5351294285467769,0.0
0.5612384450592649,0.0,0.5352004358797445,0.0
0.561320325605367,0.0,0.5352714432127121,0.0
0.5614022061514691,0.0,0.5353424505456797,0.0
0.5615486623039275,0.0,0.5354134578786474,0.0
0.561695118456386,0.0,0.5355142408147733,0.0
0.5618415746088444,0.0,0.5355947544732336,0.0
0.5619880307613029,0.0,0.5356752681316939,0.0
0.5621344869137613,0.0,0.5357581003284329,0.0
0.5622809430662198,0.0,0.5358588832645587,0.0
0.5624273992186782,0.0,0.5359596662006846,0.0
0.5625738553711367,0.0,0.5360604491368105,0.0
0.5627203115235951,0.0,0.5361548592357024,0.0
0.5628155381652198,0.0,0.5362492693345943,0.0
0.5629107648068444,0.0,0.5363436794334862,0.0
0.5630059914484691,0.0,0.5364380895323779,0.0
0.5631012180900937,0.0,0.5365324996312698,0.0
0.5631964447317184,0.0,0.5366269097301617,0.0
0.5632966493329609,0.0,0.5367213198290536,0.0
0.5633968539342034,0.0,0.5368157299279454,0.0
0.5635568748352777,0.0,0.5369101400268372,0.0
0.5637168957363521,0.0,0.5370086305203451,0.0
0.5638769166374263,0.0,0.537107121013853,0.0
0.5641375171119594,0.0,0.5372104418718934,0.0
0.5643981175864924,0.0,0.537308093481657,0.0
0.5646587180610255,0.0,0.5374057450914206,0.0
0.5649193185355585,0.0,0.5375033967011843,0.0
0.5651799190100916,0.0,0.5376041796373101,0.0
0.5654405194846246,0.0,0.537704962573436,0.0
0.5657011199591576,0.0,0.537805745509562,0.0
0.5659617204336906,0.0,0.5379065284456879,0.0
0.5661742554027906,0.0,0.5380073113818138,0.0
0.5663867903718907,0.0,0.5381080943179397,0.0
0.5665993253409906,0.0,0.5381909265146786,0.0
0.5668118603100906,0.0,0.5382737587114175,0.0
0.5670243952791906,0.0,0.5383565909081564,0.0
0.5672369302482906,0.0,0.53845424251792,0.0
0.5673575271471714,0.0,0.5385629059782622,0.0
0.5674781240460521,0.0,0.5386715694386043,0.0
0.5675987209449329,0.0,0.5387802328989464,0.0
0.5677193178438137,0.0,0.5388888963592885,0.0
0.5677706015167346,0.0,0.5389975598196306,0.0
0.5678218851896556,0.0,0.5391062232799727,0.0
0.5678731688625764,0.0,0.5392148867403148,0.0
0.5679244525354974,0.0,0.5392977189370537,0.0
0.5679757362084183,0.0,0.5394010397950941,0.0
0.5680303713261274,0.0,0.5395043606531345,0.0
0.5680850064438364,0.0,0.5396076815111749,0.0
0.5681013974652573,0.0,0.5397110023692153,0.0
0.5681177884866782,0.0,0.5398143232272556,0.0
0.568134179508099,0.0,0.5399176440852961,0.0
0.5682236826459183,0.0,0.5400127195895533,0.0
0.5683131857837375,0.0,0.5401077950938106,0.0
0.5684337826826182,0.0,0.5402028705980678,0.0
0.5685891119712824,0.0,0.5402979461023252,0.0
0.5687444412599464,0.0,0.5403930216065824,0.0
0.5688997705486105,0.0,0.5404880971108397,0.0
0.5690550998372745,0.0,0.540583172615097,0.0
0.5692104291259387,0.0,0.5406782481193543,0.0
0.5693657584146027,0.0,0.540710764293541,0.0
0.5695210877032668,0.0,0.5408084159033046,0.0
0.5696764169919308,0.0,0.5409060675130682,0.0
0.5698233265055234,0.0,0.5410037191228318,0.0
0.5699702360191158,0.0,0.5411013707325955,0.0
0.5701171455327083,0.0,0.5411990223423591,0.0
0.570265158556353,0.0,0.5413410925380251,0.0
0.5704131715799975,0.0,0.5414831627336911,0.0
0.5705611846036421,0.0,0.5416252329293573,0.0
0.5707091976272867,0.0,0.5417673031250233,0.0
0.5708572106509313,0.0,0.5419093733206893,0.0
0.5709931901771876,0.0,0.5420095779219318,0.0
0.5711291697034441,0.0,0.5421097825231743,0.0
0.5712651492297005,0.0,0.5422099871244168,0.0
0.5714011287559569,0.0,0.5423101917256593,0.0
0.5715371082822134,0.0,0.5424103963269017,0.0
0.5716730878084698,0.0,0.5425106009281442,0.0
0.5718090673347263,0.0,0.5426192643884864,0.0
0.5719450468609827,0.0,0.5427279278488285,0.0
0.5720810263872391,0.0,0.5428230033530858,0.0
0.5722170059134956,0.0,0.5428781600951867,0.0
0.5723271289554404,0.0,0.5429106762693735,0.0
0.5724372519973852,0.0,0.5429431924435603,0.0
0.57254737503933,0.0,0.542975708617747,0.0
0.5726574980812749,0.0,0.5430082247919338,0.0
0.5727676211232197,0.0,0.5430951545170606,0.0
0.5728777441651645,0.0,0.5431820842421875,0.0
0.5729878672071093,0.0,0.5432690139673143,0.0
0.5730979902490541,0.0,0.5433559436924411,0.0
0.5732081132909989,0.0,0.543442873417568,0.0
0.5733182363329437,0.0,0.5435849436132341,0.0
0.5734283593748886,0.0,0.5437146594758988,0.0
0.5735384824168334,0.0,0.5438443753385636,0.0
0.5736153174196342,0.0,0.5439740912012284,0.0
0.5736921524224351,0.0,0.5441038070638932,0.0
0.573768987425236,0.0,0.54419073678902,0.0
0.5738458224280368,0.0,0.5442509630209285,0.0
0.5739226574308377,0.0,0.5443111892528368,0.0
0.5739994924336386,0.0,0.5443714154847452,0.0
0.5740763274364394,0.0,0.5444316417166537,0.0
0.5741531624392403,0.0,0.5444918679485621,0.0
0.5742299974420412,0.0,0.5445470246906631,0.0
0.574306832444842,0.0,0.5446021814327641,0.0
0.5743836674476429,0.0,0.5446780270260704,0.0
0.5745174125329644,0.0,0.5447538726193766,0.0
0.5746511576182858,0.0,0.5448297182126829,0.0
0.574776520993202,0.0,0.5449055638059891,0.0
0.5749018843681182,0.0,0.5449814093992954,0.0
0.5750272477430344,0.0,0.5450572549926016,0.0
0.5751526111179506,0.0,0.5451124117347026,0.0
0.5752779744928668,0.0,0.5451675684768036,0.0
0.575403337867783,0.0,0.5452227252189046,0.0
0.5755287012426992,0.0,0.5452778819610056,0.0
0.5756540646176154,0.0,0.5453330387031066,0.0
0.5756891933798404,0.0,0.5454627545657713,0.0
0.5757717036876256,0.0,0.5455924704284362,0.0
0.575854213995411,0.0,0.5457221862911009,0.0
0.5759367243031963,0.0,0.5458519021537657,0.0
0.5760192346109817,0.0,0.5459421053382602,0.0
0.576101744918767,0.0,0.5460323085227546,0.0
0.5761995636698772,0.0,0.5461225117072491,0.0
0.5762973824209876,0.0,0.5462127148917436,0.0
0.576395201172098,0.0,0.5463029180762381,0.0
0.5764930199232082,0.0,0.5464013743956436,0.0
0.5765908386743186,0.0,0.5464998307150492,0.0
0.5766886574254289,0.0,0.5466295465777139,0.0
0.5767864761765392,0.0,0.5467072791455166,0.0
0.5769050700296,0.0,0.5467831247388228,0.0
0.5770236638826609,0.0,0.5468589703321292,0.0
0.5771422577357217,0.0,0.5469348159254355,0.0
0.5772608515887826,0.0,0.5470106615187417,0.0
0.5773794454418435,0.0,0.547102884483578,0.0
0.5774980392949043,0.0,0.5471951074484143,0.0
0.5776166331479652,0.0,0.5472873304132506,0.0
0.5778391205195028,0.0,0.5473795533780869,0.0
0.5780616078910404,0.0,0.5474717763429232,0.0
0.5782840952625781,0.0,0.5475639993077595,0.0
0.5785065826341158,0.0,0.5476562222725958,0.0
0.5787290700056534,0.0,0.5477484452374322,0.0
0.5789515573771911,0.0,0.5478406682022684,0.0
0.5791740447487287,0.0,0.5479827383979344,0.0
0.5793965321202663,0.0,0.5481248085936005,0.0
0.5796190194918039,0.0,0.5482668787892666,0.0
0.5798415068633416,0.0,0.5483427243825728,0.0
0.579948344128631,0.0,0.5484329275670673,0.0
0.5800551813939205,0.0,0.548551069740941,0.0
0.58016201865921,0.0,0.5486692119148147,0.0
0.5802688559244995,0.0,0.5487676682342202,0.0
0.580375693189789,0.0,0.5488661245536257,0.0
0.5804825304550785,0.0,0.5489740249027796,0.0
0.580589367720368,0.0,0.5490819252519336,0.0
0.5806962049856574,0.0,0.5491898256010874,0.0
0.5807338958265466,0.0,0.5492977259502413,0.0
0.5807715866674357,0.0,0.5494056262993952,0.0
0.5808092775083248,0.0,0.549513526648549,0.0
0.5808469683492139,0.0,0.5496214269977029,0.0
0.580884659190103,0.0,0.5497451673788347,0.0
0.5809223500309921,0.0,0.5498373903436711,0.0
0.5809600408718811,0.0,0.5499314286388628,0.0
0.58128797175239,0.0,0.5500254669340545,0.0
0.5816159026328989,0.0,0.5501195052292462,0.0
0.5819438335134076,0.0,0.5502274055784001,0.0
0.5822717643939165,0.0,0.550335305927554,0.0
0.5825996952744252,0.0,0.5504070737765847,0.0
0.5827203470659358,0.0,0.5504788416256156,0.0
0.5828409988574462,0.0,0.5505506094746463,0.0
0.5829616506489568,0.0,0.550622377323677,0.0
0.5830823024404672,0.0,0.5506941451727078,0.0
0.5832029542319778,0.0,0.5507659130217385,0.0
0.5833236060234882,0.0,0.5508376808707693,0.0
0.5834442578149988,0.0,0.5509094487198001,0.0
0.5835649096065092,0.0,0.5509812165688308,0.0
0.5836855613980197,0.0,0.5510362462135121,0.0
0.5837773429707278,0.0,0.5510912758581935,0.0
0.5838691245434358,0.0,0.5511463055028748,0.0
0.5839609061161438,0.0,0.5512013351475561,0.0
0.5840526876888519,0.0,0.5512563647922374,0.0
0.5841444692615598,0.0,0.5513113944369187,0.0
0.5842362508342679,0.0,0.551437136623647,0.0
0.5843280324069758,0.0,0.5515552787975206,0.0
0.5844505085077198,0.0,0.5516734209713944,0.0
0.5845729846084637,0.0,0.551791563145268,0.0
0.5846954607092076,0.0,0.5519097053191417,0.0
0.5848179368099515,0.0,0.5520037436143335,0.0
0.5849404129106954,0.0,0.5520977819095252,0.0
0.5850628890114393,0.0,0.5521918202047169,0.0
0.5851853651121832,0.0,0.5522858584999086,0.0
0.5853078412129272,0.0,0.5524116006866369,0.0
0.5853870868108665,0.0,0.5525373428733652,0.0
0.5854663324088057,0.0,0.5526630850600935,0.0
0.585545578006745,0.0,0.5527888272468218,0.0
0.5856248236046844,0.0,0.5528152392068298,0.0
0.5856900157465054,0.0,0.5528416511668378,0.0
0.5857552078883264,0.0,0.5528680631268458,0.0
0.5858204000301473,0.0,0.5529621014220375,0.0
0.5858855921719683,0.0,0.5530561397172292,0.0
0.5859207209341935,0.0,0.553150178012421,0.0
0.5859558496964185,0.0,0.5532052076571023,0.0
0.5859909784586436,0.0,0.5532602373017836,0.0
0.5860261072208686,0.0,0.5533152669464649,0.0
0.5860612359830936,0.0,0.5533702965911462,0.0
0.5861404815810329,0.0,0.5535049882727692,0.0
0.5862197271789722,0.0,0.5536396799543921,0.0
0.5862989727769115,0.0,0.553763420335524,0.0
0.5863782183748507,0.0,0.5538871607166558,0.0
0.5864574639727901,0.0,0.5540109010977876,0.0
0.5866603814507522,0.0,0.5541346414789194,0.0
0.5868632989287144,0.0,0.5542583818600513,0.0
0.5870662164066766,0.0,0.5543821222411831,0.0
0.5872691338846386,0.0,0.5545058626223149,0.0
0.5874720513626008,0.0,0.5546296030034468,0.0
0.587674968840563,0.0,0.554755345190175,0.0
0.5878778863185251,0.0,0.5548810873769033,0.0
0.5880808037964873,0.0,0.5550068295636316,0.0
0.5882021194388366,0.0,0.5551325717503599,0.0
0.5883234350811858,0.0,0.5551589837103679,0.0
0.5884447507235351,0.0,0.555318179421124,0.0
0.5885660663658844,0.0,0.5554773751318801,0.0
0.5886873820082336,0.0,0.5556365708426362,0.0
0.5888086976505829,0.0,0.5557957665533924,0.0
0.5889300132929322,0.0,0.5559549622641484,0.0
0.5890513289352814,0.0,0.5561141579749046,0.0
0.5891320978079428,0.0,0.5562733536856607,0.0
0.5892128666806042,0.0,0.5564325493964167,0.0
0.5892936355532656,0.0,0.5565843291995433,0.0
0.5893822854428347,0.0,0.5567190208811662,0.0
0.5894709353324038,0.0,0.5568537125627891,0.0
0.5895595852219729,0.0,0.5569884042444121,0.0
0.5896682603879857,0.0,0.557123095926035,0.0
0.5897367373805418,0.0,0.557257787607658,0.0
0.5897880210534627,0.0,0.5574095674107845,0.0
0.5898393047263837,0.0,0.557561347213911,0.0
0.5898905883993046,0.0,0.557674391236923,0.0
0.589971357271966,0.0,0.5577874352599349,0.0
0.5900521261446274,0.0,0.557900479282947,0.0
0.5901328950172888,0.0,0.5580135233059589,0.0
0.5902136638899502,0.0,0.5581265673289709,0.0
0.5902944327626116,0.0,0.5582042998967736,0.0
0.590375201635273,0.0,0.5582820324645762,0.0
0.5904745122987426,0.0,0.5583597650323789,0.0
0.5905738229622121,0.0,0.5584389836766949,0.0
0.5906731336256816,0.0,0.5585182023210108,0.0
0.5907724442891512,0.0,0.5585974209653267,0.0
0.5908717549526207,0.0,0.5586751535331294,0.0
0.5909710656160903,0.0,0.5588269333362559,0.0
0.5910703762795598,0.0,0.5589787131393824,0.0
0.5911696869430294,0.0,0.5590923135810003,0.0
0.5912689976064989,0.0,0.5592059140226183,0.0
0.5913683082699684,0.0,0.5593195144642363,0.0
0.591467618933438,0.0,0.5594331149058542,0.0
0.5915706387229883,0.0,0.5595467153474722,0.0
0.5916736585125387,0.0,0.5596603157890903,0.0
0.591776678302089,0.0,0.5597739162307083,0.0
0.5918796980916394,0.0,0.5598875166723262,0.0
0.5919827178811897,0.0,0.5600011171139442,0.0
0.5920857376707401,0.0,0.5601373018971817,0.0
0.5921887574602904,0.0,0.5602224497864811,0.0
0.5922917772498408,0.0,0.5603075976757803,0.0
0.5924159488039995,0.0,0.5603927455650796,0.0
0.5925401203581581,0.0,0.5604778934543788,0.0
0.5926642919123167,0.0,0.5605630413436782,0.0
0.5927884634664754,0.0,0.5606481892329774,0.0
0.5929126350206341,0.0,0.5607333371222767,0.0
0.5930368065747927,0.0,0.5608125557665926,0.0
0.5930955838859233,0.0,0.5608917744109085,0.0
0.5931543611970539,0.0,0.5609709930552246,0.0
0.5932131385081846,0.0,0.5610791672898887,0.0
0.5932719158193152,0.0,0.5611873415245529,0.0
0.5933306931304457,0.0,0.5613364728729735,0.0
0.5933894704415763,0.0,0.5614856042213942,0.0
0.5934482477527069,0.0,0.5616347355698148,0.0
0.5935070250638375,0.0,0.5617139542141307,0.0
0.593565802374968,0.0,0.5617931728584467,0.0
0.5936245796860987,0.0,0.5619293576416842,0.0
0.5936833569972293,0.0,0.5620655424249217,0.0
0.5937657198628336,0.0,0.5622017272081593,0.0
0.5938480827284378,0.0,0.5623379119913968,0.0
0.593930445594042,0.0,0.5624740967746343,0.0
0.5940128084596462,0.0,0.5626102815578718,0.0
0.5940951713252505,0.0,0.5626913568166937,0.0
0.5941775341908547,0.0,0.5627724320755155,0.0
0.594259897056459,0.0,0.5628535073343375,0.0
0.5943422599220632,0.0,0.5629345825931593,0.0
0.5944246227876675,0.0,0.5630156578519812,0.0
0.5945069856532718,0.0,0.563096733110803,0.0
0.5946088729913913,0.0,0.5631895311060917,0.0
0.5947107603295108,0.0,0.5632977053407558,0.0
0.5948126476676303,0.0,0.5634058795754201,0.0
0.5949145350057499,0.0,0.5635140538100842,0.0
0.5950164223438693,0.0,0.5636222280447484,0.0
0.5951183096819889,0.0,0.5637304022794125,0.0
0.5952201970201084,0.0,0.5638385765140768,0.0
0.5953220843582279,0.0,0.5639467507487409,0.0
0.5954239716963474,0.0,0.5640395487440296,0.0
0.595525859034467,0.0,0.5641323467393184,0.0
0.5956189946508588,0.0,0.5642251447346072,0.0
0.5957121302672507,0.0,0.5643179427298959,0.0
0.5958052658836425,0.0,0.5644161703979684,0.0
0.5958984015000344,0.0,0.5645143980660409,0.0
0.5959915371164263,0.0,0.5646126257341133,0.0
0.5960846727328181,0.0,0.5647108534021859,0.0
0.59617780834921,0.0,0.5648599847506065,0.0
0.5962709439656018,0.0,0.5650091160990272,0.0
0.5963640795819937,0.0,0.5651582474474477,0.0
0.5965363603976881,0.0,0.5652393227062695,0.0
0.5967086412133825,0.0,0.5653040653010684,0.0
0.5968809220290768,0.0,0.5653688078958672,0.0
0.5970532028447713,0.0,0.565433550490666,0.0
0.5972254836604657,0.0,0.5654982930854648,0.0
0.5973977644761601,0.0,0.5655630356802636,0.0
0.5975700452918545,0.0,0.5656277782750624,0.0
0.5977423261075488,0.0,0.5656925208698612,0.0
0.5978225823941591,0.0,0.56575726346466,0.0
0.5979028386807693,0.0,0.5658220060594588,0.0
0.5979830949673796,0.0,0.5658867486542576,0.0
0.5980633512539898,0.0,0.5659997926772696,0.0
0.5981436075406,0.0,0.5661128367002816,0.0
0.5982238638272103,0.0,0.5662258807232935,0.0
0.5983041201138205,0.0,0.5663186787185823,0.0
0.5983843764004307,0.0,0.5664092051511793,0.0
0.5984751812546978,0.0,0.5664997315837764,0.0
0.5985659861089649,0.0,0.5665902580163734,0.0
0.598656790963232,0.0,0.5666807844489705,0.0
0.598747595817499,0.0,0.5667713108815675,0.0
0.5988384006717661,0.0,0.5668618373141646,0.0
0.5989292055260332,0.0,0.5669523637467616,0.0
0.5990200103803003,0.0,0.5670428901793587,0.0
0.5991108152345673,0.0,0.5671775818609817,0.0
0.5992016200888345,0.0,0.5673122735426046,0.0
0.5992924249431015,0.0,0.5674469652242276,0.0
0.5993649898820452,0.0,0.5675451928923,0.0
0.5994375548209889,0.0,0.5676099354870988,0.0
0.5995101197599326,0.0,0.5677229795101107,0.0
0.5995826846988762,0.0,0.5678271034638037,0.0
0.5996552496378199,0.0,0.5679312274174966,0.0
0.5997278145767636,0.0,0.5680353513711894,0.0
0.5998003795157073,0.0,0.5681394753248823,0.0
0.599872944454651,0.0,0.5682435992785753,0.0
0.5999455093935947,0.0,0.5683472407343777,0.0
0.6000180743325383,0.0,0.56845088219018,0.0
0.6001894719562315,0.0,0.5685545236459825,0.0
0.6003608695799246,0.0,0.5686581651017849,0.0
0.6005322672036177,0.0,0.5689827516263171,0.0
0.6007036648273109,0.0,0.569093948098648,0.0
0.6008750624510041,0.0,0.5692051445709788,0.0
0.6010464600746972,0.0,0.5693163410433097,0.0
0.6011347340236565,0.0,0.5694275375156406,0.0
0.6012230079726156,0.0,0.569531178971443,0.0
0.6013285579284366,0.0,0.5696348204272454,0.0
0.6014341078842576,0.0,0.5697296908274259,0.0
0.6015396578400785,0.0,0.5698245612276063,0.0
0.6016452077958994,0.0,0.5699194316277867,0.0
0.6017507577517203,0.0,0.5700143020279671,0.0
0.6018563077075412,0.0,0.5701091724281475,0.0
0.6019618576633621,0.0,0.5702040428283279,0.0
0.602067407619183,0.0,0.5702989132285085,0.0
0.602172957575004,0.0,0.5703937836286889,0.0
0.6022785075308249,0.0,0.5705094487535333,0.0
0.6023840574866458,0.0,0.5706251138783778,0.0
0.6024492496284668,0.0,0.5707407790032223,0.0
0.6025144417702878,0.0,0.570813402207184,0.0
0.6026027157192471,0.0,0.5708860254111459,0.0
0.6026909896682063,0.0,0.5709570238374403,0.0
0.6027792636171656,0.0,0.5710280222637347,0.0
0.6028675375661248,0.0,0.5710990206900292,0.0
0.602955811515084,0.0,0.5711700191163236,0.0
0.6030570560351954,0.0,0.5712410175426179,0.0
0.6031583005553067,0.0,0.5713358879427983,0.0
0.603259545075418,0.0,0.5714357799652579,0.0
0.6033607895955294,0.0,0.5715356719877173,0.0
0.6034620341156407,0.0,0.5716355640101768,0.0
0.6037052654646171,0.0,0.5717354560326362,0.0
0.6039484968135934,0.0,0.5718466525049671,0.0
0.6041917281625698,0.0,0.5722319028776501,0.0
0.6044349595115462,0.0,0.5726171532503332,0.0
0.6046781908605225,0.0,0.5730024036230162,0.0
0.604921422209499,0.0,0.5733876539956994,0.0
0.6051646535584754,0.0,0.5737122405202315,0.0
0.6054078849074518,0.0,0.5740368270447637,0.0
0.6055125304345684,0.0,0.5743614135692958,0.0
0.6056171759616852,0.0,0.5746860000938279,0.0
0.6057218214888019,0.0,0.57501058661836,0.0
0.6058264670159187,0.0,0.5753351731428922,0.0
0.6059311125430354,0.0,0.5756597596674243,0.0
0.606005286340614,0.0,0.5759843461919565,0.0
0.6060794601381926,0.0,0.5763089327164886,0.0
0.6061425312473195,0.0,0.5764201291888195,0.0
0.6062056023564465,0.0,0.5765313256611504,0.0
0.6062686734655734,0.0,0.5766425221334812,0.0
0.6063573233551426,0.0,0.5767703598221393,0.0
0.6064459732447117,0.0,0.5768981975107974,0.0
0.6065346231342809,0.0,0.5769691959370917,0.0
0.6066557069907597,0.0,0.5770401943633862,0.0
0.6067767908472386,0.0,0.5771111927896806,0.0
0.6068978747037174,0.0,0.5772268579145251,0.0
0.6070189585601963,0.0,0.5773425230393695,0.0
0.6071400424166751,0.0,0.577458188164214,0.0
0.607261126273154,0.0,0.5775738532890584,0.0
0.6073822101296328,0.0,0.5776895184139029,0.0
0.6075032939861117,0.0,0.5777643578037299,0.0
0.6076243778425905,0.0,0.578149608176413,0.0
0.6077074240968002,0.0,0.578534858549096,0.0
0.6077904703510099,0.0,0.5786074817530579,0.0
0.6078735166052196,0.0,0.5786823211428849,0.0
0.6079565628594293,0.0,0.5787984234464957,0.0
0.6080396091136391,0.0,0.5789145257501066,0.0
0.6081226553678487,0.0,0.5790306280537175,0.0
0.6082057016220584,0.0,0.5791467303573284,0.0
0.6082887478762682,0.0,0.5792628326609393,0.0
0.6083717941304778,0.0,0.5793789349645502,0.0
0.6084484926407416,0.0,0.5794950372681611,0.0
0.6085251911510056,0.0,0.5796111395717719,0.0
0.6086018896612694,0.0,0.5797272418753828,0.0
0.6086785881715332,0.0,0.5798550795640409,0.0
0.608755286681797,0.0,0.579982917252699,0.0
0.6088319851920608,0.0,0.580110754941357,0.0
0.6089086837023246,0.0,0.5802385926300151,0.0
0.6089853822125885,0.0,0.5803450678604878,0.0
0.6090620807228524,0.0,0.5804515430909605,0.0
0.6091387792331162,0.0,0.5805580183214332,0.0
0.609209943424619,0.0,0.5806644935519059,0.0
0.6092811076161218,0.0,0.580792331240564,0.0
0.6093583135561652,0.0,0.580920168929222,0.0
0.6094355194962088,0.0,0.5810423198875494,0.0
0.6095127254362523,0.0,0.5811367256116805,0.0
0.6095899313762958,0.0,0.5812311313358115,0.0
0.6096671373163394,0.0,0.5813255370599426,0.0
0.6097443432563829,0.0,0.5814199427840736,0.0
0.6098215491964264,0.0,0.5815143485082047,0.0
0.6099085975582705,0.0,0.5815711431777396,0.0
0.6099956459201146,0.0,0.5816279378472744,0.0
0.6100826942819586,0.0,0.5816847325168093,0.0
0.6101697426438027,0.0,0.5817415271863441,0.0
0.6102567910056468,0.0,0.581798321855879,0.0
0.6103438393674908,0.0,0.5818551165254138,0.0
0.610430887729335,0.0,0.5822403668980969,0.0
0.610517936091179,0.0,0.5826256172707799,0.0
0.610604984453023,0.0,0.583010867643463,0.0
0.6106920328148671,0.0,0.583396118016146,0.0
0.6107913513614008,0.0,0.5834687412201078,0.0
0.6108906699079345,0.0,0.5835908921784353,0.0
0.6109899884544682,0.0,0.5837130431367628,0.0
0.6110893070010018,0.0,0.5838351940950902,0.0
0.6111886255475355,0.0,0.5839416693255629,0.0
0.6112879440940692,0.0,0.5840481445560356,0.0
0.6113872626406028,0.0,0.5841296226071545,0.0
0.6114812503329788,0.0,0.5842111006582733,0.0
0.6115752380253547,0.0,0.5842947371059414,0.0
0.6116692257177307,0.0,0.5843783735536094,0.0
0.6117632134101068,0.0,0.5844620100012775,0.0
0.6118572011024828,0.0,0.5845475492235489,0.0
0.6119511887948588,0.0,0.5846330884458203,0.0
0.6120451764872348,0.0,0.5846898831153552,0.0
0.6121446347118109,0.0,0.584790405723482,0.0
0.612244092936387,0.0,0.5848909283316087,0.0
0.6123435511609632,0.0,0.5849914509397355,0.0
0.6124430093855393,0.0,0.5850919735478622,0.0
0.6126148012134068,0.0,0.5851756099955303,0.0
0.6127865930412744,0.0,0.5852592464431984,0.0
0.6129583848691419,0.0,0.5853428828908663,0.0
0.6131301766970094,0.0,0.5854306283262473,0.0
0.613301968524877,0.0,0.5855183737616282,0.0
0.6134737603527445,0.0,0.585606119197009,0.0
0.613645552180612,0.0,0.5856938646323899,0.0
0.6138173440084795,0.0,0.5857816100677709,0.0
0.613922898398524,0.0,0.5858693555031517,0.0
0.6140284527885685,0.0,0.5859501918320763,0.0
0.614134007178613,0.0,0.5860310281610008,0.0
0.6142395615686576,0.0,0.5861118644899255,0.0
0.614345115958702,0.0,0.58619270081885,0.0
0.6144506703487465,0.0,0.5862735371477745,0.0
0.614556224738791,0.0,0.5863543734766992,0.0
0.6146617791288355,0.0,0.5864843697997575,0.0
0.614754111776995,0.0,0.5866143661228157,0.0
0.6148464444251546,0.0,0.5866961329336317,0.0
0.6149387770733141,0.0,0.5867778997444475,0.0
0.6150311097214738,0.0,0.5868596665552634,0.0
0.6151234423696333,0.0,0.5869601891633902,0.0
0.615277173231131,0.0,0.587060711771517,0.0
0.6154309040926286,0.0,0.5871612343796437,0.0
0.6155846349541263,0.0,0.587241748038104,0.0
0.6157383658156239,0.0,0.5873222616965644,0.0
0.6158920966771215,0.0,0.5874078009188358,0.0
0.6160458275386193,0.0,0.5874933401411072,0.0
0.6161995584001169,0.0,0.5875788793633787,0.0
0.6163532892616145,0.0,0.5876644185856501,0.0
0.6165070201231122,0.0,0.5877649411937769,0.0
0.6166607509846098,0.0,0.587859346917908,0.0
0.6167512002005551,0.0,0.587953752642039,0.0
0.6168416494165002,0.0,0.5880481583661701,0.0
0.6169320986324455,0.0,0.5881299251769859,0.0
0.6170225478483907,0.0,0.5882116919878019,0.0
0.6171129970643359,0.0,0.5882934587986177,0.0
0.6172034462802811,0.0,0.588348509344462,0.0
0.6172938954962263,0.0,0.5884035598903065,0.0
0.6173843447121715,0.0,0.5884586104361508,0.0
0.6174747939281168,0.0,0.5885886067592091,0.0
0.6175652431440619,0.0,0.5887186030822673,0.0
0.6176675814732995,0.0,0.5888485994053256,0.0
0.617769919802537,0.0,0.588900346021381,0.0
0.6178722581317745,0.0,0.5889520926374363,0.0
0.617974596461012,0.0,0.5890038392534916,0.0
0.6180740204775071,0.0,0.589055585869547,0.0
0.6181734444940022,0.0,0.5891073324856023,0.0
0.6182728685104972,0.0,0.5891626097247558,0.0
0.6183722925269923,0.0,0.5892498670557565,0.0
0.6184717165434874,0.0,0.5893925530138713,0.0
0.6185428807349902,0.0,0.589535238971986,0.0
0.618614044926493,0.0,0.5895905162111393,0.0
0.6186852091179957,0.0,0.5896457934502928,0.0
0.6187563733094985,0.0,0.5897010706894461,0.0
0.6188275375010013,0.0,0.5897563479285995,0.0
0.6189298758302388,0.0,0.5898116251677529,0.0
0.6190322141594763,0.0,0.5898666757135973,0.0
0.6191345524887139,0.0,0.5899217262594416,0.0
0.6192064771920324,0.0,0.5899767768052859,0.0
0.619278401895351,0.0,0.5900318273511302,0.0
0.6193503265986695,0.0,0.5901267817467181,0.0
0.6194222513019881,0.0,0.5902217361423059,0.0
0.6194941760053067,0.0,0.5903166905378938,0.0
0.6195661007086253,0.0,0.5904116449334816,0.0
0.6196380254119438,0.0,0.5904989022644824,0.0
0.6197121992095224,0.0,0.5905861595954833,0.0
0.6198208743755351,0.0,0.5906734169264841,0.0
0.6199180213842479,0.0,0.590760674257485,0.0
0.6200151683929607,0.0,0.5908479315884859,0.0
0.6201123154016733,0.0,0.5909351889194867,0.0
0.6202094624103861,0.0,0.590990239465331,0.0
0.6203066094190989,0.0,0.5910452900111755,0.0
0.6203673989418104,0.0,0.5911003405570198,0.0
0.6204281884645219,0.0,0.5912519579588316,0.0
0.6204889779872333,0.0,0.5914035753606435,0.0
0.6205497675099448,0.0,0.5914514918651215,0.0
0.6206105570326563,0.0,0.5915056616272066,0.0
0.6206713465553678,0.0,0.5915598313892918,0.0
0.6207321360780793,0.0,0.5916140011513771,0.0
0.6207929256007908,0.0,0.5916315957555033,0.0
0.6208491201550798,0.0,0.5916491903596296,0.0
0.6209053147093686,0.0,0.5916667849637559,0.0
0.6209615092636576,0.0,0.5917316688335973,0.0
0.6210177038179464,0.0,0.5917965527034386,0.0
0.6210738983722353,0.0,0.5918614365732799,0.0
0.6211300929265242,0.0,0.5919764885350481,0.0
0.6211862874808131,0.0,0.5920915404968164,0.0
0.6212763304556207,0.0,0.5922065924585846,0.0
0.6213663734304283,0.0,0.592321644420353,0.0
0.621456416405236,0.0,0.5924366963821212,0.0
0.6215464593800436,0.0,0.5925280332497752,0.0
0.6216365023548511,0.0,0.5925759497542532,0.0
0.6217265453296588,0.0,0.5926238662587312,0.0
0.6218165883044664,0.0,0.5926717827632092,0.0
0.6219094443524062,0.0,0.5927196992676872,0.0
0.6220023004003461,0.0,0.5927676157721651,0.0
0.6220951564482861,0.0,0.5929936749872412,0.0
0.6221880124962259,0.0,0.5931452923890531,0.0
0.6222808685441658,0.0,0.5932969097908649,0.0
0.6224145004633447,0.0,0.5934485271926768,0.0
0.6225481323825235,0.0,0.5936001445944887,0.0
0.6226817643017024,0.0,0.5937517619963006,0.0
0.6228153962208813,0.0,0.5938059317583858,0.0
0.6229490281400603,0.0,0.593920983720154,0.0
0.6230826600592391,0.0,0.5940360356819223,0.0
0.623168145688567,0.0,0.5941510876436905,0.0
0.6232536313178949,0.0,0.5942661396054588,0.0
0.6233391169472229,0.0,0.594381191567227,0.0
0.6234246025765507,0.0,0.5944962435289952,0.0
0.6235100882058787,0.0,0.5946239280925305,0.0
0.6235955738352067,0.0,0.5947516126560658,0.0
0.6236810594645346,0.0,0.5948792972196011,0.0
0.6237665450938625,0.0,0.5950069817831364,0.0
0.6238461236153462,0.0,0.5951019361787243,0.0
0.62392570213683,0.0,0.5951968905743121,0.0
0.6240052806583136,0.0,0.5952918449699,0.0
0.6240848591797974,0.0,0.595383181837554,0.0
0.624164437701281,0.0,0.59560924105263,0.0
0.6242440162227647,0.0,0.5958353002677061,0.0
0.6243545643045766,0.0,0.5960613594827822,0.0
0.6244651123863885,0.0,0.5962874186978583,0.0
0.6245756604682002,0.0,0.5964390360996701,0.0
0.6246862085500121,0.0,0.5965303729673243,0.0
0.624796756631824,0.0,0.5966217098349783,0.0
0.6249073047136359,0.0,0.5967130467026324,0.0
0.6250178527954476,0.0,0.5968043835702864,0.0
0.6251082663422266,0.0,0.5968957204379406,0.0
0.6251986798890056,0.0,0.5969870573055946,0.0
0.6252890934357846,0.0,0.5971293036299801,0.0
0.6253795069825636,0.0,0.5972715499543655,0.0
0.6254699205293426,0.0,0.5974137962787509,0.0
0.6255603340761215,0.0,0.5975560426031363,0.0
0.6256507476229005,0.0,0.5976982889275219,0.0
0.6257411611696795,0.0,0.5978405352519073,0.0
0.6258315747164584,0.0,0.5979827815762927,0.0
0.6259186418005799,0.0,0.5981230588420775,0.0
0.6259620649670007,0.0,0.5982633361078624,0.0
0.6260054881334216,0.0,0.5983275541476043,0.0
0.626051500126134,0.0,0.5983917721873462,0.0
0.6260975121188462,0.0,0.5984559902270881,0.0
0.6261435241115585,0.0,0.5985065805938632,0.0
0.6261895361042707,0.0,0.5985571709606384,0.0
0.6262305526595587,0.0,0.5986077613274137,0.0
0.6262715692148467,0.0,0.5986583516941889,0.0
0.626358636298968,0.0,0.598708942060964,0.0
0.6264457033830895,0.0,0.5987595324277393,0.0
0.6265327704672108,0.0,0.5988101227945145,0.0
0.6266198375513322,0.0,0.5988607131612897,0.0
0.6267069046354535,0.0,0.5989113035280649,0.0
0.626793971719575,0.0,0.5989690057353573,0.0
0.6268875394349138,0.0,0.5990267079426496,0.0
0.6269811071502528,0.0,0.599084410149942,0.0
0.6270746748655918,0.0,0.5991421123572342,0.0
0.6271682425809306,0.0,0.5991970476302552,0.0
0.6272434175531373,0.0,0.599251982903276,0.0
0.6273185925253439,0.0,0.5993069181762969,0.0
0.6273937674975505,0.0,0.5993646203835892,0.0
0.6274689424697572,0.0,0.5994223225908816,0.0
0.6275441174419637,0.0,0.5994800247981739,0.0
0.6276192924141704,0.0,0.5995377270054661,0.0
0.6276944673863769,0.0,0.5995954292127585,0.0
0.627793891402872,0.0,0.5996596472525004,0.0
0.6278933154193671,0.0,0.5997238652922423,0.0
0.6279927394358622,0.0,0.5997880833319842,0.0
0.6280863071512011,0.0,0.599852301371726,0.0
0.62817987486654,0.0,0.5999165194114678,0.0
0.628273442581879,0.0,0.5999807374512097,0.0
0.628367010297218,0.0,0.6000483939085328,0.0
0.6284605780125568,0.0,0.600116050365856,0.0
0.6285541457278958,0.0,0.6001527728300811,0.0
0.6286477134432348,0.0,0.6001894952943061,0.0
0.6287174559436601,0.0,0.600253713334048,0.0
0.6287871984440856,0.0,0.600307269971283,0.0
0.6288569409445111,0.0,0.6003608266085181,0.0
0.6289266834449365,0.0,0.6004143832457531,0.0
0.6289964259453619,0.0,0.6004679398829882,0.0
0.6290661684457873,0.0,0.6005214965202231,0.0
0.6291359109462128,0.0,0.6005750531574582,0.0
0.6292056534466383,0.0,0.6006286097946932,0.0
0.629293120197014,0.0,0.6006821664319283,0.0
0.6293805869473897,0.0,0.6007357230691633,0.0
0.6294680536977655,0.0,0.6007724455333884,0.0
0.6295555204481412,0.0,0.6008307424278254,0.0
0.629642987198517,0.0,0.6008890393222625,0.0
0.6297304539488927,0.0,0.6009473362166994,0.0
0.6298179206992685,0.0,0.6010056331111364,0.0
0.6299053874496442,0.0,0.6010605683841573,0.0
0.6300032001185627,0.0,0.6011155036571781,0.0
0.6301010127874813,0.0,0.601170438930199,0.0
0.6301988254563999,0.0,0.6012253742032199,0.0
0.6302966381253186,0.0,0.6012803094762407,0.0
0.6303944507942372,0.0,0.6013352447492616,0.0
0.6304922634631557,0.0,0.6013901800222824,0.0
0.6305900761320743,0.0,0.6014578364796056,0.0
0.6306878888009929,0.0,0.6015254929369287,0.0
0.6307857014699115,0.0,0.6015612408828352,0.0
0.6308835141388301,0.0,0.6015969888287418,0.0
0.6309813268077488,0.0,0.6016327367746483,0.0
0.6310621506664813,0.0,0.6016684847205549,0.0
0.631142974525214,0.0,0.6017042326664614,0.0
0.6312237983839466,0.0,0.601739980612368,0.0
0.6313046222426791,0.0,0.6017757285582745,0.0
0.6313854461014118,0.0,0.6018124510224996,0.0
0.6314662699601444,0.0,0.6018491734867247,0.0
0.631547093818877,0.0,0.6018858959509498,0.0
0.6316307337068909,0.0,0.6019226184151748,0.0
0.6317143735949049,0.0,0.6019593408793998,0.0
0.6317980134829188,0.0,0.601996063343625,0.0
0.6318816533709327,0.0,0.6021523444952929,0.0
0.6319652932589466,0.0,0.6023086256469607,0.0
0.6320489331469605,0.0,0.6024649067986287,0.0
0.6321325730349744,0.0,0.6026211879502966,0.0
0.6322162129229884,0.0,0.6027774691019645,0.0
0.632302326810441,0.0,0.6029337502536324,0.0
0.6323884406978936,0.0,0.6030900314053004,0.0
0.6324745545853461,0.0,0.6032463125569683,0.0
0.6325606684727987,0.0,0.6034723717720443,0.0
0.6326467823602513,0.0,0.6035306686664813,0.0
0.6327328962477039,0.0,0.6035889655609183,0.0
0.6328190101351565,0.0,0.6036247135068249,0.0
0.632905124022609,0.0,0.6036604614527314,0.0
0.6329912379100616,0.0,0.6041814488455128,0.0
0.6330773517975142,0.0,0.6047024362382943,0.0
0.6331634656849668,0.0,0.6052234236310757,0.0
0.6332495795724193,0.0,0.6053637008968606,0.0
0.6333081797312216,0.0,0.6055039781626456,0.0
0.6333667798900237,0.0,0.6056442554284304,0.0
0.6334253800488258,0.0,0.6057845326942153,0.0
0.6334839802076279,0.0,0.6059248099600001,0.0
0.6335425803664301,0.0,0.606065087225785,0.0
0.6336011805252322,0.0,0.6062053644915699,0.0
0.6336597806840343,0.0,0.6063456417573547,0.0
0.6337183808428364,0.0,0.6064859190231396,0.0
0.6337691352673891,0.0,0.6065216669690462,0.0
0.6338198896919417,0.0,0.6065574149149527,0.0
0.6338706441164944,0.0,0.6067136960666206,0.0
0.633921398541047,0.0,0.6067658729892453,0.0
0.6339721529655997,0.0,0.6068422770228917,0.0
0.6340229073901523,0.0,0.6069186810565381,0.0
0.634073661814705,0.0,0.6069950850901845,0.0
0.6341218425717248,0.0,0.6070714891238309,0.0
0.6341700233287446,0.0,0.6071478931574773,0.0
0.6342182040857645,0.0,0.6072242971911237,0.0
0.6342663848427842,0.0,0.6073007012247701,0.0
0.634314565599804,0.0,0.6073771052584165,0.0
0.6343627463568239,0.0,0.6074299431564304,0.0
0.6344109271138436,0.0,0.6079509305492118,0.0
0.6344591078708635,0.0,0.6084719179419932,0.0
0.6345402004078669,0.0,0.6085258592014022,0.0
0.6346212929448701,0.0,0.6085798004608113,0.0
0.6347023854818735,0.0,0.6086876336340266,0.0
0.6347834780188768,0.0,0.6087954668072417,0.0
0.6348645705558802,0.0,0.6089547802033107,0.0
0.6349456630928836,0.0,0.6091140935993797,0.0
0.6350267556298869,0.0,0.6092734069954489,0.0
0.6351078481668903,0.0,0.6093262448934627,0.0
0.6351860583736257,0.0,0.6093790827914766,0.0
0.6352642685803612,0.0,0.6094319206894905,0.0
0.6353424787870967,0.0,0.6094847585875044,0.0
0.6354206889938323,0.0,0.6095369355101291,0.0
0.6354988992005678,0.0,0.6095891124327537,0.0
0.6355771094073033,0.0,0.6096412893553784,0.0
0.6356553196140388,0.0,0.6097491225285937,0.0
0.6357759165129195,0.0,0.6098569557018089,0.0
0.635854126719655,0.0,0.609964788875024,0.0
0.6359323369263905,0.0,0.610009457068638,0.0
0.6359893689160806,0.0,0.6100541252622519,0.0
0.6360464009057706,0.0,0.6100987934558658,0.0
0.6361034328954607,0.0,0.6101434616494797,0.0
0.6361604648851507,0.0,0.6101881298430938,0.0
0.6362174968748407,0.0,0.6102420711025028,0.0
0.6362745288645307,0.0,0.6102960123619119,0.0
0.6363315608542208,0.0,0.6103499536213209,0.0
0.6363885928439108,0.0,0.61040389488073,0.0
0.6364456248336009,0.0,0.610457836140139,0.0
0.6364820711017624,0.0,0.6105117773995481,0.0
0.6365185173699239,0.0,0.6105657186589571,0.0
0.6365549636380854,0.0,0.6106196599183662,0.0
0.6365914099062469,0.0,0.6106659946070268,0.0
0.6366278561744084,0.0,0.6107123292956873,0.0
0.6366643024425699,0.0,0.6107586639843479,0.0
0.6367007487107315,0.0,0.6108049986730084,0.0
0.6367371949788929,0.0,0.6108513333616691,0.0
0.6367736412470544,0.0,0.6108976680503296,0.0
0.6368466590204619,0.0,0.6109440027389902,0.0
0.6369196767938694,0.0,0.6109903374276507,0.0
0.6369926945672769,0.0,0.6110366721163114,0.0
0.6370657123406844,0.0,0.6111445052895266,0.0
0.6371387301140918,0.0,0.6112523384627417,0.0
0.6372344667423953,0.0,0.6113601716359569,0.0
0.6373302033706987,0.0,0.6114680048091721,0.0
0.637425939999002,0.0,0.6115847326101362,0.0
0.6375216766273054,0.0,0.6117014604111004,0.0
0.6376174132556088,0.0,0.6118181882120646,0.0
0.6377131498839123,0.0,0.6119349160130287,0.0
0.6378088865122156,0.0,0.612051643813993,0.0
0.637904623140519,0.0,0.6121683716149572,0.0
0.6380003597688224,0.0,0.6122850994159214,0.0
0.6380629878803263,0.0,0.6128060868087027,0.0
0.6381256159918303,0.0,0.6133270742014842,0.0
0.638222763000543,0.0,0.6138480615942656,0.0
0.6383199100092558,0.0,0.6138927297878796,0.0
0.6384046865535676,0.0,0.6139373979814935,0.0
0.6384894630978796,0.0,0.613983732670154,0.0
0.6385742396421915,0.0,0.6140388218370664,0.0
0.6386590161865034,0.0,0.6140939110039787,0.0
0.6387437927308154,0.0,0.6141435753613121,0.0
0.6388285692751273,0.0,0.6141932397186457,0.0
0.6389133458194393,0.0,0.6142429040759791,0.0
0.6389981223637512,0.0,0.6142925684333127,0.0
0.6390607504752551,0.0,0.6143422327906463,0.0
0.6391597946265977,0.0,0.6143918971479797,0.0
0.6391796263835859,0.0,0.6144383466040303,0.0
0.6391994581405741,0.0,0.6144847960600808,0.0
0.6392192898975624,0.0,0.6145312455161314,0.0
0.6392391216545507,0.0,0.6146854249647522,0.0
0.6392589534115389,0.0,0.6148021527657164,0.0
0.6392787851685271,0.0,0.6149761552664009,0.0
0.6392986169255154,0.0,0.6151501577670856,0.0
0.6393612450370193,0.0,0.6152928960184576,0.0
0.6394238731485233,0.0,0.6153393454745081,0.0
0.639493305941368,0.0,0.6153857949305587,0.0
0.6395627387342127,0.0,0.6154322443866092,0.0
0.6396321715270572,0.0,0.6154786938426596,0.0
0.6397016043199019,0.0,0.6155251432987102,0.0
0.6397710371127465,0.0,0.6155802324656224,0.0
0.6398404699055912,0.0,0.6156353216325348,0.0
0.6399099026984358,0.0,0.6156904107994471,0.0
0.6399793354912805,0.0,0.6157454999663593,0.0
0.6400487682841252,0.0,0.6158005891332716,0.0
0.6401182010769698,0.0,0.6158556783001838,0.0
0.6401872144534264,0.0,0.6159154650130412,0.0
0.6402562278298829,0.0,0.6159752517258985,0.0
0.6403252412063395,0.0,0.6160350384387558,0.0
0.640394254582796,0.0,0.6161048024647033,0.0
0.6404632679592526,0.0,0.6161598916316157,0.0
0.6405322813357092,0.0,0.616214980798528,0.0
0.6406012947121656,0.0,0.6162529454527226,0.0
0.6406703080886222,0.0,0.6162909101069172,0.0
0.6407393214650788,0.0,0.6163288747611118,0.0
0.6408083348415353,0.0,0.6163668394153063,0.0
0.6408773482179919,0.0,0.6164048040695009,0.0
0.6409471325547221,0.0,0.6165788065701855,0.0
0.6410169168914523,0.0,0.6166485705961331,0.0
0.6410867012281825,0.0,0.6167360292255936,0.0
0.6411564855649127,0.0,0.6168234878550541,0.0
0.6412262699016429,0.0,0.6169109464845147,0.0
0.6412960542383731,0.0,0.6169984051139752,0.0
0.6413658385751033,0.0,0.6170858637434358,0.0
0.6414356229118334,0.0,0.6171733223728963,0.0
0.6415054072485636,0.0,0.6172607810023568,0.0
0.6415685438771666,0.0,0.6174035192537288,0.0
0.6416316805057694,0.0,0.6174414839079234,0.0
0.6416948171343722,0.0,0.6175012706207808,0.0
0.6417579537629751,0.0,0.6175610573336381,0.0
0.6418210903915779,0.0,0.6177082694277739,0.0
0.6418842270201807,0.0,0.6178554815219097,0.0
0.6419473636487836,0.0,0.6180026936160454,0.0
0.6420105002773864,0.0,0.6181499057101812,0.0
0.6420736369059893,0.0,0.618297117804317,0.0
0.6421367735345921,0.0,0.6184512972529379,0.0
0.642147076065489,0.0,0.6186054767015587,0.0
0.642157378596386,0.0,0.6187596561501797,0.0
0.642167681127283,0.0,0.6189138355988005,0.0
0.6421779836581799,0.0,0.618983599624748,0.0
0.6421882861890768,0.0,0.6190533636506955,0.0
0.6421985887199737,0.0,0.6191217475075673,0.0
0.6422088912508707,0.0,0.6192092061370279,0.0
0.6422191937817676,0.0,0.6192966647664884,0.0
0.6422294963126646,0.0,0.619384123395949,0.0
0.6423035272466953,0.0,0.6194715820254095,0.0
0.642377558180726,0.0,0.6195206361503318,0.0
0.6424515891147565,0.0,0.6195696902752541,0.0
0.6425256200487872,0.0,0.6196187444001764,0.0
0.6425996509828179,0.0,0.6196677985250987,0.0
0.6426736819168485,0.0,0.619716852650021,0.0
0.6427464330422141,0.0,0.6197659067749433,0.0
0.6428191841675797,0.0,0.6198149608998655,0.0
0.6428919352929452,0.0,0.6198640150247878,0.0
0.6429646864183108,0.0,0.6199242966207809,0.0
0.6430637305696533,0.0,0.6200715087149166,0.0
0.6431718902274446,0.0,0.6201331465122424,0.0
0.6432800498852359,0.0,0.6201947843095682,0.0
0.6433882095430271,0.0,0.6202550659055611,0.0
0.6434963692008184,0.0,0.620315347501554,0.0
0.6436045288586097,0.0,0.6203756290975471,0.0
0.643712688516401,0.0,0.62043591069354,0.0
0.6437823933896362,0.0,0.6204961922895329,0.0
0.6438520982628714,0.0,0.6205564738855258,0.0
0.6439218031361066,0.0,0.6206167554815188,0.0
0.6439915080093418,0.0,0.6206770370775118,0.0
0.6440612128825769,0.0,0.6207373186735047,0.0
0.6441309177558121,0.0,0.6207976002694976,0.0
0.6442006226290473,0.0,0.6208659841263694,0.0
0.6442703275022825,0.0,0.6209343679832411,0.0
0.6443400323755177,0.0,0.6210027518401129,0.0
0.6444543020705916,0.0,0.6210494836806022,0.0
0.6445685717656656,0.0,0.6210962155210915,0.0
0.6446828414607396,0.0,0.6211429473615808,0.0
0.6447971111558136,0.0,0.6212010725955007,0.0
0.6449113808508875,0.0,0.6212591978294207,0.0
0.6450256505459615,0.0,0.6213275816862924,0.0
0.6451399202410355,0.0,0.6213959655431642,0.0
0.6452271825754036,0.0,0.6214643494000359,0.0
0.6453144449097716,0.0,0.6215327332569076,0.0
0.6454017072441397,0.0,0.6216011171137794,0.0
0.6454889695785078,0.0,0.6216627549111052,0.0
0.6455738315113548,0.0,0.621724392708431,0.0
0.6456586934442018,0.0,0.6217860305057568,0.0
0.6457435553770489,0.0,0.6218476683030826,0.0
0.6458284173098959,0.0,0.6219057935370025,0.0
0.645913279242743,0.0,0.6219639187709225,0.0
0.6459981411755901,0.0,0.6220220440048424,0.0
0.6460830031084371,0.0,0.6221631977688198,0.0
0.646202793564761,0.0,0.6223043515327972,0.0
0.6463225840210849,0.0,0.6224455052967746,0.0
0.6464423744774087,0.0,0.6225866590607518,0.0
0.6467344324212723,0.0,0.6227278128247292,0.0
0.6470264903651358,0.0,0.622789450622055,0.0
0.6473185483089994,0.0,0.6228361824625444,0.0
0.6476106062528629,0.0,0.6228829143030337,0.0
0.6479026641967264,0.0,0.622929646143523,0.0
0.6481947221405899,0.0,0.6229763779840124,0.0
0.648338431300041,0.0,0.6230231098245017,0.0
0.6484821404594919,0.0,0.623069841664991,0.0
0.648625849618943,0.0,0.6231165735054803,0.0
0.648769558778394,0.0,0.6232577272694577,0.0
0.648913267937845,0.0,0.6232941786641593,0.0
0.649056977097296,0.0,0.6233306300588609,0.0
0.6492006862567471,0.0,0.6233670814535625,0.0
0.649344395416198,0.0,0.6234035328482641,0.0
0.6494881045756491,0.0,0.6234399842429657,0.0
0.649664262007053,0.0,0.6234764356376672,0.0
0.6497840524633768,0.0,0.6235128870323688,0.0
0.6499038429197007,0.0,0.6235622210655304,0.0
0.6500236333760245,0.0,0.6236203462994503,0.0
0.6500833707560211,0.0,0.6237905376104598,0.0
0.6502031612123449,0.0,0.6239607289214694,0.0
0.6502628985923413,0.0,0.6241309202324788,0.0
0.6503826890486653,0.0,0.6241740664213256,0.0
0.6504968365732346,0.0,0.6242172126101723,0.0
0.6506561499693037,0.0,0.6242603587990189,0.0
0.6508154633653727,0.0,0.6243035049878656,0.0
0.6509747767614418,0.0,0.6243466511767122,0.0
0.6510889242860112,0.0,0.6243897973655589,0.0
0.6511486616660076,0.0,0.6244329435544056,0.0
0.651208399046004,0.0,0.6244760897432522,0.0
0.6512681364260005,0.0,0.6245192359320989,0.0
0.6513822839505699,0.0,0.6246603896960763,0.0
0.6514420213305663,0.0,0.6248015434600537,0.0
0.6515017587105627,0.0,0.6248507741893975,0.0
0.6515740971133489,0.0,0.6249000049187413,0.0
0.6516464355161352,0.0,0.6249492356480851,0.0
0.6517605830407045,0.0,0.6250097963028491,0.0
0.6518747305652739,0.0,0.6250591303360107,0.0
0.6519470689680602,0.0,0.6251084643691722,0.0
0.6520884454116097,0.0,0.6251577984023338,0.0
0.6522298218551593,0.0,0.625285570783883,0.0
0.6523711982987088,0.0,0.6254133431654322,0.0
0.6525125747422584,0.0,0.6255233575688995,0.0
0.652653951185808,0.0,0.6255839182236637,0.0
0.6527106492028605,0.0,0.6256444788784277,0.0
0.652767347219913,0.0,0.6257001798789986,0.0
0.6528240452369655,0.0,0.6257558808795695,0.0
0.652880743254018,0.0,0.6258115818801404,0.0
0.6531086094406832,0.0,0.6258672828807113,0.0
0.6533364756273484,0.0,0.6260412853813959,0.0
0.6533931736444009,0.0,0.6260906194145573,0.0
0.6536210398310661,0.0,0.6261399534477189,0.0
0.653676740831637,0.0,0.6261892874808804,0.0
0.6537324418322079,0.0,0.6262385182102242,0.0
0.6537881428327788,0.0,0.6262877489395681,0.0
0.6540802007766423,0.0,0.6263369796689119,0.0
0.6543722587205059,0.0,0.6263932059550823,0.0
0.6546643166643694,0.0,0.6264494322412527,0.0
0.6548903758794454,0.0,0.6265056585274231,0.0
0.6550466570311133,0.0,0.6265618848135935,0.0
0.6552029381827812,0.0,0.626618111099764,0.0
0.6553592193344492,0.0,0.6266743373859344,0.0
0.6556512772783126,0.0,0.6267843517894017,0.0
0.6558075584299806,0.0,0.6268449124441658,0.0
0.6560354246166458,0.0,0.6269054730989299,0.0
0.656263290803311,0.0,0.626966033753694,0.0
0.6564911569899762,0.0,0.627026594408458,0.0
0.6566474381416442,0.0,0.6270871550632221,0.0
0.6567751682536599,0.0,0.6272069455195459,0.0
0.6569314494053278,0.0,0.6273267359758699,0.0
0.6570877305569957,0.0,0.6274465264321938,0.0
0.6572154606690114,0.0,0.6275062638121902,0.0
0.6573431907810271,0.0,0.627561964812761,0.0
0.657499471932695,0.0,0.6276186628298136,0.0
0.6576272020447107,0.0,0.627675360846866,0.0
0.6577834831963787,0.0,0.6277320588639186,0.0
0.6579112133083944,0.0,0.627788756880971,0.0
0.6580267572990853,0.0,0.6278454548980236,0.0
0.6580824582996563,0.0,0.6279596024225929,0.0
0.6581381593002271,0.0,0.6280737499471623,0.0
0.6581987199549912,0.0,0.6281878974717316,0.0
0.6583142639456822,0.0,0.6283580887827412,0.0
0.6584298079363732,0.0,0.6285483646121008,0.0
0.6585453519270642,0.0,0.6287386404414606,0.0
0.6586059125818282,0.0,0.6289289162708203,0.0
0.6586664732365923,0.0,0.6291191921001799,0.0
0.6587270338913563,0.0,0.6293094679295396,0.0
0.6588425778820474,0.0,0.6294997437588992,0.0
0.6589568167669128,0.0,0.6296699350699088,0.0
0.6590173774216768,0.0,0.6298401263809182,0.0
0.6591316163065422,0.0,0.6299542739054876,0.0
0.6592458551914075,0.0,0.630068421430057,0.0
0.6593600940762728,0.0,0.630188211886381,0.0
0.6594743329611382,0.0,0.6303080023427048,0.0
0.6595348936159023,0.0,0.6304277927990287,0.0
0.6595954542706663,0.0,0.6305475832553527,0.0
0.6597096931555317,0.0,0.6306673737116765,0.0
0.6598640909344481,0.0,0.6307871641680004,0.0
0.6599246515892121,0.0,0.6309285406115499,0.0
0.6600790493681284,0.0,0.6310699170550995,0.0
0.6601282800974723,0.0,0.6311296544350959,0.0
0.6601775108268161,0.0,0.6312971031193642,0.0
0.6602267415561599,0.0,0.6313471119827399,0.0
0.6602759722855037,0.0,0.6313971208461155,0.0
0.6604303700644201,0.0,0.6314471297094914,0.0
0.6605847678433364,0.0,0.631497138572867,0.0
0.6606938485709123,0.0,0.6315471474362427,0.0
0.6608029292984882,0.0,0.6315971562996184,0.0
0.660852160027832,0.0,0.6317874321289781,0.0
0.6609013907571758,0.0,0.6319777079583377,0.0
0.6609507247903373,0.0,0.6321679837876975,0.0
0.6610000588234989,0.0,0.6322070327752014,0.0
0.6611091395510748,0.0,0.6322460817627054,0.0
0.6611584735842363,0.0,0.6322851307502093,0.0
0.6612675543118122,0.0,0.6323241797377133,0.0
0.6613168883449737,0.0,0.6323839171177097,0.0
0.6619394358012932,0.0,0.6324436544977061,0.0
0.6625619832576127,0.0,0.6325033918777025,0.0
0.6631845307139322,0.0,0.632563129257699,0.0
0.6632338647470938,0.0,0.6326228666376954,0.0
0.6638564122034133,0.0,0.6326952050404816,0.0
0.6644789596597328,0.0,0.6327675434432679,0.0
0.6651015071160523,0.0,0.6328398818460541,0.0
0.6651508411492139,0.0,0.6329812582896037,0.0
0.6652001751823754,0.0,0.6331487069738719,0.0
0.66537417768306,0.0,0.6333161556581401,0.0
0.6654106290777616,0.0,0.6334575321016896,0.0
0.6655846315784462,0.0,0.6335989085452393,0.0
0.6657586340791307,0.0,0.6338267747319044,0.0
0.6659013723305027,0.0,0.6340546409185697,0.0
0.6660441105818747,0.0,0.6342825071052349,0.0
0.6660805619765764,0.0,0.6345103732919001,0.0
0.6661170133712779,0.0,0.6346897674516702,0.0
0.6661534647659795,0.0,0.6348691616114402,0.0
0.666776012222299,0.0,0.6350485557712103,0.0
0.6668791760901367,0.0,0.6352279499309804,0.0
0.6669823399579744,0.0,0.6354073440907505,0.0
0.6670855038258121,0.0,0.6355867382505207,0.0
0.6671886676936497,0.0,0.6357661324102908,0.0
0.6672918315614874,0.0,0.6358051813977947,0.0
0.6673949954293251,0.0,0.6359329115098105,0.0
0.6674981592971628,0.0,0.6360484555005014,0.0
0.6675346106918644,0.0,0.6361639994911924,0.0
0.6675710620865659,0.0,0.6362795434818833,0.0
0.6676075134812676,0.0,0.6363950874725743,0.0
0.667748667245245,0.0,0.6366229536592396,0.0
0.6678898210092223,0.0,0.6368508198459047,0.0
0.6680309747731996,0.0,0.6369785499579205,0.0
0.668172128537177,0.0,0.6371011586351534,0.0
0.6683132823011544,0.0,0.6372237673123864,0.0
0.6684407917553321,0.0,0.6373463759896193,0.0
0.6685683012095097,0.0,0.6374689846668522,0.0
0.6686958106636873,0.0,0.6376364333511204,0.0
0.6688369644276647,0.0,0.6378038820353886,0.0
0.6689644738818423,0.0,0.6378772848472095,0.0
0.6691056276458197,0.0,0.6380718099199628,0.0
0.6692467814097971,0.0,0.6382663349927162,0.0
0.6693742908639748,0.0,0.6384608600654695,0.0
0.6694324160978947,0.0,0.6386553851382228,0.0
0.6694905413318146,0.0,0.6388499102109761,0.0
0.6696509100561041,0.0,0.6390444352837295,0.0
0.6698112787803937,0.0,0.6392389603564828,0.0
0.6699716475046832,0.0,0.6394334854292361,0.0
0.6701320162289728,0.0,0.6395612155412518,0.0
0.6701901414628927,0.0,0.6396889456532675,0.0
0.6702482666968126,0.0,0.6398166757652832,0.0
0.6704663251454605,0.0,0.6399322197559743,0.0
0.6706843835941083,0.0,0.6400464586408396,0.0
0.6707425088280283,0.0,0.6401606975257049,0.0
0.6709605672766762,0.0,0.6402749364105703,0.0
0.6710186925105961,0.0,0.6403891752954357,0.0
0.6712311814385241,0.0,0.6405034141803011,0.0
0.6714436703664522,0.0,0.6406176530651664,0.0
0.6716561592943803,0.0,0.6407720508440827,0.0
0.6721660474687874,0.0,0.6408454536559036,0.0
0.6722127793092767,0.0,0.6409188564677245,0.0
0.6727226674836838,0.0,0.6409922592795454,0.0
0.6727693993241731,0.0,0.6410656620913663,0.0
0.6728161311646624,0.0,0.6416882095476858,0.0
0.6728628630051517,0.0,0.6423107570040053,0.0
0.672990635386701,0.0,0.6429333044603249,0.0
0.6731184077682503,0.0,0.6435558519166444,0.0
0.6731651396087396,0.0,0.644178399372964,0.0
0.6732118714492289,0.0,0.6443327971518802,0.0
0.6732586032897182,0.0,0.6444871949307965,0.0
0.6734326057904028,0.0,0.6446415927097129,0.0
0.6734793376308921,0.0,0.6447506734372888,0.0
0.6735260694713815,0.0,0.6448597541648646,0.0
0.6737245099295691,0.0,0.6450679126572364,0.0
0.6739229503877566,0.0,0.6452760711496082,0.0
0.6741213908459442,0.0,0.6454842296419799,0.0
0.6743198313041319,0.0,0.6455576324538008,0.0
0.6743665631446213,0.0,0.6456310352656217,0.0
0.6745650036028088,0.0,0.6457044380774426,0.0
0.6746266414001346,0.0,0.6458135188050185,0.0
0.6746882791974604,0.0,0.6459225995325945,0.0
0.6747499169947863,0.0,0.646545146988914,0.0
0.6749015343965982,0.0,0.6471676944452335,0.0
0.6750761183412195,0.0,0.6476775826196406,0.0
0.6752277357430313,0.0,0.6477807464874782,0.0
0.6754023196876526,0.0,0.6478839103553159,0.0
0.6755769036322741,0.0,0.6479870742231536,0.0
0.6757514875768954,0.0,0.6480902380909912,0.0
0.6759260715215167,0.0,0.6481934019588289,0.0
0.6760776889233285,0.0,0.6482965658266666,0.0
0.6762293063251404,0.0,0.6483997296945043,0.0
0.6763809237269524,0.0,0.6486078881868761,0.0
0.6765325411287643,0.0,0.6488160466792479,0.0
0.6766054877337329,0.0,0.648965346239345,0.0
0.6766784343387016,0.0,0.6491146457994422,0.0
0.6767513809436702,0.0,0.6492639453595394,0.0
0.6768243275486389,0.0,0.6494132449196365,0.0
0.6768972741536075,0.0,0.6495625444797337,0.0
0.6771233333686836,0.0,0.6497118440398308,0.0
0.6773493925837596,0.0,0.649861143599928,0.0
0.6775754517988357,0.0,0.6500693020922997,0.0
0.6781976538274401,0.0,0.6501968115464775,0.0
0.6788198558560445,0.0,0.6503243210006551,0.0
0.679442057884649,0.0,0.6504518304548327,0.0
0.6800642599132534,0.0,0.6505793399090104,0.0
0.6802903191283294,0.0,0.650706849363188,0.0
0.6809125211569338,0.0,0.6508814333078093,0.0
0.6815347231855382,0.0,0.6513913214822165,0.0
0.6817607824006143,0.0,0.6514954365674622,0.0
0.68182242019794,0.0,0.651599551652708,0.0
0.68191255196765,0.0,0.6517036667379537,0.0
0.6819741897649758,0.0,0.6518077818231994,0.0
0.6820358275623015,0.0,0.6519118969084452,0.0
0.6821259593320115,0.0,0.652016011993691,0.0
0.6822160911017213,0.0,0.6521201270789367,0.0
0.6823062228714313,0.0,0.6522427357561696,0.0
0.6823963546411411,0.0,0.6523653444334025,0.0
0.6824579924384669,0.0,0.6524746435422419,0.0
0.6825263762953386,0.0,0.6525839426510813,0.0
0.6826165080650486,0.0,0.6527332422111786,0.0
0.6827135809491733,0.0,0.6528825417712757,0.0
0.6828106538332982,0.0,0.6529554883762443,0.0
0.68287903769017,0.0,0.653028434981213,0.0
0.6829761105742949,0.0,0.6531013815861816,0.0
0.6830731834584197,0.0,0.6532239902634146,0.0
0.6831702563425446,0.0,0.6534224307216022,0.0
0.6832673292266694,0.0,0.6536208711797898,0.0
0.6833644021107943,0.0,0.6538193116379775,0.0
0.683461474994919,0.0,0.6540177520961651,0.0
0.6835585478790439,0.0,0.6542161925543526,0.0
0.6836269317359157,0.0,0.654838394582957,0.0
0.6838055361791562,0.0,0.6554605966115615,0.0
0.6838739200360279,0.0,0.6560827986401659,0.0
0.6840525244792683,0.0,0.6567050006687704,0.0
0.6842311289225087,0.0,0.6567951324384802,0.0
0.6844097333657492,0.0,0.6569697163831015,0.0
0.6845883378089896,0.0,0.6571443003277229,0.0
0.68476694225223,0.0,0.6573188842723442,0.0
0.6849455466954705,0.0,0.6574934682169655,0.0
0.6850139305523422,0.0,0.6575664148219342,0.0
0.6851634741646294,0.0,0.6576393614269028,0.0
0.6852318580215011,0.0,0.6577486605357422,0.0
0.6853002418783729,0.0,0.6578586749392096,0.0
0.6853686257352446,0.0,0.6579686893426769,0.0
0.6855181693475317,0.0,0.6580787037461442,0.0
0.6855865532044035,0.0,0.6581590866035039,0.0
0.6857540018886717,0.0,0.6582394694608635,0.0
0.6858040107520474,0.0,0.6583198523182232,0.0
0.6858642923480404,0.0,0.6584002351755829,0.0
0.6859143012114162,0.0,0.6590224372041873,0.0
0.6859643100747919,0.0,0.6596446392327917,0.0
0.6860245916707848,0.0,0.6598232436760322,0.0
0.6860746005341605,0.0,0.659913375445742,0.0
0.6861246093975362,0.0,0.6600035072154519,0.0
0.6861746182609119,0.0,0.6600936389851618,0.0
0.6862348998569049,0.0,0.6601837707548717,0.0
0.6862951814528978,0.0,0.6602739025245816,0.0
0.686444725065185,0.0,0.6603709754087064,0.0
0.686505006661178,0.0,0.6604680482928312,0.0
0.6865652882571709,0.0,0.6605651211769561,0.0
0.6867099960513402,0.0,0.660662194061081,0.0
0.6868547038455096,0.0,0.6607714931699203,0.0
0.686999411639679,0.0,0.6608807922787597,0.0
0.6871441194338483,0.0,0.6610255000729292,0.0
0.6872888272280178,0.0,0.6611702078670986,0.0
0.6873491088240107,0.0,0.6613149156612679,0.0
0.6874938166181801,0.0,0.6614596234554373,0.0
0.687554098214173,0.0,0.6615566963395622,0.0
0.687680014626812,0.0,0.661653769223687,0.0
0.6878059310394512,0.0,0.6617508421078119,0.0
0.6879318474520902,0.0,0.6618479149919367,0.0
0.6879921290480833,0.0,0.6619449878760616,0.0
0.6880524106440762,0.0,0.662123592319302,0.0
0.6881734847826397,0.0,0.6623021967625424,0.0
0.6882945589212034,0.0,0.6624808012057829,0.0
0.6883548405171963,0.0,0.6626594056490233,0.0
0.6884038946421186,0.0,0.6628380100922637,0.0
0.6885249687806821,0.0,0.6630166145355042,0.0
0.6886353980643779,0.0,0.6634531139992611,0.0
0.6886844521893002,0.0,0.663889613463018,0.0
0.6887948814729958,0.0,0.664326112926775,0.0
0.6888439355979181,0.0,0.6647626123905319,0.0
0.6888929897228404,0.0,0.6651991118542889,0.0
0.6890189061354796,0.0,0.6653084109631283,0.0
0.6891448225481186,0.0,0.6654177100719677,0.0
0.6891938766730409,0.0,0.6655270091808071,0.0
0.6892429307979632,0.0,0.6656765527930942,0.0
0.6892919849228855,0.0,0.6658260964053815,0.0
0.6894087943662304,0.0,0.6659756400176686,0.0
0.6894578484911527,0.0,0.666120347811838,0.0
0.6895453071206132,0.0,0.6662650556060074,0.0
0.6896327657500738,0.0,0.6663992358908345,0.0
0.6897202243795343,0.0,0.6665334161756616,0.0
0.6898076830089949,0.0,0.6666673587793097,0.0
0.6898951416384554,0.0,0.6668013013829577,0.0
0.6899826002679159,0.0,0.6669352439866056,0.0
0.6900700588973765,0.0,0.6670691865902537,0.0
0.6901669477187498,0.0,0.6672031291939017,0.0
0.6902544063482103,0.0,0.6673370717975498,0.0
0.6903512951695836,0.0,0.6674710144011977,0.0
0.6904387537990441,0.0,0.6679075138649546,0.0
0.690576409708156,0.0,0.6683440133287116,0.0
0.690714065617268,0.0,0.6687805127924685,0.0
0.69085172152638,0.0,0.6689304339763444,0.0
0.6909893774354919,0.0,0.6690803551602202,0.0
0.6911270333446039,0.0,0.669230276344096,0.0
0.6912646892537158,0.0,0.6693801975279718,0.0
0.6914023451628277,0.0,0.669506113940611,0.0
0.6915400010719397,0.0,0.66963203035325,0.0
0.6916598753537774,0.0,0.6697579467658892,0.0
0.6917797496356151,0.0,0.6698838631785282,0.0
0.6918996239174527,0.0,0.6700097795911674,0.0
0.6919870825469132,0.0,0.6701265890345123,0.0
0.6920745411763738,0.0,0.67024646331635,0.0
0.6921443052023213,0.0,0.6703433521377232,0.0
0.692264179484159,0.0,0.6704402409590964,0.0
0.6923840537659967,0.0,0.6705778968682083,0.0
0.6924538177919441,0.0,0.6706324634763138,0.0
0.6925701789199956,0.0,0.6706870300844192,0.0
0.6926865400480471,0.0,0.6707415966925246,0.0
0.6927563040739946,0.0,0.6707961633006301,0.0
0.6928789127512276,0.0,0.6708507299087354,0.0
0.6930015214284605,0.0,0.6709052965168408,0.0
0.6931241301056934,0.0,0.6710552177007167,0.0
0.6932467387829263,0.0,0.6712050088819919,0.0
0.6933165028088739,0.0,0.6713548000632671,0.0
0.6934839514931421,0.0,0.6715045912445423,0.0
0.6936514001774103,0.0,0.6716543824258175,0.0
0.6938188488616785,0.0,0.6717885627106447,0.0
0.6939862975459468,0.0,0.6719262186197567,0.0
0.6940460842588041,0.0,0.6720638745288685,0.0
0.6941058709716614,0.0,0.6722015304379805,0.0
0.6942222320997129,0.0,0.6723391863470924,0.0
0.6943475425272814,0.0,0.6724768422562044,0.0
0.6944728529548498,0.0,0.6726144981653164,0.0
0.6945326396677072,0.0,0.6727521540744283,0.0
0.6946579500952756,0.0,0.672872028356266,0.0
0.694783260522844,0.0,0.6729919026381036,0.0
0.6948430472357013,0.0,0.6731117769199413,0.0
0.6949028339485587,0.0,0.6732428556607584,0.0
0.6950281443761271,0.0,0.6733739344015753,0.0
0.6950661090303217,0.0,0.6735050131423924,0.0
0.6955539796707104,0.0,0.6736360918832095,0.0
0.695591944324905,0.0,0.6737671706240265,0.0
0.6960798149652936,0.0,0.6738982493648435,0.0
0.696196176093345,0.0,0.6740293281056605,0.0
0.6963125372213965,0.0,0.6741604068464776,0.0
0.696428898349448,0.0,0.674214973454583,0.0
0.6965452594774995,0.0,0.6742695400626885,0.0
0.696583224131694,0.0,0.674389414344526,0.0
0.6966211887858886,0.0,0.6745057754725775,0.0
0.6966591534400832,0.0,0.674622136600629,0.0
0.6966971180942778,0.0,0.6747719277819042,0.0
0.6968029401432313,0.0,0.6748644665450076,0.0
0.6968580293101436,0.0,0.6749570053081112,0.0
0.6969131184770558,0.0,0.6750495440712146,0.0
0.6970056572401594,0.0,0.6751367177211113,0.0
0.6970981960032628,0.0,0.6752530788491627,0.0
0.6971532851701752,0.0,0.6753694399772142,0.0
0.6972458239332786,0.0,0.6754858011052657,0.0
0.697338362696382,0.0,0.6756021622333171,0.0
0.6973934518632944,0.0,0.6757185233613686,0.0
0.6974859906263978,0.0,0.6758496021021857,0.0
0.6975410797933101,0.0,0.6759106210025254,0.0
0.6975961689602224,0.0,0.6759716399028652,0.0
0.6976512581271347,0.0,0.6760326588032051,0.0
0.6977384317770313,0.0,0.6760936777035448,0.0
0.697825605426928,0.0,0.6761546966038846,0.0
0.6978806945938403,0.0,0.6763907626213366,0.0
0.6979357837607525,0.0,0.6766268286387884,0.0
0.6979908729276648,0.0,0.6768628946562404,0.0
0.6980373223837153,0.0,0.6770989606736922,0.0
0.6982466251606089,0.0,0.6773350266911442,0.0
0.6982930746166593,0.0,0.6775710927085962,0.0
0.6985023773935528,0.0,0.6776769147575497,0.0
0.6985488268496034,0.0,0.6777694535206531,0.0
0.6986635483088113,0.0,0.6778619922837565,0.0
0.6987099977648619,0.0,0.6778871343462688,0.0
0.6987564472209123,0.0,0.6779122764087809,0.0
0.6988028966769629,0.0,0.6779374184712931,0.0
0.6989176181361708,0.0,0.6779625605338053,0.0
0.6989640675922214,0.0,0.6779877025963175,0.0
0.6990787890514294,0.0,0.6780128446588296,0.0
0.6991252385074799,0.0,0.6780738635591694,0.0
0.6991786498601829,0.0,0.6781348824595093,0.0
0.6992320612128858,0.0,0.678195901359849,0.0
0.6992817255702194,0.0,0.6782569202601888,0.0
0.6993313899275528,0.0,0.6783179391605285,0.0
0.6993848012802558,0.0,0.6784051128104253,0.0
0.6994382126329588,0.0,0.6786144155873187,0.0
0.6994878769902924,0.0,0.6788237183642122,0.0
0.6995919920755381,0.0,0.6789384398234202,0.0
0.6996961071607838,0.0,0.6789994587237599,0.0
0.7015924135741382,0.0,0.6791449368326071,0.0
0.7016420779314717,0.0,0.6792904149414544,0.0
0.7016917422888052,0.0,0.6794358930503017,0.0
0.7035880487021595,0.0,0.679581371159149,0.0
0.7036377130594931,0.0,0.6797311623404241,0.0
0.7038431787209446,0.0,0.6798553641526371,0.0
0.704048644382396,0.0,0.6798805062151493,0.0
0.7042541100438475,0.0,0.6799056482776614,0.0
0.7044976773914429,0.0,0.6799307903401737,0.0
0.7047031430528944,0.0,0.6800745708039784,0.0
0.7049467104004897,0.0,0.6802243619852536,0.0
0.7051521760619412,0.0,0.6803390834444616,0.0
0.7053283334933451,0.0,0.6804538049036695,0.0
0.7054324485785909,0.0,0.6805072162563724,0.0
0.7055365636638365,0.0,0.6805606276090754,0.0
0.7056406787490823,0.0,0.6806140389617784,0.0
0.7057447938343281,0.0,0.6806674503144814,0.0
0.7058489089195739,0.0,0.6806950766401307,0.0
0.7060250663509777,0.0,0.6808192784523438,0.0
0.7061476750282106,0.0,0.6809434802645568,0.0
0.7062702837054435,0.0,0.6810676820767697,0.0
0.7063928923826764,0.0,0.6811918838889828,0.0
0.7065690498140803,0.0,0.6813160857011957,0.0
0.7065966761397297,0.0,0.6814402875134087,0.0
0.7066243024653791,0.0,0.681467913839058,0.0
0.7068004598967829,0.0,0.6814955401647075,0.0
0.7069766173281867,0.0,0.6816393206285122,0.0
0.7070229520168473,0.0,0.681783101092317,0.0
0.7070505783424966,0.0,0.6819268815561217,0.0
0.7071943588063014,0.0,0.6820706620199265,0.0
0.7073381392701061,0.0,0.6821964634570559,0.0
0.707481919733911,0.0,0.6823222648941853,0.0
0.7076257001977158,0.0,0.6823751027921993,0.0
0.7076720348863763,0.0,0.6824806130099017,0.0
0.7077183695750369,0.0,0.682586123227604,0.0
0.7077647042636974,0.0,0.6826916334453065,0.0
0.7079084847275022,0.0,0.6827971436630089,0.0
0.7079548194161628,0.0,0.6828683295966481,0.0
0.7080011541048233,0.0,0.6829395155302873,0.0
0.7081269555419528,0.0,0.6830479545356689,0.0
0.7081732902306134,0.0,0.6831563935410504,0.0
0.7082196249192739,0.0,0.683264832546432,0.0
0.7083454263564034,0.0,0.6833237231808568,0.0
0.708391761045064,0.0,0.683394909114496,0.0
0.7084380957337245,0.0,0.6834660950481352,0.0
0.7084827639273386,0.0,0.6835716052658376,0.0
0.7085882741450409,0.0,0.68367711548354,0.0
0.7086329423386548,0.0,0.6837826257012424,0.0
0.7087384525563573,0.0,0.6838415163356671,0.0
0.7088439627740597,0.0,0.6839899405188697,0.0
0.708949472991762,0.0,0.6841383647020723,0.0
0.7090549832094645,0.0,0.6844524200645493,0.0
0.7090996514030784,0.0,0.6847664754270263,0.0
0.7092051616207808,0.0,0.6850805307895034,0.0
0.7093106718384832,0.0,0.6853945861519803,0.0
0.7093553400320972,0.0,0.6857086415144573,0.0
0.7094000082257111,0.0,0.6860226968769343,0.0
0.7094446764193251,0.0,0.6863367522394114,0.0
0.709489344612939,0.0,0.6864354896393221,0.0
0.7095971777861542,0.0,0.686534227039233,0.0
0.7097337119641229,0.0,0.6868482824017099,0.0
0.7098702461420917,0.0,0.6871623377641869,0.0
0.7099780793153069,0.0,0.6872988719421557,0.0
0.7101084326698147,0.0,0.6874354061201244,0.0
0.7102162658430299,0.0,0.6874942967545492,0.0
0.7103466191975378,0.0,0.687624650109057,0.0
0.710454452370753,0.0,0.6876859622627802,0.0
0.7105622855439682,0.0,0.6878163156172881,0.0
0.7106964658287953,0.0,0.6878776277710112,0.0
0.7108306461136225,0.0,0.687976365170922,0.0
0.7109645887172705,0.0,0.6880751025708327,0.0
0.7110985313209185,0.0,0.6881738399707436,0.0
0.7112324739245665,0.0,0.6882725773706543,0.0
0.7113403070977816,0.0,0.6883420299476114,0.0
0.7114742497014297,0.0,0.6884723833021192,0.0
0.7116081923050777,0.0,0.6886027366566272,0.0
0.7117421349087257,0.0,0.688733090011135,0.0
0.7118760775123737,0.0,0.6888618058969218,0.0
0.7119839106855889,0.0,0.6889905217827086,0.0
0.7120124309638769,0.0,0.6891192376684954,0.0
0.7120409512421649,0.0,0.6892479535542821,0.0
0.7120694715204529,0.0,0.689376669440069,0.0
0.712177304693668,0.0,0.6895053853258558,0.0
0.7122851378668833,0.0,0.6895581760146791,0.0
0.7123136581451712,0.0,0.6896109667035023,0.0
0.7123675994045803,0.0,0.689691349560862,0.0
0.7142639058179346,0.0,0.6897717324182217,0.0
0.716160212231289,0.0,0.6898704698181325,0.0
0.7180565186446434,0.0,0.6899692072180432,0.0
0.7199528250579977,0.0,0.690067944617954,0.0
0.7218491314713521,0.0,0.6901760587272648,0.0
0.7237454378847064,0.0,0.6902841728365757,0.0
0.7238757912392143,0.0,0.6903489213224359,0.0
0.7240061445937221,0.0,0.6908455995540702,0.0
0.7240600858531312,0.0,0.6913422777857046,0.0
0.724190439207639,0.0,0.6918389560173389,0.0
0.7243191550934258,0.0,0.6923356342489733,0.0
0.7244478709792127,0.0,0.6928323124806075,0.0
0.7245018122386218,0.0,0.6933289907122419,0.0
0.7246305281244085,0.0,0.6938256689438762,0.0
0.7247592440101953,0.0,0.6938904174297363,0.0
0.7248879598959821,0.0,0.6943870956613707,0.0
0.7250166757817689,0.0,0.694883773893005,0.0
0.7250706170411779,0.0,0.6949606088958059,0.0
0.7255672952728123,0.0,0.6950374438986068,0.0
0.7260639735044466,0.0,0.6953371954412274,0.0
0.7265606517360809,0.0,0.695436424921029,0.0
0.7270573299677152,0.0,0.6955701700063505,0.0
0.7275540081993496,0.0,0.695669399486152,0.0
0.7280506864309839,0.0,0.6959691510287727,0.0
0.7285473646626183,0.0,0.6960345031509241,0.0
0.7286013059220273,0.0,0.6963342546935447,0.0
0.7290979841536617,0.0,0.6963996068156962,0.0
0.7291519254130707,0.0,0.6964649589378477,0.0
0.729648603644705,0.0,0.6965303110599992,0.0
0.729702544904114,0.0,0.69663842516931,0.0
0.7297564861635231,0.0,0.6967465392786208,0.0
0.7298104274229321,0.0,0.6968546533879317,0.0
0.7298643686823412,0.0,0.6969627674972425,0.0
0.7301641202249618,0.0,0.6970708816065534,0.0
0.7304638717675824,0.0,0.6971789957158643,0.0
0.7305160486902071,0.0,0.697287109825175,0.0
0.7308158002328277,0.0,0.6973095853138265,0.0
0.7309584861909424,0.0,0.6973320608024779,0.0
0.7311011721490571,0.0,0.6973545362911292,0.0
0.731252789550869,0.0,0.6973770117797806,0.0
0.7313609036601798,0.0,0.697442363901932,0.0
0.7314690177694907,0.0,0.6974951545907554,0.0
0.7315771318788016,0.0,0.6975605067129068,0.0
0.7316852459881124,0.0,0.6976686208222177,0.0
0.7317933600974232,0.0,0.6977767349315286,0.0
0.7319014742067341,0.0,0.6978660015094665,0.0
0.7320095883160449,0.0,0.6979552680874046,0.0
0.7321177024253558,0.0,0.6980445346653427,0.0
0.7322258165346667,0.0,0.6981098867874941,0.0
0.7323774339364785,0.0,0.6981752389096456,0.0
0.7324855480457894,0.0,0.6982744683894472,0.0
0.7325936621551002,0.0,0.6983398205115987,0.0
0.7326829287330382,0.0,0.6984556191898205,0.0
0.7327721953109763,0.0,0.6985809825647367,0.0
0.7328614618889143,0.0,0.6987063459396529,0.0
0.7329136388115389,0.0,0.6988317093145691,0.0
0.7329658157341636,0.0,0.6989570726894853,0.0
0.7330650452139653,0.0,0.6990563021692868,0.0
0.7331172221365899,0.0,0.699181665544203,0.0
0.7332164516163916,0.0,0.6993070289191192,0.0
0.7332692895144055,0.0,0.6994323922940354,0.0
0.7333685189942071,0.0,0.6995868880675937,0.0
0.733421356892221,0.0,0.699741383841152,0.0
0.7334741947902348,0.0,0.6998392025922623,0.0
0.7335270326882487,0.0,0.6999153934094113,0.0
0.7335798705862626,0.0,0.6999915842265604,0.0
0.7336791000660642,0.0,0.7000140597152117,0.0
0.7337319379640781,0.0,0.7000365352038631,0.0
0.7338083419977245,0.0,0.7001904998050078,0.0
0.7338847460313709,0.0,0.7002256285672329,0.0
0.7339611500650173,0.0,0.700301819384382,0.0
0.7340375540986637,0.0,0.7003780102015309,0.0
0.734192049872222,0.0,0.70045420101868,0.0
0.7343465456457803,0.0,0.700530391835829,0.0
0.7344229496794267,0.0,0.7006072268386299,0.0
0.7344993537130731,0.0,0.7006840618414307,0.0
0.7345757577467195,0.0,0.7007608968442316,0.0
0.7346521617803657,0.0,0.7008377318470325,0.0
0.7346879097262723,0.0,0.7009145668498333,0.0
0.7347236576721788,0.0,0.7011362166967757,0.0
0.7347594056180854,0.0,0.701357866543718,0.0
0.7347951535639919,0.0,0.7015795163906604,0.0
0.7348309015098985,0.0,0.7017223221067902,0.0
0.7350525513568409,0.0,0.7018651278229201,0.0
0.7350882993027474,0.0,0.7020190924240648,0.0
0.7353099491496898,0.0,0.7021618981401947,0.0
0.7355315989966321,0.0,0.7023047038563245,0.0
0.735674404712762,0.0,0.7023815388591254,0.0
0.7358172104288918,0.0,0.7025243445752553,0.0
0.7358529583747984,0.0,0.7025895367170762,0.0
0.7358887063207049,0.0,0.7026547288588972,0.0
0.7360315120368348,0.0,0.702762730668523,0.0
0.7361743177529646,0.0,0.7028707324781488,0.0
0.7362100656988712,0.0,0.7030191566613514,0.0
0.736352871415001,0.0,0.703167580844554,0.0
0.7365026625962763,0.0,0.7033160050277566,0.0
0.7366524537775514,0.0,0.7034644292109591,0.0
0.7368022449588266,0.0,0.7035296213527802,0.0
0.7369520361401019,0.0,0.7036835859539249,0.0
0.7369877840860084,0.0,0.7037487780957459,0.0
0.7371375752672836,0.0,0.7038364237610965,0.0
0.7372717555521108,0.0,0.7038715525233215,0.0
0.7373075034980173,0.0,0.7039066812855466,0.0
0.7373658003924544,0.0,0.7040494870016764,0.0
0.7374240972868913,0.0,0.7041922927178063,0.0
0.7374823941813283,0.0,0.7042274214800313,0.0
0.7376251998974582,0.0,0.7043096239235817,0.0
0.737768005613588,0.0,0.7043956200577638,0.0
0.7378263025080251,0.0,0.7044842923817859,0.0
0.7378845994024621,0.0,0.704572964705808,0.0
0.7379428962968991,0.0,0.7046358750785778,0.0
0.7379796187611242,0.0,0.7048196060788938,0.0
0.7380163412253492,0.0,0.7050033370792098,0.0
0.7380985436688996,0.0,0.7050384658414348,0.0
0.7381845398030817,0.0,0.7052221968417508,0.0
0.7382212622673069,0.0,0.7054059278420668,0.0
0.738307258401489,0.0,0.7055301049432523,0.0
0.7383932545356713,0.0,0.7056542820444377,0.0
0.7384792506698534,0.0,0.7057639652487809,0.0
0.7385159731340786,0.0,0.7058736484531241,0.0
0.7386019692682607,0.0,0.7059833316574673,0.0
0.738687965402443,0.0,0.7061170767427887,0.0
0.738724687866668,0.0,0.7062030728769709,0.0
0.7388123335320186,0.0,0.7062890690111531,0.0
0.7388999791973692,0.0,0.7063750651453353,0.0
0.7389876248627196,0.0,0.7064610612795176,0.0
0.7390752705280702,0.0,0.7065470574136997,0.0
0.7391629161934208,0.0,0.7066347030790503,0.0
0.7392505618587714,0.0,0.7067223487444009,0.0
0.7393382075241218,0.0,0.7068099944097513,0.0
0.739374929988347,0.0,0.7068976400751019,0.0
0.7394991070895324,0.0,0.7069852857404525,0.0
0.7396232841907179,0.0,0.7071298495667654,0.0
0.7397453013493221,0.0,0.7072744133930783,0.0
0.7398673185079265,0.0,0.7074189772193912,0.0
0.7399040409721516,0.0,0.7075635410457041,0.0
0.7399407634363766,0.0,0.707708104872017,0.0
0.7399774859006018,0.0,0.7078334682469332,0.0
0.7400320288042993,0.0,0.707978032073246,0.0
0.740086571707997,0.0,0.708122595899559,0.0
0.7401542281653201,0.0,0.7082425509148466,0.0
0.7402087710690177,0.0,0.708330196580197,0.0
0.7402764275263408,0.0,0.7084543736813825,0.0
0.7403309704300385,0.0,0.708578550782568,0.0
0.740385513333736,0.0,0.7087027278837534,0.0
0.7405096904349215,0.0,0.7088269049849389,0.0
0.7405773468922446,0.0,0.7089510820861243,0.0
0.7407015239934301,0.0,0.7090752591873098,0.0
0.7408257010946155,0.0,0.7092977465588475,0.0
0.740949878195801,0.0,0.7095202339303851,0.0
0.7410740552969864,0.0,0.7096180526814955,0.0
0.7411417117543097,0.0,0.7096809630542653,0.0
0.741265888855495,0.0,0.7098751162978344,0.0
0.7413755720598383,0.0,0.7100692695414036,0.0
0.7414852552641815,0.0,0.7102634227849727,0.0
0.7415949384685246,0.0,0.7104575760285419,0.0
0.7417046216728679,0.0,0.710651729272111,0.0
0.741814304877211,0.0,0.7108458825156801,0.0
0.7419239880815542,0.0,0.7109437012667904,0.0
0.7420336712858974,0.0,0.7110533844711336,0.0
0.7421433544902406,0.0,0.7111630676754768,0.0
0.7422879183165535,0.0,0.71127275087982,0.0
0.7424324821428664,0.0,0.7113824340841632,0.0
0.7425770459691793,0.0,0.7114921172885064,0.0
0.7427216097954922,0.0,0.7116094306363383,0.0
0.7428661736218051,0.0,0.7117144157298402,0.0
0.7429605793459362,0.0,0.7118122344809504,0.0
0.7431051431722491,0.0,0.7119321894962379,0.0
0.743249706998562,0.0,0.7120300082473483,0.0
0.7433696620138495,0.0,0.7121278269984586,0.0
0.743489617029137,0.0,0.7124777288281543,0.0
0.7435840227532681,0.0,0.7128276306578502,0.0
0.7436784284773992,0.0,0.7131775324875459,0.0
0.7437789510855259,0.0,0.7135274343172416,0.0
0.7438794736936527,0.0,0.713625253068352,0.0
0.7440249518025,0.0,0.7139751548980477,0.0
0.7441704299113472,0.0,0.7143250567277435,0.0
0.744270952519474,0.0,0.7146749585574392,0.0
0.7443714751276007,0.0,0.714782960367065,0.0
0.744516953236448,0.0,0.7149015542201259,0.0
0.7446624313452952,0.0,0.7150201480731868,0.0
0.744762953953422,0.0,0.7150496392722958,0.0
0.7448634765615487,0.0,0.7150791304714048,0.0
0.7449639991696755,0.0,0.7151687890703842,0.0
0.7451137903509507,0.0,0.7152584476693635,0.0
0.7452143129590775,0.0,0.7153481062683429,0.0
0.7453641041403527,0.0,0.7154377648673222,0.0
0.7454190394133735,0.0,0.715556358720383,0.0
0.745538994428661,0.0,0.7156643605300088,0.0
0.7455939297016819,0.0,0.7157723623396346,0.0
0.7457138847169694,0.0,0.7158909561926955,0.0
0.7457688199899902,0.0,0.716010911207983,0.0
0.7458861333378222,0.0,0.7161295050610439,0.0
0.7460034466856541,0.0,0.7162494600763314,0.0
0.7460583819586749,0.0,0.7163680539293923,0.0
0.7461756953065068,0.0,0.7164853672772241,0.0
0.7462306305795277,0.0,0.716562202280025,0.0
0.7462855658525486,0.0,0.7166508746040471,0.0
0.7466385538678709,0.0,0.7167395469280692,0.0
0.7469915418831932,0.0,0.7168310760303581,0.0
0.7470464771562141,0.0,0.7169226051326472,0.0
0.7471014124292349,0.0,0.7170294423979366,0.0
0.7472069839020833,0.0,0.7171209715002256,0.0
0.7473125553749316,0.0,0.7172625034728927,0.0
0.7474181268477799,0.0,0.7174040354455598,0.0
0.7475236983206283,0.0,0.7175108727108492,0.0
0.7478423199480001,0.0,0.7176524046835164,0.0
0.748160941575372,0.0,0.7177939366561835,0.0
0.748479563202744,0.0,0.7179112500040155,0.0
0.7485344984757648,0.0,0.7180417399190178,0.0
0.7486649883907672,0.0,0.7181722298340202,0.0
0.748719923663788,0.0,0.7182099206749092,0.0
0.7488504135787905,0.0,0.7183277964300974,0.0
0.7492230956289588,0.0,0.7184305428438184,0.0
0.7495957776791273,0.0,0.7185332892575392,0.0
0.7496493343163623,0.0,0.7186360356712602,0.0
0.7497028909535973,0.0,0.7186737265121493,0.0
0.7498215932497581,0.0,0.7190464085623177,0.0
0.7499402955459187,0.0,0.7194190906124861,0.0
0.7499938521831537,0.0,0.7194567814533752,0.0
0.7501422763663563,0.0,0.7194944722942643,0.0
0.7502907005495589,0.0,0.7196131745904251,0.0
0.7503442571867939,0.0,0.7197318768865857,0.0
0.750658312549271,0.0,0.7197695677274748,0.0
0.7509723679117479,0.0,0.7198882700236354,0.0
0.7512864232742249,0.0,0.7200069723197962,0.0
0.75133997991146,0.0,0.7200799071936101,0.0
0.7516540352739369,0.0,0.7201985010466709,0.0
0.751968090636414,0.0,0.7203013374275602,0.0
0.752282145998891,0.0,0.7204041738084493,0.0
0.752596201361368,0.0,0.7205070101893386,0.0
0.752910256723845,0.0,0.7206098465702278,0.0
0.753224312086322,0.0,0.7208323339417654,0.0
0.7532778687235571,0.0,0.7209351703226546,0.0
0.7533314253607921,0.0,0.7211576576941923,0.0
0.7534501276569527,0.0,0.7212305925680063,0.0
0.7535688299531134,0.0,0.7213035274418201,0.0
0.7536875322492741,0.0,0.7213764623156341,0.0
0.7538054080044623,0.0,0.7214951646117949,0.0
0.7538589646416972,0.0,0.7216130403669829,0.0
0.7539125212789323,0.0,0.7217309161221711,0.0
0.7540303970341204,0.0,0.7218487918773593,0.0
0.7541482727893086,0.0,0.7219666676325474,0.0
0.7542661485444967,0.0,0.7220845433877355,0.0
0.7543840242996849,0.0,0.7221895284812373,0.0
0.7544482423394268,0.0,0.7222945135747392,0.0
0.7545661180946148,0.0,0.722399498668241,0.0
0.7546688645083358,0.0,0.7225044837617428,0.0
0.7547330825480777,0.0,0.7226072301754638,0.0
0.7548358289617986,0.0,0.7228297175470014,0.0
0.7549385753755196,0.0,0.7228891416898771,0.0
0.7550027934152614,0.0,0.7229485658327527,0.0
0.7550670114550032,0.0,0.7231710532042903,0.0
0.7551697578687242,0.0,0.7233935405758279,0.0
0.7552339759084661,0.0,0.7236160279473656,0.0
0.7552934000513417,0.0,0.7236754520902412,0.0
0.7553528241942173,0.0,0.7238979394617789,0.0
0.7554170422339592,0.0,0.7239865942697684,0.0
0.7554812602737011,0.0,0.7240752490777579,0.0
0.7555454783134429,0.0,0.7241780854586471,0.0
0.7556096963531848,0.0,0.7242588538216277,0.0
0.7556739143929266,0.0,0.7244813411931653,0.0
0.755731616600219,0.0,0.7245621095561459,0.0
0.7557893188075113,0.0,0.7246428779191264,0.0
0.7558470210148036,0.0,0.7247236462821068,0.0
0.755904723222096,0.0,0.7250515771626157,0.0
0.7559624254293883,0.0,0.7251380831560564,0.0
0.7561295840202946,0.0,0.7252245891494972,0.0
0.7562967426112008,0.0,0.7253110951429379,0.0
0.7564639012021072,0.0,0.7253976011363785,0.0
0.7565216034093994,0.0,0.7254841071298193,0.0
0.7565793056166918,0.0,0.72557061312326,0.0
0.7569322936320141,0.0,0.7256571191167007,0.0
0.7569917177748897,0.0,0.7257621042102026,0.0
0.7570494199821821,0.0,0.7258670893037044,0.0
0.7571380747901716,0.0,0.7259720743972062,0.0
0.7572267295981612,0.0,0.726300005277715,0.0
0.7573153844061506,0.0,0.7266279361582239,0.0
0.7574040392141401,0.0,0.7267485879497344,0.0
0.7574617414214325,0.0,0.7268692397412448,0.0
0.757550396229422,0.0,0.7269852656436933,0.0
0.7576390510374115,0.0,0.7270921029089827,0.0
0.7577277058454011,0.0,0.7272008797988025,0.0
0.7578084742083816,0.0,0.7273096566886224,0.0
0.7578892425713621,0.0,0.7274184335784422,0.0
0.7579700109343426,0.0,0.7275070883864316,0.0
0.7580206013011178,0.0,0.7275957431944211,0.0
0.7581013696640984,0.0,0.7276843980024107,0.0
0.7581821380270789,0.0,0.7277730528104002,0.0
0.7582629063900594,0.0,0.7278617076183898,0.0
0.75834367475304,0.0,0.7279424759813702,0.0
0.7584597006554884,0.0,0.7280232443443507,0.0
0.7585757265579368,0.0,0.7281320212341705,0.0
0.7586917524603853,0.0,0.7282407981239903,0.0
0.7587423428271605,0.0,0.7283495750138101,0.0
0.758858368729609,0.0,0.7284270354290174,0.0
0.7589089590963841,0.0,0.7285338726943069,0.0
0.7589595494631594,0.0,0.7286113331095143,0.0
0.7590101398299346,0.0,0.7286887935247216,0.0
0.759126165732383,0.0,0.728766253939929,0.0
0.7591767560991582,0.0,0.7288437143551363,0.0
0.7592273464659335,0.0,0.7289505516204258,0.0
0.7592779368327086,0.0,0.7290313199834063,0.0
0.7593285271994838,0.0,0.7291473458858547,0.0
0.7594365290091096,0.0,0.7292633717883032,0.0
0.759578775333495,0.0,0.7293793976907517,0.0
0.7596867771431208,0.0,0.7294862349560411,0.0
0.7598352013263234,0.0,0.7296022608584896,0.0
0.759983625509526,0.0,0.7296915116448153,0.0
0.7601320496927286,0.0,0.7297807624311411,0.0
0.7602804738759312,0.0,0.7298700132174668,0.0
0.7604227202003166,0.0,0.7299345497482898,0.0
0.7605649665247021,0.0,0.7300413870135792,0.0
0.7607072128490875,0.0,0.7301059235444022,0.0
0.7608494591734729,0.0,0.7301704600752252,0.0
0.7609582360632927,0.0,0.7302349966060482,0.0
0.7610670129531125,0.0,0.7302995331368711,0.0
0.7611757898429322,0.0,0.7303640696676942,0.0
0.761284566732752,0.0,0.7304286061985171,0.0
0.7613933436225718,0.0,0.7305354434638066,0.0
0.7615021205123916,0.0,0.7306442203536264,0.0
0.7616108974022114,0.0,0.7307529972434461,0.0
0.7617196742920311,0.0,0.7308617741332659,0.0
0.7618284511818509,0.0,0.7309705510230857,0.0
0.7619372280716707,0.0,0.7310912028145963,0.0
0.7620146884868781,0.0,0.7311822897517409,0.0
0.7620921489020854,0.0,0.7312733766888856,0.0
0.7621696093172928,0.0,0.7313940284803961,0.0
0.7623118556416782,0.0,0.7314851154175408,0.0
0.7623893160568855,0.0,0.7315762023546855,0.0
0.7624667764720929,0.0,0.7316672892918302,0.0
0.7626090227964784,0.0,0.7317583762289749,0.0
0.762700109733623,0.0,0.7318790280204854,0.0
0.7627911966707678,0.0,0.7319996798119959,0.0
0.7628825335384218,0.0,0.7320907667491406,0.0
0.7629738704060759,0.0,0.7322114185406511,0.0
0.7630649573432206,0.0,0.7323077030504059,0.0
0.7631560442803653,0.0,0.7324039875601607,0.0
0.76324713121751,0.0,0.7324932383464865,0.0
0.7633382181546547,0.0,0.7325824891328122,0.0
0.7634295550223088,0.0,0.7326689951262529,0.0
0.7635208918899629,0.0,0.7327555011196936,0.0
0.7636119788271075,0.0,0.7328517856294484,0.0
0.7637082633368624,0.0,0.7329453137170997,0.0
0.7638045478466172,0.0,0.733038841804751,0.0
0.7638958847142713,0.0,0.7331323698924023,0.0
0.7639921692240261,0.0,0.7332258979800536,0.0
0.7640856973116774,0.0,0.7333176795527616,0.0
0.7641792253993287,0.0,0.7334094611254696,0.0
0.76427275348698,0.0,0.7335012426981776,0.0
0.7643662815746313,0.0,0.7335515381636013,0.0
0.7644576184422853,0.0,0.7336433197363094,0.0
0.7645489553099394,0.0,0.733693615201733,0.0
0.7646402921775934,0.0,0.7337828659880589,0.0
0.7647341563063372,0.0,0.7338721167743846,0.0
0.7648280204350809,0.0,0.7339613675607103,0.0
0.7649218845638246,0.0,0.7340531491334182,0.0
0.7650157486925683,0.0,0.7341449307061263,0.0
0.765109612821312,0.0,0.7341826215470154,0.0
0.7652246647830802,0.0,0.73425020383303,0.0
0.7653185289118238,0.0,0.7343440679617736,0.0
0.7654123930405676,0.0,0.7344379320905173,0.0
0.7655321834968914,0.0,0.734531796219261,0.0
0.7656472354586598,0.0,0.7345903791508497,0.0
0.7657270490704448,0.0,0.7346489620824385,0.0
0.7658068626822299,0.0,0.7347075450140271,0.0
0.7659219146439982,0.0,0.7347661279456159,0.0
0.7662718164736939,0.0,0.7348038187865049,0.0
0.7663868684354621,0.0,0.7348624017180937,0.0
0.766736770265158,0.0,0.7349209846496824,0.0
0.7668518222269262,0.0,0.7352489155301912,0.0
0.7672017240566219,0.0,0.735335421523632,0.0
0.7675516258863176,0.0,0.7356633524041407,0.0
0.767666677848086,0.0,0.7357734062059393,0.0
0.7680165796777817,0.0,0.7358651877786474,0.0
0.7683664815074774,0.0,0.7359516937720881,0.0
0.7687163833371733,0.0,0.7360455579008318,0.0
0.7688243851467991,0.0,0.7361394220295755,0.0
0.7689323869564249,0.0,0.7362332861583192,0.0
0.7690403887660506,0.0,0.7363271502870629,0.0
0.7691554407278188,0.0,0.7364327002428838,0.0
0.769270492689587,0.0,0.7365382501987047,0.0
0.7693231050665579,0.0,0.7366180638104898,0.0
0.7693757174435287,0.0,0.7366978774222749,0.0
0.769490769405297,0.0,0.7368034273780958,0.0
0.7695433817822679,0.0,0.7368850262235809,0.0
0.7696584337440361,0.0,0.7369905761794019,0.0
0.7697734857058043,0.0,0.7370961261352228,0.0
0.7700921073331762,0.0,0.737184807565543,0.0
0.7704107289605482,0.0,0.7372734889958634,0.0
0.7704648987226334,0.0,0.7373621704261837,0.0
0.7707835203500053,0.0,0.7374508518565039,0.0
0.7711021419773773,0.0,0.7375395332868243,0.0
0.7714207636047491,0.0,0.7376450832426452,0.0
0.771762208129872,0.0,0.7377506331984661,0.0
0.7721036526549947,0.0,0.7378304468102512,0.0
0.7721834662667798,0.0,0.7379102604220363,0.0
0.7722632798785649,0.0,0.738004512129103,0.0
0.7723575315856317,0.0,0.7380987638361698,0.0
0.7724517832926984,0.0,0.7382043137919907,0.0
0.7725059530547836,0.0,0.7382985654990575,0.0
0.7726002047618503,0.0,0.7383928172061243,0.0
0.7726944564689171,0.0,0.738487068913191,0.0
0.7727887081759839,0.0,0.7385813206202578,0.0
0.7728829598830507,0.0,0.7386935229987541,0.0
0.7729371296451358,0.0,0.738799072954575,0.0
0.7730471834469345,0.0,0.7389112753330713,0.0
0.7731013532090196,0.0,0.7390664413879421,0.0
0.7732114070108183,0.0,0.7392216074428127,0.0
0.7733214608126168,0.0,0.7393767734976835,0.0
0.7734315146144154,0.0,0.7395319395525541,0.0
0.773541568416214,0.0,0.7396871056074249,0.0
0.773589484920692,0.0,0.7398422716622955,0.0
0.7736781663510123,0.0,0.7399523254640942,0.0
0.7737668477813325,0.0,0.7400623792658928,0.0
0.7738555292116529,0.0,0.7401724330676913,0.0
0.7739442106419732,0.0,0.7402779830235123,0.0
0.7739921271464512,0.0,0.7403880368253108,0.0
0.7740808085767714,0.0,0.7404767182556312,0.0
0.7741694900070918,0.0,0.7405653996859515,0.0
0.774258171437412,0.0,0.7407238828968298,0.0
0.7743368979508691,0.0,0.7408823661077081,0.0
0.7744491003293654,0.0,0.7410408493185864,0.0
0.7745613027078617,0.0,0.7411993325294646,0.0
0.774673505086358,0.0,0.7413578157403429,0.0
0.7747857074648544,0.0,0.7415162989512212,0.0
0.7748979098433507,0.0,0.7415978977967063,0.0
0.7749766363568077,0.0,0.7416794966421915,0.0
0.775088838735304,0.0,0.7417610954876765,0.0
0.7752010411138004,0.0,0.7418666454434975,0.0
0.7752797676272574,0.0,0.7419788478219937,0.0
0.7753919700057537,0.0,0.7420910502004902,0.0
0.7755471360606244,0.0,0.7422032525789864,0.0
0.7757023021154951,0.0,0.7423154549574827,0.0
0.7758574681703658,0.0,0.742427657335979,0.0
0.7760126342252365,0.0,0.7425398597144753,0.0
0.7761678002801072,0.0,0.7426255719479182,0.0
0.776322966334978,0.0,0.7426907640897392,0.0
0.7763978576612856,0.0,0.7428459301446099,0.0
0.7765530237161563,0.0,0.7430010961994806,0.0
0.776708189771027,0.0,0.7431562622543514,0.0
0.7767830810973346,0.0,0.7432487117128717,0.0
0.7769382471522054,0.0,0.743341161171392,0.0
0.7770432322457071,0.0,0.7434336106299123,0.0
0.7771181235720148,0.0,0.7435260600884327,0.0
0.777259655544682,0.0,0.7436185095469531,0.0
0.7774011875173491,0.0,0.7437109590054733,0.0
0.7774760788436568,0.0,0.7438034084639937,0.0
0.7775509701699644,0.0,0.7439176895419405,0.0
0.7776925021426315,0.0,0.7440319706198872,0.0
0.7777673934689392,0.0,0.744146251697834,0.0
0.7779089254416063,0.0,0.7442605327757806,0.0
0.7780013749001267,0.0,0.7443520618780697,0.0
0.7780938243586469,0.0,0.7444435909803586,0.0
0.7781862738171673,0.0,0.7445087831221796,0.0
0.7782787232756876,0.0,0.7446230642001264,0.0
0.778371172734208,0.0,0.7447373452780731,0.0
0.7784636221927284,0.0,0.7448516263560199,0.0
0.7785560716512486,0.0,0.7449659074339666,0.0
0.778648521109769,0.0,0.7450583568924869,0.0
0.7787409705682894,0.0,0.7451508063510073,0.0
0.7788301290429148,0.0,0.7452399648256327,0.0
0.7789192875175402,0.0,0.7453291233002581,0.0
0.7789919107215021,0.0,0.7454497750917687,0.0
0.7790810691961275,0.0,0.7455389335663941,0.0
0.7791536924000894,0.0,0.7456595853579047,0.0
0.7792480981242205,0.0,0.7457955648841611,0.0
0.7793425038483515,0.0,0.7458812771176039,0.0
0.7794282160817942,0.0,0.7459536865699035,0.0
0.7795139283152371,0.0,0.7460638096118483,0.0
0.7796083340393681,0.0,0.7461739326537931,0.0
0.7797027397634992,0.0,0.7462967723523751,0.0
0.779788451996942,0.0,0.7464068953943199,0.0
0.7798828577210731,0.0,0.746541514871153,0.0
0.7799764715115627,0.0,0.7466516379130977,0.0
0.7800700853020524,0.0,0.7467862573899308,0.0
0.7801636990925419,0.0,0.7469208768667637,0.0
0.7802573128830316,0.0,0.7470554963435967,0.0
0.7803509266735211,0.0,0.7471656193855415,0.0
0.7803988431779991,0.0,0.7473002388623745,0.0
0.7804467596824771,0.0,0.7473726483146741,0.0
0.7805403734729667,0.0,0.7474827713566189,0.0
0.7805882899774447,0.0,0.7475928943985637,0.0
0.780694879410411,0.0,0.7477030174405085,0.0
0.7808014688433773,0.0,0.7478131404824533,0.0
0.7808493853478553,0.0,0.7479103412370138,0.0
0.7809142692176967,0.0,0.7480449607138469,0.0
0.7810208586506631,0.0,0.7481306729472896,0.0
0.7811274480836293,0.0,0.7482242867377793,0.0
0.7812340375165957,0.0,0.7483179005282689,0.0
0.7812989213864371,0.0,0.7484115143187585,0.0
0.7813836824704292,0.0,0.7485051281092481,0.0
0.7815035065317119,0.0,0.7485987418997377,0.0
0.7816233305929945,0.0,0.7487088649416825,0.0
0.781743154654277,0.0,0.7488024787321721,0.0
0.7818920574617955,0.0,0.7489126017741169,0.0
0.7820409602693139,0.0,0.7490191912070833,0.0
0.7821058441391553,0.0,0.7491388289460291,0.0
0.7821584565161261,0.0,0.7492489519879739,0.0
0.7821760511202523,0.0,0.7493257869907748,0.0
0.7822286634972232,0.0,0.7494479939375458,0.0
0.7822462581013495,0.0,0.7495702008843169,0.0
0.7822638527054758,0.0,0.7496924078310879,0.0
0.7823164650824467,0.0,0.7500498226626191,0.0
0.7823874635087411,0.0,0.7504072374941502,0.0
0.7825032621869629,0.0,0.7507646523256813,0.0
0.7825742606132573,0.0,0.7508414873284822,0.0
0.7826452590395517,0.0,0.7509190796830775,0.0
0.7827162574658462,0.0,0.7509966720376727,0.0
0.7828134582204066,0.0,0.7511191481384167,0.0
0.782884456646701,0.0,0.751225737571383,0.0
0.7829554550729955,0.0,0.7513482136721269,0.0
0.783052655827556,0.0,0.7514548031050933,0.0
0.7831237449940346,0.0,0.7515613925380596,0.0
0.7831948341605133,0.0,0.751667981971026,0.0
0.7832658325868077,0.0,0.7517904580717699,0.0
0.7833369217532864,0.0,0.7519440599840074,0.0
0.7834080109197651,0.0,0.7520976618962448,0.0
0.7834791000862438,0.0,0.7522201379969888,0.0
0.7835501892527225,0.0,0.7523426140977327,0.0
0.783621278419201,0.0,0.7524650901984766,0.0
0.7836923675856797,0.0,0.7525622909530371,0.0
0.7837633660119742,0.0,0.7526333801195157,0.0
0.7838344551784528,0.0,0.7527044692859944,0.0
0.7839671711926133,0.0,0.7527755584524731,0.0
0.7840397943965751,0.0,0.7528466476189518,0.0
0.784112417600537,0.0,0.7529177367854305,0.0
0.7842451336146974,0.0,0.7529888259519092,0.0
0.7843104857368489,0.0,0.7530599151183878,0.0
0.7844432017510093,0.0,0.7531310042848665,0.0
0.7844982522968537,0.0,0.7532534803856104,0.0
0.7846518542090911,0.0,0.7533756873323815,0.0
0.7847069047549354,0.0,0.7534952662966282,0.0
0.784860506667173,0.0,0.7536177423973721,0.0
0.7849258587893244,0.0,0.753737321361619,0.0
0.7849809093351687,0.0,0.7538569003258657,0.0
0.7851345112474063,0.0,0.7539764792901126,0.0
0.7852881131596438,0.0,0.7540960582543593,0.0
0.7854417150718812,0.0,0.7542156372186061,0.0
0.7854967656177256,0.0,0.7542948828165454,0.0
0.78555181616357,0.0,0.7543659719830241,0.0
0.7856239776221474,0.0,0.7544986879971846,0.0
0.7856961390807249,0.0,0.7545779335951238,0.0
0.7857511896265692,0.0,0.7546571791930631,0.0
0.7858062401724135,0.0,0.7547898952072235,0.0
0.785878401630991,0.0,0.7548691408051629,0.0
0.7859334521768353,0.0,0.7550018568193233,0.0
0.7859885027226796,0.0,0.7550811024172626,0.0
0.7860435532685239,0.0,0.755217081943519,0.0
0.7860988305076774,0.0,0.7553110529353518,0.0
0.7862113918968839,0.0,0.7554050239271847,0.0
0.7863239532860906,0.0,0.7555586258394221,0.0
0.786389305408242,0.0,0.7557122277516596,0.0
0.7865018667974487,0.0,0.7558658296638971,0.0
0.786557144036602,0.0,0.7559871453062463,0.0
0.7866124212757555,0.0,0.7560593067648238,0.0
0.7866676985149088,0.0,0.7561314682234013,0.0
0.7867229757540622,0.0,0.7562122370960627,0.0
0.7867782529932156,0.0,0.7562843985546401,0.0
0.7868299996092709,0.0,0.7563651674273015,0.0
0.7869425609984776,0.0,0.7564459362999629,0.0
0.787007913120629,0.0,0.7565338909678357,0.0
0.7871018841124618,0.0,0.7566534699320825,0.0
0.7871958551042947,0.0,0.7567730488963293,0.0
0.78724760172035,0.0,0.7568522944942686,0.0
0.7872993483364054,0.0,0.7569290801004984,0.0
0.7873933193282382,0.0,0.7570170347683712,0.0
0.7874872903200709,0.0,0.757104989436244,0.0
0.7875390369361263,0.0,0.7571929441041169,0.0
0.787625542929567,0.0,0.7572808987719897,0.0
0.7877120489230077,0.0,0.7573934601611962,0.0
0.7877985549164485,0.0,0.7575060215504029,0.0
0.7878850609098892,0.0,0.7575852671483422,0.0
0.7879715669033299,0.0,0.7576978285375487,0.0
0.7880580728967707,0.0,0.757777074135488,0.0
0.7881445788902114,0.0,0.7578563197334274,0.0
0.7882495639837132,0.0,0.7580592372113895,0.0
0.788354549077215,0.0,0.7582621546893517,0.0
0.7884595341707168,0.0,0.7584650721673138,0.0
0.7885645192642187,0.0,0.7585776335565204,0.0
0.7886695043577205,0.0,0.7587004732551025,0.0
0.7887744894512223,0.0,0.7587944442469353,0.0
0.7888794745447242,0.0,0.758888415238768,0.0
0.7889312211607795,0.0,0.7589915999440587,0.0
0.7890344058660701,0.0,0.7590947846493493,0.0
0.7891542299273527,0.0,0.7592977021273114,0.0
0.7892740539886353,0.0,0.759400886832602,0.0
0.7894040503116936,0.0,0.7595040715378926,0.0
0.7895340466347519,0.0,0.7596072562431831,0.0
0.7898754911598747,0.0,0.7598101737211453,0.0
0.790005487482933,0.0,0.7600130911991075,0.0
0.7901354838059912,0.0,0.7602160086770696,0.0
0.7902202448899834,0.0,0.7602498255377241,0.0
0.7903050059739757,0.0,0.7603266111439541,0.0
0.7903703580961271,0.0,0.7604259218074236,0.0
0.7904551191801193,0.0,0.7605252324708931,0.0
0.7905398802641115,0.0,0.7606015628386644,0.0
0.7906246413481037,0.0,0.7606778932064356,0.0
0.7907094024320959,0.0,0.7607772038699052,0.0
0.7907941635160881,0.0,0.7608765145333748,0.0
0.7908973482213787,0.0,0.7609364884987365,0.0
0.791027344544437,0.0,0.761035799162206,0.0
0.7911305292497276,0.0,0.7611351098256756,0.0
0.7912337139550182,0.0,0.7613380273036378,0.0
0.7913368986603088,0.0,0.7614598803025284,0.0
0.7914177349892333,0.0,0.7615817333014192,0.0
0.7914985713181579,0.0,0.7617035863003099,0.0
0.7915794076470825,0.0,0.7618249019426592,0.0
0.7916602439760071,0.0,0.7619467549415498,0.0
0.7917410803049316,0.0,0.7620680705838991,0.0
0.7918449928090208,0.0,0.7621909102824812,0.0
0.79194890531311,0.0,0.7623137499810632,0.0
0.7920297416420345,0.0,0.7624359569278343,0.0
0.7921336541461238,0.0,0.7625581638746053,0.0
0.7922154209569396,0.0,0.7626803708213763,0.0
0.7922971877677556,0.0,0.7628025777681473,0.0
0.792410178010941,0.0,0.7629247847149184,0.0
0.792491944821757,0.0,0.7630286972190076,0.0
0.7926049350649425,0.0,0.7631326097230968,0.0
0.792717925308128,0.0,0.763236522227186,0.0
0.79283096933114,0.0,0.7633578378695353,0.0
0.7929439595743254,0.0,0.7634708281127207,0.0
0.7930413059447106,0.0,0.76359214375507,0.0
0.7931543499677225,0.0,0.7637051339982555,0.0
0.7932516963381077,0.0,0.763818124241441,0.0
0.7933490427084928,0.0,0.7638944546092122,0.0
0.7934620867315048,0.0,0.7639707849769836,0.0
0.7935751307545167,0.0,0.7640471153447548,0.0
0.7936398733493155,0.0,0.7641684309871041,0.0
0.7937046159441143,0.0,0.7642897466294534,0.0
0.7938112099642085,0.0,0.7644110622718026,0.0
0.7939178039843027,0.0,0.7645240525149881,0.0
0.7940243980043968,0.0,0.7646213988853732,0.0
0.7940891405991957,0.0,0.7647187452557583,0.0
0.7941957346192898,0.0,0.7648160916261435,0.0
0.794302328639384,0.0,0.7649191114156938,0.0
0.7943670712341828,0.0,0.7650221312052442,0.0
0.7945284280597861,0.0,0.7651287252253384,0.0
0.7946897848853893,0.0,0.7652353192454325,0.0
0.794754527480188,0.0,0.7653383390349828,0.0
0.7948192700749869,0.0,0.7654625105891415,0.0
0.7948840126697857,0.0,0.7655866821433002,0.0
0.7950243854242816,0.0,0.7656674510159616,0.0
0.7950891280190804,0.0,0.765748219888623,0.0
0.7952295007735763,0.0,0.7658289887612844,0.0
0.7952942433683751,0.0,0.7659097576339458,0.0
0.7953589859631739,0.0,0.7659708070386857,0.0
0.7954237285579727,0.0,0.7660318564434255,0.0
0.7955054953687887,0.0,0.7661126253160869,0.0
0.7955985015177448,0.0,0.7661484297771073,0.0
0.7956802683285606,0.0,0.7662291986497687,0.0
0.7957732744775168,0.0,0.7663285093132383,0.0
0.795866280626473,0.0,0.7664073149206716,0.0
0.7959480474372889,0.0,0.7665139089407658,0.0
0.7960357928726698,0.0,0.7666205029608599,0.0
0.7961287990216259,0.0,0.7667270969809542,0.0
0.796221805170582,0.0,0.7668201031299103,0.0
0.7963059059460176,0.0,0.7669194137933798,0.0
0.796390006721453,0.0,0.767012419942336,0.0
0.7964777521568339,0.0,0.7671054260912922,0.0
0.7965618529322694,0.0,0.7672093386038761,0.0
0.7966459537077049,0.0,0.7673086492673455,0.0
0.7967300544831404,0.0,0.7674016554163017,0.0
0.7968141552585758,0.0,0.7674946615652579,0.0
0.7969019006939567,0.0,0.7675787623406933,0.0
0.7969604836255455,0.0,0.7676628631161289,0.0
0.7970190665571342,0.0,0.7677216404272594,0.0
0.7970776494887228,0.0,0.767805741202695,0.0
0.7971362324203116,0.0,0.7678898419781304,0.0
0.7972239778556925,0.0,0.7679739427535659,0.0
0.7972825607872812,0.0,0.7680580435290013,0.0
0.7973411437188699,0.0,0.768116820840132,0.0
0.7974288891542508,0.0,0.7682009216155674,0.0
0.7975166345896317,0.0,0.7682850223910029,0.0
0.7976031405830725,0.0,0.7684126565810788,0.0
0.7976896465765132,0.0,0.7684714338922095,0.0
0.7977761525699538,0.0,0.7685302112033401,0.0
0.7978626585633946,0.0,0.7686065415711113,0.0
0.7979467593388301,0.0,0.7686653188822419,0.0
0.7980308601142656,0.0,0.7687729342943053,0.0
0.7981584943043415,0.0,0.7688805497063688,0.0
0.7982861284944175,0.0,0.7689881651184322,0.0
0.7983697649420854,0.0,0.769115799308508,0.0
0.7984534013897535,0.0,0.7691745766196386,0.0
0.7985370378374216,0.0,0.7692333539307692,0.0
0.7986206742850896,0.0,0.7692921312418999,0.0
0.7987043107327577,0.0,0.7693509085530305,0.0
0.7987879471804257,0.0,0.7694548210656144,0.0
0.7988918596930096,0.0,0.7695587335781982,0.0
0.7989572118151611,0.0,0.769662646090782,0.0
0.799061124327745,0.0,0.769766558603366,0.0
0.7991650368403288,0.0,0.7698704711159499,0.0
0.7992689493529127,0.0,0.770059204871858,0.0
0.7993728618654966,0.0,0.7701585155353275,0.0
0.7994543399166155,0.0,0.7702496236157337,0.0
0.7995582524291994,0.0,0.7703407316961398,0.0
0.7996397304803182,0.0,0.7704400423596093,0.0
0.7997462057107909,0.0,0.7705430621491597,0.0
0.799837313791197,0.0,0.7706671663999595,0.0
0.7999284218716032,0.0,0.7707912706507591,0.0
0.8000348971020759,0.0,0.7709153749015589,0.0
0.800126005182482,0.0,0.7710394791523587,0.0
0.8002171132628881,0.0,0.7711635834031584,0.0
0.8003082213432943,0.0,0.7712876876539582,0.0
0.8003993294237004,0.0,0.7714095406528488,0.0
0.8005058046541731,0.0,0.7715313936517396,0.0
0.8005969127345792,0.0,0.7715974328491881,0.0
0.8007856464904874,0.0,0.7717004526387385,0.0
0.8009743802463956,0.0,0.7717551292826964,0.0
0.801039732368547,0.0,0.771821168480145,0.0
0.8012284661244551,0.0,0.7718872076775936,0.0
0.8013349413549279,0.0,0.7719532468750422,0.0
0.8014414165854006,0.0,0.7720750998739329,0.0
0.8016301503413087,0.0,0.772166207954339,0.0
0.8017364266178537,0.0,0.7722573160347451,0.0
0.8018427028943986,0.0,0.7723484241151513,0.0
0.8019489791709437,0.0,0.7724395321955574,0.0
0.8020887392635495,0.0,0.7725425519851078,0.0
0.8022284993561555,0.0,0.7726336600655139,0.0
0.8023682594487613,0.0,0.772822393821422,0.0
0.8024469859622183,0.0,0.7730111275773301,0.0
0.8025532622387633,0.0,0.7731141473668804,0.0
0.802659737469236,0.0,0.7733028811227887,0.0
0.802766013745781,0.0,0.773405900912339,0.0
0.8028771614246633,0.0,0.7734898353279385,0.0
0.8029993123829907,0.0,0.7735721981935426,0.0
0.8031214633413182,0.0,0.7736784744700876,0.0
0.8032436142996456,0.0,0.7737847507466327,0.0
0.8033547619785278,0.0,0.7738910270231777,0.0
0.80346590965741,0.0,0.773973389888782,0.0
0.8035770573362924,0.0,0.7740557527543862,0.0
0.8036882050151746,0.0,0.7741381156199905,0.0
0.8037993526940568,0.0,0.7742443918965355,0.0
0.8039215036523842,0.0,0.7743267547621397,0.0
0.8040493413410423,0.0,0.7744330310386847,0.0
0.8041245477010959,0.0,0.774544178717567,0.0
0.8041997540611494,0.0,0.774682474276171,0.0
0.804274960421203,0.0,0.7747648371417752,0.0
0.8043501667812564,0.0,0.7748195137857332,0.0
0.8044780044699145,0.0,0.7749018766513375,0.0
0.804553210829968,0.0,0.7750119481645463,0.0
0.8046284171900215,0.0,0.7751220196777551,0.0
0.8047356967988436,0.0,0.7752331673566374,0.0
0.8048635344875017,0.0,0.7753443150355196,0.0
0.8049708140963238,0.0,0.7754554627144018,0.0
0.8050986517849817,0.0,0.7755666103932841,0.0
0.8052264894736398,0.0,0.7756777580721663,0.0
0.8053543271622979,0.0,0.7757601209377706,0.0
0.8054821648509559,0.0,0.7758353272978241,0.0
0.8056076014500239,0.0,0.7759105336578777,0.0
0.805735439138682,0.0,0.7759857400179312,0.0
0.8058608757377498,0.0,0.7760609463779847,0.0
0.8059386083055524,0.0,0.7761628337161042,0.0
0.8060163408733552,0.0,0.7762380400761577,0.0
0.8062642834744447,0.0,0.7763399274142773,0.0
0.8065122260755342,0.0,0.7764238618298767,0.0
0.8067601686766236,0.0,0.7764751455027976,0.0
0.8070081112777131,0.0,0.7765264291757186,0.0
0.8072560538788026,0.0,0.7765777128486395,0.0
0.8073214060009541,0.0,0.7766289965215605,0.0
0.8075693486020437,0.0,0.7766802801944813,0.0
0.8078172912031332,0.0,0.7767349153121904,0.0
0.8080652338042227,0.0,0.7767895504298995,0.0
0.8081880735028046,0.0,0.7768914377680189,0.0
0.8082658060706074,0.0,0.7770156093221776,0.0
0.80834353863841,0.0,0.7771397808763363,0.0
0.808478158115243,0.0,0.7771944159940454,0.0
0.808591202138255,0.0,0.7772696223540989,0.0
0.8087070008164768,0.0,0.777376901962921,0.0
0.8088416202933099,0.0,0.777484181571743,0.0
0.8089762397701429,0.0,0.7776083531259016,0.0
0.8091108592469759,0.0,0.7777325246800603,0.0
0.8092239032699878,0.0,0.777865040941793,0.0
0.8093585227468209,0.0,0.7779669282799125,0.0
0.8094931422236539,0.0,0.7780688156180321,0.0
0.8096061862466658,0.0,0.7781846086133122,0.0
0.8097192302696777,0.0,0.7783004016085923,0.0
0.8098293017828866,0.0,0.7784104731218011,0.0
0.8099393732960954,0.0,0.77852054463501,0.0
0.8100494448093043,0.0,0.7786306161482188,0.0
0.8101595163225132,0.0,0.7787406876614277,0.0
0.810269587835722,0.0,0.7789545249161192,0.0
0.8103796593489309,0.0,0.7791683621708105,0.0
0.8105934966036222,0.0,0.779382199425502,0.0
0.8107065406266343,0.0,0.7794840867636216,0.0
0.8109203778813258,0.0,0.7796979240183131,0.0
0.8110364801849366,0.0,0.7799117612730045,0.0
0.811250317439628,0.0,0.780013648611124,0.0
0.811366419743239,0.0,0.7801419515789538,0.0
0.8115802569979305,0.0,0.7802702545467836,0.0
0.8117940942526218,0.0,0.7803985575146134,0.0
0.8119101965562328,0.0,0.7805268604824431,0.0
0.8120427128179655,0.0,0.780655163450273,0.0
0.8121752290796982,0.0,0.7807482990666649,0.0
0.8122913313833091,0.0,0.7808414346830567,0.0
0.8124238476450418,0.0,0.7809345702994486,0.0
0.8125563639067745,0.0,0.7810670865611813,0.0
0.8126888801685073,0.0,0.781199602822914,0.0
0.81282139643024,0.0,0.7812927384393059,0.0
0.8129539126919727,0.0,0.7814252547010386,0.0
0.8130864289537055,0.0,0.7815577709627713,0.0
0.8132025312573163,0.0,0.7816902872245041,0.0
0.8133186335609273,0.0,0.7818228034862368,0.0
0.8134344265562073,0.0,0.7819553197479695,0.0
0.8135502195514875,0.0,0.7819717107693903,0.0
0.8136660125467676,0.0,0.7819881017908112,0.0
0.8137818055420477,0.0,0.782004492812232,0.0
0.8138979078456586,0.0,0.7820208838336529,0.0
0.8140137008409387,0.0,0.7821140194500448,0.0
0.8141294938362189,0.0,0.7822071550664367,0.0
0.814245466060777,0.0,0.7822756320589928,0.0
0.8143614382853351,0.0,0.7823687676753845,0.0
0.8144775405889461,0.0,0.7824200513483055,0.0
0.8145935128135041,0.0,0.7824713350212265,0.0
0.8147094850380623,0.0,0.7825226186941474,0.0
0.8148254572626205,0.0,0.7826384116894275,0.0
0.8149414294871785,0.0,0.7827542046847076,0.0
0.8150575317907894,0.0,0.7828473403010995,0.0
0.8151323711806164,0.0,0.783004805730248,0.0
0.8152072105704434,0.0,0.7831622711593966,0.0
0.8153320163884663,0.0,0.7832761605645839,0.0
0.8154568222064892,0.0,0.7833900499697714,0.0
0.8155816280245122,0.0,0.7834488272809019,0.0
0.815706433842535,0.0,0.7835771302487317,0.0
0.8158220989673796,0.0,0.7836929232440119,0.0
0.8159469047854024,0.0,0.7838087162392919,0.0
0.8160717106034253,0.0,0.7839246884638501,0.0
0.8161873757282698,0.0,0.7840406606884082,0.0
0.8163030408531142,0.0,0.7841566329129663,0.0
0.8164187059779587,0.0,0.7842726051375245,0.0
0.816532595383146,0.0,0.7843885773620826,0.0
0.8166482605079906,0.0,0.7845045495866407,0.0
0.8167639256328351,0.0,0.7845633268977713,0.0
0.8168778150380224,0.0,0.7845797179191921,0.0
0.8169917044432097,0.0,0.784596108940613,0.0
0.8171073695680542,0.0,0.7846124999620339,0.0
0.8172212589732415,0.0,0.7847415321132953,0.0
0.8173351483784289,0.0,0.7848238949788995,0.0
0.8174490377836162,0.0,0.784952927130161,0.0
0.8175780699348777,0.0,0.7850611242494963,0.0
0.8177071020861391,0.0,0.7851693213688314,0.0
0.8178361342374005,0.0,0.7852941271868543,0.0
0.8178853219029582,0.0,0.7854189330048773,0.0
0.8179492095293339,0.0,0.7855437388229002,0.0
0.8180130971557096,0.0,0.7856685446409231,0.0
0.8180769847820853,0.0,0.7857933504589459,0.0
0.8181408724084611,0.0,0.7859181562769689,0.0
0.8182047600348368,0.0,0.7860005191425732,0.0
0.8183204251596813,0.0,0.7861485321662177,0.0
0.8184316216320121,0.0,0.786262421571405,0.0
0.8184955092583879,0.0,0.7863984010976615,0.0
0.8186209458574558,0.0,0.7865343806239179,0.0
0.8187463824565236,0.0,0.7866703601501743,0.0
0.8188718190555915,0.0,0.7867334312593013,0.0
0.8189830155279224,0.0,0.7868694107855577,0.0
0.8191084521269902,0.0,0.7870077063441618,0.0
0.8192374842782517,0.0,0.7871460019027658,0.0
0.8193665164295132,0.0,0.78728429746137,0.0
0.8194883694284039,0.0,0.7874202769876264,0.0
0.8196102224272945,0.0,0.7875585725462304,0.0
0.8197214188996255,0.0,0.7876968681048345,0.0
0.8198432718985161,0.0,0.7878107575100218,0.0
0.8199544683708471,0.0,0.7879246469152091,0.0
0.8200763213697377,0.0,0.7880385363203966,0.0
0.8201875178420687,0.0,0.7881675684716579,0.0
0.8203103575406507,0.0,0.7882966006229194,0.0
0.8204331972392327,0.0,0.7884256327741809,0.0
0.8205560369378148,0.0,0.7885546649254422,0.0
0.8206672334101457,0.0,0.7886906444516987,0.0
0.8207962655614071,0.0,0.7888266239779551,0.0
0.8209044626807424,0.0,0.7889007977755337,0.0
0.8210126598000775,0.0,0.7890367773017901,0.0
0.8211238562724085,0.0,0.7891449744211254,0.0
0.8212320533917437,0.0,0.7892531715404606,0.0
0.821340250511079,0.0,0.7893613686597959,0.0
0.8214484476304141,0.0,0.7894695657791311,0.0
0.8215596441027451,0.0,0.7895714531172506,0.0
0.8216678412220803,0.0,0.7896797175059661,0.0
0.8217677332445398,0.0,0.7897879818946815,0.0
0.8218759976332551,0.0,0.789889869232801,0.0
0.8219842620219706,0.0,0.7899640430303796,0.0
0.82208415404443,0.0,0.7900271141395065,0.0
0.8221840460668896,0.0,0.7900901852486335,0.0
0.8222923104556049,0.0,0.7901920725867531,0.0
0.8224005748443204,0.0,0.7903003369754684,0.0
0.8225004668667799,0.0,0.7904086013641839,0.0
0.8226087312554953,0.0,0.7905168657528994,0.0
0.8227169956442107,0.0,0.7906251301416147,0.0
0.8227748539072909,0.0,0.7906829884046949,0.0
0.8228697243074713,0.0,0.7907632446913051,0.0
0.8229275825705513,0.0,0.7908211029543852,0.0
0.8229854408336315,0.0,0.7908789612174654,0.0
0.8230432990967116,0.0,0.7909368194805454,0.0
0.823138169496892,0.0,0.7910170757671556,0.0
0.8232539681751139,0.0,0.7911102113835475,0.0
0.823311826438194,0.0,0.7911680696466277,0.0
0.8234066968383744,0.0,0.7912392338381304,0.0
0.8234645551014546,0.0,0.7913103980296332,0.0
0.823559425501635,0.0,0.7913514145849211,0.0
0.8236542959018154,0.0,0.7914255883824998,0.0
0.8237156688434769,0.0,0.7915027943225432,0.0
0.8238105392436573,0.0,0.7915800002625868,0.0
0.8239054096438378,0.0,0.7916336260592686,0.0
0.8239667825854994,0.0,0.7917656201869285,0.0
0.824028155527161,0.0,0.7918976143145884,0.0
0.8240895284688226,0.0,0.7919554725776685,0.0
0.8241509014104842,0.0,0.7920326785177121,0.0
0.8242457718106646,0.0,0.7920940514593736,0.0
0.8242993976073464,0.0,0.7921712573994172,0.0
0.8243530234040282,0.0,0.7922326303410788,0.0
0.8244066492007099,0.0,0.7922940032827404,0.0
0.8244602749973917,0.0,0.792355376224402,0.0
0.8245139007940735,0.0,0.7924167491660635,0.0
0.8245675265907553,0.0,0.7924939551061071,0.0
0.824621152387437,0.0,0.7925475809027889,0.0
0.8247369510656589,0.0,0.7926012066994707,0.0
0.8248318214658393,0.0,0.79269070983729,0.0
0.8248854472625211,0.0,0.7927679157773334,0.0
0.8249616137169246,0.0,0.7928113389437543,0.0
0.8250377801713279,0.0,0.7928547621101752,0.0
0.8251535788495498,0.0,0.7929007741028875,0.0
0.8252572203053522,0.0,0.7929467860955998,0.0
0.8253608617611546,0.0,0.7929927980883121,0.0
0.8254645032169571,0.0,0.7930388100810244,0.0
0.8255406696713604,0.0,0.793116016021068,0.0
0.8255814953214311,0.0,0.7932640290447125,0.0
0.8256573409147374,0.0,0.7933050456000005,0.0
0.8257186530684605,0.0,0.7933586713966823,0.0
0.8257944986617668,0.0,0.793412297193364,0.0
0.8258703442550731,0.0,0.7934659229900458,0.0
0.8259111699051438,0.0,0.7935195487867276,0.0
0.8259519955552144,0.0,0.7935731745834094,0.0
0.825992821205285,0.0,0.7936504509358651,0.0
0.8260686667985914,0.0,0.7937277272883209,0.0
0.8261449971663626,0.0,0.7938050036407766,0.0
0.8261858228164333,0.0,0.7939530166644212,0.0
0.8262630991688891,0.0,0.7941104820935697,0.0
0.8263403755213448,0.0,0.7942679475227183,0.0
0.8264162211146511,0.0,0.7944254129518669,0.0
0.8265944317104937,0.0,0.7945015794062703,0.0
0.8267726423063364,0.0,0.7945777458606738,0.0
0.8268484878996426,0.0,0.7946685507149408,0.0
0.8270266984954853,0.0,0.7947593555692078,0.0
0.8271025440887916,0.0,0.7948355220236113,0.0
0.8271783896820979,0.0,0.794876347673682,0.0
0.8272542352754041,0.0,0.794967152527949,0.0
0.8273034229409617,0.0,0.7950579573822162,0.0
0.827379268534268,0.0,0.7951487622364832,0.0
0.8274551141275742,0.0,0.7951874600326309,0.0
0.827532846695377,0.0,0.7952261578287786,0.0
0.8276364881511794,0.0,0.7952649596592865,0.0
0.8277401296069818,0.0,0.7953037614897944,0.0
0.8278174059594375,0.0,0.7953425633203024,0.0
0.8278946823118933,0.0,0.7955148441359968,0.0
0.827971958664349,0.0,0.7955556697860675,0.0
0.8280492350168048,0.0,0.7955964954361382,0.0
0.8281265113692605,0.0,0.7956373210862089,0.0
0.8282037877217163,0.0,0.7958096019019032,0.0
0.828281064074172,0.0,0.7959818827175976,0.0
0.8283197618703197,0.0,0.7960227083676683,0.0
0.8283584596664674,0.0,0.7960999847201241,0.0
0.8284742583446892,0.0,0.7961772610725798,0.0
0.8285129561408369,0.0,0.7962545374250356,0.0
0.8285516539369845,0.0,0.7963318137774913,0.0
0.8285903517331322,0.0,0.7963482047989122,0.0
0.8286939931889347,0.0,0.796364595820333,0.0
0.8287981171426275,0.0,0.7964540989581522,0.0
0.8288368149387751,0.0,0.7965436020959715,0.0
0.8288755127349229,0.0,0.7966331052337907,0.0
0.8289913114131446,0.0,0.79672260837161,0.0
0.8291154156639444,0.0,0.7967998847240658,0.0
0.8292395199147442,0.0,0.7968771610765215,0.0
0.829355318592966,0.0,0.7969158588726691,0.0
0.8294794228437657,0.0,0.7969545566688169,0.0
0.8296035270945655,0.0,0.7971268374845113,0.0
0.8297276313453652,0.0,0.7971655352806589,0.0
0.829851735596165,0.0,0.7972042330768065,0.0
0.8299735885950557,0.0,0.7972429308729543,0.0
0.8300954415939464,0.0,0.7974152116886487,0.0
0.8301995655476393,0.0,0.797587492504343,0.0
0.8303214185465301,0.0,0.7977597733200374,0.0
0.8303602203770379,0.0,0.7978180912642944,0.0
0.8303990222075459,0.0,0.7978568930948023,0.0
0.8304378240380539,0.0,0.7978956949253103,0.0
0.8304766258685619,0.0,0.7979344967558183,0.0
0.8305154276990698,0.0,0.7981067775715127,0.0
0.8305542295295778,0.0,0.7981455794020207,0.0
0.8306583534832707,0.0,0.7982258356886309,0.0
0.8307624774369635,0.0,0.7983099841447118,0.0
0.8308666013906564,0.0,0.7983941326007926,0.0
0.8309054032211644,0.0,0.7984782810568736,0.0
0.8310036308892369,0.0,0.7985624295129544,0.0
0.8310877793453177,0.0,0.7986465779690354,0.0
0.8311719278013987,0.0,0.798719142907979,0.0
0.8312560762574795,0.0,0.7987917078469227,0.0
0.8313402247135604,0.0,0.7988080988683436,0.0
0.8314384523816329,0.0,0.7988714433363105,0.0
0.8315542510598547,0.0,0.7989347878042776,0.0
0.8316383995159357,0.0,0.7989981322722446,0.0
0.8317366271840081,0.0,0.7990614767402117,0.0
0.8317771147245315,0.0,0.7991248212081787,0.0
0.831817602265055,0.0,0.7991881656761457,0.0
0.8318580898055783,0.0,0.7992286532166691,0.0
0.8318985773461017,0.0,0.7992691407571926,0.0
0.8319390648866252,0.0,0.7993096282977159,0.0
0.8319795524271485,0.0,0.7993501158382393,0.0
0.8320200399676719,0.0,0.7993906033787628,0.0
0.8321182676357444,0.0,0.7994310909192861,0.0
0.8322164953038169,0.0,0.7994715784598095,0.0
0.8322569828443404,0.0,0.799512066000333,0.0
0.8322974703848637,0.0,0.7995525535408563,0.0
0.8323557883291207,0.0,0.7996108714851133,0.0
0.8324715870073425,0.0,0.7997195466511261,0.0
0.8325299049515994,0.0,0.7997684637228624,0.0
0.8325882228958564,0.0,0.7998173807945986,0.0
0.8326810208911452,0.0,0.799866297866335,0.0
0.8327738188864339,0.0,0.7999152149380713,0.0
0.8328666168817227,0.0,0.7999641320098075,0.0
0.8329249348259796,0.0,0.8000366969487512,0.0
0.8329832527702365,0.0,0.8002080945724444,0.0
0.8330415707144935,0.0,0.8003794921961376,0.0
0.8331049151824605,0.0,0.8004597484827477,0.0
0.8331682596504276,0.0,0.8005180664270047,0.0
0.8332316041183946,0.0,0.800598322713615,0.0
0.8332949485863617,0.0,0.8006785790002252,0.0
0.8333582930543287,0.0,0.8007368969444821,0.0
0.8334510910496175,0.0,0.8007952148887391,0.0
0.8335144355175844,0.0,0.800853532832996,0.0
0.8335777799855515,0.0,0.8009421827225651,0.0
0.8336411244535186,0.0,0.8010224390091754,0.0
0.8337339224488073,0.0,0.8011026952957856,0.0
0.8337972669167744,0.0,0.8011913451853547,0.0
0.8338389323892516,0.0,0.8012799950749239,0.0
0.8338805978617287,0.0,0.8013433395428908,0.0
0.8339733958570175,0.0,0.8014066840108579,0.0
0.8340150613294948,0.0,0.801470028478825,0.0
0.834056726801972,0.0,0.8015116939513022,0.0
0.8341378020607938,0.0,0.8015533594237794,0.0
0.8342188773196156,0.0,0.8015950248962566,0.0
0.8342999525784375,0.0,0.8016858297505237,0.0
0.8343416180509147,0.0,0.8017937267442785,0.0
0.8344226933097365,0.0,0.8018845315985456,0.0
0.8344643222296007,0.0,0.8019753364528127,0.0
0.8345059511494648,0.0,0.8020639863423817,0.0
0.8345475800693289,0.0,0.8021547911966489,0.0
0.8345892089891931,0.0,0.8022867853243087,0.0
0.8346702842480149,0.0,0.8024187794519687,0.0
0.8348277496771636,0.0,0.8024604449244459,0.0
0.8349088249359854,0.0,0.8025512497787131,0.0
0.8350662903651339,0.0,0.8025929152511903,0.0
0.8351945933329638,0.0,0.8027398247647828,0.0
0.8353228963007935,0.0,0.8027814536846469,0.0
0.8354511992686233,0.0,0.8028230826045111,0.0
0.8355795022364532,0.0,0.8028647115243752,0.0
0.8357078052042829,0.0,0.8029063404442394,0.0
0.8357888804631047,0.0,0.8030532499578318,0.0
0.8358973194684863,0.0,0.8031253776840304,0.0
0.836046450816907,0.0,0.8032722871976229,0.0
0.8361747537847367,0.0,0.8033609370871919,0.0
0.8362163827046009,0.0,0.803449586976761,0.0
0.8363655140530215,0.0,0.8035004770953508,0.0
0.8365146454014422,0.0,0.8035421060152149,0.0
0.8365562743213063,0.0,0.8036901190388595,0.0
0.836600484014504,0.0,0.8038381320625041,0.0
0.8366446937077019,0.0,0.8038797609823682,0.0
0.8366889034008996,0.0,0.803923970675566,0.0
0.8368380347493203,0.0,0.8039681803687638,0.0
0.8369464737547019,0.0,0.8040123900619616,0.0
0.8369906834478996,0.0,0.8040849550009053,0.0
0.8371398147963203,0.0,0.804157519939849,0.0
0.8372889461447409,0.0,0.8042017296330467,0.0
0.8373971203794051,0.0,0.8042742945719904,0.0
0.8375052946140692,0.0,0.8043714415807032,0.0
0.8376134688487334,0.0,0.8044316677234173,0.0
0.8377216430833976,0.0,0.8045540476473811,0.0
0.8378829999090008,0.0,0.8046764275713448,0.0
0.837991174143665,0.0,0.8047489925102885,0.0
0.8381518457373169,0.0,0.8048091912619033,0.0
0.8383125173309689,0.0,0.804881756200847,0.0
0.838420691565633,0.0,0.8049419549524618,0.0
0.838581363159285,0.0,0.8049847539594417,0.0
0.8386895373939492,0.0,0.8050275529664216,0.0
0.8388677479897919,0.0,0.8050769046260466,0.0
0.838975922224456,0.0,0.8051262562856716,0.0
0.839018721231436,0.0,0.8051756079452965,0.0
0.8390615202384158,0.0,0.8052249596049215,0.0
0.8391108718980408,0.0,0.8052743112645464,0.0
0.8391602235576657,0.0,0.8053236629241715,0.0
0.8392095752172908,0.0,0.8053730145837964,0.0
0.8392589268769157,0.0,0.8054223662434213,0.0
0.8393082785365407,0.0,0.8054717179030463,0.0
0.8393576301961656,0.0,0.805522608021636,0.0
0.8394069818557905,0.0,0.8055951729605796,0.0
0.8394563335154156,0.0,0.8057038481265923,0.0
0.8395056851750405,0.0,0.805776413065536,0.0
0.8395565752936301,0.0,0.8058735600742488,0.0
0.8396074654122199,0.0,0.8059707070829616,0.0
0.8396583555308095,0.0,0.8060678540916744,0.0
0.8397665297654736,0.0,0.806165001100387,0.0
0.8398174198840633,0.0,0.8062158912189767,0.0
0.8398683100026529,0.0,0.8062870554104795,0.0
0.8399192001212427,0.0,0.8063379455290691,0.0
0.8399700902398323,0.0,0.8063888356476588,0.0
0.840020980358422,0.0,0.8064397257662484,0.0
0.8400811791100368,0.0,0.8064906158848382,0.0
0.8401413778616517,0.0,0.8065415060034278,0.0
0.8402775626448892,0.0,0.8066017047550427,0.0
0.8403377613965041,0.0,0.8066619035066575,0.0
0.8404739461797416,0.0,0.8067221022582723,0.0
0.8405341449313564,0.0,0.806842282085297,0.0
0.8405943436829713,0.0,0.8069624619123217,0.0
0.8407305284662088,0.0,0.8070826417393463,0.0
0.8408625225938687,0.0,0.8072447921210751,0.0
0.8409945167215286,0.0,0.8074069425028039,0.0
0.8411307015047662,0.0,0.8075690928845327,0.0
0.8412668862880037,0.0,0.8077312432662614,0.0
0.8414030710712412,0.0,0.8078933936479903,0.0
0.8415392558544788,0.0,0.808055544029719,0.0
0.8416184744987947,0.0,0.8082176944114479,0.0
0.8417759399279433,0.0,0.8083798447931766,0.0
0.8419334053570918,0.0,0.808430926657957,0.0
0.8420908707862405,0.0,0.8086023242816501,0.0
0.8422057131417507,0.0,0.8086625504243644,0.0
0.8423205554972611,0.0,0.8087227765670787,0.0
0.8424353978527716,0.0,0.8088494893560775,0.0
0.8425146164970875,0.0,0.8089762021450763,0.0
0.8425656983618679,0.0,0.809102914934075,0.0
0.8426805407173782,0.0,0.8092650653158039,0.0
0.8427953830728886,0.0,0.8093799076713142,0.0
0.842846464937669,0.0,0.8094947500268246,0.0
0.8429043189066877,0.0,0.809609592382335,0.0
0.8429621728757065,0.0,0.8097809900060281,0.0
0.8430200268447253,0.0,0.8099523876297212,0.0
0.8430711087095057,0.0,0.8100672299852316,0.0
0.8431221905742861,0.0,0.810182072340742,0.0
0.8431800445433049,0.0,0.8103534699644351,0.0
0.8432378985123237,0.0,0.8104113239334539,0.0
0.8432957524813425,0.0,0.8104691779024727,0.0
0.8433659232198824,0.0,0.8105270318714914,0.0
0.8434218892545058,0.0,0.8105848858405102,0.0
0.8434778552891291,0.0,0.8106408518751337,0.0
0.8435338213237525,0.0,0.8106968179097571,0.0
0.8436039920622924,0.0,0.8107543065480228,0.0
0.8436741628008324,0.0,0.8108117951862884,0.0
0.8437820597945872,0.0,0.8108692838245541,0.0
0.8438522305331271,0.0,0.8109267724628199,0.0
0.8439309570465842,0.0,0.8109842611010856,0.0
0.8440101756909001,0.0,0.8110354457472607,0.0
0.844089394335216,0.0,0.8110932997162795,0.0
0.844221388462876,0.0,0.8111511536852983,0.0
0.8443533825905359,0.0,0.8112071197199218,0.0
0.8444518730840438,0.0,0.8112630857545452,0.0
0.8445078391186672,0.0,0.8113190517891685,0.0
0.8445638051532905,0.0,0.8114073257381278,0.0
0.8446212937915563,0.0,0.8115340385271266,0.0
0.844678782429822,0.0,0.8116607513161254,0.0
0.8447362710680877,0.0,0.8117490252650846,0.0
0.8447937597063534,0.0,0.8118277517785416,0.0
0.8448512483446191,0.0,0.8118979225170816,0.0
0.8449024329907943,0.0,0.8119680932556215,0.0
0.8450009234843021,0.0,0.8120382639941615,0.0
0.8450521081304774,0.0,0.8121084347327013,0.0
0.8451935112218417,0.0,0.8121967086816606,0.0
0.8453349143132062,0.0,0.8122477905464409,0.0
0.845429324412098,0.0,0.8122988724112213,0.0
0.845771017593528,0.0,0.8123499542760018,0.0
0.846112710774958,0.0,0.8124701341030264,0.0
0.8464544039563879,0.0,0.8125903139300511,0.0
0.8465488140552798,0.0,0.8126785878790104,0.0
0.8468905072367099,0.0,0.812798767706035,0.0
0.8469849173356017,0.0,0.8129189475330597,0.0
0.8470793274344935,0.0,0.8130391273600844,0.0
0.8471737375333854,0.0,0.8130948605002815,0.0
0.847295183373713,0.0,0.8131460451464567,0.0
0.8474166292140405,0.0,0.8131972297926319,0.0
0.8475380750543681,0.0,0.813248414438807,0.0
0.8475892597005433,0.0,0.8132995990849823,0.0
0.8476404443467185,0.0,0.8133507837311574,0.0
0.8476916289928936,0.0,0.8134019683773327,0.0
0.8477860390917855,0.0,0.8134608447449404,0.0
0.8478372237379607,0.0,0.8135197211125481,0.0
0.8478884083841359,0.0,0.8135785974801558,0.0
0.8479472847517436,0.0,0.8136668714291151,0.0
0.8480061611193513,0.0,0.8137551453780743,0.0
0.848065037486959,0.0,0.8138140217456821,0.0
0.8481594475858509,0.0,0.8139022956946412,0.0
0.8482538576847428,0.0,0.8139870722389532,0.0
0.8483482677836346,0.0,0.8140718487832651,0.0
0.8484071441512423,0.0,0.8142262979550026,0.0
0.8484624101731693,0.0,0.8143807471267399,0.0
0.8485176761950961,0.0,0.814536076415404,0.0
0.8485729422170231,0.0,0.8146905255871414,0.0
0.848652160861339,0.0,0.8148449747588787,0.0
0.8487074268832658,0.0,0.8149716875478776,0.0
0.8487626929051928,0.0,0.8150269535698045,0.0
0.8488179589271196,0.0,0.8150822195917313,0.0
0.8488971775714356,0.0,0.8151374856136583,0.0
0.8489763962157515,0.0,0.8152928149023223,0.0
0.8490321293559486,0.0,0.8153480809242493,0.0
0.8491113480002646,0.0,0.8154033469461761,0.0
0.8491670811404617,0.0,0.8154586129681031,0.0
0.8492522290297609,0.0,0.8155632584952198,0.0
0.8493079621699581,0.0,0.8156189916354168,0.0
0.8493636953101552,0.0,0.8157236371625336,0.0
0.8494488431994545,0.0,0.8157709276132566,0.0
0.8495045763396516,0.0,0.815872172133368,0.0
0.8495897242289508,0.0,0.8159244042969044,0.0
0.849645457369148,0.0,0.8160256488170157,0.0
0.849692747819871,0.0,0.816077880980552,0.0
0.8497778957091703,0.0,0.8161301131440883,0.0
0.8498863347145519,0.0,0.8161823453076247,0.0
0.8499336251652749,0.0,0.8162345774711611,0.0
0.8500187730545742,0.0,0.8162868096346975,0.0
0.8500660635052972,0.0,0.8163390417982338,0.0
0.8501512113945966,0.0,0.8163947749384308,0.0
0.8502034435581329,0.0,0.816450508078628,0.0
0.8502885914474322,0.0,0.8165517525987394,0.0
0.8503408236109685,0.0,0.8166074857389364,0.0
0.8504610034379932,0.0,0.8167069097554315,0.0
0.8505811832650179,0.0,0.8167626428956286,0.0
0.8507013630920426,0.0,0.8168805550590202,0.0
0.8508635134737714,0.0,0.8169984672224119,0.0
0.8510256638555002,0.0,0.8171163793858035,0.0
0.851187814237229,0.0,0.8172144581760938,0.0
0.8513499646189577,0.0,0.8173138821925888,0.0
0.8515121150006866,0.0,0.8174329917492489,0.0
0.8516742653824153,0.0,0.8175521013059089,0.0
0.8518364157641442,0.0,0.8176712108625689,0.0
0.8519985661458729,0.0,0.817770634879064,0.0
0.8521121665874909,0.0,0.817889744435724,0.0
0.8522743169692196,0.0,0.8180164572247228,0.0
0.852326549132756,0.0,0.8180637476754459,0.0
0.8523787812962924,0.0,0.818163171691941,0.0
0.8524310134598287,0.0,0.8182625957084361,0.0
0.8524832456233651,0.0,0.8183098861591591,0.0
0.8525354777869014,0.0,0.8183810503506619,0.0
0.8525877099504378,0.0,0.8184989625140535,0.0
0.8526399421139741,0.0,0.8186168746774451,0.0
0.8527578542773657,0.0,0.8186671554725544,0.0
0.8528757664407574,0.0,0.8187383196640572,0.0
0.852993678604149,0.0,0.8187886004591666,0.0
0.8531115907675406,0.0,0.8188388812542758,0.0
0.8532295029309322,0.0,0.8189100454457786,0.0
0.8533474150943239,0.0,0.818960326240888,0.0
0.8534653272577155,0.0,0.8190106070359973,0.0
0.8535789276993335,0.0,0.8190608878311066,0.0
0.8536292084944429,0.0,0.8191320520226094,0.0
0.8537428089360608,0.0,0.8192531358790882,0.0
0.8537930897311702,0.0,0.8193053680426247,0.0
0.8538433705262795,0.0,0.819357600206161,0.0
0.8539569709678975,0.0,0.8194755123695526,0.0
0.8540072517630068,0.0,0.8195934245329443,0.0
0.8540575325581161,0.0,0.8196721510464012,0.0
0.8541078133532255,0.0,0.8197932349028801,0.0
0.8542214137948434,0.0,0.8198719614163371,0.0
0.8543350142364614,0.0,0.8199691084250499,0.0
0.8544486146780794,0.0,0.8200901922815287,0.0
0.8545187616782328,0.0,0.8201873392902415,0.0
0.8545889086783862,0.0,0.8202721158345534,0.0
0.8546590556785396,0.0,0.8203568923788653,0.0
0.854729202678693,0.0,0.8204779762353441,0.0
0.8547993496788464,0.0,0.8205627527796561,0.0
0.8549129501204643,0.0,0.820647529323968,0.0
0.8550265505620823,0.0,0.8207323058682799,0.0
0.8550705802062654,0.0,0.8208170824125919,0.0
0.8551146098504484,0.0,0.8209381662690708,0.0
0.8551586394946314,0.0,0.8210572758257307,0.0
0.8552026691388145,0.0,0.8211751879891224,0.0
0.8552466987829975,0.0,0.8212962718456013,0.0
0.8553126050386858,0.0,0.8213975163657126,0.0
0.855378511294374,0.0,0.821439589383261,0.0
0.8554444175500623,0.0,0.8215097363834144,0.0
0.8555961973531888,0.0,0.8215798833835678,0.0
0.8556621036088771,0.0,0.8216500303837211,0.0
0.8557280098645653,0.0,0.8217201773838745,0.0
0.8557939161202536,0.0,0.8217903243840279,0.0
0.8558598223759418,0.0,0.8218915689041393,0.0
0.8559257286316301,0.0,0.8219355985483223,0.0
0.8559916348873183,0.0,0.8219796281925054,0.0
0.8560575411430066,0.0,0.8220236578366884,0.0
0.8561234473986948,0.0,0.8220676874808714,0.0
0.8561655204162432,0.0,0.8221117171250545,0.0
0.8562075934337916,0.0,0.8221776233807427,0.0
0.856359373236918,0.0,0.8222563498941997,0.0
0.8565111530400445,0.0,0.8223144627853479,0.0
0.856553226057593,0.0,0.8225576941343243,0.0
0.8565952990751413,0.0,0.8228009254833006,0.0
0.8566373720926898,0.0,0.8228668317389889,0.0
0.8567891518958162,0.0,0.8229327379946771,0.0
0.8569483476065723,0.0,0.8231759693436536,0.0
0.8571075433173284,0.0,0.8232418755993418,0.0
0.8571496163348767,0.0,0.8233077818550301,0.0
0.8572910194262412,0.0,0.8233736881107183,0.0
0.8573994584316228,0.0,0.8234395943664066,0.0
0.8575408615229871,0.0,0.8235055006220948,0.0
0.8577000572337432,0.0,0.8235714068777831,0.0
0.8578607288273952,0.0,0.8236373131334713,0.0
0.8580214004210471,0.0,0.8237032193891596,0.0
0.8580592301414788,0.0,0.823745292406708,0.0
0.8582184258522348,0.0,0.8237873654242563,0.0
0.8583776215629909,0.0,0.823862256750564,0.0
0.8584154512834224,0.0,0.8239371480768717,0.0
0.8585746469941786,0.0,0.8241803794258481,0.0
0.858716050085543,0.0,0.8242552707521557,0.0
0.8588427628745418,0.0,0.8243301620784633,0.0
0.8590019585852979,0.0,0.8245733934274397,0.0
0.8591286713742967,0.0,0.8248166247764162,0.0
0.8592553841632955,0.0,0.8248953512898731,0.0
0.8593820969522943,0.0,0.8249374243074216,0.0
0.8595088097412931,0.0,0.8249794973249699,0.0
0.8596289895683177,0.0,0.8252227286739463,0.0
0.8597491693953424,0.0,0.8254659600229226,0.0
0.8599083651060985,0.0,0.8255490062771323,0.0
0.8600285449331232,0.0,0.8255910792946808,0.0
0.8601487247601479,0.0,0.8256491921858289,0.0
0.8602689045871725,0.0,0.8257073050769771,0.0
0.8603270174783207,0.0,0.8257903513311868,0.0
0.860385130369469,0.0,0.825848464222335,0.0
0.8604432432606172,0.0,0.8259251627325989,0.0
0.8604696552206251,0.0,0.8259671330919253,0.0
0.8604960671806332,0.0,0.8260438316021891,0.0
0.8605224791406412,0.0,0.8261205301124529,0.0
0.8605805920317894,0.0,0.8261625004717794,0.0
0.8606070039917973,0.0,0.8262391989820432,0.0
0.8607327461785257,0.0,0.8262811693413696,0.0
0.8607747165378521,0.0,0.8263360833819349,0.0
0.8608831555432337,0.0,0.8264127818921988,0.0
0.8610088977299619,0.0,0.826467695932764,0.0
0.8611346399166903,0.0,0.8267112632803594,0.0
0.8611766102760167,0.0,0.8268159088074761,0.0
0.861302352462745,0.0,0.8268908001337838,0.0
0.8613443228220714,0.0,0.8269656914600915,0.0
0.8613992368626366,0.0,0.8269835145392862,0.0
0.861524979049365,0.0,0.8270013376184809,0.0
0.8615798930899302,0.0,0.8270191606976756,0.0
0.8617056352766586,0.0,0.8270369837768703,0.0
0.8617605493172238,0.0,0.8270757258133176,0.0
0.861815463357789,0.0,0.8271144678497647,0.0
0.8619412055445174,0.0,0.82716938189033,0.0
0.8619961195850826,0.0,0.8272242959308953,0.0
0.8621218617718109,0.0,0.8272792099714605,0.0
0.8621767758123762,0.0,0.8273341240120258,0.0
0.8622316898529415,0.0,0.8273890380525911,0.0
0.8623369062905902,0.0,0.8274942544902399,0.0
0.8624421227282391,0.0,0.8275994709278887,0.0
0.8625473391658879,0.0,0.8277046873655375,0.0
0.8626525556035367,0.0,0.8278099038031863,0.0
0.8627577720411855,0.0,0.8279151202408351,0.0
0.8628835142279139,0.0,0.828091277672239,0.0
0.8629887306655627,0.0,0.8282674351036429,0.0
0.863043760310244,0.0,0.8284435925350466,0.0
0.8630987899549253,0.0,0.8285482380621634,0.0
0.8631538195996066,0.0,0.8287918054097588,0.0
0.8631716426788013,0.0,0.8288964509368755,0.0
0.8632266723234826,0.0,0.8290175347933544,0.0
0.8632444954026773,0.0,0.8291386186498332,0.0
0.8632623184818721,0.0,0.829243835087482,0.0
0.8632801415610668,0.0,0.8293649189439609,0.0
0.8632979646402615,0.0,0.829451967305805,0.0
0.8633157877194562,0.0,0.829539015667649,0.0
0.8633336107986509,0.0,0.8295568387468437,0.0
0.8633723528350982,0.0,0.8296438871086879,0.0
0.8634110948715453,0.0,0.8296617101878825,0.0
0.8634661245162266,0.0,0.8296795332670772,0.0
0.8635048665526739,0.0,0.8297272568530984,0.0
0.863543608589121,0.0,0.8298143052149426,0.0
0.8635823506255682,0.0,0.8299013535767866,0.0
0.8636373802702496,0.0,0.8299400956132339,0.0
0.8636761223066968,0.0,0.8300651863938313,0.0
0.8637148643431439,0.0,0.8301522347556753,0.0
0.8637536063795912,0.0,0.8302773255362728,0.0
0.8638013299656124,0.0,0.8303643738981169,0.0
0.8638490535516337,0.0,0.8304624526884071,0.0
0.863904083196315,0.0,0.8305605314786975,0.0
0.8639391384370745,0.0,0.8306586102689878,0.0
0.8639941680817559,0.0,0.830756689059278,0.0
0.8640491977264372,0.0,0.8308547678495684,0.0
0.8641042273711185,0.0,0.8309418162114124,0.0
0.8641930182129323,0.0,0.8311179736428163,0.0
0.864287056508124,0.0,0.8312941310742201,0.0
0.8643810948033157,0.0,0.8313455545101304,0.0
0.8644694481095865,0.0,0.83142860076434,0.0
0.8645578014158571,0.0,0.8314707053056503,0.0
0.8646518397110489,0.0,0.8315128098469604,0.0
0.8647458780062406,0.0,0.8315549143882707,0.0
0.8648399163014323,0.0,0.8315970189295808,0.0
0.8648876398874537,0.0,0.831639123470891,0.0
0.8649816781826454,0.0,0.8317221697251007,0.0
0.8651361273543827,0.0,0.831760911761548,0.0
0.8652905765261201,0.0,0.8317996537979951,0.0
0.8653846148213118,0.0,0.8318827000522049,0.0
0.8655390639930493,0.0,0.831921442088652,0.0
0.865633102288241,0.0,0.8319601841250992,0.0
0.8657875514599783,0.0,0.8319989261615465,0.0
0.8659142642489771,0.0,0.8320466497475677,0.0
0.8660409770379759,0.0,0.8320943733335889,0.0
0.8661350153331676,0.0,0.8321774195877987,0.0
0.8662290536283593,0.0,0.8322281927473706,0.0
0.8662804770642696,0.0,0.8322789659069426,0.0
0.8663319005001798,0.0,0.8323297390665145,0.0
0.8663833239360901,0.0,0.8323805122260866,0.0
0.8664347473720003,0.0,0.8324635584802963,0.0
0.8664861708079105,0.0,0.8325466047345059,0.0
0.8665375942438207,0.0,0.832597377894078,0.0
0.866589017679731,0.0,0.8326481510536499,0.0
0.8667071598536047,0.0,0.8326989242132219,0.0
0.8668253020274783,0.0,0.8327503476491321,0.0
0.8668674065687885,0.0,0.8328017710850423,0.0
0.8669095111100987,0.0,0.8328531945209525,0.0
0.8669516156514089,0.0,0.8329046179568628,0.0
0.8669937201927191,0.0,0.832956041392773,0.0
0.8670358247340293,0.0,0.8330074648286833,0.0
0.8670779292753396,0.0,0.8330545818392535,0.0
0.8671200338166497,0.0,0.8331376280934633,0.0
0.86716213835796,0.0,0.8331847451040335,0.0
0.8672042428992701,0.0,0.8332318621146038,0.0
0.8672463474405804,0.0,0.833278979125174,0.0
0.8673547864459619,0.0,0.8333260961357444,0.0
0.8674055596055339,0.0,0.8334466930346252,0.0
0.8674563327651058,0.0,0.8334880083351078,0.0
0.8675071059246778,0.0,0.8336433376237719,0.0
0.8675578790842498,0.0,0.8336846529242545,0.0
0.8676760212581235,0.0,0.8337259682247372,0.0
0.8677941634319971,0.0,0.8337680727660475,0.0
0.8678449365915691,0.0,0.8338101773073576,0.0
0.867895709751141,0.0,0.8338522818486679,0.0
0.8679464829107131,0.0,0.833894386389978,0.0
0.867997256070285,0.0,0.8339364909312883,0.0
0.8680443730808554,0.0,0.833977806231771,0.0
0.8680914900914256,0.0,0.8340191215322537,0.0
0.8681386071019959,0.0,0.8341744508209177,0.0
0.8681857241125661,0.0,0.8342157661214004,0.0
0.8683038662864399,0.0,0.8342659560531526,0.0
0.8683509832970101,0.0,0.8343161459849048,0.0
0.8683981003075804,0.0,0.834366335916657,0.0
0.8684452173181507,0.0,0.8344165258484092,0.0
0.868492334328721,0.0,0.8344667157801613,0.0
0.8686104765025946,0.0,0.8345169057119135,0.0
0.8686822443516254,0.0,0.8345670956436657,0.0
0.8687235596521081,0.0,0.8347224249323298,0.0
0.8687953275011389,0.0,0.8347731980919018,0.0
0.8688366428016215,0.0,0.834820315102472,0.0
0.8688779581021042,0.0,0.8348674321130424,0.0
0.8689192734025869,0.0,0.8349145491236126,0.0
0.8689605887030696,0.0,0.8352066070674762,0.0
0.8690323565521003,0.0,0.8354986650113396,0.0
0.869073671852583,0.0,0.8357907229552032,0.0
0.8691149871530657,0.0,0.8359344321146542,0.0
0.8691867550020965,0.0,0.8360781412741053,0.0
0.8692280703025792,0.0,0.8362218504335562,0.0
0.8692782602343313,0.0,0.8363655595930073,0.0
0.8693284501660835,0.0,0.8365092687524582,0.0
0.8693786400978357,0.0,0.8366529779119093,0.0
0.8694288300295879,0.0,0.8367966870713603,0.0
0.8694790199613401,0.0,0.8369403962308113,0.0
0.8695292098930923,0.0,0.8370841053902623,0.0
0.8695793998248446,0.0,0.8372602628216662,0.0
0.8696511676738753,0.0,0.8373015781221489,0.0
0.869722935522906,0.0,0.8373428934226316,0.0
0.8697731254546582,0.0,0.8374982227112956,0.0
0.8698815644600398,0.0,0.8376535519999597,0.0
0.8699275892584839,0.0,0.837686414835714,0.0
0.8699736140569281,0.0,0.8378417441243781,0.0
0.8700196388553723,0.0,0.8378919340561303,0.0
0.8701177176456625,0.0,0.8379686325663941,0.0
0.8701894854946933,0.0,0.8380146573648383,0.0
0.8702612533437241,0.0,0.8380606821632824,0.0
0.8703803629003841,0.0,0.8381067069617265,0.0
0.8704994724570441,0.0,0.8382617745122745,0.0
0.8706185820137041,0.0,0.8384168420628223,0.0
0.8706903498627349,0.0,0.8385719096133701,0.0
0.8707982502118887,0.0,0.838726977163918,0.0
0.8709173597685488,0.0,0.8388036756741818,0.0
0.8710364693252087,0.0,0.8389587432247296,0.0
0.8711443696743626,0.0,0.8392508011685932,0.0
0.8711903944728068,0.0,0.8395428591124567,0.0
0.8712982948219606,0.0,0.8395827499950694,0.0
0.8714061951711146,0.0,0.8396594485053333,0.0
0.8714825255388858,0.0,0.8397099787510025,0.0
0.87152855033733,0.0,0.8397605089966718,0.0
0.8716364506864839,0.0,0.8398110392423409,0.0
0.8716693135222382,0.0,0.8399361300229384,0.0
0.8717772138713921,0.0,0.8400612208035358,0.0
0.8718100767071464,0.0,0.84010724560198,0.0
0.8718429395429007,0.0,0.8401839441122438,0.0
0.8719508398920546,0.0,0.8402606426225077,0.0
0.8720587402412084,0.0,0.8403476909843517,0.0
0.8720916030769628,0.0,0.8403937157827959,0.0
0.8721995034261166,0.0,0.840493174007372,0.0
0.8722979597455222,0.0,0.8405260368431263,0.0
0.8723378506281348,0.0,0.8405588996788806,0.0
0.8723777415107475,0.0,0.840591762514635,0.0
0.8724176323933602,0.0,0.8406403185411848,0.0
0.8724823808792204,0.0,0.8406888745677347,0.0
0.872580837198626,0.0,0.8407374305942845,0.0
0.8726207280812387,0.0,0.8408244789561286,0.0
0.8727191844006442,0.0,0.8408730349826784,0.0
0.8727590752832569,0.0,0.8409215910092283,0.0
0.8728575316026624,0.0,0.8409701470357782,0.0
0.8729080618483317,0.0,0.8410694655823119,0.0
0.8729585920940008,0.0,0.8411687841288455,0.0
0.8730091223396701,0.0,0.8412086750114582,0.0
0.8730596525853394,0.0,0.8412485658940709,0.0
0.8731498557698338,0.0,0.8412884567766836,0.0
0.8732003860155031,0.0,0.8413877753232173,0.0
0.8732509162611722,0.0,0.841487093869751,0.0
0.8733014465068415,0.0,0.8415269847523636,0.0
0.8733519767525108,0.0,0.8416263032988973,0.0
0.87340250699818,0.0,0.8416445614331881,0.0
0.8734530372438493,0.0,0.841662819567479,0.0
0.8735015932703991,0.0,0.8416810777017698,0.0
0.873550149296949,0.0,0.8417803962483035,0.0
0.8735987053234988,0.0,0.8417986543825944,0.0
0.8736472613500487,0.0,0.841897972929128,0.0
0.8737374645345432,0.0,0.8419485890602713,0.0
0.873786020561093,0.0,0.8420425767526472,0.0
0.8738345765876429,0.0,0.8420931069983164,0.0
0.8738831326141927,0.0,0.8421436372439857,0.0
0.8739316886407426,0.0,0.8421941674896549,0.0
0.8739802446672925,0.0,0.8422446977353242,0.0
0.8740288006938424,0.0,0.8422952279809933,0.0
0.8741190038783369,0.0,0.8423457582266626,0.0
0.8742092070628313,0.0,0.8423962884723318,0.0
0.8742274651971221,0.0,0.8424448444988817,0.0
0.874245723331413,0.0,0.842530144256091,0.0
0.8742639814657038,0.0,0.8426154440133001,0.0
0.8743541846501983,0.0,0.8428279329412283,0.0
0.8743724427844891,0.0,0.8430404218691563,0.0
0.8744626459689836,0.0,0.8432529107970843,0.0
0.8745457228380242,0.0,0.8433468984894603,0.0
0.8746310225952335,0.0,0.8436389564333239,0.0
0.8747163223524428,0.0,0.8439310143771874,0.0
0.874766938483586,0.0,0.8442230723210509,0.0
0.8748522382407952,0.0,0.8445151302649144,0.0
0.8749375379980044,0.0,0.844807188208778,0.0
0.8750228377552137,0.0,0.8448557442353278,0.0
0.8750734538863569,0.0,0.8449043002618777,0.0
0.8751587536435661,0.0,0.8449528562884275,0.0
0.8752440534007754,0.0,0.8450734531873083,0.0
0.8752946695319186,0.0,0.8451940500861891,0.0
0.8753452856630618,0.0,0.8453146469850699,0.0
0.8754079849345099,0.0,0.8453898219572765,0.0
0.875470684205958,0.0,0.8454404380884197,0.0
0.8755333834774062,0.0,0.8455156130606263,0.0
0.8755960827488543,0.0,0.8455907880328329,0.0
0.8756587820203023,0.0,0.8456414041639762,0.0
0.8757190081630166,0.0,0.8456920202951194,0.0
0.8757817074344647,0.0,0.8457547195665674,0.0
0.8758444067059129,0.0,0.8458174188380155,0.0
0.875907105977361,0.0,0.8458801181094636,0.0
0.8759698052488091,0.0,0.8459428173809118,0.0
0.8760325045202572,0.0,0.8460055166523599,0.0
0.8760805086516188,0.0,0.846104940668855,0.0
0.8761285127829803,0.0,0.8461676399403031,0.0
0.876176516914342,0.0,0.8462303392117512,0.0
0.8762367430570562,0.0,0.8463038384806768,0.0
0.876313528663286,0.0,0.8463621961163315,0.0
0.8763615327946477,0.0,0.8464205537519862,0.0
0.8764095369260092,0.0,0.846478911387641,0.0
0.8764575410573708,0.0,0.8465416106590891,0.0
0.8765566146342889,0.0,0.8466043099305371,0.0
0.8765826894913694,0.0,0.8466670092019853,0.0
0.8766087643484498,0.0,0.8467150133333469,0.0
0.8767078379253679,0.0,0.8467630174647085,0.0
0.876806911502286,0.0,0.84681102159607,0.0
0.8769059850792041,0.0,0.846905009288446,0.0
0.8770050586561222,0.0,0.846998996980822,0.0
0.8771301494367196,0.0,0.8470470011121836,0.0
0.8772292230136377,0.0,0.8470950052435452,0.0
0.8773277135071456,0.0,0.8471430093749068,0.0
0.8774528042877431,0.0,0.8472369970672827,0.0
0.8775512947812509,0.0,0.8472630719243632,0.0
0.8776493735715412,0.0,0.8473365711932888,0.0
0.8777474523618315,0.0,0.8474100704622144,0.0
0.8778455311521218,0.0,0.8474835697311399,0.0
0.877943609942412,0.0,0.8475570690000656,0.0
0.8780416887327024,0.0,0.8476305682689911,0.0
0.8781401792262102,0.0,0.8477040675379167,0.0
0.878389926080591,0.0,0.8477980552302927,0.0
0.8786396729349717,0.0,0.8478715544992182,0.0
0.8788894197893523,0.0,0.8479450537681439,0.0
0.879139166643733,0.0,0.8479711286252243,0.0
0.8793889134981137,0.0,0.8480651163176003,0.0
0.8796386603524944,0.0,0.8481645745421764,0.0
0.8797274511943082,0.0,0.8481906493992569,0.0
0.8798162420361219,0.0,0.8482167242563374,0.0
0.8799147325296298,0.0,0.8482750818919921,0.0
0.8800035233714436,0.0,0.8483334395276468,0.0
0.8800385786122031,0.0,0.8483917971633016,0.0
0.8800736338529626,0.0,0.8484501547989562,0.0
0.8801086890937221,0.0,0.8485496130235324,0.0
0.8801437443344816,0.0,0.8488313206231242,0.0
0.8801787995752411,0.0,0.849113028222716,0.0
0.8802048744323216,0.0,0.8493947358223077,0.0
0.880230949289402,0.0,0.8495665276501753,0.0
0.8802893069250568,0.0,0.849848235249767,0.0
0.8803476645607116,0.0,0.8500200270776346,0.0
0.8804060221963662,0.0,0.8501918189055021,0.0
0.880464379832021,0.0,0.8504735265050939,0.0
0.8805227374676757,0.0,0.8507552341046857,0.0
0.8805810951033304,0.0,0.8510369417042775,0.0
0.8806394527389851,0.0,0.8512550001529254,0.0
0.880737943232493,0.0,0.8514267919807929,0.0
0.8807624490306435,0.0,0.8515002912497185,0.0
0.8808921648933083,0.0,0.851621365388282,0.0
0.8809166706914588,0.0,0.8517269197783266,0.0
0.8809411764896093,0.0,0.8518479939168901,0.0
0.8809656822877598,0.0,0.852066052365538,0.0
0.8810953981504246,0.0,0.852284110814186,0.0
0.8812251140130893,0.0,0.8523896652042304,0.0
0.8813548298757542,0.0,0.8524141710023809,0.0
0.8814021862834291,0.0,0.8525197253924254,0.0
0.881531902146094,0.0,0.8525442311905759,0.0
0.881579258553769,0.0,0.8525687369887265,0.0
0.881626614961444,0.0,0.852593242786877,0.0
0.8816739713691191,0.0,0.8526927010114531,0.0
0.881721327776794,0.0,0.8527400574191281,0.0
0.8818510436394588,0.0,0.8528152323913347,0.0
0.8819807595021236,0.0,0.8528625887990098,0.0
0.8821104753647884,0.0,0.8529099452066847,0.0
0.8821578317724634,0.0,0.8529577174587344,0.0
0.8822051881801384,0.0,0.8530050738664094,0.0
0.8823349040428032,0.0,0.8530524302740845,0.0
0.8823838834145312,0.0,0.853127605246291,0.0
0.8824328627862592,0.0,0.8532027802184977,0.0
0.8824880195283602,0.0,0.8532779551907043,0.0
0.8825369989000882,0.0,0.8533253115983793,0.0
0.8825921556421892,0.0,0.8533726680060544,0.0
0.882629903868897,0.0,0.8534216473777824,0.0
0.8826850606109979,0.0,0.8534706267495104,0.0
0.8827228088377056,0.0,0.8535761811395548,0.0
0.8827605570644134,0.0,0.8536251605112828,0.0
0.8828157138065144,0.0,0.8536629087379906,0.0
0.8828534620332221,0.0,0.853768463128035,0.0
0.8828912102599299,0.0,0.8538740175180796,0.0
0.8829463670020309,0.0,0.8539950916566431,0.0
0.8829841152287385,0.0,0.8544829622970318,0.0
0.8830392719708395,0.0,0.8545752949451914,0.0
0.8830944287129405,0.0,0.8550631655855799,0.0
0.8831321769396483,0.0,0.8551009138122877,0.0
0.8831873336817493,0.0,0.8551386620389955,0.0
0.883235105933799,0.0,0.855230994687155,0.0
0.8832828781858486,0.0,0.8552687429138628,0.0
0.8833431044177571,0.0,0.8553064911405704,0.0
0.8833908766698068,0.0,0.8553988237887301,0.0
0.8834386489218564,0.0,0.8554365720154378,0.0
0.8834988751537648,0.0,0.8555289046635974,0.0
0.8835591013856733,0.0,0.855621237311757,0.0
0.8836193276175817,0.0,0.8556589855384648,0.0
0.88367955384949,0.0,0.8557584095549597,0.0
0.8837299432788296,0.0,0.8558061818070095,0.0
0.883780332708169,0.0,0.8558539540590592,0.0
0.8839354002587169,0.0,0.8559533780755543,0.0
0.8840223299838438,0.0,0.8560011503276039,0.0
0.8841773975343916,0.0,0.8561729421554715,0.0
0.8842643272595184,0.0,0.856344733983339,0.0
0.8843512569846453,0.0,0.8563951234126784,0.0
0.8845063245351932,0.0,0.8564455128420179,0.0
0.884661392085741,0.0,0.8564959022713574,0.0
0.8847483218108678,0.0,0.8565462917006968,0.0
0.8849033893614158,0.0,0.8565966811300363,0.0
0.8850284801420132,0.0,0.8567684729579038,0.0
0.8851535709226106,0.0,0.8568937833854723,0.0
0.88520396035195,0.0,0.8570190938130408,0.0
0.8852543497812896,0.0,0.8571908856409083,0.0
0.885304739210629,0.0,0.8573161960684768,0.0
0.8853916689357558,0.0,0.8574415064960452,0.0
0.8854450518567609,0.0,0.8575668169236137,0.0
0.8855330065246337,0.0,0.8577533330410662,0.0
0.8855863894456388,0.0,0.8580139335155992,0.0
0.8856743441135116,0.0,0.8582004496330516,0.0
0.8857277270345167,0.0,0.8583869657505041,0.0
0.8858146567596437,0.0,0.8584403486715093,0.0
0.8858471729338304,0.0,0.8587009491460423,0.0
0.8859351276017031,0.0,0.8587543320670474,0.0
0.8859772865939196,0.0,0.8590149325415805,0.0
0.8860652412617924,0.0,0.8590683154625856,0.0
0.8861074002540089,0.0,0.8593289159371186,0.0
0.8861495592462254,0.0,0.8595414509062186,0.0
0.8861820754204122,0.0,0.8597539858753186,0.0
0.8862145915945989,0.0,0.8597961448675351,0.0
0.8862567505868155,0.0,0.8598383038597516,0.0
0.886298909579032,0.0,0.8598804628519681,0.0
0.8863410685712485,0.0,0.8600929978210681,0.0
0.886383227563465,0.0,0.8603055327901681,0.0
0.8864157437376518,0.0,0.8603562716652068,0.0
0.8864641529676163,0.0,0.8604070105402456,0.0
0.8865125621975809,0.0,0.8604577494152843,0.0
0.8865609714275454,0.0,0.8605084882903231,0.0
0.8866093806575099,0.0,0.8605506472825396,0.0
0.8866577898874746,0.0,0.8605928062747561,0.0
0.8867061991174391,0.0,0.8606349652669726,0.0
0.8867546083474037,0.0,0.8606771242591891,0.0
0.8867871245215905,0.0,0.8608823362694609,0.0
0.8868378633966292,0.0,0.8610875482797327,0.0
0.886888602271668,0.0,0.8613000832488326,0.0
0.8869393411467067,0.0,0.8615052952591044,0.0
0.8869900800217455,0.0,0.8617105072693761,0.0
0.8870780346896183,0.0,0.8619157192796478,0.0
0.887128773564657,0.0,0.8621282542487478,0.0
0.8871795124396958,0.0,0.8621789931237867,0.0
0.8872302513147347,0.0,0.8622236147962791,0.0
0.8873253268189919,0.0,0.8622682364687716,0.0
0.8873760656940306,0.0,0.8623128581412641,0.0
0.8874206873665231,0.0,0.8623574798137567,0.0
0.8874653090390157,0.0,0.8624021014862492,0.0
0.8875099307115082,0.0,0.8624467231587417,0.0
0.8875545523840007,0.0,0.8626332392761942,0.0
0.8875991740564932,0.0,0.862753836175075,0.0
0.8876437957289858,0.0,0.8628022454050395,0.0
0.887738871233243,0.0,0.8628506546350041,0.0
0.8878339467375003,0.0,0.8628990638649686,0.0
0.8879290222417575,0.0,0.8629474730949332,0.0
0.88797364391425,0.0,0.8629958823248978,0.0
0.888037000253534,0.0,0.8630442915548623,0.0
0.888100356592818,0.0,0.8630927007848269,0.0
0.888163712932102,0.0,0.8649890071981813,0.0
0.8882587884363593,0.0,0.8651096040970621,0.0
0.8883221447756432,0.0,0.8670059105104163,0.0
0.8883855011149272,0.0,0.8670912102676256,0.0
0.8884488574542112,0.0,0.8671765100248349,0.0
0.8885122137934951,0.0,0.8672618097820441,0.0
0.8886072892977523,0.0,0.8673471095392533,0.0
0.888940303565367,0.0,0.8674324092964626,0.0
0.8892733178329817,0.0,0.8675177090536719,0.0
0.8893683933372389,0.0,0.867603008810881,0.0
0.8897014076048536,0.0,0.8677085632009256,0.0
0.8899511544592343,0.0,0.8677916400699662,0.0
0.890200901313615,0.0,0.8678971944600107,0.0
0.8904506481679957,0.0,0.8679479333350495,0.0
0.8905457236722529,0.0,0.8679986722100882,0.0
0.8906407991765102,0.0,0.868049411085127,0.0
0.8907494626368523,0.0,0.8682031419466246,0.0
0.8909385625305083,0.0,0.8682477636191172,0.0
0.8910472259908504,0.0,0.8683111199584012,0.0
0.8912363258845063,0.0,0.868374476297685,0.0
0.8913449893448484,0.0,0.868437832636969,0.0
0.8915340892385043,0.0,0.8685011889762531,0.0
0.8916427526988465,0.0,0.868564545315537,0.0
0.8917061090381304,0.0,0.868627901654821,0.0
0.8917694653774144,0.0,0.868691257994105,0.0
0.8921268802089456,0.0,0.8688449888556026,0.0
0.8921765821509959,0.0,0.8689987197171002,0.0
0.8922262840930463,0.0,0.8690620760563842,0.0
0.8922759860350966,0.0,0.8691254323956682,0.0
0.892325687977147,0.0,0.8692791632571658,0.0
0.8923753899191973,0.0,0.8711754696705202,0.0
0.8924250918612476,0.0,0.8730717760838745,0.0
0.892474793803298,0.0,0.8731077605217048,0.0
0.8925296358981611,0.0,0.8731437449595352,0.0
0.8926382993585033,0.0,0.8731797293973654,0.0
0.8927469628188454,0.0,0.8732157138351958,0.0
0.8928018049137084,0.0,0.8733694446966934,0.0
0.8928566470085716,0.0,0.8734191466387438,0.0
0.8929114891034347,0.0,0.8734688485807942,0.0
0.8929663311982977,0.0,0.8735185505228446,0.0
0.8930211732931609,0.0,0.8735682524648949,0.0
0.893129836753503,0.0,0.8736179544069452,0.0
0.893184678848366,0.0,0.8736676563489956,0.0
0.8932206632861964,0.0,0.8737173582910459,0.0
0.8932566477240267,0.0,0.873772200385909,0.0
0.8932926321618571,0.0,0.8738270424807721,0.0
0.8933286165996874,0.0,0.8738818845756352,0.0
0.8933646010375177,0.0,0.8739367266704984,0.0
0.8934005854753481,0.0,0.8739831374162867,0.0
0.8934365699131783,0.0,0.8740298529130095,0.0
0.8934725543510087,0.0,0.8740765684097322,0.0
0.8935812178113508,0.0,0.874123283906455,0.0
0.8938629254109426,0.0,0.8741699994031777,0.0
0.8941446330105344,0.0,0.8742167148999005,0.0
0.8944263406101262,0.0,0.8742715569947637,0.0
0.8945350040704683,0.0,0.8743263990896267,0.0
0.89481671167006,0.0,0.8744801299511243,0.0
0.8949143632798237,0.0,0.8745349720459875,0.0
0.8950120148895873,0.0,0.8745709564838178,0.0
0.895293722489179,0.0,0.8746069409216481,0.0
0.8955754300887708,0.0,0.8746429253594785,0.0
0.8958571376883626,0.0,0.8746789097973088,0.0
0.8959547892981263,0.0,0.8747148942351392,0.0
0.8959907737359566,0.0,0.8747508786729694,0.0
0.896026758173787,0.0,0.8749046095344671,0.0
0.8961244097835506,0.0,0.8749331298127551,0.0
0.8961708205293389,0.0,0.8750868606742528,0.0
0.8962172312751274,0.0,0.876983167087607,0.0
0.8962636420209158,0.0,0.8788794735009614,0.0
0.8963612936306795,0.0,0.8807757799143158,0.0
0.8964077043764679,0.0,0.8826720863276701,0.0
0.8964541151222564,0.0,0.8827184970734586,0.0
0.89655176673202,0.0,0.882764907819247,0.0
0.8966494183417836,0.0,0.8828113185650355,0.0
0.8967470699515472,0.0,0.8829650494265331,0.0
0.8967934806973356,0.0,0.8830114601723216,0.0
0.8968401961940583,0.0,0.8830578709181099,0.0
0.8968869116907812,0.0,0.8832116017796077,0.0
0.8969336271875039,0.0,0.8833020509955528,0.0
0.8969803426842267,0.0,0.8833925002114981,0.0
0.8970270581809494,0.0,0.8834392157082208,0.0
0.897124709790713,0.0,0.8834859312049436,0.0
0.8971714252874358,0.0,0.8835326467016663,0.0
0.8972747461454761,0.0,0.8835861112905362,0.0
0.8973780670035165,0.0,0.883639575879406,0.0
0.8974247825002393,0.0,0.8836930404682759,0.0
0.897471497996962,0.0,0.8837465050571458,0.0
0.8975249625858319,0.0,0.8838369542730911,0.0
0.8975784271747017,0.0,0.8838904188619608,0.0
0.8976318917635716,0.0,0.8839438834508307,0.0
0.897735212621612,0.0,0.8839973480397006,0.0
0.8977886772104818,0.0,0.8840508126285704,0.0
0.898146092042013,0.0,0.8840793329068585,0.0
0.8981995566308829,0.0,0.8841078531851465,0.0
0.8982530212197528,0.0,0.8841363734634344,0.0
0.8983064858086226,0.0,0.8842268226793797,0.0
0.8983599503974925,0.0,0.8842813655830774,0.0
0.8984134149863624,0.0,0.8843359084867749,0.0
0.8984589257121862,0.0,0.8843904513904726,0.0
0.8985044364380099,0.0,0.8844449942941701,0.0
0.8985499471638337,0.0,0.8844995371978678,0.0
0.8986532680218741,0.0,0.8845530017867376,0.0
0.8987565888799145,0.0,0.8845985125125614,0.0
0.8988599097379549,0.0,0.8846440232383852,0.0
0.8989054204637786,0.0,0.8846895339642089,0.0
0.8989476981904012,0.0,0.8849501344387419,0.0
0.8989899759170238,0.0,0.8850109239614534,0.0
0.899347390748555,0.0,0.8850564346872772,0.0
0.8993896684751775,0.0,0.8850987124138998,0.0
0.8994929893332179,0.0,0.8851409901405224,0.0
0.8995352670598404,0.0,0.8852017796632339,0.0
0.899577544786463,0.0,0.8852440573898565,0.0
0.8996198225130856,0.0,0.8854492694001281,0.0
0.8997026547098245,0.0,0.8854915471267507,0.0
0.8999078667200962,0.0,0.8855338248533733,0.0
0.9001130787303679,0.0,0.8855761025799959,0.0
0.9001842657003583,0.0,0.885666551795941,0.0
0.90038947771063,0.0,0.8857169273534662,0.0
0.9005946897209017,0.0,0.8857673029109913,0.0
0.9007999017311735,0.0,0.8858176784685164,0.0
0.9008710887011638,0.0,0.8859081276844616,0.0
0.9010576048186163,0.0,0.8859585032419868,0.0
0.9011287917886066,0.0,0.8860088787995118,0.0
0.9013153079060592,0.0,0.886059254357037,0.0
0.9015018240235116,0.0,0.8861497035729822,0.0
0.9016883401409641,0.0,0.8862000791305074,0.0
0.901764946195118,0.0,0.8863220962891116,0.0
0.9018415522492721,0.0,0.886444113447716,0.0
0.9019127392192624,0.0,0.8865345626636612,0.0
0.9019839261892527,0.0,0.8868875506789835,0.0
0.9023169404568674,0.0,0.8869779998949288,0.0
0.9023881274268577,0.0,0.8873309879102511,0.0
0.9024385029843828,0.0,0.8876839759255734,0.0
0.902488878541908,0.0,0.8877744251415186,0.0
0.902539254099433,0.0,0.8878767634707562,0.0
0.9026104410694233,0.0,0.8879168157947844,0.0
0.9026608166269485,0.0,0.8880607431825948,0.0
0.9027111921844736,0.0,0.888204670570405,0.0
0.9027615677419988,0.0,0.8883485979582153,0.0
0.9028327547119891,0.0,0.8884925253460255,0.0
0.9028831302695142,0.0,0.8886364527338358,0.0
0.9029231825935425,0.0,0.8887803801216461,0.0
0.9029943695635329,0.0,0.8889855921319179,0.0
0.9030655565335232,0.0,0.8891908041421897,0.0
0.9031056088575515,0.0,0.8893305642347955,0.0
0.9031456611815799,0.0,0.8895357762450672,0.0
0.9032168481515702,0.0,0.8895758285690956,0.0
0.9032569004755985,0.0,0.8896158808931239,0.0
0.9033559740525166,0.0,0.8897182192223614,0.0
0.9034209744693836,0.0,0.8897582715463898,0.0
0.9035200480463017,0.0,0.8898232719632567,0.0
0.9035850484631687,0.0,0.8899256102924943,0.0
0.9036500488800356,0.0,0.8899906107093613,0.0
0.9037150492969027,0.0,0.8900556111262282,0.0
0.9037800497137697,0.0,0.8901206115430953,0.0
0.9038450501306367,0.0,0.8901856119599623,0.0
0.9039100505475036,0.0,0.8902506123768292,0.0
0.9039474949152186,0.0,0.8903156127936962,0.0
0.9039849392829336,0.0,0.8904553728863022,0.0
0.9040223836506485,0.0,0.8906225314772084,0.0
0.9041214572275665,0.0,0.8909597580193642,0.0
0.9042042894243055,0.0,0.8909972023870791,0.0
0.9042871216210444,0.0,0.8910346467547942,0.0
0.9043699538177833,0.0,0.8910720911225091,0.0
0.9044184097557523,0.0,0.8911744294517466,0.0
0.9044668656937213,0.0,0.8912228853897156,0.0
0.9045153216316902,0.0,0.8912713413276845,0.0
0.9045637775696592,0.0,0.8913197972656535,0.0
0.9046466097663981,0.0,0.8913682532036225,0.0
0.9046950657043671,0.0,0.89147059153286,0.0
0.904795848640493,0.0,0.8916377501237662,0.0
0.9048966315766189,0.0,0.8918049087146726,0.0
0.9049450875145879,0.0,0.8919072470439101,0.0
0.9050326827640056,0.0,0.892047007136516,0.0
0.9051334657001315,0.0,0.8921493454657534,0.0
0.9052210609495493,0.0,0.8921691772227417,0.0
0.9053086561989672,0.0,0.8922333333744839,0.0
0.9054525835867775,0.0,0.8922974895262261,0.0
0.9055965109745877,0.0,0.8923173212832144,0.0
0.9056972939107136,0.0,0.8923657772211834,0.0
0.905841221298524,0.0,0.8923856089781715,0.0
0.9059851486863342,0.0,0.8924054407351598,0.0
0.9060859316224601,0.0,0.8924538966731288,0.0
0.9062298590102704,0.0,0.8925414919225466,0.0
0.9063737863980806,0.0,0.8926290871719644,0.0
0.9064745693342066,0.0,0.8927166824213822,0.0
0.9066797813444784,0.0,0.8927365141783704,0.0
0.90688499335475,0.0,0.8928241094277882,0.0
0.9070902053650218,0.0,0.8928960341311069,0.0
0.9072954173752935,0.0,0.8929679588344254,0.0
0.9073962003114194,0.0,0.8933051853765812,0.0
0.9074837955608372,0.0,0.8936424119187371,0.0
0.9075845784969632,0.0,0.8936950242957079,0.0
0.9076853614330891,0.0,0.8937476366726788,0.0
0.9080225879752449,0.0,0.8938195613759973,0.0
0.9083598145174008,0.0,0.8938721737529681,0.0
0.9086970410595566,0.0,0.8939440984562868,0.0
0.9090342676017125,0.0,0.8940160231596053,0.0
0.9091350505378384,0.0,0.8940879478629239,0.0
0.9094722770799942,0.0,0.8944251744050797,0.0
0.9098095036221501,0.0,0.8947624009472356,0.0
0.9101467301643059,0.0,0.8950996274893914,0.0
0.9102177374972735,0.0,0.8954368540315473,0.0
0.9105549640394294,0.0,0.8955087787348658,0.0
0.9106191201911715,0.0,0.8958460052770216,0.0
0.9106832763429138,0.0,0.8959101614287639,0.0
0.9107542836758814,0.0,0.895974317580506,0.0
0.910825291008849,0.0,0.8960384737322482,0.0
0.9108894471605912,0.0,0.8960992632549597,0.0
0.9109536033123334,0.0,0.896163419406702,0.0
0.9110177594640756,0.0,0.8962004498243561,0.0
0.9110887667970432,0.0,0.8962374802420103,0.0
0.9111529229487854,0.0,0.8962745106596645,0.0
0.9111899533664396,0.0,0.896335300182376,0.0
0.9112269837840938,0.0,0.8963960897050874,0.0
0.911264014201748,0.0,0.8965561106061618,0.0
0.9113350215347156,0.0,0.896593141023816,0.0
0.9114060288676832,0.0,0.8966301714414702,0.0
0.9114770362006508,0.0,0.8967901923425445,0.0
0.911514066618305,0.0,0.8968272227601988,0.0
0.9115850739512726,0.0,0.89692731309099,0.0
0.911684102013689,0.0,0.8970274034217814,0.0
0.9117211324313432,0.0,0.8970800157987523,0.0
0.9118201604937596,0.0,0.8971326281757231,0.0
0.9118571909114138,0.0,0.8972524522370058,0.0
0.9119572812422052,0.0,0.8974013550445242,0.0
0.9120573715729965,0.0,0.8975502578520427,0.0
0.9121574619037879,0.0,0.8977102787531169,0.0
0.9122575522345793,0.0,0.8977628911300878,0.0
0.9123576425653707,0.0,0.8978629814608792,0.0
0.912457732896162,0.0,0.8979630717916706,0.0
0.9125578232269534,0.0,0.8981196786803827,0.0
0.9126579135577448,0.0,0.8982762855690947,0.0
0.9127569416201612,0.0,0.8985181565118711,0.0
0.9128350625223136,0.0,0.8987600274546473,0.0
0.91293409058473,0.0,0.8990018983974237,0.0
0.9130122114868823,0.0,0.8992624988719568,0.0
0.9131112395492987,0.0,0.8995043698147331,0.0
0.913189360451451,0.0,0.8997462407575094,0.0
0.9132883885138674,0.0,0.8999881117002858,0.0
0.9133665094160198,0.0,0.9000662033467562,0.0
0.9134441017706151,0.0,0.9003080742895325,0.0
0.9135222226727674,0.0,0.9004081646203239,0.0
0.9136003435749198,0.0,0.9005082549511153,0.0
0.9136784644770721,0.0,0.9006083452819067,0.0
0.9137565853792246,0.0,0.9007084356126981,0.0
0.9138556134416409,0.0,0.9009690360872311,0.0
0.9139546415040573,0.0,0.9010471569893834,0.0
0.9140536695664737,0.0,0.9011252778915358,0.0
0.9141526976288901,0.0,0.9012033987936882,0.0
0.914224969645743,0.0,0.9014639992682212,0.0
0.9142944927285538,0.0,0.9015421201703736,0.0
0.9143667647454067,0.0,0.9016029096930851,0.0
0.9144362878282174,0.0,0.9016810305952374,0.0
0.9145085598450703,0.0,0.90180085465652,0.0
0.9145780829278811,0.0,0.9019206787178027,0.0
0.914647606010692,0.0,0.9020405027790852,0.0
0.9147256976571624,0.0,0.9021603268403678,0.0
0.9148037893036328,0.0,0.9022211163630793,0.0
0.9148733123864435,0.0,0.9022819058857908,0.0
0.914951404032914,0.0,0.9023600267879431,0.0
0.9150209271157248,0.0,0.9024381476900956,0.0
0.9151172851554398,0.0,0.9025162685922479,0.0
0.9151948775100351,0.0,0.9026153127435904,0.0
0.915309131940167,0.0,0.9026351445005787,0.0
0.915405489979882,0.0,0.902654976257567,0.0
0.9155197444100139,0.0,0.9027272482744197,0.0
0.9156161024497289,0.0,0.9027995202912726,0.0
0.915712460489444,0.0,0.9028557148455616,0.0
0.9158267149195759,0.0,0.9029279868624145,0.0
0.9159409693497078,0.0,0.9029841814167033,0.0
0.9160552237798397,0.0,0.9030622730631738,0.0
0.9161694782099716,0.0,0.9032226417874634,0.0
0.9162658362496866,0.0,0.9032788363417522,0.0
0.9163711167287368,0.0,0.9034192090962482,0.0
0.9164524220999769,0.0,0.903475403650537,0.0
0.916533727471217,0.0,0.903615776405033,0.0
0.9166150328424569,0.0,0.9036719709593218,0.0
0.9167203133215072,0.0,0.9037500626057923,0.0
0.9168255938005573,0.0,0.9038062571600811,0.0
0.9169308742796075,0.0,0.9038624517143701,0.0
0.9170121796508475,0.0,0.903976706144502,0.0
0.9171174601298977,0.0,0.9040909605746339,0.0
0.9172227406089478,0.0,0.9042052150047658,0.0
0.917295237862272,0.0,0.9043194694348977,0.0
0.9173677351155961,0.0,0.9044337238650296,0.0
0.9174402323689201,0.0,0.9045479782951615,0.0
0.9175127296222443,0.0,0.9046380212699692,0.0
0.9176071543914506,0.0,0.9047259479138887,0.0
0.9176796516447746,0.0,0.9048159908886964,0.0
0.9177521488980988,0.0,0.9048972962599364,0.0
0.9178246461514229,0.0,0.9049786016311765,0.0
0.917897143404747,0.0,0.9050599070024166,0.0
0.9179915681739532,0.0,0.9051412123736566,0.0
0.9180859929431595,0.0,0.9052312553484642,0.0
0.9181804177123657,0.0,0.9053212983232718,0.0
0.9182517150325118,0.0,0.9053937955765959,0.0
0.918346139801718,0.0,0.9054662928299201,0.0
0.9184174371218641,0.0,0.9055387900832441,0.0
0.9184887344420102,0.0,0.9056112873365683,0.0
0.9185600317621562,0.0,0.9056937976443536,0.0
0.9186313290823023,0.0,0.9058541663686431,0.0
0.9187026264024484,0.0,0.9060145350929326,0.0
0.9187739237225944,0.0,0.9061749038172222,0.0
0.9188452210427405,0.0,0.906308535736401,0.0
0.9189165183628866,0.0,0.9064189650200968,0.0
0.9190114007745461,0.0,0.9065525969392756,0.0
0.9191058255437524,0.0,0.9066630262229713,0.0
0.919193752187672,0.0,0.9067355234762954,0.0
0.9192816788315916,0.0,0.9068080207296195,0.0
0.9193696054755112,0.0,0.9068805179829437,0.0
0.9194575321194308,0.0,0.9069530152362678,0.0
0.9195454587633505,0.0,0.9070409418801874,0.0
0.91963338540727,0.0,0.907128868524107,0.0
0.9197213120511897,0.0,0.9072167951680266,0.0
0.9198092386951093,0.0,0.9073047218119462,0.0
0.9198971653390289,0.0,0.9073926484558659,0.0
0.9199802543384742,0.0,0.9074805750997854,0.0
0.920099833302721,0.0,0.9075685017437051,0.0
0.9201829223021664,0.0,0.9076564283876246,0.0
0.9202773470713727,0.0,0.90773951738707,0.0
0.9204339539600846,0.0,0.907873149306249,0.0
0.9205905608487968,0.0,0.9079562383056943,0.0
0.9206849856180029,0.0,0.9080393273051396,0.0
0.9209268565607793,0.0,0.908122416304585,0.0
0.9211687275035557,0.0,0.9082055053040303,0.0
0.9212631522727619,0.0,0.9082793713647942,0.0
0.9215050232155383,0.0,0.908353237425558,0.0
0.9215787326258866,0.0,0.9084432804003656,0.0
0.921820603568663,0.0,0.9085687169994334,0.0
0.9220624745114393,0.0,0.9086941535985014,0.0
0.9223043454542157,0.0,0.908784196573309,0.0
0.922546216396992,0.0,0.9089096331723768,0.0
0.9226293053964374,0.0,0.9090350697714447,0.0
0.9227030148067857,0.0,0.9091251127462523,0.0
0.9227767242171341,0.0,0.9092505493453202,0.0
0.9228598132165794,0.0,0.9092980237016433,0.0
0.9229429022160248,0.0,0.9093454980579663,0.0
0.9230166116263732,0.0,0.9093929724142894,0.0
0.9230903210367215,0.0,0.9094404467706124,0.0
0.9231641870974854,0.0,0.9094879211269356,0.0
0.9232380531582491,0.0,0.9095967801518275,0.0
0.9233117625685976,0.0,0.9096706462125914,0.0
0.9233856286293614,0.0,0.9097445122733552,0.0
0.9234594946901252,0.0,0.909837368321295,0.0
0.9235332041004736,0.0,0.909930224369235,0.0
0.9236069135108219,0.0,0.9100230804171748,0.0
0.9236807795715858,0.0,0.9100958315425404,0.0
0.9237544889819341,0.0,0.9102524384312525,0.0
0.9238019633382571,0.0,0.9104090453199645,0.0
0.9238756727486056,0.0,0.9105656522086766,0.0
0.9239231471049286,0.0,0.9107222590973886,0.0
0.9239706214612518,0.0,0.9107861467237643,0.0
0.9240180958175748,0.0,0.9108500343501401,0.0
0.9240655701738978,0.0,0.9109139219765158,0.0
0.9241130445302209,0.0,0.9109778096028915,0.0
0.9241605188865439,0.0,0.9110505607282571,0.0
0.9242079932428671,0.0,0.9111144483546328,0.0
0.9243168522677591,0.0,0.9112398849537007,0.0
0.9244364312320058,0.0,0.9113964918424128,0.0
0.9245172734392498,0.0,0.9115530987311248,0.0
0.9245981156464937,0.0,0.9116258498564904,0.0
0.9247069746713857,0.0,0.9116997159172542,0.0
0.9248158336962777,0.0,0.9117724670426198,0.0
0.9249246927211697,0.0,0.9118199413989428,0.0
0.9250335517460618,0.0,0.9118550701611678,0.0
0.9251143939533057,0.0,0.911902544517491,0.0
0.9251952361605497,0.0,0.911950018873814,0.0
0.9253166400286575,0.0,0.9120325291815994,0.0
0.9254380438967654,0.0,0.9121413882064914,0.0
0.9255188861040095,0.0,0.9122502472313834,0.0
0.9255997283112534,0.0,0.9123591062562754,0.0
0.9257211321793613,0.0,0.9124679652811674,0.0
0.9258425360474691,0.0,0.9125504755889527,0.0
0.925963939915577,0.0,0.9126718794570606,0.0
0.9260447821228209,0.0,0.9127932833251685,0.0
0.9261256243300648,0.0,0.9128757936329538,0.0
0.9262064665373089,0.0,0.9129583039407392,0.0
0.9262873087445528,0.0,0.9130797078088471,0.0
0.9263683824573427,0.0,0.913201111676955,0.0
0.9264494561701325,0.0,0.9133001558282975,0.0
0.9265305298829224,0.0,0.9133930118762373,0.0
0.9266116035957123,0.0,0.913442199541795,0.0
0.9266926773085021,0.0,0.9135060871681707,0.0
0.9267717748696327,0.0,0.9136175591230119,0.0
0.9268528485824226,0.0,0.9137290310778532,0.0
0.9269314693031203,0.0,0.9138405030326944,0.0
0.927010090023818,0.0,0.9139519749875356,0.0
0.9270887107445157,0.0,0.9140733788556434,0.0
0.9271673314652135,0.0,0.9141662349035834,0.0
0.927246429026344,0.0,0.9142998668227622,0.0
0.9273250497470418,0.0,0.9143809405355521,0.0
0.9274041473081723,0.0,0.914462014248342,0.0
0.92748276802887,0.0,0.9145430879611318,0.0
0.9275613887495677,0.0,0.9146241616739217,0.0
0.9276400094702655,0.0,0.9147052353867116,0.0
0.9277514814251067,0.0,0.9148388673058905,0.0
0.927862953379948,0.0,0.9149199410186803,0.0
0.9279744253347891,0.0,0.9149985617393781,0.0
0.9280858972896304,0.0,0.9150771824600759,0.0
0.9281649948507609,0.0,0.9151415174758247,0.0
0.9282764668056022,0.0,0.9152058524915736,0.0
0.9283879387604433,0.0,0.9152742446732329,0.0
0.9284994107152846,0.0,0.9153426368548923,0.0
0.9286108826701258,0.0,0.9154110290365515,0.0
0.9286899802312564,0.0,0.9154896497572492,0.0
0.9288014521860976,0.0,0.915568270477947,0.0
0.9288657872018465,0.0,0.9157019023971259,0.0
0.9289301222175954,0.0,0.9157805231178237,0.0
0.9289944572333444,0.0,0.9158910711996354,0.0
0.9290587922490933,0.0,0.9159696919203332,0.0
0.9291431206904788,0.0,0.9160483126410309,0.0
0.9292949004936053,0.0,0.9161269333617287,0.0
0.9293792289349908,0.0,0.9162384053165699,0.0
0.9294635573763763,0.0,0.9163498772714112,0.0
0.929555109694629,0.0,0.9164613492262523,0.0
0.9296466620128815,0.0,0.916639559822095,0.0
0.9298032689015936,0.0,0.9167250454514229,0.0
0.9299598757903057,0.0,0.9169032560472655,0.0
0.9301164826790177,0.0,0.9170814666431082,0.0
0.9302730895677298,0.0,0.9172596772389509,0.0
0.9304296964564418,0.0,0.9173088649045086,0.0
0.9305863033451539,0.0,0.9173943505338364,0.0
0.9306778556634066,0.0,0.9175058224886776,0.0
0.9307421906791554,0.0,0.9175913081180056,0.0
0.9308617696434022,0.0,0.9177027800728468,0.0
0.9309261046591512,0.0,0.9177671150885958,0.0
0.9309904396749,0.0,0.9178314501043446,0.0
0.9310588318565594,0.0,0.9178957851200936,0.0
0.9311272240382186,0.0,0.9179601201358425,0.0
0.9311956162198779,0.0,0.9180244551515914,0.0
0.9312640084015372,0.0,0.9181099407809193,0.0
0.9313324005831964,0.0,0.9181882098727847,0.0
0.9314007927648558,0.0,0.9182940957507725,0.0
0.9314923450831084,0.0,0.9183624879324318,0.0
0.9315706141749738,0.0,0.9184308801140911,0.0
0.9316488832668391,0.0,0.9184555535887532,0.0
0.9317404355850918,0.0,0.9184802270634154,0.0
0.9318187046769572,0.0,0.9185049005380774,0.0
0.9319102569952097,0.0,0.9185295740127396,0.0
0.931988526087075,0.0,0.9185542474874017,0.0
0.9320667951789404,0.0,0.9185789209620638,0.0
0.9321450642708058,0.0,0.9186644065913918,0.0
0.9322070008940259,0.0,0.9186890800660539,0.0
0.9322852699858912,0.0,0.918713753540716,0.0
0.9323635390777566,0.0,0.9189073887786274,0.0
0.9324694249557444,0.0,0.9191010240165388,0.0
0.9325753108337322,0.0,0.9191865096458667,0.0
0.9326372474569522,0.0,0.9192719952751947,0.0
0.932756826421199,0.0,0.9193574809045225,0.0
0.9328627122991868,0.0,0.9194789267448501,0.0
0.9329822912634336,0.0,0.9196003725851777,0.0
0.9330544189896322,0.0,0.9197218184255053,0.0
0.9331603048676199,0.0,0.9198013969469889,0.0
0.9332826847915836,0.0,0.9198809754684727,0.0
0.9334022637558304,0.0,0.9200746107063841,0.0
0.9335384607883982,0.0,0.9201430028880433,0.0
0.9336608407123619,0.0,0.9202212719799087,0.0
0.9337210668550762,0.0,0.920299541071774,0.0
0.9337830034782961,0.0,0.9203778101636394,0.0
0.9338449401015162,0.0,0.9204560792555049,0.0
0.9339803821692949,0.0,0.9205343483473702,0.0
0.9341158242370737,0.0,0.9206126174392356,0.0
0.9341777608602937,0.0,0.920690886531101,0.0
0.9342583926372957,0.0,0.9208780996031647,0.0
0.9343390244142977,0.0,0.9209839854811526,0.0
0.9344339068259573,0.0,0.921130441633611,0.0
0.9345145386029593,0.0,0.9212363275115988,0.0
0.9345951703799613,0.0,0.9213827836640572,0.0
0.9346758021569633,0.0,0.921488669542045,0.0
0.9347480285064103,0.0,0.9216351256945035,0.0
0.9348286602834123,0.0,0.9217815818469619,0.0
0.9349092920604142,0.0,0.9218538081964088,0.0
0.9349815184098611,0.0,0.9219408752805301,0.0
0.935053744759308,0.0,0.9220131016299771,0.0
0.935125971108755,0.0,0.922085327979424,0.0
0.9351981974582019,0.0,0.9221575543288709,0.0
0.9352739751535216,0.0,0.9223630199903224,0.0
0.9354355386547176,0.0,0.9224500870744438,0.0
0.9355113163500374,0.0,0.9226555527358953,0.0
0.9356728798512335,0.0,0.9227426198200167,0.0
0.9357486575465531,0.0,0.9230843130014467,0.0
0.9358244352418728,0.0,0.9232897786628982,0.0
0.9358491087165349,0.0,0.9234952443243496,0.0
0.9358737821911971,0.0,0.9237007099858011,0.0
0.9358984556658592,0.0,0.9237802885072848,0.0
0.9359742333611788,0.0,0.9238525148567317,0.0
0.935998906835841,0.0,0.9239320933782155,0.0
0.9360235803105031,0.0,0.9240936568794116,0.0
0.9360482537851652,0.0,0.9241732354008952,0.0
0.9361240314804848,0.0,0.9243347989020914,0.0
0.936148704955147,0.0,0.9244143774235751,0.0
0.9362244826504666,0.0,0.9245249255053869,0.0
0.9362491561251288,0.0,0.9247121385774507,0.0
0.9364427913630402,0.0,0.9248993516495145,0.0
0.9365185690583598,0.0,0.9250865647215782,0.0
0.9367122042962712,0.0,0.9252279678129427,0.0
0.9369058395341826,0.0,0.925369370904307,0.0
0.9369821395759421,0.0,0.9255107739956715,0.0
0.9370584396177016,0.0,0.9256979870677352,0.0
0.9372456526897655,0.0,0.925885200139799,0.0
0.9374328657618292,0.0,0.9260724132118628,0.0
0.937620078833893,0.0,0.9261829612936746,0.0
0.9378072919059568,0.0,0.9263701743657384,0.0
0.9379945049780205,0.0,0.9265573874378021,0.0
0.93807080501978,0.0,0.9266756024620616,0.0
0.9382580180918438,0.0,0.926793817486321,0.0
0.9384452311639075,0.0,0.9269120325105804,0.0
0.9385215312056671,0.0,0.9270302475348398,0.0
0.9387087442777309,0.0,0.9273719407162697,0.0
0.9388959573497947,0.0,0.9277136338976998,0.0
0.9389784578717073,0.0,0.9280553270791297,0.0
0.9390609583936199,0.0,0.9281567714196263,0.0
0.9391372584353794,0.0,0.9282503109920864,0.0
0.939219758957292,0.0,0.9283608590738983,0.0
0.9393130669307648,0.0,0.9284790740981577,0.0
0.9393955674526774,0.0,0.9285896221799695,0.0
0.93947806797459,0.0,0.9286721227018822,0.0
0.9395713759480628,0.0,0.9287546232237948,0.0
0.9396293261703139,0.0,0.9288371237457074,0.0
0.9397226341437868,0.0,0.92891962426762,0.0
0.9398159421172595,0.0,0.9290021247895326,0.0
0.9398738923395107,0.0,0.9290600750117838,0.0
0.9399582207808962,0.0,0.9291706230935955,0.0
0.9400161710031473,0.0,0.9292811711754074,0.0
0.9400741212253985,0.0,0.9294225742667718,0.0
0.9401755655658949,0.0,0.9295639773581362,0.0
0.9402770099063914,0.0,0.9296575450734752,0.0
0.9403784542468879,0.0,0.9297233592510669,0.0
0.9404627826882734,0.0,0.9297891734286585,0.0
0.94056422702877,0.0,0.9298549876062503,0.0
0.9406656713692665,0.0,0.929920801783842,0.0
0.9407671157097629,0.0,0.9299787520060931,0.0
0.9408514441511484,0.0,0.930072319721432,0.0
0.9409528884916449,0.0,0.9301302699436832,0.0
0.9410543328321415,0.0,0.9301882201659343,0.0
0.9411478724046016,0.0,0.9302896645064308,0.0
0.9412322008459872,0.0,0.9303911088469273,0.0
0.941351779810234,0.0,0.9304925531874237,0.0
0.9414453193826943,0.0,0.9305861209027627,0.0
0.9415388589551544,0.0,0.9306875652432592,0.0
0.9416231873965399,0.0,0.9307890095837558,0.0
0.9417167269690002,0.0,0.9308904539242522,0.0
0.9418102665414604,0.0,0.9309918982647487,0.0
0.9418633769998144,0.0,0.9310733200131208,0.0
0.9419164874581683,0.0,0.9311668877284598,0.0
0.9420100270306284,0.0,0.9312483094768318,0.0
0.9420631374889824,0.0,0.9313297312252039,0.0
0.9421162479473363,0.0,0.931411152973576,0.0
0.9422344629715956,0.0,0.9314925747219481,0.0
0.9423526779958551,0.0,0.9315739964703202,0.0
0.9424708930201144,0.0,0.9316675641856591,0.0
0.9425891080443739,0.0,0.9317611037581194,0.0
0.9426380251161102,0.0,0.9318546433305795,0.0
0.9427562401403695,0.0,0.9319481829030398,0.0
0.9428051572121059,0.0,0.9320417224755001,0.0
0.9428709713896976,0.0,0.9321321360222791,0.0
0.9429367855672893,0.0,0.9322256755947392,0.0
0.943002599744881,0.0,0.932291489772331,0.0
0.9430684139224726,0.0,0.9323573039499227,0.0
0.9431342281000644,0.0,0.9324477174967016,0.0
0.9432000422776561,0.0,0.9325360708029724,0.0
0.9432853420348654,0.0,0.9326244241092432,0.0
0.943351156212457,0.0,0.9327299955820915,0.0
0.9434169703900488,0.0,0.9328355670549398,0.0
0.9434827845676405,0.0,0.9329411385277881,0.0
0.9435485987452322,0.0,0.9330467100006364,0.0
0.9436338985024414,0.0,0.9333653316280084,0.0
0.9437153202508135,0.0,0.9336839532553802,0.0
0.9437967419991856,0.0,0.9340025748827522,0.0
0.9438702412681113,0.0,0.9340929884295311,0.0
0.9439516630164833,0.0,0.9341588026071229,0.0
0.9440330847648554,0.0,0.9342246167847146,0.0
0.9441145065132275,0.0,0.9342904309623064,0.0
0.9441959282615996,0.0,0.934356245139898,0.0
0.9442773500099717,0.0,0.9344376668882701,0.0
0.9443508492788972,0.0,0.9345280804350491,0.0
0.9444322710272693,0.0,0.9346095021834212,0.0
0.9445057702961949,0.0,0.9346999157302002,0.0
0.9446203754462283,0.0,0.9348145208802335,0.0
0.9446938747151539,0.0,0.9349049344270125,0.0
0.9447673739840795,0.0,0.9349953479737915,0.0
0.944840873253005,0.0,0.9351486015701223,0.0
0.9449143725219307,0.0,0.935301855166453,0.0
0.9449878717908562,0.0,0.9354551087627838,0.0
0.9450613710597818,0.0,0.9356083623591146,0.0
0.9450779347759471,0.0,0.9357616159554454,0.0
0.9450944984921125,0.0,0.9359148695517763,0.0
0.9451110622082779,0.0,0.9360012446251907,0.0
0.9451276259244432,0.0,0.9360876196986053,0.0
0.9451441896406086,0.0,0.936176410540419,0.0
0.9452637686048554,0.0,0.9362668240871981,0.0
0.9453859755516264,0.0,0.9363639514392186,0.0
0.9454025392677918,0.0,0.9364610787912391,0.0
0.9454760385367174,0.0,0.9365582061432596,0.0
0.9455291489950713,0.0,0.9366553334952801,0.0
0.9455822594534252,0.0,0.936745747042059,0.0
0.9455906699507122,0.0,0.9367623107582245,0.0
0.9455990804479991,0.0,0.9367788744743898,0.0
0.9456074909452862,0.0,0.9367954381905552,0.0
0.94566060140364,0.0,0.9368120019067205,0.0
0.945669011900927,0.0,0.9368285656228859,0.0
0.945722122359281,0.0,0.9368983081233113,0.0
0.9457752328176349,0.0,0.9369680506237368,0.0
0.945803823470109,0.0,0.9369846143399021,0.0
0.945812233967396,0.0,0.9370543568403276,0.0
0.945820644464683,0.0,0.937124099340753,0.0
0.9458492351171571,0.0,0.9371938418411784,0.0
0.9459463624691776,0.0,0.9372407836786809,0.0
0.9460434898211981,0.0,0.9373282504290567,0.0
0.9461406171732186,0.0,0.9374157171794324,0.0
0.9462377445252392,0.0,0.9375027842635538,0.0
0.9462663351777133,0.0,0.9375497261010564,0.0
0.9462949258301875,0.0,0.9375966679385589,0.0
0.946392053182208,0.0,0.9376050784358458,0.0
0.9464891805342285,0.0,0.9376134889331328,0.0
0.9466113874809996,0.0,0.9376218994304198,0.0
0.9466583293185021,0.0,0.9377089665145412,0.0
0.9467658609305357,0.0,0.9377173770118281,0.0
0.9468733925425694,0.0,0.9378044440959495,0.0
0.9469019831950436,0.0,0.9378915111800709,0.0
0.9469305738475177,0.0,0.9378999216773579,0.0
0.9469591644999918,0.0,0.9379083321746449,0.0
0.9470192535555414,0.0,0.9380018998899838,0.0
0.9470817431867529,0.0,0.9383433444151066,0.0
0.9471442328179644,0.0,0.9385930912694873,0.0
0.9472804298505322,0.0,0.9388428381238679,0.0
0.9474166268831,0.0,0.9390925849782487,0.0
0.9474791165143115,0.0,0.9393423318326293,0.0
0.947526058351814,0.0,0.93959207868701,0.0
0.9475885479830256,0.0,0.9398418255413906,0.0
0.9477107549297966,0.0,0.9399306163832044,0.0
0.9477732445610081,0.0,0.9400194072250182,0.0
0.9478201863985106,0.0,0.9401129749403572,0.0
0.9478826760297222,0.0,0.940201765782171,0.0
0.9479296178672247,0.0,0.940283646328273,0.0
0.9479921074984362,0.0,0.9403807736802935,0.0
0.948083095905774,0.0,0.940477901032314,0.0
0.9481266038406183,0.0,0.9405597815784161,0.0
0.9482488107873894,0.0,0.9406067234159187,0.0
0.9482923187222336,0.0,0.9406918031778749,0.0
0.9483833071295715,0.0,0.9407768829398313,0.0
0.9484268150644157,0.0,0.9408619627017876,0.0
0.94847032299926,0.0,0.9409054706366319,0.0
0.9485138309341044,0.0,0.9409873511827339,0.0
0.9485573388689487,0.0,0.9410308591175782,0.0
0.9485864107833372,0.0,0.9410743670524225,0.0
0.9486154826977257,0.0,0.9411178749872668,0.0
0.9486445546121142,0.0,0.9411613829221112,0.0
0.9486736265265027,0.0,0.9412048908569555,0.0
0.9487026984408912,0.0,0.941233962771344,0.0
0.9487317703552797,0.0,0.9412630346857325,0.0
0.9487608422696682,0.0,0.941292106600121,0.0
0.9487899141840567,0.0,0.9413211785145095,0.0
0.9488189860984452,0.0,0.941350250428898,0.0
0.9488480580128337,0.0,0.9416916949540207,0.0
0.9488771299272223,0.0,0.9417799447186227,0.0
0.9489993368739933,0.0,0.9418457808846966,0.0
0.9490844166359496,0.0,0.9419116170507705,0.0
0.9491694963979058,0.0,0.9419774532168445,0.0
0.9492604848052437,0.0,0.942006525131233,0.0
0.9493455645672,0.0,0.9420355970456215,0.0
0.9494306443291562,0.0,0.94206466896001,0.0
0.949521632736494,0.0,0.9420937408743985,0.0
0.9496067124984504,0.0,0.942122812788787,0.0
0.9496917922604067,0.0,0.9421518847031755,0.0
0.9497768720223629,0.0,0.9422983408556339,0.0
0.9498619517843193,0.0,0.9423834206175903,0.0
0.9499470315462756,0.0,0.9424685003795465,0.0
0.9500380199536134,0.0,0.942614956532005,0.0
0.9501262697182153,0.0,0.9427000362939613,0.0
0.9502145194828173,0.0,0.9427851160559176,0.0
0.9503055078901551,0.0,0.9428509522219916,0.0
0.9503818382579263,0.0,0.9429349247532254,0.0
0.9505350918542571,0.0,0.9430188972844592,0.0
0.950688345450588,0.0,0.9431028698156931,0.0
0.9508415990469188,0.0,0.943186842346927,0.0
0.9509948526432496,0.0,0.9432708148781608,0.0
0.9511481062395803,0.0,0.9433547874093946,0.0
0.9513013598359111,0.0,0.943439867171351,0.0
0.9513877349093256,0.0,0.9435249469333072,0.0
0.9514741099827402,0.0,0.9436714030857657,0.0
0.951565098390078,0.0,0.9437596528503677,0.0
0.9516560867974158,0.0,0.9438479026149696,0.0
0.9517443365620177,0.0,0.9439943587674281,0.0
0.9518325863266197,0.0,0.9441408149198866,0.0
0.9519208360912217,0.0,0.9442290646844885,0.0
0.9519866722572956,0.0,0.9443173144490904,0.0
0.9520525084233695,0.0,0.9446503287167051,0.0
0.9521183445894434,0.0,0.9449833429843197,0.0
0.9521841807555174,0.0,0.9452330898387005,0.0
0.952268209003365,0.0,0.9454828366930811,0.0
0.9523340451694389,0.0,0.9457325835474618,0.0
0.9524180734172866,0.0,0.9460512051748337,0.0
0.9525021016651342,0.0,0.9463698268022056,0.0
0.9525679378312081,0.0,0.9464633945175446,0.0
0.952633773997282,0.0,0.9467820161449165,0.0
0.9527177465285159,0.0,0.9471006377722884,0.0
0.9528017190597498,0.0,0.9474192593996603,0.0
0.9528857473075975,0.0,0.9474850955657342,0.0
0.9530206347406532,0.0,0.9475786632810732,0.0
0.9530671891357476,0.0,0.9476444994471471,0.0
0.953113743530842,0.0,0.9477380671624861,0.0
0.9531602979259364,0.0,0.94780390332856,0.0
0.9532068523210308,0.0,0.9479571569248908,0.0
0.953253406716125,0.0,0.9481104105212216,0.0
0.9533374349639727,0.0,0.9481943830524554,0.0
0.9535051777680817,0.0,0.9482155024119787,0.0
0.9536127093801154,0.0,0.948236621771502,0.0
0.9536966819113493,0.0,0.9482577411310253,0.0
0.9537806544425831,0.0,0.9482788604905487,0.0
0.953864626973817,0.0,0.948299979850072,0.0
0.9539486552216646,0.0,0.9483210992095953,0.0
0.9540326277528985,0.0,0.9484146669249343,0.0
0.9541166002841324,0.0,0.9484357862844576,0.0
0.9541377196436557,0.0,0.9485055287848829,0.0
0.954158839003179,0.0,0.948579890858575,0.0
0.9541799583627023,0.0,0.948654252932267,0.0
0.9542732663361752,0.0,0.9487239954326925,0.0
0.9542943856956985,0.0,0.9490570097003072,0.0
0.9543155050552218,0.0,0.9491267522007325,0.0
0.954336624414745,0.0,0.9492103920887465,0.0
0.9544299323882178,0.0,0.9495434063563611,0.0
0.9544510517477411,0.0,0.9496308731067369,0.0
0.95452577905025,0.0,0.9497183398571126,0.0
0.9546001411239421,0.0,0.9497927019308047,0.0
0.9546745031976341,0.0,0.9498670640044966,0.0
0.954749230500143,0.0,0.9499740628980847,0.0
0.9548239578026521,0.0,0.9500810617916728,0.0
0.9548983198763441,0.0,0.950188060685261,0.0
0.954973047178853,0.0,0.9502950595788491,0.0
0.955047409252545,0.0,0.9504020584724372,0.0
0.9551217713262371,0.0,0.9505090573660253,0.0
0.9551961333999291,0.0,0.950596524116401,0.0
0.955270860702438,0.0,0.9507035230099892,0.0
0.9553452227761301,0.0,0.9508105219035773,0.0
0.955407429003541,0.0,0.9508946722709614,0.0
0.95548215630605,0.0,0.9510399016725334,0.0
0.955544362533461,0.0,0.9511690857851463,0.0
0.9556044237519403,0.0,0.9512982698977591,0.0
0.9556666299793513,0.0,0.9514515234940899,0.0
0.9557266911978306,0.0,0.951525885567782,0.0
0.9557867524163101,0.0,0.951600247641474,0.0
0.955848958643721,0.0,0.951674609715166,0.0
0.9559090198622003,0.0,0.951736815942577,0.0
0.9559780312933749,0.0,0.951799022169988,0.0
0.9560380925118542,0.0,0.9518864889203638,0.0
0.9560981537303336,0.0,0.9519486951477747,0.0
0.9561582149488129,0.0,0.9520109013751857,0.0
0.9562345453165843,0.0,0.9520799128063603,0.0
0.9562946065350636,0.0,0.9521565188605142,0.0
0.9563546677535429,0.0,0.9522331249146682,0.0
0.9564388181209271,0.0,0.9523178859986604,0.0
0.9565458170145152,0.0,0.9524026470826527,0.0
0.9566528159081032,0.0,0.9524874081666448,0.0
0.9567598148016914,0.0,0.952572169250637,0.0
0.9568668136952795,0.0,0.9527076113184157,0.0
0.9569738125888676,0.0,0.9527950780687915,0.0
0.9570808114824557,0.0,0.9528825448191672,0.0
0.9571310193082538,0.0,0.9529774272308269,0.0
0.957238018201842,0.0,0.9530752398997455,0.0
0.9573450170954301,0.0,0.953173052568664,0.0
0.9574982706917609,0.0,0.9532708652375826,0.0
0.9576515242880916,0.0,0.9533657476492423,0.0
0.9578047778844224,0.0,0.9534635603181608,0.0
0.9578889282518065,0.0,0.9535613729870794,0.0
0.9579730786191907,0.0,0.953659185655998,0.0
0.9580232864449888,0.0,0.9537569983249167,0.0
0.958107436812373,0.0,0.9538309085835066,0.0
0.958157644638171,0.0,0.9539048188420965,0.0
0.9582630004395591,0.0,0.9540901895027614,0.0
0.9583683562409472,0.0,0.9541640997613513,0.0
0.9584737120423353,0.0,0.9542932838739642,0.0
0.9585790678437234,0.0,0.9544224679865771,0.0
0.9586844236451115,0.0,0.9545066183539612,0.0
0.9587897794464996,0.0,0.9545907687213454,0.0
0.9588773612828158,0.0,0.9546749190887296,0.0
0.958964943119132,0.0,0.9548602897493944,0.0
0.9590525249554482,0.0,0.9549656455507824,0.0
0.9591401067917645,0.0,0.9550710013521705,0.0
0.9591903146175625,0.0,0.9551763571535586,0.0
0.9592778964538788,0.0,0.9552817129549467,0.0
0.959365478290195,0.0,0.9553870687563348,0.0
0.9594156861159931,0.0,0.955471829840327,0.0
0.9595609155175651,0.0,0.9558132743654498,0.0
0.9596900996301779,0.0,0.9558993882529024,0.0
0.959740307455976,0.0,0.9559841493368946,0.0
0.9597905152817742,0.0,0.9560689104208868,0.0
0.9598407231075722,0.0,0.9561550243083394,0.0
0.9598909309333703,0.0,0.9562397853923316,0.0
0.9600201150459832,0.0,0.9563451411937197,0.0
0.9600703228717813,0.0,0.9564327230300359,0.0
0.9601995069843942,0.0,0.9565203048663522,0.0
0.960328691097007,0.0,0.9566078867026684,0.0
0.960402601355597,0.0,0.9566954685389846,0.0
0.9604765116141869,0.0,0.9567815824264372,0.0
0.9605504218727768,0.0,0.9568691642627535,0.0
0.9606243321313669,0.0,0.9569567460990697,0.0
0.9607006624991381,0.0,0.9570306563576596,0.0
0.960774572757728,0.0,0.9571045666162495,0.0
0.9608484830163181,0.0,0.9571906805037022,0.0
0.9609158164931211,0.0,0.9572884931726208,0.0
0.9609740200862275,0.0,0.9573624034312107,0.0
0.9610413535630304,0.0,0.9574206070243171,0.0
0.9611086870398335,0.0,0.9575184196932357,0.0
0.9611668906329399,0.0,0.9576181910487491,0.0
0.9612890975797109,0.0,0.9577179624042625,0.0
0.9614113045264819,0.0,0.9578157750731812,0.0
0.9615089695748312,0.0,0.9579155464286946,0.0
0.9615864839397587,0.0,0.9580153177842081,0.0
0.9616639983046861,0.0,0.95816054718578,0.0
0.9617415126696136,0.0,0.9583057765873519,0.0
0.961819027034541,0.0,0.958451005988924,0.0
0.9618965413994685,0.0,0.9585872030214917,0.0
0.9619740557643959,0.0,0.9586850156904103,0.0
0.9620515701293234,0.0,0.9588204577581891,0.0
0.9621864575623792,0.0,0.9588765112540498,0.0
0.9623213449954351,0.0,0.9589325647499105,0.0
0.9624562324284909,0.0,0.9589683476939035,0.0
0.9625235659052939,0.0,0.9590041306378965,0.0
0.9626584533383498,0.0,0.9591493600394685,0.0
0.9627257868151528,0.0,0.9592945894410404,0.0
0.9628383367365398,0.0,0.9594398188426123,0.0
0.9629508866579268,0.0,0.9594980224357187,0.0
0.9630634365793139,0.0,0.9595788462944513,0.0
0.9631856435260849,0.0,0.959659670153184,0.0
0.9632981934474719,0.0,0.9597404940119165,0.0
0.963365526924275,0.0,0.9598530439333036,0.0
0.963487733871046,0.0,0.9599655938546906,0.0
0.9636073716099919,0.0,0.9600781437760777,0.0
0.9637199215313789,0.0,0.9601589676348102,0.0
0.9637872550081819,0.0,0.9602715175561973,0.0
0.9638433085040427,0.0,0.9603316066117469,0.0
0.9639106419808456,0.0,0.9604124304704794,0.0
0.9639666954767064,0.0,0.9605486275030473,0.0
0.9640340289535094,0.0,0.9606848245356151,0.0
0.9640900824493701,0.0,0.9607656483943476,0.0
0.9641461359452309,0.0,0.9608781983157347,0.0
0.9642021894410916,0.0,0.9609590221744673,0.0
0.9642582429369524,0.0,0.9610150756703281,0.0
0.9643142964328131,0.0,0.9610736758291302,0.0
0.9643703499286738,0.0,0.9611297293249909,0.0
0.9644264034245346,0.0,0.9611883294837931,0.0
0.9644621863685275,0.0,0.9612443829796538,0.0
0.9644979693125205,0.0,0.9613004364755144,0.0
0.9645337522565134,0.0,0.9613564899713752,0.0
0.9645695352005064,0.0,0.9614125434672359,0.0
0.9646053181444993,0.0,0.9614685969630967,0.0
0.9646411010884923,0.0,0.9615067880047918,0.0
0.9647084345652954,0.0,0.961544979046487,0.0
0.9647442175092884,0.0,0.9615831700881821,0.0
0.9647901841913713,0.0,0.9616417702469842,0.0
0.9648899555468847,0.0,0.9616775531909771,0.0
0.9649897269023981,0.0,0.9617133361349701,0.0
0.9650568462452783,0.0,0.9617491190789631,0.0
0.9651566176007917,0.0,0.9617849020229561,0.0
0.9652563889563052,0.0,0.9618435021817582,0.0
0.9654016183578771,0.0,0.9618792851257512,0.0
0.9655468477594491,0.0,0.9619252518078341,0.0
0.965692077161021,0.0,0.962008891695848,0.0
0.9658373065625929,0.0,0.9620925315838619,0.0
0.9659825359641648,0.0,0.9622538884094651,0.0
0.9661277653657369,0.0,0.9623375282974791,0.0
0.9661948847086169,0.0,0.962421168185493,0.0
0.966262004051497,0.0,0.9625048080735069,0.0
0.9663291233943772,0.0,0.9625884479615209,0.0
0.9663962427372572,0.0,0.9626389881714511,0.0
0.9664633620801373,0.0,0.9626895283813813,0.0
0.9665533203969524,0.0,0.9627400685913116,0.0
0.9666432787137674,0.0,0.9628237084793255,0.0
0.9667332370305826,0.0,0.962932147484707,0.0
0.9667969792152746,0.0,0.9629826876946372,0.0
0.9668607213999667,0.0,0.9630688015820899,0.0
0.9669506797167817,0.0,0.9631193417920201,0.0
0.9670144219014738,0.0,0.9632093001088352,0.0
0.9670781640861659,0.0,0.9632992584256502,0.0
0.967116355127861,0.0,0.9633892167424654,0.0
0.9671545461695561,0.0,0.9634753306299179,0.0
0.9671927372112513,0.0,0.963565288946733,0.0
0.9672564793959434,0.0,0.9636514028341856,0.0
0.9672946704376385,0.0,0.96369795722928,0.0
0.9673328614793336,0.0,0.9637445116243742,0.0
0.9673966036640257,0.0,0.963795266048927,0.0
0.9674603458487178,0.0,0.9638434468059468,0.0
0.9675327553010172,0.0,0.9640913894070363,0.0
0.9675832955109476,0.0,0.9643393320081257,0.0
0.9676338357208778,0.0,0.9645872746092152,0.0
0.967684375930808,0.0,0.9648352172103047,0.0
0.9677481181155001,0.0,0.9650831598113943,0.0
0.9678118603001922,0.0,0.9651313405684141,0.0
0.9678624005101224,0.0,0.9653792831695036,0.0
0.9679307039351055,0.0,0.9656272257705931,0.0
0.9679812441450357,0.0,0.9658751683716826,0.0
0.9680495475700188,0.0,0.9660365251972859,0.0
0.9681178509950019,0.0,0.966074716238981,0.0
0.9681727802622832,0.0,0.9661129072806761,0.0
0.9682277095295644,0.0,0.9661663174993391,0.0
0.9682826387968457,0.0,0.9662197277180021,0.0
0.968337568064127,0.0,0.9662731379366652,0.0
0.9683924973314082,0.0,0.966321318693685,0.0
0.9684608007563913,0.0,0.9663694994507048,0.0
0.9685157300236726,0.0,0.9664244287179861,0.0
0.9685840334486556,0.0,0.9664793579852674,0.0
0.968638962715937,0.0,0.9666127428621285,0.0
0.9686923729346,0.0,0.9667461277389896,0.0
0.968745783153263,0.0,0.9668795126158507,0.0
0.9687991933719261,0.0,0.9670128974927118,0.0
0.9688526035905891,0.0,0.9671462823695729,0.0
0.9689060138092521,0.0,0.9672323962570255,0.0
0.9689594240279152,0.0,0.9673321676125389,0.0
0.9690128342465782,0.0,0.9674182814999915,0.0
0.9690852436988778,0.0,0.9674648358950859,0.0
0.969243726909756,0.0,0.9675257364220435,0.0
0.9692971371284191,0.0,0.9675866369490013,0.0
0.9693505473470821,0.0,0.9676727508364538,0.0
0.9694188507720652,0.0,0.9676975451330899,0.0
0.9694797512990229,0.0,0.9677973164886033,0.0
0.9695406518259806,0.0,0.9678522457558846,0.0
0.9696015523529383,0.0,0.9679071750231659,0.0
0.9696624528798959,0.0,0.9679621042904472,0.0
0.969730756304879,0.0,0.9680482181778998,0.0
0.9697916568318368,0.0,0.968103147445181,0.0
0.9698525573587944,0.0,0.9681892613326336,0.0
0.9700110405696727,0.0,0.9682441905999148,0.0
0.9701444254465338,0.0,0.9682976008185779,0.0
0.9702778103233949,0.0,0.968351011037241,0.0
0.970411195200256,0.0,0.968404421255904,0.0
0.9705445800771171,0.0,0.968457831474567,0.0
0.9706128835021002,0.0,0.9685927189076229,0.0
0.9706849853704892,0.0,0.9687276063406787,0.0
0.9708183702473503,0.0,0.9688624937737346,0.0
0.9708904721157393,0.0,0.9689210939325367,0.0
0.9709625739841284,0.0,0.9690559813655925,0.0
0.9710623453396419,0.0,0.9691908687986484,0.0
0.9712208285505202,0.0,0.9692374231937427,0.0
0.9712929304189092,0.0,0.9692839775888371,0.0
0.9714925973391642,0.0,0.9693425777476392,0.0
0.9715646992075532,0.0,0.9693959879663022,0.0
0.9717643661278081,0.0,0.9694493981849652,0.0
0.9718364679961972,0.0,0.9695079983437674,0.0
0.9719085698645863,0.0,0.9695688988707251,0.0
0.9719806717329753,0.0,0.9696297993976828,0.0
0.9720527736013643,0.0,0.9696906999246404,0.0
0.9721504386497136,0.0,0.9697516004515981,0.0
0.9722481036980628,0.0,0.9698183657404144,0.0
0.972345768746412,0.0,0.9698851310292307,0.0
0.9724434337947613,0.0,0.9699518963180469,0.0
0.9725410988431105,0.0,0.9700329888550503,0.0
0.9726408701986239,0.0,0.9701140813920536,0.0
0.97266566449526,0.0,0.970195173929057,0.0
0.9727384156206256,0.0,0.970210935443635,0.0
0.9728111667459911,0.0,0.9702920279806384,0.0
0.9728839178713568,0.0,0.9703731205176417,0.0
0.9729949206479676,0.0,0.9703888820322197,0.0
0.9730106821625456,0.0,0.9704699745692231,0.0
0.9731691653734239,0.0,0.9704857360838012,0.0
0.9733276485843021,0.0,0.9705014975983792,0.0
0.9733434100988803,0.0,0.9705172591129573,0.0
0.9734544128754911,0.0,0.9705947734778847,0.0
0.9734701743900691,0.0,0.9706722878428121,0.0
0.9734859359046472,0.0,0.970729408147455,0.0
0.973596938681258,0.0,0.9707865284520978,0.0
0.973612700195836,0.0,0.9708436487567407,0.0
0.9737711834067143,0.0,0.9709007690613835,0.0
0.9737869449212924,0.0,0.9709578893660262,0.0
0.9738501654815925,0.0,0.9710164895248284,0.0
0.9739133860418927,0.0,0.9710322510394065,0.0
0.9740243888185035,0.0,0.9710954715997066,0.0
0.9740876093788037,0.0,0.9711586921600067,0.0
0.9741508299391037,0.0,0.9712219127203069,0.0
0.9742140504994039,0.0,0.9712851332806071,0.0
0.9742772710597041,0.0,0.9713483538409071,0.0
0.9743404916200042,0.0,0.9714115744012073,0.0
0.974451494396615,0.0,0.9714747949615075,0.0
0.9745147149569152,0.0,0.9715255493860601,0.0
0.9745814802457314,0.0,0.9715887699463602,0.0
0.9746482455345478,0.0,0.9716361155870269,0.0
0.974715010823364,0.0,0.9716834612276936,0.0
0.9747966096688491,0.0,0.9717308068683601,0.0
0.9748633749576654,0.0,0.9717781525090268,0.0
0.9749301402464816,0.0,0.9718254981496934,0.0
0.9750411430230924,0.0,0.9718728437903601,0.0
0.9751079083119087,0.0,0.9719201894310266,0.0
0.975174673600725,0.0,0.9719709438555794,0.0
0.9752414388895413,0.0,0.9719997012395318,0.0
0.9753082041783575,0.0,0.9720504556640844,0.0
0.9753653244830004,0.0,0.9721172209529008,0.0
0.9754763272596112,0.0,0.972183986241717,0.0
0.975533447564254,0.0,0.9722507515305333,0.0
0.9756444503408649,0.0,0.9723175168193495,0.0
0.9757015706455077,0.0,0.9723842821081659,0.0
0.9758125734221185,0.0,0.9724510473969821,0.0
0.9758696937267614,0.0,0.9725018018215347,0.0
0.9759268140314041,0.0,0.9727014687417896,0.0
0.975983934336047,0.0,0.9727522231663424,0.0
0.9760410546406898,0.0,0.972802977590895,0.0
0.9760981749453326,0.0,0.9728804919558225,0.0
0.9761552952499755,0.0,0.9729580063207499,0.0
0.9762026408906421,0.0,0.9730355206856773,0.0
0.9762499865313087,0.0,0.9731130350506048,0.0
0.9762973321719753,0.0,0.9731905494155323,0.0
0.976344677812642,0.0,0.9732476697201751,0.0
0.9763920234533087,0.0,0.973304790024818,0.0
0.9764393690939752,0.0,0.9733619103294607,0.0
0.9764867147346419,0.0,0.9734190306341035,0.0
0.9765340603753085,0.0,0.9734663762747702,0.0
0.9765814060159752,0.0,0.9735137219154368,0.0
0.9766287516566418,0.0,0.9735610675561035,0.0
0.976710350502127,0.0,0.973589824940056,0.0
0.9767391078860794,0.0,0.9736185823240084,0.0
0.9767678652700319,0.0,0.9738458194455543,0.0
0.9767966226539844,0.0,0.9738745768295067,0.0
0.9768525606264286,0.0,0.9739033342134592,0.0
0.976881318010381,0.0,0.9739320915974118,0.0
0.9769100753943335,0.0,0.9741593287189576,0.0
0.976938832778286,0.0,0.9741880861029101,0.0
0.9769947707507302,0.0,0.974233215973951,0.0
0.9770235281346826,0.0,0.9742783458449917,0.0
0.9770686580057235,0.0,0.9743234757160326,0.0
0.9771137878767644,0.0,0.9743686055870735,0.0
0.9771589177478053,0.0,0.9744137354581144,0.0
0.977204047618846,0.0,0.9746134023783692,0.0
0.9772491774898869,0.0,0.9748406394999152,0.0
0.9772943073609278,0.0,0.9750403064201701,0.0
0.9773759062064129,0.0,0.9750854362912109,0.0
0.9774318441788571,0.0,0.9753126734127567,0.0
0.977476974049898,0.0,0.9755399105343027,0.0
0.9775221039209387,0.0,0.9755850404053434,0.0
0.9775800010981534,0.0,0.9756301702763843,0.0
0.977637898275368,0.0,0.9758828521620349,0.0
0.9776957954525825,0.0,0.9761355340476853,0.0
0.977753692629797,0.0,0.9763882159333358,0.0
0.9778096306022411,0.0,0.9766408978189863,0.0
0.9778770894180648,0.0,0.9768419154275261,0.0
0.9779445482338885,0.0,0.9770429330360658,0.0
0.9781972301195391,0.0,0.9772439506446056,0.0
0.9784499120051896,0.0,0.9774711877661514,0.0
0.97870259389084,0.0,0.9776984248876972,0.0
0.9789552757764906,0.0,0.977899442496237,0.0
0.9791562933850303,0.0,0.9780848131569017,0.0
0.97935731099357,0.0,0.9781779954345772,0.0
0.9795583286021098,0.0,0.978363366095242,0.0
0.9796399274475949,0.0,0.9784115468522618,0.0
0.9796958654200391,0.0,0.9784597276092817,0.0
0.9798968830285788,0.0,0.9786593945295367,0.0
0.9799528210010229,0.0,0.9787075752865564,0.0
0.9800087589734671,0.0,0.9787557560435762,0.0
0.980100288075756,0.0,0.9788136532207907,0.0
0.9801677468915797,0.0,0.9788715503980053,0.0
0.9802236848640239,0.0,0.9789294475752199,0.0
0.9802920232955881,0.0,0.9789873447524344,0.0
0.9803603617271522,0.0,0.9790548035682581,0.0
0.9804535440048278,0.0,0.9791222623840818,0.0
0.9805467262825033,0.0,0.9791897211999055,0.0
0.9806399085601788,0.0,0.9792571800157293,0.0
0.9807330908378544,0.0,0.979324638831553,0.0
0.9808014292694186,0.0,0.9793920976473767,0.0
0.9808697677009828,0.0,0.9794595564632004,0.0
0.9809612968032717,0.0,0.9795406490002037,0.0
0.9811609637235267,0.0,0.9795881062270021,0.0
0.9813606306437817,0.0,0.9796245524951637,0.0
0.9814289690753458,0.0,0.979705645032167,0.0
0.9814964278911695,0.0,0.9797615454666151,0.0
0.9815638867069932,0.0,0.9798174459010631,0.0
0.981631345522817,0.0,0.9798733463355112,0.0
0.9816988043386407,0.0,0.9799292467699593,0.0
0.9817671427702048,0.0,0.9802677864539091,0.0
0.981835481201769,0.0,0.9803459966606446,0.0
0.9818829384285674,0.0,0.9804242068673801,0.0
0.9819512768601316,0.0,0.9805173891450557,0.0
0.9820196152916958,0.0,0.9806105714227312,0.0
0.98208795372326,0.0,0.9807037537004067,0.0
0.9821562921548241,0.0,0.9807581032481715,0.0
0.9822264118955457,0.0,0.9807976620609552,0.0
0.9822823123299937,0.0,0.980837220873739,0.0
0.9823382127644418,0.0,0.9809154310804745,0.0
0.9823941131988899,0.0,0.9809713315149226,0.0
0.982450013633338,0.0,0.9810272319493706,0.0
0.9825201333740595,0.0,0.9812214137860366,0.0
0.9825760338085076,0.0,0.9814155956227025,0.0
0.9826319342429556,0.0,0.9816097774593685,0.0
0.9827020539836772,0.0,0.9818039592960345,0.0
0.9827721737243986,0.0,0.9819981411327005,0.0
0.9828265232721635,0.0,0.9821923229693663,0.0
0.9828808728199283,0.0,0.9824450048550168,0.0
0.9829509925606498,0.0,0.9825232150617523,0.0
0.9830053421084146,0.0,0.9826014252684878,0.0
0.9831196231863614,0.0,0.9828541071541383,0.0
0.9831739727341261,0.0,0.9829323173608738,0.0
0.9832135315469099,0.0,0.9830018774295265,0.0
0.9832530903596937,0.0,0.983080087636262,0.0
0.9833232101004151,0.0,0.9831496477049146,0.0
0.9833933298411367,0.0,0.9832192077735672,0.0
0.9834328886539204,0.0,0.9832887678422199,0.0
0.9834724474667041,0.0,0.9833669780489553,0.0
0.9835425672074256,0.0,0.9834451882556908,0.0
0.9835962141940896,0.0,0.9837837279396408,0.0
0.9836498611807536,0.0,0.9841222676235906,0.0
0.9837035081674175,0.0,0.9843749495092411,0.0
0.9837571551540815,0.0,0.9844319814989311,0.0
0.9838108021407455,0.0,0.9844863310466959,0.0
0.9840049839774113,0.0,0.9845406805944608,0.0
0.9841991658140773,0.0,0.9845950301422255,0.0
0.9843933476507433,0.0,0.9846520621319156,0.0
0.9845875294874092,0.0,0.9848134189575188,0.0
0.9847817113240752,0.0,0.9849136235587613,0.0
0.9848518310647967,0.0,0.9850742951524133,0.0
0.9849283629603841,0.0,0.985113853965197,0.0
0.98512254479705,0.0,0.9851534127779807,0.0
0.9853752266827005,0.0,0.9852644155545915,0.0
0.9854517585782879,0.0,0.9853180625412555,0.0
0.9855282904738752,0.0,0.9853717095279195,0.0
0.9856048223694626,0.0,0.9854253565145834,0.0
0.9858575042551131,0.0,0.9854790035012474,0.0
0.9861101861407636,0.0,0.9855326504879114,0.0
0.9861638331274275,0.0,0.9855862974745753,0.0
0.9862174801140915,0.0,0.9856399444612393,0.0
0.9862940120096789,0.0,0.9857126955866048,0.0
0.9863540573600937,0.0,0.9858733671802568,0.0
0.9864305892556812,0.0,0.9860340387739087,0.0
0.9865071211512685,0.0,0.9860940841243236,0.0
0.9865671665016834,0.0,0.9861668352496893,0.0
0.9866436983972708,0.0,0.9862268806001042,0.0
0.9867202302928582,0.0,0.9862839125897942,0.0
0.9867810336661473,0.0,0.9863447159630834,0.0
0.9868418370394364,0.0,0.9864055193363724,0.0
0.9869026404127256,0.0,0.9864663227096616,0.0
0.9869634437860147,0.0,0.9865271260829508,0.0
0.9870399756816021,0.0,0.9865879294562399,0.0
0.9873785153655519,0.0,0.986648732829529,0.0
0.9877170550495018,0.0,0.9867095362028182,0.0
0.9877757764189096,0.0,0.9868072012511674,0.0
0.9878734414672588,0.0,0.9869268942140355,0.0
0.9879711065156079,0.0,0.9870465871769036,0.0
0.9880298278850157,0.0,0.9871036191665936,0.0
0.9880885492544235,0.0,0.9871606511562837,0.0
0.9882082422172915,0.0,0.9872583162046329,0.0
0.9883279351801596,0.0,0.9873559812529821,0.0
0.9883866565495674,0.0,0.9874536463013314,0.0
0.9887251962335173,0.0,0.9875513113496805,0.0
0.9887859996068064,0.0,0.9876082029520222,0.0
0.9888447209762141,0.0,0.9876650945543639,0.0
0.9889055243495033,0.0,0.9877219861567056,0.0
0.9889663277227924,0.0,0.9878621151308413,0.0
0.989023219325134,0.0,0.988002244104977,0.0
0.9890801109274757,0.0,0.988059276094667,0.0
0.9891370025298174,0.0,0.9881994050688027,0.0
0.9891957238992252,0.0,0.9883395340429384,0.0
0.9892526155015668,0.0,0.9884796630170741,0.0
0.9893095071039085,0.0,0.9886197919912098,0.0
0.9893663987062502,0.0,0.9887599209653455,0.0
0.9894232903085919,0.0,0.9889541028020115,0.0
0.9894642713051445,0.0,0.9890010339362156,0.0
0.9895052523016971,0.0,0.9891952157728816,0.0
0.9895462332982496,0.0,0.9892522477625717,0.0
0.9896049546676574,0.0,0.9893092797522617,0.0
0.9896636760370651,0.0,0.9893661713546034,0.0
0.9898038050112008,0.0,0.989423062956945,0.0
0.9899439339853365,0.0,0.9894799545592867,0.0
0.9900582150632833,0.0,0.9895368461616284,0.0
0.9901983440374189,0.0,0.989577827158181,0.0
0.9903384730115546,0.0,0.9896188081547336,0.0
0.9904786019856903,0.0,0.9896597891512862,0.0
0.990618730959826,0.0,0.9897168211409761,0.0
0.9907588599339617,0.0,0.9897546508614077,0.0
0.9908175813033694,0.0,0.989852315909757,0.0
0.9908790259316455,0.0,0.9899499809581062,0.0
0.9909404705599214,0.0,0.9900476460064555,0.0
0.9911346523965874,0.0,0.990155177618489,0.0
0.9911960970248633,0.0,0.9902627092305227,0.0
0.9913902788615293,0.0,0.9903702408425563,0.0
0.9914282302810107,0.0,0.9905309124362083,0.0
0.9914692112775633,0.0,0.9906915840298602,0.0
0.9915101922741159,0.0,0.9907294137502919,0.0
0.9915511732706683,0.0,0.9907658600184533,0.0
0.9915891246901497,0.0,0.9908068410150059,0.0
0.9916449627269173,0.0,0.9908478220115585,0.0
0.9917008007636847,0.0,0.9908888030081111,0.0
0.9917387521831661,0.0,0.9909446410448786,0.0
0.9917767036026475,0.0,0.9910004790816461,0.0
0.9918146550221287,0.0,0.9910369253498076,0.0
0.991861586156333,0.0,0.9910838564840119,0.0
0.9919758672342798,0.0,0.9911203027521733,0.0
0.9920227983684841,0.0,0.9911672338863776,0.0
0.9920697295026882,0.0,0.9913190561968888,0.0
0.9921076809221696,0.0,0.9914708785073998,0.0
0.9922219620001164,0.0,0.9916227008179108,0.0
0.9922688931343207,0.0,0.991774523128422,0.0
0.9922851606409536,0.0,0.991926345438933,0.0
0.9923014281475866,0.0,0.9920220820672364,0.0
0.9923176956542195,0.0,0.9920690132014406,0.0
0.9923339631608524,0.0,0.9920852807080736,0.0
0.9923719145803338,0.0,0.9921015482147065,0.0
0.9924861956582806,0.0,0.9921178157213395,0.0
0.9925024631649135,0.0,0.9921340832279725,0.0
0.9925538910010686,0.0,0.9921705294961339,0.0
0.9926053188372237,0.0,0.9922069757642955,0.0
0.9926567466733787,0.0,0.9922232432709285,0.0
0.9927651856787603,0.0,0.9922746711070836,0.0
0.9928736246841419,0.0,0.9924424139111926,0.0
0.9929820636895234,0.0,0.9925029036523583,0.0
0.9931338860000345,0.0,0.9925633933935238,0.0
0.9932857083105455,0.0,0.9926238831346895,0.0
0.9934375306210567,0.0,0.9927348859113004,0.0
0.9935893529315677,0.0,0.992795375652466,0.0
0.9936273043510491,0.0,0.9928558653936317,0.0
0.9936952331903238,0.0,0.9929047236736797,0.0
0.993847055500835,0.0,0.9929535819537275,0.0
0.993998877811346,0.0,0.9930024402337755,0.0
0.9941507001218571,0.0,0.9930538680699306,0.0
0.9943025224323682,0.0,0.9931052959060856,0.0
0.9943514395041044,0.0,0.9932137349114671,0.0
0.9944028673402595,0.0,0.9933221739168487,0.0
0.9944633570814252,0.0,0.9934306129222303,0.0
0.9945238468225909,0.0,0.9935824352327414,0.0
0.9945843365637564,0.0,0.9937342575432524,0.0
0.9946448263049221,0.0,0.9938452603198633,0.0
0.9947053160460878,0.0,0.9939165576400093,0.0
0.9947542331178241,0.0,0.9940275604166202,0.0
0.9948147228589898,0.0,0.9940988577367662,0.0
0.9948752126001554,0.0,0.9941701550569123,0.0
0.9949241296718917,0.0,0.9942414523770584,0.0
0.9949729879519397,0.0,0.9943127496972044,0.0
0.9950218462319875,0.0,0.9943840470173505,0.0
0.9950707045120355,0.0,0.9944553443374966,0.0
0.9951195627920834,0.0,0.9945266416576426,0.0
0.9951874916313582,0.0,0.9945979389777887,0.0
0.9952554204706331,0.0,0.9947497612882997,0.0
0.995323349309908,0.0,0.9948607640649106,0.0
0.9953912781491828,0.0,0.9949121919010657,0.0
0.9954401364292308,0.0,0.9949726816422313,0.0
0.9954889947092787,0.0,0.995033171383397,0.0
0.9955378529893266,0.0,0.995090041940166,0.0
0.995596172373432,0.0,0.995138900220214,0.0
0.9956544917575374,0.0,0.9952499029968248,0.0
0.9957128111416429,0.0,0.9953609057734356,0.0
0.9957807399809178,0.0,0.9954719085500465,0.0
0.9958390593650231,0.0,0.9955829113266573,0.0
0.9958973787491285,0.0,0.9956317696067053,0.0
0.9960116598270753,0.0,0.9956806278867532,0.0
0.9960699792111807,0.0,0.9957294861668011,0.0
0.9961379080504555,0.0,0.9957878055509065,0.0
0.9961838385961648,0.0,0.9958461249350119,0.0
0.9962517674354396,0.0,0.9959044443191173,0.0
0.9962976979811489,0.0,0.9960001809474207,0.0
0.9963656268204237,0.0,0.9960585003315261,0.0
0.996411557366133,0.0,0.9961168197156316,0.0
0.9964794862054078,0.0,0.9962125563439349,0.0
0.9965542456008222,0.0,0.9962751844554388,0.0
0.9966290049962366,0.0,0.9963378125669429,0.0
0.996703764391651,0.0,0.9964004406784468,0.0
0.9967606349484202,0.0,0.9965895405721027,0.0
0.9968175055051892,0.0,0.9966521686836066,0.0
0.9968922649006036,0.0,0.9968412685772626,0.0
0.996967024296018,0.0,0.9970303684709185,0.0
0.9970317727818782,0.0,0.9971031195962841,0.0
0.9971065321772926,0.0,0.9971614389803894,0.0
0.997181291572707,0.0,0.997197885248551,0.0
0.9972560509681214,0.0,0.9972438157942602,0.0
0.9973278334110144,0.0,0.9972897463399695,0.0
0.9973996158539075,0.0,0.9973261926081309,0.0
0.9974713982968004,0.0,0.9973721231538402,0.0
0.9975431807396934,0.0,0.9974085694220017,0.0
0.997612740808346,0.0,0.9974654399787708,0.0
0.997684523251239,0.0,0.9975812386569926,0.0
0.9977540833198917,0.0,0.9976970373352144,0.0
0.9978236433885443,0.0,0.9978128360134363,0.0
0.9978932034571969,0.0,0.9978741481671594,0.0
0.99796498590009,0.0,0.9979471659405669,0.0
0.998021856456859,0.0,0.9980060565749916,0.0
0.998093638899752,0.0,0.9980649472094164,0.0
0.9981654213426451,0.0,0.9981807458876382,0.0
0.998237203785538,0.0,0.99829654456586,0.0
0.9983089862284311,0.0,0.9984123432440819,0.0
0.9983594894015514,0.0,0.9985281419223037,0.0
0.9984099925746718,0.0,0.9986439406005255,0.0
0.9984817750175647,0.0,0.9987597392787473,0.0
0.9985960560955115,0.0,0.9988755379569692,0.0
0.9986820315281557,0.0,0.9989839769623508,0.0
0.9987680069607999,0.0,0.9990924159677322,0.0
0.9988838056390217,0.0,0.9991274712084918,0.0
0.9989426962734465,0.0,0.9991625264492513,0.0
0.9990015869078712,0.0,0.9991975816900108,0.0
0.9990875623405154,0.0,0.9992326369307704,0.0
0.9991464529749401,0.0,0.9993056547041779,0.0
0.9992324284075843,0.0,0.9993625252609469,0.0
0.9992913190420091,0.0,0.9994355430343544,0.0
0.9993502096764338,0.0,0.999508560807762,0.0
0.9994115218301569,0.0,0.9995815785811695,0.0
0.9994728339838801,0.0,0.9996320817542897,0.0
0.9995588094165243,0.0,0.9996825849274101,0.0
0.9996447848491685,0.0,0.9997520177202548,0.0
0.9997307602818127,0.0,0.9998214505130995,0.0
0.9998167357144568,0.0,0.9998565057538589,0.0
0.9998820878366084,0.0,0.9998915609946184,0.0
1.0,0.0,1.0,0.0
